order_id,target_late,n_items,total_price,total_freight,freight_to_price_ratio,payment_installments,payment_type,promised_days,purchase_weekday,purchase_month,cross_state,product_category,seller_hist_late_rate
O02683,0,1,101.77,35.4,0.3478,4,voucher,19,3,9,0,casa_utilidades,0.0
O01077,0,1,263.56,19.49,0.0739,1,credit_card,20,3,9,0,malas_acessorios,0.0
O04819,1,1,55.64,38.69,0.6954,1,boleto,11,3,9,0,musica_arte,0.0
O01350,1,1,444.69,42.56,0.0957,5,boleto,18,3,9,0,esporte_lazer,0.3333333333333333
O01026,1,1,102.28,46.64,0.456,4,boleto,20,3,9,0,cama_mesa_banho,0.5
O00917,1,2,687.83,63.29,0.0898,3,credit_card,9,3,9,0,cool_stuff,0.6
O00118,0,2,612.15,77.69,0.1272,1,debit_card,14,3,9,0,moveis_decoracao,0.7142857142857143
O03106,0,1,180.98,23.48,0.1297,12,credit_card,23,4,9,0,construcao_ferramentas,0.5555555555555556
O03310,1,1,452.85,34.45,0.0761,4,debit_card,12,4,9,0,casa_sala,0.5
O03991,0,1,265.27,5.83,0.022,10,boleto,15,4,9,0,la_cuisine,0.5454545454545454
O02959,0,4,1038.99,146.34,0.2638,3,boleto,12,4,9,0,casa_garagem,0.5
O03210,0,2,197.77,91.42,1.0722,4,credit_card,14,4,9,0,eletrodomesticos_2,0.375
O04317,1,2,912.42,62.09,0.0691,1,voucher,17,4,9,0,fashion_calcados,0.3333333333333333
O01811,0,1,63.47,38.15,0.6011,3,voucher,24,4,9,0,papelaria,0.4
O04098,1,1,185.47,47.75,0.2575,4,debit_card,23,4,9,0,audio,0.38095238095238093
O03690,0,2,286.31,39.89,0.49,3,debit_card,12,5,9,0,casa_construcao,0.4090909090909091
O00691,0,3,173.83,103.94,1.4588,1,boleto,17,5,9,0,fashion_roupa_feminina,0.375
O02607,1,4,1030.67,128.88,0.3859,6,boleto,21,6,9,0,cama_mesa_banho,0.3333333333333333
O03140,0,2,713.28,68.26,0.0984,9,voucher,23,6,9,0,casa_jardim,0.41935483870967744
O04066,0,1,27.29,5.49,0.2012,3,boleto,21,6,9,0,portateis_cozinha,0.3939393939393939
O01369,0,2,537.77,83.26,0.2293,1,debit_card,10,6,9,0,carnes,0.38235294117647056
O02974,1,2,74.56,46.09,0.6413,2,voucher,23,6,9,0,cool_stuff,0.3611111111111111
O02796,0,2,412.54,62.55,0.3308,1,voucher,6,6,9,0,casa_banheiro,0.39473684210526316
O02866,1,2,463.17,48.73,0.112,4,boleto,23,6,9,0,eletrodomesticos_2,0.375
O03811,1,1,79.13,27.19,0.3436,3,voucher,7,0,9,0,moveis_quarto,0.40476190476190477
O01466,1,1,188.59,36.32,0.1926,1,debit_card,7,0,9,0,papelaria,0.4186046511627907
O01518,0,1,212.44,24.11,0.1135,6,debit_card,8,0,9,0,portateis_casa_forno_cafe,0.4318181818181818
O02723,0,1,318.35,27.81,0.0874,3,debit_card,9,0,9,0,casa_construcao,0.4222222222222222
O01165,1,3,620.39,111.49,0.1891,4,credit_card,5,0,9,0,carnes,0.41304347826086957
O01767,0,2,744.54,15.59,0.0207,2,boleto,11,0,9,0,audio,0.4489795918367347
O01281,0,1,182.41,43.88,0.2406,5,debit_card,16,0,9,0,perfumaria,0.43137254901960786
O04903,0,2,714.52,63.89,0.089,3,boleto,25,0,9,0,casa_iluminacao,0.4230769230769231
O04370,1,2,606.89,52.87,0.0868,1,boleto,18,1,9,0,eletrodomesticos_2,0.4074074074074074
O02148,0,2,370.2,84.77,0.8013,1,boleto,10,1,9,0,casa_quarto,0.42857142857142855
O03285,1,1,195.29,23.39,0.1198,4,voucher,6,1,9,0,papelaria,0.41379310344827586
O04193,0,1,499.49,17.26,0.0346,7,credit_card,8,1,9,0,livros_interesse,0.423728813559322
O02234,0,1,243.62,17.66,0.0725,1,boleto,22,1,9,0,moveis_sala,0.4166666666666667
O03904,1,1,462.5,12.32,0.0266,7,boleto,16,1,9,0,casa_conforto,0.4098360655737705
O02823,1,2,311.64,58.58,0.1999,1,credit_card,9,1,9,0,casa_iluminacao,0.41935483870967744
O02784,1,1,187.52,10.09,0.0538,4,boleto,14,1,9,0,fashion_calcados,0.4375
O02109,1,1,428.48,36.09,0.0842,2,credit_card,14,1,9,0,fashion_roupa_masculina,0.4461538461538462
O03655,1,1,102.55,21.64,0.211,2,credit_card,9,2,9,0,moveis_presentes,0.45454545454545453
O04077,0,1,398.04,22.51,0.0566,5,debit_card,18,2,9,0,carnes,0.4626865671641791
O03188,0,2,620.31,46.33,0.1278,5,boleto,14,2,9,0,cama_mesa_banho,0.45588235294117646
O02504,1,1,65.25,33.63,0.5154,2,credit_card,22,3,9,0,fashion_calcados,0.44285714285714284
O04565,1,1,333.21,37.7,0.1131,1,boleto,8,3,9,0,moveis_escritorio,0.4507042253521127
O04340,1,1,489.44,33.88,0.0692,3,boleto,7,3,9,0,portateis_casa_forno_cafe,0.4583333333333333
O04509,1,3,702.93,37.39,0.1218,1,credit_card,13,3,9,0,bebes,0.46575342465753417
O00064,1,1,402.32,11.19,0.0278,1,voucher,6,3,9,0,portateis_cozinha,0.4868421052631579
O01248,0,2,622.12,45.57,0.085,5,credit_card,25,3,9,0,casa_banheiro,0.4935064935064935
O02685,1,1,383.34,11.01,0.0287,2,debit_card,15,3,9,0,construcao_ferramentas,0.4810126582278481
O01703,0,2,220.85,76.32,0.433,8,voucher,7,5,9,0,alimentos_bebidas,0.4875
O02629,1,1,172.98,27.1,0.1567,3,boleto,14,5,9,0,casa_conforto_2,0.47560975609756095
O00134,1,1,44.6,12.26,0.2749,12,boleto,21,5,9,0,casa_escritorio,0.4819277108433735
O04194,0,4,1642.27,123.27,0.0775,3,credit_card,24,5,9,0,cool_stuff,0.4880952380952381
O01633,0,3,1029.86,93.74,0.0954,2,debit_card,23,5,9,0,eletrodomesticos,0.4659090909090909
O01430,1,1,394.61,39.72,0.1007,1,credit_card,14,5,9,0,perfumaria,0.45054945054945056
O02276,0,1,160.02,5.75,0.0359,2,boleto,18,5,9,0,fashion_roupa_feminina,0.45652173913043476
O01199,0,3,699.84,70.25,0.1001,4,debit_card,18,5,9,0,fashion_roupa_feminina,0.45161290322580644
O00680,1,1,226.82,14.86,0.0655,2,debit_card,16,6,9,0,brinquedos,0.4375
O02344,1,3,764.6,90.73,0.2518,3,voucher,25,6,9,0,eletrodomesticos_2,0.44329896907216493
O02764,0,1,431.48,23.79,0.0551,3,voucher,10,6,9,0,construcao_ferramentas,0.46
O00810,1,1,181.29,34.67,0.1912,7,boleto,13,6,9,0,casa_conforto,0.45544554455445546
O04120,1,1,433.55,25.38,0.0585,2,debit_card,8,0,9,0,flores,0.46078431372549017
O04833,0,2,763.36,72.01,0.0989,4,boleto,14,0,9,0,moveis_decoracao,0.46601941747572817
O02214,0,1,370.66,19.52,0.0527,1,debit_card,18,0,9,0,flores,0.45714285714285713
O01511,1,1,431.94,30.33,0.0702,4,voucher,14,0,9,0,carnes,0.4528301886792453
O03091,1,2,393.98,31.17,0.0807,5,debit_card,16,0,9,0,eletrodomesticos_2,0.45794392523364486
O04540,1,1,257.07,28.88,0.1123,5,credit_card,7,1,9,0,moveis_jardim,0.46788990825688076
O03686,0,1,178.0,19.57,0.1099,1,credit_card,21,1,9,0,flores,0.4727272727272727
O02456,1,1,172.35,26.0,0.1509,1,credit_card,10,1,9,0,artes,0.46846846846846846
O01860,1,1,101.18,12.23,0.1209,1,credit_card,24,1,9,0,moveis_decoracao,1.0
O00282,1,1,426.44,11.29,0.0265,1,debit_card,12,1,9,0,beleza_saude,0.4778761061946903
O03241,1,1,54.87,49.61,0.9041,9,credit_card,12,1,9,0,moveis_decoracao,0.4824561403508772
O03512,1,2,93.76,38.21,0.3858,5,boleto,8,1,9,0,fashion_roupa_feminina,0.48695652173913045
O02964,0,1,388.23,20.58,0.053,1,boleto,14,1,9,0,brinquedos,0.49572649572649574
O03354,1,3,579.86,116.45,0.2877,8,credit_card,10,1,9,0,casa_escritorio,0.4915254237288136
O03535,1,1,438.37,10.69,0.0244,3,boleto,24,1,9,0,fashion_calcados,0.5041322314049587
O04354,0,1,298.8,32.09,0.1074,5,boleto,18,1,9,0,moveis_decoracao,0.5081967213114754
O02728,1,2,408.11,32.12,0.1752,5,debit_card,21,1,9,0,carnes,0.5040650406504065
O03413,1,1,240.01,24.81,0.1034,5,debit_card,11,2,9,0,portateis_casa_forno_cafe,0.512
O04231,0,3,639.07,127.3,0.3102,6,credit_card,20,2,9,0,casa_utilidades,0.5158730158730159
O00767,0,1,439.98,13.55,0.0308,4,credit_card,15,2,9,0,perfumaria,0.5038759689922481
O01020,1,4,953.56,71.37,0.1765,1,boleto,13,2,9,0,casa_quarto,0.5
O02444,1,1,69.73,48.49,0.6954,2,voucher,15,2,9,0,casa_lavanderia,0.5149253731343284
O03429,0,5,1190.14,117.94,0.1665,9,credit_card,13,2,9,0,bebes,0.5185185185185185
O03263,0,1,73.53,23.14,0.3147,3,debit_card,17,2,9,0,artes,0.5
O02105,0,1,342.17,35.46,0.1036,1,voucher,23,3,9,0,casa_utilidades,0.49645390070921985
O01098,0,1,477.18,21.17,0.0444,3,credit_card,24,3,9,0,construcao_ferramentas,0.49295774647887325
O00333,0,1,205.01,27.51,0.1342,3,credit_card,13,3,9,0,eletronicos,0.48951048951048953
O00579,0,1,308.11,26.01,0.0844,2,debit_card,20,3,9,0,telefonia,0.4861111111111111
O03470,0,4,573.68,97.28,0.3513,1,debit_card,25,3,9,0,casa_cozinha,0.4827586206896552
O03942,1,2,788.26,52.64,0.0673,1,boleto,16,3,9,0,papelaria,0.4697986577181208
O01765,0,1,470.67,21.18,0.045,3,credit_card,24,4,9,0,instrumentos_musicais,0.4768211920529801
O03885,0,3,620.99,108.98,0.3218,5,boleto,14,4,9,0,casa_quarto,0.47368421052631576
O04891,0,2,252.78,74.92,0.4426,5,debit_card,22,4,9,0,casa_cozinha,0.4645161290322581
O02266,1,3,922.8,112.48,0.1765,1,voucher,15,4,9,0,malas_acessorios,0.45859872611464975
O00722,1,2,433.97,51.91,0.2358,1,boleto,13,4,9,0,construcao_ferramentas,0.46875
O02434,1,2,235.63,51.35,0.6027,2,credit_card,11,4,9,0,carnes,0.47530864197530864
O04643,0,1,91.43,22.84,0.2498,3,credit_card,17,5,9,0,moveis_decoracao,0.4817073170731707
O03809,0,1,122.62,12.33,0.1006,3,credit_card,18,5,9,0,telefonia,0.47878787878787876
O04421,0,2,432.98,54.64,0.161,1,credit_card,12,5,9,0,cool_stuff,0.4759036144578313
O04309,1,1,57.17,46.93,0.8209,1,voucher,25,5,9,0,moveis_decoracao,0.47023809523809523
O02004,0,1,98.79,7.21,0.073,1,credit_card,20,5,9,0,alimentos_bebidas,0.47337278106508873
O02462,0,1,311.65,33.69,0.1081,12,boleto,11,5,9,0,eletroportateis,0.47058823529411764
O00847,0,1,181.87,45.75,0.2516,2,debit_card,14,5,9,0,construcao_ferramentas,0.4678362573099415
O03307,0,2,243.96,57.51,0.2078,8,credit_card,19,6,9,0,consoles_games,0.46511627906976744
O02197,0,2,635.11,69.85,0.1164,6,voucher,23,6,9,0,bebes,0.45977011494252873
O02664,0,1,280.3,19.26,0.0687,2,debit_card,25,6,9,0,sinalizacao_seguranca,0.45454545454545453
O03951,1,1,244.31,27.16,0.1112,9,boleto,9,6,9,0,consoles_games,0.4519774011299435
O04162,1,1,147.81,14.65,0.0991,4,voucher,9,0,9,0,moveis_jardim,0.4550561797752809
O04329,1,1,171.46,5.8,0.0338,12,voucher,16,0,9,0,moveis_quarto,0.4581005586592179
O00497,0,2,214.98,51.77,0.2383,4,debit_card,21,0,9,0,artigos_nautica,0.46111111111111114
O02564,0,1,168.38,23.82,0.1415,2,boleto,21,0,9,0,relogios_presentes,0.45604395604395603
O01052,1,2,774.18,32.03,0.0429,1,debit_card,11,0,9,0,eletrodomesticos_2,0.453551912568306
O00504,1,1,305.27,8.81,0.0289,3,boleto,21,0,9,0,utilidades_domesticas,0.4594594594594595
O02268,0,1,316.52,28.91,0.0913,2,debit_card,24,1,9,0,casa_limpeza,0.46236559139784944
O00223,1,1,77.6,5.06,0.0652,3,credit_card,15,1,9,0,fashion_roupa_feminina,0.45989304812834225
O04791,0,2,673.74,81.89,0.1593,2,boleto,17,1,9,0,brinquedos,0.4627659574468085
O01652,1,1,339.09,19.19,0.0566,9,credit_card,7,1,9,0,casa_escritorio,0.45789473684210524
O04609,1,2,110.06,75.71,0.8339,1,voucher,8,1,9,0,moveis_cozinha,0.4607329842931937
O04821,1,2,599.81,64.42,0.1064,1,voucher,21,1,9,0,moveis_escritorio,0.46632124352331605
O03665,1,1,179.74,33.27,0.1851,2,debit_card,14,1,9,0,livros_interesse,0.4717948717948718
O00363,1,2,577.51,77.88,0.2469,1,debit_card,13,2,9,0,cama_mesa_banho,0.4744897959183674
O01817,1,1,392.78,43.39,0.1105,2,voucher,6,2,9,0,flores,0.4797979797979798
O01774,1,1,422.42,30.93,0.0732,4,boleto,18,2,9,0,cama_mesa_banho,0.4824120603015075
O00073,1,1,205.87,39.16,0.1902,1,voucher,17,2,9,0,moveis_cozinha,0.485
O04031,1,1,482.82,49.86,0.1033,3,debit_card,14,2,9,0,utilidades_domesticas,0.48756218905472637
O02377,1,1,268.61,46.04,0.1714,2,boleto,8,2,9,0,eletroportateis,0.4900990099009901
O00895,1,2,357.15,38.72,0.1759,4,debit_card,7,2,9,0,consoles_games,0.49261083743842365
O03259,1,1,184.0,34.92,0.1898,2,voucher,14,2,9,0,fashion_roupa_masculina,0.4975609756097561
O04711,1,1,324.12,31.06,0.0958,1,boleto,18,2,9,0,moveis_decoracao,0.5
O01493,1,1,212.29,9.18,0.0432,5,boleto,14,2,9,0,utilidades_domesticas,0.5024154589371981
O03594,0,5,1216.25,159.13,0.2076,2,voucher,23,2,9,0,alimentos_bebidas,0.5048076923076923
O01636,1,1,55.9,17.05,0.305,1,boleto,18,3,9,0,casa_escritorio,0.49295774647887325
O00330,0,1,216.5,35.3,0.163,1,boleto,10,3,9,0,casa_limpeza,0.4953271028037383
O04485,0,1,446.18,49.54,0.111,1,debit_card,17,3,9,0,casa_garagem,0.4930232558139535
O01174,1,2,384.54,92.33,0.5119,4,boleto,7,3,9,0,casa_utilidades,0.41203703703703703
O01831,0,1,191.61,29.97,0.1564,4,voucher,22,3,9,0,construcao_ferramentas,0.4954128440366973
O02849,0,5,1369.6,182.28,0.5337,1,voucher,25,3,9,0,audio,0.4931506849315069
O00372,1,1,127.83,9.47,0.0741,1,voucher,6,4,9,0,casa_conforto_2,0.48214285714285715
O04264,0,3,626.39,91.39,0.1827,1,credit_card,17,4,9,0,instrumentos_musicais,0.48444444444444446
O01551,1,1,53.3,22.89,0.4295,1,debit_card,10,4,9,0,papelaria,0.4780701754385965
O00312,1,1,325.17,19.12,0.0588,8,voucher,9,4,9,0,casa_garagem,0.48034934497816595
O00220,1,1,456.22,15.32,0.0336,3,boleto,7,5,9,0,casa_conforto,0.4826086956521739
O03678,0,1,20.32,28.17,1.3863,9,debit_card,15,5,9,0,relogios_presentes,0.48484848484848486
O04534,1,1,223.37,44.56,0.1995,1,credit_card,20,6,9,0,cama_mesa_banho,0.4827586206896552
O01408,1,3,1125.12,70.97,0.0696,12,credit_card,14,6,9,0,beleza_saude,0.48497854077253216
O03398,1,1,99.96,46.08,0.461,2,voucher,8,6,9,0,portateis_cozinha,0.4915254237288136
O03959,1,1,79.91,29.34,0.3672,4,voucher,6,6,9,0,fashion_underwear,0.4936708860759494
O02567,0,1,324.19,28.34,0.0874,9,voucher,20,6,9,0,eletroportateis,0.4957983193277311
O01033,1,1,121.44,5.62,0.0463,3,debit_card,9,6,9,0,utilidades_domesticas,0.49372384937238495
O02585,1,2,614.71,34.83,0.078,5,credit_card,21,0,9,0,casa_quarto,0.49583333333333335
O01378,0,1,338.07,27.05,0.08,4,debit_card,15,0,9,0,cool_stuff,0.5
O00551,0,1,226.44,23.61,0.1043,3,voucher,21,0,9,0,beleza_saude,0.49794238683127573
O02810,0,1,450.08,15.61,0.0347,2,boleto,19,0,9,0,sinalizacao_seguranca,0.3333333333333333
O02010,0,2,472.39,57.83,0.9693,1,credit_card,10,0,9,0,casa_construcao,0.49387755102040815
O03543,0,2,568.44,59.05,0.1306,5,debit_card,25,0,9,0,alimentos_bebidas,0.4898785425101215
O01191,1,1,371.63,22.16,0.0596,4,credit_card,9,0,9,0,construcao_ferramentas,0.4859437751004016
O02099,0,1,21.02,11.97,0.5695,3,boleto,17,0,9,0,moveis_colchao_estofado,0.488
O03553,0,1,256.7,29.46,0.1148,7,debit_card,18,0,9,0,fashion_bolsas,0.4860557768924303
O03325,0,2,799.08,64.78,0.0915,6,debit_card,8,0,9,0,alimentos_bebidas,0.48412698412698413
O01154,1,1,496.46,32.12,0.0647,1,boleto,9,1,9,0,casa_construcao,0.48031496062992124
O02884,0,2,430.36,45.08,0.1208,1,credit_card,9,1,9,0,casa_quarto,0.2411764705882353
O04429,0,3,472.77,96.63,0.4768,1,credit_card,11,1,9,0,fashion_esporte,0.4785992217898833
O02837,1,1,205.18,41.86,0.204,3,boleto,15,1,9,0,eletroportateis,0.47307692307692306
O02281,1,1,292.4,33.76,0.1155,3,voucher,19,1,9,0,instrumentos_musicais,0.47509578544061304
O01501,1,1,90.18,31.33,0.3474,3,credit_card,8,1,9,0,cool_stuff,0.4770992366412214
O01967,1,2,709.76,22.8,0.0326,1,boleto,22,1,9,0,casa_garagem,0.4790874524714829
O02330,0,1,183.52,8.46,0.0461,1,voucher,24,2,9,0,moveis_presentes,0.0
O00992,1,4,1105.95,118.04,0.6324,1,credit_card,24,2,9,0,casa_limpeza,0.48120300751879697
O03277,0,1,178.05,34.26,0.1924,3,boleto,22,2,9,0,eletronicos,0.4888888888888889
O01320,0,1,210.94,33.25,0.1576,12,voucher,18,2,9,0,automotivo,0.4870848708487085
O03756,1,1,330.76,23.06,0.0697,6,boleto,16,2,9,0,brinquedos,0.4852941176470588
O00055,1,3,901.8,63.99,0.0861,2,voucher,5,2,9,0,carnes,0.48717948717948717
O03908,0,1,347.31,25.19,0.0725,8,boleto,23,2,9,0,papelaria,0.4927536231884058
O01305,1,2,776.21,64.8,0.0818,2,voucher,16,3,9,0,artigos_nautica,0.49097472924187724
O01871,1,2,353.51,66.01,0.1867,4,boleto,8,3,9,0,alimentos_bebidas,0.4946236559139785
O02368,1,1,136.12,12.39,0.091,5,voucher,8,3,9,0,moveis_escritorio,0.498220640569395
O03800,0,2,320.63,37.76,0.1188,1,debit_card,11,3,9,0,papelaria,0.5
O02631,0,1,135.27,46.16,0.3412,7,debit_card,12,3,9,0,relogios_presentes,0.4964788732394366
O04206,0,3,673.1,67.69,0.0986,1,debit_card,22,4,9,0,audio,0.49473684210526314
O00211,0,2,476.91,54.12,0.1098,3,boleto,12,4,9,0,casa_garagem,0.4895833333333333
O02979,1,2,553.17,79.23,0.1436,3,boleto,9,4,9,0,casa_iluminacao,0.5764367816091953
O01752,0,1,130.1,23.94,0.184,1,boleto,19,4,9,0,cama_mesa_banho,0.4897260273972603
O03022,1,2,474.17,70.72,0.149,1,debit_card,13,4,9,0,alimentos_bebidas,0.4880546075085324
O00788,1,3,916.04,83.15,0.1051,2,debit_card,17,4,9,0,casa_garagem,0.6610169491525424
O03966,0,3,652.88,100.18,0.2272,1,credit_card,23,4,9,0,audio,0.4966442953020134
O04532,0,1,416.7,21.55,0.0517,1,debit_card,25,4,9,0,fashion_roupa_feminina,0.49169435215946844
O02604,1,1,451.85,24.51,0.0542,3,voucher,23,4,9,0,telefonia,0.4900662251655629
O03768,1,4,1553.97,71.94,0.0468,2,voucher,5,4,9,0,eletroportateis,0.49174917491749176
O03901,0,4,1289.45,125.77,0.2053,5,boleto,10,5,10,0,artigos_nautica,0.498371335504886
O04296,1,2,251.71,65.79,0.3374,6,voucher,13,5,10,0,artes,0.4919614147909968
O01687,0,2,603.55,79.14,0.138,3,debit_card,17,5,10,0,alimentos_bebidas,0.7467948717948718
O01184,1,1,498.38,32.31,0.0648,4,boleto,22,5,10,0,telefonia,0.49044585987261147
O03332,1,3,169.15,91.22,1.2209,7,credit_card,10,5,10,0,cool_stuff,0.49206349206349204
O02075,0,1,487.78,37.53,0.0769,4,boleto,18,5,10,0,cool_stuff,0.4968553459119497
O00379,0,1,348.23,34.53,0.0992,6,voucher,25,6,10,0,moveis_sala,0.4952978056426332
O03819,0,2,552.64,34.85,0.0806,1,credit_card,23,6,10,0,eletroportateis,0.49375
O01000,0,1,242.93,36.1,0.1486,1,debit_card,19,0,10,0,ferramentas_jardim,0.4906832298136646
O01021,0,1,142.9,35.98,0.2518,3,credit_card,17,0,10,0,portateis_cozinha,0.4891640866873065
O02076,1,1,462.86,5.64,0.0122,1,debit_card,5,0,10,0,casa_limpeza,0.4876543209876543
O02701,1,1,260.08,18.94,0.0728,9,boleto,5,0,10,0,casa_outros,0.48923076923076925
O04575,0,2,851.23,60.32,0.0719,5,boleto,20,0,10,0,audio,0.49079754601226994
O03903,1,1,408.59,43.98,0.1076,4,credit_card,25,0,10,0,fashion_underwear,0.4878048780487805
O02539,1,3,260.88,84.44,0.478,4,boleto,6,1,10,0,eletroportateis,0.48936170212765956
O01203,0,1,132.71,27.81,0.2096,1,credit_card,10,1,10,0,papelaria,0.4939759036144578
O04529,0,2,799.95,64.7,0.0782,3,credit_card,24,1,10,0,cool_stuff,0.4924924924924925
O00147,1,1,217.4,43.73,0.2011,2,boleto,12,1,10,0,casa_cozinha,0.48955223880597015
O03533,0,2,220.5,54.07,0.2668,1,debit_card,22,1,10,0,casa_banheiro,0.49107142857142855
O00397,0,1,112.27,43.57,0.3881,1,credit_card,23,1,10,0,consoles_games,0.4881656804733728
O01587,0,1,112.99,37.27,0.3299,5,boleto,14,2,10,0,moveis_decoracao,0.48672566371681414
O01060,0,1,127.3,14.34,0.1126,7,boleto,21,2,10,0,casa_jardim,0.4852941176470588
O03784,1,1,492.97,10.57,0.0214,2,voucher,5,2,10,0,portateis_casa_forno_cafe,0.4838709677419355
O02106,1,4,1207.33,166.63,0.1524,1,debit_card,9,2,10,0,casa_limpeza,0.4853801169590643
O01262,1,1,194.94,27.66,0.1419,3,debit_card,12,2,10,0,cool_stuff,0.4913294797687861
O03076,0,3,892.64,102.62,0.1269,5,credit_card,25,3,10,0,fashion_roupa_feminina,0.49279538904899134
O04410,1,1,270.68,36.16,0.1336,1,voucher,13,3,10,0,casa_garagem,0.48857142857142855
O04644,1,3,487.64,50.22,0.1112,4,debit_card,9,3,10,0,carnes,0.4900284900284901
O01825,1,1,85.34,12.58,0.1474,4,boleto,7,3,10,0,fraldas_higiene,0.4943502824858757
O03328,1,2,636.21,49.31,0.076,1,boleto,16,3,10,0,fashion_roupa_masculina,0.49577464788732395
O01315,0,2,551.73,67.4,0.116,1,debit_card,25,3,10,0,eletronicos,0.49859943977591037
O00549,0,1,171.58,17.78,0.1036,5,voucher,18,3,10,0,eletrodomesticos_2,0.4958217270194986
O04648,0,2,68.35,74.14,1.112,4,credit_card,18,4,10,0,brinquedos,0.49444444444444446
O01260,1,3,668.96,79.12,0.4033,1,voucher,14,4,10,0,artigos_nautica,0.6611418047882136
O02476,0,1,362.84,11.99,0.033,4,debit_card,22,4,10,0,moveis_jardim,0.4958904109589041
O00784,1,1,132.66,38.38,0.2893,1,boleto,6,4,10,0,fashion_underwear,0.49453551912568305
O00483,1,2,237.71,65.83,0.6076,6,credit_card,6,4,10,0,casa_utilidades,0.49591280653950953
O01754,1,4,1402.37,93.8,0.0749,5,voucher,12,4,10,0,artes,0.4989837398373984
O00947,0,2,850.16,35.55,0.0417,3,voucher,11,5,10,0,moveis_jardim,0.4186773905272565
O03192,1,1,38.12,9.71,0.2547,12,debit_card,21,5,10,0,moveis_cozinha,0.5013333333333333
O03393,0,2,743.09,61.51,0.0882,1,voucher,11,5,10,0,fashion_roupa_feminina,0.5026595744680851
O00821,0,2,582.65,63.81,0.1348,1,debit_card,25,6,10,0,alimentos_bebidas,0.5
O04148,1,1,466.89,38.6,0.0827,2,debit_card,7,6,10,0,casa_jardim,0.49736842105263157
O01797,0,1,113.88,13.81,0.1213,7,credit_card,19,6,10,0,casa_garagem,0.49868766404199477
O01044,1,2,463.1,69.93,0.1566,4,voucher,16,6,10,0,fashion_esporte,0.4973821989528796
O04596,1,1,287.34,30.13,0.1049,4,boleto,11,6,10,0,moveis_escritorio,0.5
O03290,0,3,572.97,63.59,0.5745,1,credit_card,9,6,10,0,casa_outros,0.5012987012987012
O03335,1,4,1144.95,109.01,0.1498,2,boleto,7,6,10,0,beleza_saude,0.45640034364261167
O00320,1,1,243.15,15.14,0.0623,1,voucher,16,6,10,0,flores,0.5025510204081632
O01537,0,1,208.25,45.59,0.2189,2,voucher,19,6,10,0,fashion_esporte,0.6666666666666666
O02273,1,3,903.5,101.56,0.1201,1,credit_card,13,6,10,0,casa_escritorio,0.5025380710659898
O03787,1,1,403.94,42.5,0.1052,3,voucher,15,0,10,0,sinalizacao_seguranca,0.5062972292191436
O00019,0,1,317.76,35.78,0.1126,1,debit_card,25,0,10,0,casa_construcao,0.3333333333333333
O00358,1,5,1615.09,162.86,0.1171,1,credit_card,16,0,10,0,casa_escritorio,0.5383458646616541
O01878,1,1,289.97,34.91,0.1204,3,boleto,15,0,10,0,eletrodomesticos_2,0.5123762376237624
O01885,1,1,382.27,49.03,0.1283,1,voucher,10,0,10,0,perfumaria,0.5135802469135803
O00009,1,1,150.88,41.16,0.2728,1,debit_card,21,1,10,0,market_place,0.5147783251231527
O04266,0,2,543.91,70.89,0.1681,9,credit_card,18,2,10,0,artes,0.632985257985258
O04489,0,2,460.51,52.32,0.3193,1,credit_card,13,2,10,0,eletroportateis,0.5134474327628362
O03154,0,1,52.59,5.7,0.1084,12,boleto,25,2,10,0,casa_conforto_2,0.75
O04097,1,1,58.47,8.54,0.1461,1,debit_card,12,2,10,0,casa_construcao,0.5097087378640777
O01277,0,1,411.09,48.79,0.1187,1,credit_card,18,2,10,0,construcao_ferramentas,0.5108958837772397
O01892,0,1,63.48,18.24,0.2873,10,credit_card,25,2,10,0,fashion_bolsas,0.5096618357487923
O04346,1,1,498.75,49.59,0.0994,1,credit_card,18,2,10,0,moveis_cozinha,0.5084337349397591
O00414,0,1,73.33,30.4,0.4146,2,debit_card,12,2,10,0,flores,0.3333333333333333
O02947,0,1,84.8,37.93,0.4473,1,voucher,16,2,10,0,moveis_escritorio,0.5083932853717026
O04851,1,2,574.87,45.92,0.0771,4,debit_card,16,2,10,0,dvds_blu_ray,0.507177033492823
O03450,0,1,190.53,25.54,0.134,6,voucher,22,3,10,0,cds_dvds_musicais,0.5095238095238095
O01295,1,1,206.71,27.38,0.1325,9,boleto,7,3,10,0,moveis_quarto,0.5083135391923991
O04519,1,5,1857.95,100.03,0.06,3,boleto,13,3,10,0,alimentos_bebidas,0.5575829383886256
O00215,1,1,489.46,17.52,0.0358,5,credit_card,18,3,10,0,livros_interesse,0.5152224824355972
O03583,0,1,223.06,24.91,0.1117,5,debit_card,18,3,10,0,casa_outros,0.5163551401869159
O00692,1,5,932.66,179.45,0.2373,1,debit_card,7,3,10,0,casa_garagem,0.5151515151515151
O02046,1,1,275.33,12.63,0.0459,10,boleto,10,4,10,0,moveis_jardim,0.5207373271889401
O00018,0,4,919.76,106.25,0.1754,3,boleto,23,4,10,0,flores,0.4747126436781609
O02886,1,2,470.8,44.92,0.0955,1,debit_card,7,4,10,0,audio,0.5170842824601367
O01990,1,1,177.59,24.96,0.1405,4,boleto,15,4,10,0,casa_conforto_2,0.5192743764172335
O01764,1,2,634.39,24.51,0.0382,1,voucher,7,4,10,0,casa_limpeza,0.5203619909502263
O00933,1,3,754.06,78.17,0.108,2,debit_card,10,4,10,0,casa_garagem,0.5225225225225225
O03976,0,1,54.11,30.19,0.5579,3,debit_card,16,5,10,0,perfumaria,0.5257270693512305
O04777,0,1,304.96,29.29,0.096,3,debit_card,11,5,10,0,casa_limpeza,0.5245535714285714
O00585,1,1,466.93,29.37,0.0629,2,voucher,9,5,10,0,casa_escritorio,0.5233853006681515
O00402,0,1,34.26,5.31,0.155,2,boleto,24,5,10,0,consoles_games,0.5244444444444445
O03358,0,1,360.58,43.99,0.122,1,voucher,22,5,10,0,pc_gamer,0.5232815964523282
O03664,1,1,491.52,28.26,0.0575,2,debit_card,10,5,10,0,casa_conforto,0.5221238938053098
O04389,0,1,362.75,7.98,0.022,10,credit_card,21,5,10,0,dvds_blu_ray,0.5231788079470199
O03122,0,3,260.4,50.01,0.255,2,debit_card,23,5,10,0,casa_escritorio,0.6146842878120411
O02732,0,1,244.91,14.5,0.0592,12,debit_card,24,5,10,0,alimentos_bebidas,0.5185995623632386
O00848,1,2,898.92,50.92,0.057,6,voucher,7,5,10,0,casa_construcao,0.517467248908297
O02179,0,1,241.23,14.82,0.0614,7,boleto,22,6,10,0,fraldas_higiene,0.5195652173913043
O01828,1,2,431.03,71.94,0.1654,2,boleto,22,6,10,0,casa_quarto,0.5184381778741866
O01620,0,1,420.64,32.03,0.0761,2,voucher,15,6,10,0,cool_stuff,0.5205183585313174
O02371,0,3,701.28,50.22,0.1055,5,credit_card,14,6,10,0,consoles_games,0.5684865900383141
O02656,0,1,384.35,36.18,0.0941,4,credit_card,14,6,10,0,alimentos_bebidas,0.5160599571734475
O00167,1,5,1044.15,155.08,0.2503,4,boleto,19,6,10,0,casa_limpeza,0.5452991452991452
O00162,0,2,826.14,78.71,0.0958,7,credit_card,8,6,10,0,casa_banheiro,0.26004228329809725
O02936,1,1,313.99,36.28,0.1155,4,voucher,17,6,10,0,moveis_jardim,0.5178947368421053
O02457,0,1,10.97,44.61,4.0665,3,voucher,22,6,10,0,utilidades_domesticas,0.5189075630252101
O02194,0,1,202.25,43.93,0.2172,1,debit_card,18,0,10,0,telefonia,0.5178197064989518
O03089,1,1,115.49,41.64,0.3606,9,voucher,19,0,10,0,flores,0.5167364016736402
O04623,0,1,31.83,34.5,1.0839,1,credit_card,18,0,10,0,portateis_cozinha,0.5177453027139874
O04615,0,1,55.57,9.63,0.1733,3,boleto,25,0,10,0,casa_iluminacao,0.5166666666666667
O04184,0,1,64.2,49.72,0.7745,2,credit_card,17,0,10,0,casa_conforto_2,0.0
O01228,1,4,767.98,57.46,0.1042,2,voucher,25,1,10,0,artes,0.5145228215767634
O00890,0,1,280.06,39.68,0.1417,1,voucher,7,1,10,0,casa_conforto,0.5185185185185185
O04925,1,1,124.34,48.89,0.3932,3,voucher,13,1,10,0,consoles_games,0.5174537987679672
O01523,1,2,488.28,38.38,0.2155,2,credit_card,6,1,10,0,casa_banheiro,0.5092213114754098
O02748,0,1,169.76,33.84,0.1993,2,voucher,25,1,10,0,casa_conforto_2,0.5204081632653061
O03509,0,1,315.79,25.7,0.0814,1,credit_card,16,1,10,0,casa_cozinha,0.5193482688391039
O04483,0,1,154.02,17.14,0.1113,2,debit_card,24,2,10,0,moveis_jardim,0.5182926829268293
O04513,0,1,211.95,47.42,0.2237,1,boleto,7,2,10,0,moveis_presentes,0.5172413793103449
O02616,0,1,47.25,12.36,0.2616,5,boleto,21,2,10,0,cool_stuff,0.5161943319838057
O02863,1,1,47.46,15.93,0.3357,1,debit_card,22,2,10,0,casa_construcao,0.5151515151515151
O04679,0,1,52.78,16.88,0.3198,3,debit_card,16,2,10,0,casa_conforto_2,0.5161290322580645
O03373,0,2,539.15,94.59,0.2005,5,credit_card,22,2,10,0,fashion_esporte,0.6666666666666666
O01091,1,3,1059.26,100.29,0.1006,9,debit_card,20,2,10,0,carnes,0.5130260521042084
O02118,1,2,850.27,21.08,0.0249,9,credit_card,6,2,10,0,malas_acessorios,0.7579681274900398
O02985,1,1,381.98,22.5,0.0589,1,credit_card,9,2,10,0,casa_outros,0.6666666666666666
O02334,0,1,300.21,8.83,0.0294,1,boleto,12,3,10,0,sinalizacao_seguranca,0.75
O03119,1,2,326.03,44.38,0.4971,5,boleto,9,3,10,0,eletrodomesticos_2,0.5177865612648221
O01786,1,1,114.19,24.78,0.217,1,debit_card,6,3,10,0,artigos_nautica,0.6666666666666666
O02941,1,5,1138.24,72.74,0.0611,1,voucher,9,3,10,0,artigos_nautica,0.5206286836935167
O00481,1,1,471.26,17.73,0.0376,5,boleto,21,4,10,0,seguros_servicos,0.5252918287937743
O04020,1,2,678.61,35.02,0.0529,10,credit_card,16,4,10,0,alimentos_bebidas,0.5964401294498382
O01136,0,4,1104.32,103.49,0.1678,1,boleto,22,4,10,0,bebes,0.6320116054158607
O03873,1,1,267.08,43.35,0.1623,3,debit_card,10,4,10,0,artigos_nautica,0.5239923224568138
O04910,0,2,518.91,46.61,0.6163,1,debit_card,16,4,10,0,telefonia,0.524904214559387
O04852,1,2,636.36,50.93,0.0911,1,boleto,12,4,10,0,brinquedos,0.5229007633587787
O00241,0,1,158.79,6.94,0.0437,4,debit_card,25,4,10,0,carnes,0.5247148288973384
O01451,0,1,96.52,29.99,0.3107,7,voucher,21,4,10,0,construcao_ferramentas,0.523719165085389
O01726,0,2,290.7,75.19,0.9255,2,debit_card,23,4,10,0,casa_escritorio,0.428030303030303
O01227,1,2,615.67,62.92,0.1328,1,debit_card,5,5,10,0,livros_interesse,0.5937106918238994
O02977,0,1,407.77,49.66,0.1218,7,credit_card,10,5,10,0,audio,0.5225563909774437
O03557,1,1,336.77,10.12,0.0301,1,debit_card,12,5,10,0,casa_limpeza,0.6666666666666666
O04258,0,1,114.17,22.69,0.1987,1,boleto,15,5,10,0,casa_conforto,0.5224719101123596
O02575,1,2,745.12,70.85,0.0931,1,voucher,10,6,10,0,eletronicos,0.5214953271028038
O04047,1,2,550.35,58.58,0.1117,4,boleto,11,6,10,0,casa_quarto,0.5232774674115456
O04897,0,1,389.88,34.64,0.0888,4,voucher,18,6,10,0,la_cuisine,0.5250463821892394
O00209,1,1,463.96,18.78,0.0405,7,voucher,14,6,10,0,carnes,0.524074074074074
O02788,0,2,304.94,38.27,0.1161,1,debit_card,20,6,10,0,eletroportateis,0.6571428571428571
O01379,0,1,231.64,30.34,0.131,3,credit_card,22,6,10,0,moveis_presentes,0.5
O03410,0,2,789.94,65.01,0.0892,3,credit_card,25,0,10,0,casa_banheiro,0.6360294117647058
O02803,0,1,232.24,36.85,0.1587,3,boleto,15,0,10,0,carnes,0.6666666666666666
O02133,1,1,348.89,15.91,0.0456,3,boleto,11,1,10,0,flores,0.75
O02224,1,2,187.32,67.54,0.455,6,credit_card,19,1,10,0,moveis_escritorio,0.760036496350365
O01890,0,1,376.25,13.39,0.0356,6,debit_card,24,1,10,0,la_cuisine,0.5218181818181818
O02241,0,2,565.32,62.64,0.1154,4,credit_card,23,1,10,0,artes,0.29166666666666663
O00746,0,1,384.01,22.85,0.0595,4,boleto,25,1,10,0,casa_outros,0.5189873417721519
O00766,0,1,142.63,6.78,0.0475,3,debit_card,7,1,10,0,fashion_underwear,0.5180505415162455
O04602,1,1,377.52,23.42,0.062,2,debit_card,20,1,10,0,moveis_decoracao,0.5171171171171172
O03213,0,2,482.34,59.74,0.1232,3,debit_card,6,2,10,0,casa_iluminacao,0.5179856115107914
O04474,0,1,155.9,14.38,0.0922,5,debit_card,8,2,10,0,fashion_bolsas,0.5161290322580645
O01384,0,1,41.75,19.6,0.4695,1,credit_card,16,2,10,0,seguros_servicos,0.5152057245080501
O02874,1,1,273.55,43.21,0.158,8,voucher,18,2,10,0,cama_mesa_banho,0.5142857142857142
O00789,1,1,101.48,9.49,0.0935,6,debit_card,17,2,10,0,portateis_cozinha,0.5
O04468,1,2,882.96,53.48,0.0585,2,credit_card,11,3,10,0,carnes,0.5913404507710558
O04080,0,2,319.87,68.72,0.5731,5,credit_card,24,3,10,0,construcao_ferramentas,0.42553191489361697
O04028,1,1,75.42,32.56,0.4317,2,credit_card,11,3,10,0,moveis_escritorio,0.5159010600706714
O04827,0,2,221.81,56.78,0.2401,12,debit_card,6,3,10,0,moveis_jardim,0.5167548500881834
O00435,0,1,70.28,45.94,0.6537,8,debit_card,10,3,10,0,perfumaria,0.5149384885764499
O01195,1,1,31.07,11.43,0.3679,3,credit_card,18,3,10,0,pc_gamer,0.5140350877192983
O02424,1,2,535.7,53.38,0.089,1,boleto,5,3,10,0,casa_escritorio,0.2574430823117338
O03739,0,1,331.77,37.68,0.1136,1,credit_card,14,4,10,0,construcao_ferramentas,0.5165794066317626
O00894,0,2,291.86,69.57,0.5662,3,boleto,18,4,10,0,casa_conforto_2,0.5156794425087108
O03529,1,2,647.05,59.78,0.0918,12,boleto,16,4,10,0,consoles_games,0.5138888888888888
O02792,1,1,466.8,35.61,0.0763,7,credit_card,14,5,10,0,casa_conforto,0.5155709342560554
O03283,1,2,898.36,73.07,0.0816,7,voucher,24,5,10,0,fashion_roupa_masculina,0.5164075993091537
O01391,1,1,67.9,34.41,0.5068,4,debit_card,21,6,10,0,automotivo,0.5180722891566265
O01395,0,2,954.64,63.9,0.0666,7,boleto,13,6,10,0,cds_dvds_musicais,0.5189003436426117
O03387,1,2,680.7,61.27,0.1107,3,credit_card,7,6,10,0,perfumaria,0.2585616438356164
O01903,0,2,633.75,65.13,0.1114,4,voucher,9,6,10,0,casa_conforto,0.5187713310580204
O04452,1,2,729.45,50.48,0.0796,3,debit_card,10,0,10,0,eletrodomesticos,0.35850340136054426
O04245,1,1,124.15,39.44,0.3177,2,credit_card,11,0,10,0,dvds_blu_ray,0.5186440677966102
O00580,0,2,275.33,59.46,0.4111,1,credit_card,14,0,10,0,fashion_underwear,0.7597292724196277
O00057,0,1,323.8,10.54,0.0326,1,voucher,20,0,10,0,utilidades_domesticas,0.5177065767284992
O01843,0,2,423.44,72.78,0.1942,1,debit_card,24,1,11,0,cool_stuff,0.7584175084175084
O03769,0,1,374.12,19.98,0.0534,3,credit_card,17,1,11,0,moveis_escritorio,0.6666666666666666
O01243,1,1,288.07,45.21,0.1569,2,boleto,11,1,11,0,casa_construcao,0.5142378559463987
O00775,1,1,127.6,29.25,0.2292,2,voucher,17,1,11,0,casa_utilidades,0.5150501672240803
O03275,1,2,703.76,82.6,0.1365,1,voucher,9,1,11,0,moda_roupa,0.424596549805231
O01376,1,1,288.18,32.99,0.1145,7,credit_card,13,1,11,0,casa_garagem,0.5174708818635607
O00564,0,1,251.43,6.87,0.0273,4,credit_card,15,1,11,0,papelaria,0.5182724252491694
O02879,0,2,596.3,77.81,0.1906,2,voucher,21,1,11,0,eletrodomesticos_2,0.5174129353233831
O02699,1,3,653.12,86.15,0.1886,1,boleto,22,1,11,0,brinquedos,0.515702479338843
O00964,0,2,405.18,78.04,0.2105,2,boleto,19,2,11,0,casa_iluminacao,0.5180921052631579
O00400,1,1,278.4,23.58,0.0847,3,voucher,8,2,11,0,papelaria,0.3333333333333333
O01301,1,2,190.34,56.74,0.3077,6,voucher,5,2,11,0,moveis_jardim,0.5171849427168577
O02054,1,3,674.66,128.36,0.3583,7,credit_card,12,2,11,0,audio,0.595142287475077
O00786,1,2,182.12,66.59,0.3524,7,debit_card,19,2,11,0,eletronicos,0.42721861471861466
O01833,1,1,269.64,22.53,0.0836,4,boleto,9,3,11,0,cama_mesa_banho,0.5226537216828478
O04719,1,1,499.87,41.99,0.084,6,credit_card,13,3,11,0,malas_acessorios,0.5234248788368336
O00660,1,1,135.18,41.47,0.3068,2,credit_card,13,3,11,0,fraldas_higiene,1.0
O04885,0,1,456.27,30.46,0.0668,12,debit_card,21,3,11,0,casa_limpeza,0.5249597423510467
O04260,1,1,209.21,29.58,0.1414,2,boleto,7,3,11,0,moveis_sala,0.5241157556270096
O01585,0,1,282.07,48.76,0.1729,3,voucher,17,3,11,0,artigos_nautica,1.0
O01599,1,1,440.8,32.03,0.0727,1,debit_card,5,4,11,0,casa_iluminacao,0.5240384615384616
O03331,0,1,320.16,12.5,0.039,4,boleto,25,5,11,0,flores,0.6666666666666666
O01131,0,4,855.07,113.8,0.1514,4,credit_card,23,5,11,0,beleza_saude,0.7143237486687966
O00911,0,2,333.17,36.27,0.3506,3,boleto,13,5,11,0,carnes,0.5103174603174603
O01096,1,1,181.07,33.31,0.184,7,boleto,20,5,11,0,alimentos_bebidas,0.3333333333333333
O02048,0,1,115.61,11.8,0.1021,1,voucher,23,5,11,0,utilidades_domesticas,0.5197472353870458
O04997,0,2,647.57,23.97,0.0379,4,voucher,21,5,11,0,artigos_nautica,0.5
O04712,1,1,291.39,46.52,0.1596,7,debit_card,24,6,11,0,seguros_servicos,0.5172955974842768
O02219,1,1,466.28,20.6,0.0442,1,debit_card,12,6,11,0,moda_roupa,0.0
O03427,0,4,879.7,80.43,0.1195,3,debit_card,13,6,11,0,casa_conforto,0.27970219435736676
O04166,1,3,791.0,37.26,0.0621,6,credit_card,6,6,11,0,casa_garagem,0.5607476635514018
O01355,1,1,133.04,32.39,0.2435,1,credit_card,6,6,11,0,malas_acessorios,0.517829457364341
O04253,0,1,375.72,11.58,0.0308,4,credit_card,9,0,11,0,moveis_sala,0.5185758513931888
O02136,1,2,543.02,56.77,0.1133,1,debit_card,15,0,11,0,artigos_nautica,0.517774343122102
O04045,0,1,449.53,34.71,0.0772,3,credit_card,10,0,11,0,casa_conforto_2,0.5192604006163328
O04043,0,2,328.75,53.08,0.4134,2,boleto,25,0,11,0,moveis_escritorio,0.75
O03322,0,2,358.12,54.83,0.2264,1,credit_card,13,0,11,0,la_cuisine,0.2584355828220859
O01237,1,2,469.05,51.27,0.1876,1,voucher,13,1,11,0,papelaria,0.5909785932721712
O00417,0,1,235.62,11.12,0.0472,4,credit_card,15,1,11,0,casa_utilidades,0.5167682926829268
O04674,1,1,62.47,15.01,0.2403,12,debit_card,8,1,11,0,casa_conforto,0.5159817351598174
O01104,0,1,305.19,38.23,0.1253,2,boleto,23,2,11,0,pc_gamer,0.4
O00233,0,1,331.05,26.49,0.08,9,boleto,7,2,11,0,sinalizacao_seguranca,0.5159332321699545
O02679,1,1,446.74,14.57,0.0326,1,debit_card,24,2,11,0,casa_garagem,0.75
O02553,1,1,402.05,40.25,0.1001,10,boleto,7,2,11,0,carnes,0.0
O04666,0,1,419.48,6.67,0.0159,4,voucher,18,2,11,0,casa_iluminacao,0.5166163141993958
O04345,0,3,1049.84,78.4,0.0802,3,credit_card,13,3,11,0,casa_iluminacao,0.2830568124685772
O02851,1,2,353.88,61.56,0.1786,7,credit_card,5,3,11,0,automotivo,0.5067567567567568
O03136,1,1,147.26,20.62,0.14,9,credit_card,16,3,11,0,casa_garagem,0.5
O01204,1,4,945.83,58.01,0.0782,1,debit_card,11,3,11,0,casa_outros,0.5534379671150972
O01735,0,1,170.57,33.91,0.1988,1,boleto,24,3,11,0,dvds_blu_ray,0.5185735512630015
O04016,1,2,620.94,46.88,0.0737,4,voucher,16,3,11,0,beleza_saude,0.3333333333333333
O04079,1,4,800.09,131.69,0.3353,1,debit_card,12,3,11,0,casa_garagem,0.7548076923076923
O01768,1,1,249.24,14.36,0.0576,8,debit_card,14,3,11,0,perfumaria,0.3333333333333333
O02421,1,1,296.74,27.26,0.0919,4,boleto,10,3,11,0,carnes,0.5227606461086637
O00299,0,3,925.51,82.33,0.1133,5,boleto,23,3,11,0,artigos_nautica,0.5234604105571847
O00197,1,1,287.09,16.9,0.0589,5,debit_card,6,4,11,0,casa_utilidades,0.5211678832116788
O04957,1,1,280.15,23.58,0.0842,5,debit_card,7,4,11,0,casa_conforto,0.521865889212828
O01292,0,1,267.55,49.51,0.185,2,boleto,9,5,11,0,casa_utilidades,0.8
O03658,1,2,448.96,49.85,0.1099,4,boleto,13,5,11,0,papelaria,0.5218023255813954
O02587,0,2,357.14,84.88,0.2553,2,voucher,23,5,11,0,livros_interesse,0.5231884057971015
O00053,0,1,366.2,16.8,0.0459,1,voucher,19,5,11,0,portateis_casa_forno_cafe,0.5216763005780347
O01996,0,2,658.4,51.6,0.0849,1,credit_card,24,5,11,0,casa_banheiro,0.38546176046176045
O02157,0,2,368.49,59.37,0.2012,1,debit_card,13,6,11,0,eletrodomesticos_2,0.625
O00711,0,1,389.37,49.77,0.1278,10,credit_card,22,6,11,0,sinalizacao_seguranca,0.3333333333333333
O01682,1,2,77.73,41.04,0.4558,1,credit_card,22,6,11,0,casa_utilidades,0.5919293218720152
O04363,0,2,318.43,50.27,0.1661,2,voucher,24,6,11,0,automotivo,0.5185714285714286
O04386,0,1,414.87,20.27,0.0489,1,voucher,14,6,11,0,market_place,0.5170940170940171
O04179,0,1,48.95,27.53,0.5624,4,voucher,19,0,11,0,casa_quarto,0.5163584637268848
O01526,1,1,101.18,15.7,0.1552,1,credit_card,13,0,11,0,casa_garagem,0.5
O03575,1,1,162.04,18.35,0.1132,1,boleto,8,0,11,0,construcao_ferramentas,0.5163120567375886
O01011,1,1,315.98,45.96,0.1455,1,credit_card,7,0,11,0,sinalizacao_seguranca,0.5169971671388102
O04198,1,2,397.55,26.59,0.0664,2,debit_card,11,0,11,0,cool_stuff,0.4255068363979255
O00065,0,1,260.23,20.1,0.0772,10,credit_card,24,0,11,0,fashion_esporte,0.5190409026798307
O01985,0,2,471.76,84.23,0.2697,4,credit_card,11,0,11,0,construcao_ferramentas,0.5183098591549296
O03975,0,1,135.17,49.92,0.3693,2,debit_card,15,0,11,0,portateis_cozinha,0.5168539325842697
O01485,0,3,1092.82,100.96,0.1068,1,credit_card,8,1,11,0,casa_conforto_2,0.6774193548387096
O03418,0,2,547.37,63.58,0.1155,12,boleto,13,1,11,0,casa_cozinha,0.4236499068901304
O04962,0,1,290.08,10.23,0.0353,1,credit_card,12,1,11,0,casa_quarto,0.5125348189415042
O02842,1,3,823.93,72.06,0.1149,6,credit_card,12,1,11,0,automotivo,0.5372739916550765
O00430,0,1,25.76,17.42,0.6762,2,debit_card,20,1,11,0,construcao_ferramentas,0.5138504155124654
O04490,0,3,722.46,84.48,0.1311,8,debit_card,10,1,11,0,moveis_escritorio,0.6754264638082065
O04227,1,2,643.63,52.34,0.0818,1,voucher,20,1,11,0,la_cuisine,0.5888429752066116
O00935,1,1,94.52,47.2,0.4994,1,credit_card,21,1,11,0,construcao_ferramentas,0.5123626373626373
O03107,0,1,197.1,15.47,0.0785,1,credit_card,21,1,11,0,eletroportateis,0.5130315500685871
O01146,1,1,40.37,33.12,0.8204,8,credit_card,22,2,11,0,musica_arte,0.6666666666666666
O03814,1,1,461.41,11.3,0.0245,1,voucher,17,2,11,0,casa_conforto_2,0.3333333333333333
O02509,0,1,330.63,38.22,0.1156,1,voucher,23,2,11,0,eletroportateis,0.5136612021857924
O01674,0,1,133.18,49.8,0.3739,1,voucher,10,2,11,0,artes,0.625
O02025,0,1,336.14,21.17,0.063,1,voucher,25,2,11,0,casa_outros,0.5122615803814714
O02376,1,1,286.32,36.01,0.1258,5,debit_card,6,2,11,0,eletronicos,0.3333333333333333
O01763,1,2,580.17,76.37,0.1318,4,debit_card,16,2,11,0,audio,0.5122282608695652
O02736,1,1,137.58,15.52,0.1128,9,boleto,6,2,11,0,beleza_saude,0.6
O01957,1,1,361.59,24.54,0.0679,2,boleto,5,2,11,0,moveis_escritorio,0.6666666666666666
O00229,0,2,274.22,76.27,0.5576,1,credit_card,10,3,11,0,dvds_blu_ray,0.5148648648648648
O01714,0,3,891.62,124.02,0.1612,2,credit_card,15,3,11,0,casa_construcao,0.3423180592991914
O01571,1,1,445.71,21.3,0.0478,1,credit_card,12,3,11,0,seguros_servicos,0.5114093959731544
O01012,0,3,320.71,103.09,0.4383,8,credit_card,19,3,11,0,casa_garagem,0.674709562109026
O01992,1,1,137.61,46.06,0.3347,9,boleto,7,3,11,0,perfumaria,0.25
O02645,1,1,425.75,31.97,0.0751,3,voucher,17,4,11,0,fashion_roupa_feminina,0.5106666666666667
O03941,0,5,771.7,150.71,0.3295,4,boleto,23,4,11,0,casa_conforto_2,0.5767909454061251
O04999,0,3,788.76,59.38,0.0871,1,boleto,23,4,11,0,casa_construcao,0.5026455026455027
O04465,1,3,975.9,73.25,0.1239,2,voucher,7,4,11,0,carnes,0.3908651734738691
O01758,1,2,267.66,46.77,0.5732,3,debit_card,11,4,11,0,consoles_games,0.5039370078740157
O00760,1,1,204.3,12.14,0.0594,6,voucher,10,5,11,0,artes,0.5091623036649214
O02381,0,2,657.21,31.88,0.0487,9,debit_card,23,5,11,0,flores,0.42156862745098034
O03368,0,1,113.23,31.01,0.2739,3,debit_card,21,5,11,0,casa_limpeza,0.5084745762711864
O00244,0,1,29.29,40.7,1.3896,4,boleto,21,5,11,0,eletroportateis,0.25
O03785,0,1,142.8,22.6,0.1583,3,credit_card,16,6,11,0,casa_garagem,0.5071521456436932
O02967,1,2,489.84,82.84,0.1706,5,credit_card,22,6,11,0,la_cuisine,0.6666666666666666
O02260,0,1,350.17,6.26,0.0179,2,debit_card,21,6,11,0,moveis_decoracao,0.5077720207253886
O03562,0,1,490.43,41.86,0.0854,1,debit_card,21,6,11,0,moveis_cozinha,0.5071151358344114
O02131,1,1,413.58,25.86,0.0625,4,voucher,5,6,11,0,moveis_decoracao,0.5064599483204134
O02612,1,3,700.89,123.2,0.1825,8,credit_card,13,6,11,0,beleza_saude,0.4801433691756272
O01393,0,1,301.13,18.67,0.062,3,voucher,16,6,11,0,artes,0.0
O03207,0,3,640.44,105.8,0.2195,1,debit_card,13,6,11,0,casa_lavanderia,0.5055626872058193
O03635,0,1,449.09,19.4,0.0432,1,debit_card,10,6,11,0,perfumaria,0.5063938618925832
O04693,1,1,310.91,32.8,0.1055,6,debit_card,7,0,11,0,automotivo,0.5057471264367817
O02831,0,2,528.58,60.46,0.1061,3,boleto,21,0,11,0,audio,0.16666666666666666
O03978,1,1,251.81,33.45,0.1328,3,debit_card,14,0,11,0,casa_cozinha,0.0
O00853,1,1,445.93,42.07,0.0943,5,credit_card,9,0,11,0,construcao_ferramentas,0.5
O04985,0,1,405.21,25.54,0.063,4,boleto,20,0,11,0,casa_quarto,0.0
O02533,0,2,368.52,73.79,0.5973,3,voucher,10,0,11,0,eletrodomesticos_2,0.5057034220532319
O02374,0,1,177.32,28.82,0.1625,5,voucher,11,1,11,0,ferramentas_jardim,0.75
O00138,0,4,894.66,141.37,0.2957,5,credit_card,22,1,11,0,casa_garagem,0.6190025252525253
O03822,1,2,101.95,43.67,0.7892,1,voucher,16,1,11,0,fashion_calcados,0.5839614740368508
O01039,0,3,404.99,34.66,0.0798,8,debit_card,25,1,11,0,construcao_ferramentas,0.3619465329991646
O00117,0,2,679.53,74.75,0.1079,6,boleto,16,1,11,0,cool_stuff,0.41697877652933835
O04603,1,1,485.02,49.96,0.103,1,credit_card,14,1,11,0,construcao_ferramentas,0.49937733499377335
O02707,0,2,623.06,37.31,0.065,1,credit_card,24,1,11,0,casa_garagem,0.5833333333333333
O03476,1,1,173.87,28.6,0.1645,1,debit_card,6,2,11,0,pc_gamer,0.4987593052109181
O04636,0,1,490.28,46.44,0.0947,3,debit_card,5,2,11,0,portateis_cozinha,0.4993804213135068
O04256,0,1,321.3,42.7,0.1329,3,voucher,12,2,11,0,fashion_roupa_masculina,0.49876237623762376
O02793,1,5,1605.32,149.09,0.0981,5,credit_card,5,2,11,0,alimentos_bebidas,0.36592501030078284
O02358,1,5,1204.53,191.34,0.3017,3,boleto,17,2,11,0,cama_mesa_banho,0.7502457002457003
O03744,1,1,169.62,26.28,0.1549,7,credit_card,12,2,11,0,carnes,0.5042735042735043
O01217,1,1,310.14,30.16,0.0972,1,boleto,8,2,11,0,casa_outros,0.25
O00404,1,1,361.76,5.35,0.0148,2,debit_card,9,2,11,0,moveis_decoracao,0.5054811205846529
O02753,1,1,38.53,8.61,0.2235,1,debit_card,6,2,11,0,eletronicos,0.5060827250608273
O03639,0,1,332.51,8.92,0.0268,1,voucher,11,2,11,0,relogios_presentes,0.25
O04289,1,1,461.13,6.42,0.0139,1,debit_card,15,3,11,0,beleza_saude,0.0
O04241,1,4,1010.68,83.61,0.153,7,boleto,23,3,11,0,alimentos_bebidas,0.5033333333333334
O00135,1,2,261.78,57.84,0.3009,1,voucher,25,3,11,0,brinquedos,0.5
O02758,0,1,469.73,36.02,0.0767,7,boleto,23,3,11,0,fashion_calcados,0.75
O04072,0,3,1079.84,106.74,0.1037,1,voucher,12,3,11,0,casa_quarto,0.5096153846153846
O04482,1,1,445.5,30.66,0.0688,2,credit_card,19,4,11,0,casa_cozinha,0.5077844311377245
O02403,1,3,1034.47,72.36,0.0671,1,boleto,14,4,11,0,casa_conforto,0.7527910685805423
O01554,1,1,11.86,36.27,3.0582,2,credit_card,5,4,11,0,alimentos_bebidas,0.5
O03411,1,1,192.68,44.61,0.2315,1,debit_card,17,4,11,0,musica_arte,0.3333333333333333
O04528,0,1,288.36,15.35,0.0532,8,voucher,25,4,11,0,casa_conforto_2,0.5
O04121,1,1,289.96,18.07,0.0623,3,credit_card,7,5,11,0,fashion_underwear,0.5106888361045131
O01917,1,2,632.17,45.23,0.075,1,voucher,20,5,11,0,esporte_lazer,0.5112692763938316
O01467,1,1,222.61,42.91,0.1928,5,debit_card,19,5,11,0,papelaria,0.5124260355029586
O02665,1,1,246.0,20.72,0.0842,8,debit_card,12,5,11,0,beleza_saude,0.6666666666666666
O04287,0,1,406.45,15.52,0.0382,3,voucher,21,5,11,0,papelaria,0.5
O01613,0,2,465.45,59.66,0.139,1,debit_card,5,5,11,0,casa_quarto,0.38148584905660377
O00857,0,4,837.6,114.63,0.253,4,boleto,20,5,11,0,casa_cozinha,0.5392156862745098
O02263,0,3,813.82,79.79,0.1083,5,boleto,24,6,11,0,fashion_roupa_feminina,0.336455893832943
O03195,0,2,541.07,51.36,0.1071,1,debit_card,15,6,11,0,artes,0.5037922987164527
O03482,0,1,135.74,26.72,0.1968,2,debit_card,24,6,11,0,brinquedos,0.5064027939464494
O04740,0,1,466.24,17.29,0.0371,1,boleto,25,6,11,0,alimentos_bebidas,0.3333333333333333
O00198,1,1,219.3,41.3,0.1883,3,voucher,6,0,11,0,papelaria,0.5052264808362369
O04349,1,1,176.29,17.82,0.1011,5,debit_card,7,0,11,0,moveis_presentes,0.505800464037123
O04653,1,2,981.34,64.86,0.0661,4,boleto,15,0,11,0,casa_garagem,0.5531865585168019
O03280,0,1,45.96,32.77,0.713,1,boleto,12,0,11,0,casa_conforto_2,0.507514450867052
O02517,1,1,180.78,36.33,0.201,1,debit_card,22,0,11,0,carnes,0.5
O00365,1,3,637.87,73.35,0.1243,6,boleto,20,0,11,0,brinquedos,0.3787485582468281
O04200,0,1,84.06,20.98,0.2496,9,credit_card,20,0,11,0,moveis_escritorio,0.75
O01921,1,1,316.42,43.44,0.1373,3,debit_card,17,1,11,0,eletroportateis,0.5080459770114942
O03777,0,1,224.6,17.72,0.0789,1,credit_card,22,1,11,0,esporte_lazer,0.0
O03588,0,1,273.48,41.0,0.1499,1,boleto,23,2,11,0,malas_acessorios,0.3333333333333333
O00745,0,2,544.04,47.29,0.0818,5,voucher,12,2,11,0,casa_garagem,0.5537227949599084
O02323,1,3,1089.04,105.84,0.0971,6,boleto,5,2,11,0,audio,0.5179682539682541
O04668,0,1,127.79,40.11,0.3139,1,credit_card,19,3,12,0,cds_dvds_musicais,0.3333333333333333
O03947,0,1,470.48,5.09,0.0108,1,boleto,19,3,12,0,perfumaria,0.3333333333333333
O01775,1,1,456.54,28.25,0.0619,4,credit_card,19,3,12,0,artes,0.3333333333333333
O01445,0,4,600.29,141.51,0.8789,3,debit_card,21,3,12,0,cama_mesa_banho,0.526844494892168
O03080,1,2,636.1,80.85,0.1516,3,voucher,8,3,12,0,moveis_sala,0.5858757062146893
O01722,1,3,377.41,99.37,0.5131,1,credit_card,5,3,12,0,casa_iluminacao,0.5062006764374295
O04702,0,2,327.39,61.82,0.4427,3,boleto,21,4,12,0,eletrodomesticos_2,0.29166666666666663
O02450,1,1,258.37,22.38,0.0866,2,debit_card,9,4,12,0,livros_interesse,0.25
O03156,0,1,415.84,45.51,0.1094,4,voucher,8,5,12,0,moda_roupa,0.5072788353863382
O00988,1,2,415.23,57.83,0.1225,6,boleto,13,5,12,0,moveis_presentes,0.5533557046979866
O02267,0,1,64.41,37.39,0.5805,6,boleto,15,5,12,0,casa_escritorio,0.6666666666666666
O00951,0,1,327.14,28.65,0.0876,3,credit_card,21,5,12,0,eletronicos,0.5072463768115942
O03419,0,1,17.36,23.0,1.3249,3,boleto,9,5,12,0,casa_iluminacao,0.45454545454545453
O00812,1,1,98.22,14.77,0.1504,1,debit_card,7,5,12,0,malas_acessorios,0.5061179087875417
O03846,0,1,23.05,37.36,1.6208,2,credit_card,14,6,12,0,eletrodomesticos,0.3333333333333333
O04576,1,2,836.65,50.86,0.0566,5,debit_card,18,6,12,0,casa_conforto,0.5061043285238623
O02467,0,2,761.43,25.45,0.0312,5,boleto,24,6,12,0,construcao_ferramentas,0.5535991140642303
O01476,0,1,220.96,15.85,0.0717,2,debit_card,14,6,12,0,seguros_servicos,0.5060773480662983
O00690,1,1,86.8,42.35,0.4879,10,boleto,8,6,12,0,casa_quarto,0.5714285714285714
O01367,1,4,1085.78,111.47,0.1323,4,boleto,12,6,12,0,carnes,0.4931826534362367
O03964,1,2,668.93,70.24,0.1034,1,voucher,13,0,12,0,beleza_saude,0.5041163556531285
O00804,0,1,373.75,13.01,0.0348,1,voucher,7,0,12,0,livros_interesse,0.0
O04304,1,1,430.44,31.12,0.0723,5,voucher,9,0,12,0,market_place,0.5087527352297593
O04128,1,1,144.73,30.82,0.2129,1,debit_card,8,0,12,0,malas_acessorios,0.5092896174863388
O03214,0,2,519.55,88.02,0.2919,5,credit_card,17,0,12,0,relogios_presentes,0.7083333333333333
O04440,1,1,161.31,32.72,0.2028,9,voucher,21,0,12,0,perfumaria,0.6666666666666666
O01680,1,1,350.25,14.89,0.0425,10,credit_card,14,0,12,0,sinalizacao_seguranca,0.6666666666666666
O01564,0,1,171.57,13.36,0.0779,6,debit_card,18,0,12,0,livros_interesse,0.5097826086956522
O01882,1,2,240.0,57.5,0.8016,2,boleto,25,1,12,0,malas_acessorios,0.55
O04276,1,1,20.78,36.4,1.7517,3,credit_card,5,1,12,0,musica_arte,0.5102925243770314
O04377,1,1,464.0,33.82,0.0729,4,boleto,15,1,12,0,moveis_decoracao,0.6666666666666666
O00861,1,3,339.1,86.33,0.6418,12,boleto,17,1,12,0,casa_cozinha,0.6148948948948949
O02082,1,2,585.57,42.52,0.0702,1,voucher,18,2,12,0,pc_gamer,0.8
O04945,0,1,464.95,32.89,0.0707,1,credit_card,25,2,12,0,fashion_roupa_feminina,1.0
O00156,0,2,721.31,68.74,0.0989,1,credit_card,25,2,12,0,fashion_roupa_masculina,0.625
O01105,0,1,93.61,45.16,0.4824,3,voucher,19,2,12,0,market_place,0.5123258306538049
O02750,0,1,189.45,9.6,0.0507,1,voucher,7,2,12,0,moda_roupa,0.0
O03722,0,2,674.92,43.32,0.0602,3,debit_card,21,2,12,0,cool_stuff,0.6333333333333333
O00607,0,1,410.02,21.44,0.0523,1,boleto,22,3,12,0,fashion_calcados,0.5101387406616862
O01597,1,2,628.2,56.94,0.0835,3,voucher,7,3,12,0,casa_outros,0.4583333333333333
O00303,0,1,245.88,37.71,0.1534,1,debit_card,16,3,12,0,consoles_games,0.3333333333333333
O02606,1,2,383.55,80.33,0.4451,2,debit_card,19,3,12,0,carnes,0.0
O02719,0,2,166.94,88.4,0.8056,5,credit_card,24,3,12,0,casa_garagem,0.4583333333333333
O01858,1,2,722.65,57.12,0.0796,3,voucher,9,3,12,0,alimentos_bebidas,0.5476190476190476
O00450,1,1,166.03,11.25,0.0678,6,credit_card,24,3,12,0,casa_banheiro,1.0
O02904,0,2,629.76,48.85,0.0868,3,credit_card,25,4,12,0,papelaria,0.25
O01534,0,1,241.98,37.68,0.1557,1,debit_card,20,4,12,0,instrumentos_musicais,0.5105263157894737
O03400,0,2,415.05,40.89,0.0978,2,boleto,21,4,12,0,casa_construcao,0.5883280757097792
O04358,1,1,467.96,28.06,0.06,1,debit_card,13,4,12,0,casa_conforto,0.5089192025183631
O04987,1,1,234.21,9.94,0.0424,1,credit_card,14,4,12,0,casa_sala,0.5094339622641509
O00165,0,1,342.78,5.41,0.0158,5,boleto,6,4,12,0,bebes,0.5099476439790576
O01306,1,1,10.46,11.61,1.1099,3,boleto,5,5,12,0,papelaria,0.5094142259414226
O03514,0,2,626.78,51.09,0.0945,6,boleto,14,5,12,0,construcao_ferramentas,0.509926854754441
O02242,0,1,121.03,36.15,0.2987,1,debit_card,20,5,12,0,casa_garagem,0.25
O01544,1,1,264.85,49.8,0.188,1,boleto,8,6,12,0,beleza_saude,0.2
O00742,0,3,542.3,38.45,0.071,7,voucher,24,6,12,0,fraldas_higiene,0.40589663544918486
O02617,0,1,349.19,21.81,0.0625,3,voucher,21,6,12,0,moda_roupa,0.25
O00815,1,1,303.64,16.55,0.0545,3,boleto,15,0,12,0,fashion_roupa_feminina,0.3333333333333333
O02302,1,1,163.38,11.18,0.0684,4,debit_card,20,0,12,0,construcao_ferramentas,0.3333333333333333
O02408,1,1,497.57,20.09,0.0404,1,debit_card,8,0,12,0,moveis_jardim,1.0
O01382,0,1,493.39,46.43,0.0941,1,debit_card,19,0,12,0,dvds_blu_ray,0.5082644628099173
O01499,0,1,57.15,16.13,0.2822,1,boleto,11,0,12,0,casa_construcao,0.5077399380804953
O00769,0,1,338.06,30.58,0.0905,2,debit_card,23,0,12,0,casa_cozinha,1.0
O01055,0,1,80.3,7.27,0.0905,5,credit_card,20,0,12,0,fashion_underwear,0.5066941297631308
O04137,1,1,362.86,39.42,0.1086,2,boleto,13,0,12,0,livros_interesse,0.3333333333333333
O04883,1,3,777.33,80.06,0.1039,3,boleto,17,0,12,0,artes,0.44270298047276463
O01334,0,3,738.39,117.8,0.1756,4,credit_card,25,0,12,0,beleza_saude,0.658287795992714
O01054,0,1,64.85,34.23,0.5278,1,credit_card,20,0,12,0,casa_utilidades,0.25
O02951,1,1,215.1,48.97,0.2277,3,boleto,16,1,12,0,eletronicos,0.5061224489795918
O03488,1,1,36.87,28.81,0.7814,1,boleto,13,1,12,0,casa_cozinha,0.5714285714285714
O01345,0,2,497.34,69.86,0.2039,6,voucher,22,1,12,0,casa_conforto_2,0.5660641547861507
O00620,0,2,844.26,59.19,0.072,1,debit_card,9,1,12,0,casa_limpeza,0.5030487804878049
O01129,1,3,785.45,82.25,0.1181,1,boleto,20,1,12,0,casa_utilidades,0.6683569979716024
O00339,0,1,212.46,26.57,0.1251,1,credit_card,11,2,12,0,automotivo,0.5
O00553,0,1,77.46,45.6,0.5887,1,credit_card,22,2,12,0,seguros_servicos,0.5060606060606061
O00176,1,2,424.37,50.47,0.1172,1,boleto,7,2,12,0,casa_conforto,0.7527749747729566
O01346,1,1,184.82,41.74,0.2258,7,boleto,12,2,12,0,consoles_games,0.6666666666666666
O01630,0,3,877.06,73.35,0.1908,3,debit_card,10,2,12,0,casa_utilidades,0.5277777777777778
O00858,1,1,34.64,48.36,1.3961,1,boleto,10,3,12,0,perfumaria,0.5055165496489469
O00956,0,1,225.09,24.55,0.1091,9,boleto,23,3,12,0,casa_garagem,0.5060120240480962
O00546,0,1,337.24,32.05,0.095,2,voucher,16,3,12,0,livros_interesse,1.0
O03985,1,1,99.86,23.69,0.2372,1,debit_card,8,4,12,0,livros_interesse,0.505
O02165,1,1,214.88,22.82,0.1062,4,boleto,25,4,12,0,cool_stuff,0.4
O02835,1,1,217.01,10.54,0.0486,2,voucher,14,4,12,0,audio,0.5059880239520959
O03415,0,1,166.48,8.62,0.0518,1,boleto,12,4,12,0,casa_cozinha,0.75
O03112,1,2,387.59,52.03,0.1345,5,boleto,6,5,12,0,livros_interesse,0.2
O04414,0,2,93.39,44.29,0.438,1,boleto,25,5,12,0,casa_garagem,0.42014579191517565
O04472,1,2,412.52,65.96,0.2256,3,debit_card,25,5,12,0,casa_conforto_2,0.26666666666666666
O02783,1,1,303.33,34.8,0.1147,3,voucher,8,5,12,0,market_place,0.5
O03931,1,1,93.42,48.99,0.5244,9,voucher,20,6,12,0,portateis_casa_forno_cafe,0.6
O00986,1,1,67.43,19.86,0.2945,4,voucher,13,0,12,0,moveis_quarto,0.38461538461538464
O04122,1,1,382.77,17.93,0.0468,4,credit_card,13,0,12,0,casa_quarto,0.508390918065153
O04419,0,1,205.26,10.74,0.0523,3,voucher,24,0,12,0,moda_roupa,0.5088757396449705
O02779,0,2,275.43,85.33,1.2222,1,voucher,24,0,12,0,audio,0.7541871921182266
O01283,0,1,265.22,37.17,0.1401,2,credit_card,23,1,12,0,perfumaria,0.0
O00955,1,1,440.42,10.64,0.0242,2,boleto,21,1,12,0,casa_iluminacao,0.6666666666666666
O02680,1,2,436.59,72.48,0.1706,5,boleto,11,1,12,0,livros_interesse,0.7857142857142857
O03475,0,2,552.45,54.19,0.137,1,debit_card,21,1,12,0,casa_outros,0.5041625857002938
O02833,0,1,336.48,26.78,0.0796,3,credit_card,15,1,12,0,construcao_ferramentas,0.5
O02686,1,1,63.44,14.86,0.2342,3,boleto,22,1,12,0,fashion_bolsas,0.4
O03560,1,1,85.88,47.87,0.5574,8,boleto,12,1,12,0,cool_stuff,0.75
O01920,0,1,325.94,26.56,0.0815,4,credit_card,17,2,12,0,fashion_roupa_masculina,0.2
O03749,0,1,283.33,25.15,0.0888,1,voucher,20,2,12,0,utilidades_domesticas,0.50730282375852
O02930,1,1,115.67,34.84,0.3012,3,boleto,8,2,12,0,fashion_esporte,0.5068093385214008
O04131,1,1,107.65,37.21,0.3457,7,voucher,5,2,12,0,seguros_servicos,0.5072886297376094
O01769,1,2,542.83,81.77,0.4027,1,credit_card,8,2,12,0,moveis_jardim,0.753883495145631
O01926,1,3,411.01,116.21,0.4172,6,boleto,15,2,12,0,artigos_nautica,0.402906976744186
O03046,0,1,154.31,37.59,0.2436,1,voucher,14,3,12,0,moveis_quarto,0.3333333333333333
O02675,0,1,430.37,46.7,0.1085,1,voucher,24,3,12,0,moda_roupa,0.6666666666666666
O01193,1,1,170.92,10.57,0.0618,3,voucher,19,3,12,0,moveis_quarto,0.4
O01698,1,1,269.21,20.37,0.0757,1,credit_card,23,3,12,0,ferramentas_jardim,0.25
O03094,0,1,485.26,16.28,0.0335,3,voucher,24,4,12,0,telefonia,0.75
O01374,1,1,323.49,35.65,0.1102,5,debit_card,7,4,12,0,moveis_sala,0.6666666666666666
O00166,0,1,252.3,48.65,0.1928,1,boleto,25,4,12,0,perfumaria,0.6666666666666666
O01964,0,1,368.64,43.13,0.117,8,boleto,23,4,12,0,utilidades_domesticas,0.5095969289827256
O00513,1,2,752.4,53.05,0.0711,3,debit_card,7,4,12,0,casa_construcao,0.41666666666666663
O01087,1,4,617.48,107.74,0.2686,2,voucher,15,5,12,0,bebes,0.3675239234449761
O03920,0,1,214.7,49.75,0.2317,1,voucher,22,5,12,0,beleza_saude,0.3333333333333333
O03841,1,3,681.88,32.74,0.1193,1,boleto,17,5,12,0,alimentos_bebidas,0.47603174603174603
O04282,1,1,426.28,37.67,0.0884,3,boleto,12,5,12,0,carnes,0.5
O00311,1,1,340.06,9.11,0.0268,3,debit_card,18,5,12,0,informatica_acessorios,1.0
O02189,1,3,484.17,74.88,0.252,3,boleto,11,5,12,0,eletrodomesticos,0.4252162792447152
O01826,1,1,403.36,45.35,0.1124,1,debit_card,24,5,12,0,papelaria,0.5151228733459358
O00280,0,1,198.58,43.76,0.2204,4,boleto,18,6,12,0,papelaria,0.75
O01221,0,4,1191.61,97.51,0.0747,3,credit_card,15,6,12,0,beleza_saude,0.6861185983827494
O01936,1,1,182.23,48.92,0.2685,4,debit_card,12,6,12,0,moveis_decoracao,0.5131578947368421
O04438,1,1,171.68,5.25,0.0306,3,debit_card,10,6,12,0,casa_utilidades,0.6666666666666666
O00279,0,1,378.4,22.98,0.0607,1,boleto,13,6,12,0,construcao_ferramentas,0.5140712945590994
O00795,0,2,545.27,70.91,0.2874,1,voucher,23,6,12,0,casa_banheiro,0.75
O00538,1,1,378.67,18.88,0.0499,6,voucher,20,6,12,0,cool_stuff,0.6666666666666666
O04635,1,1,347.7,26.88,0.0773,1,boleto,11,6,12,0,casa_sala,0.2
O03804,0,1,29.0,40.48,1.3959,1,debit_card,11,6,12,0,ferramentas_jardim,0.5135387488328664
O02808,0,2,214.26,49.78,0.518,2,debit_card,15,6,12,0,moveis_presentes,0.25
O02908,1,1,13.61,16.13,1.1852,1,debit_card,19,6,12,0,casa_limpeza,0.75
O00051,0,1,440.85,37.51,0.0851,3,credit_card,18,0,12,0,casa_limpeza,0.5125581395348837
O00619,1,3,848.55,99.35,0.1175,1,voucher,14,0,12,0,beleza_saude,0.37704313447807875
O02535,0,1,450.36,41.98,0.0932,1,credit_card,23,0,12,0,audio,0.5134383688600556
O04548,0,1,253.53,24.23,0.0956,2,boleto,13,0,12,0,fraldas_higiene,0.5
O04818,0,2,575.99,70.48,0.1525,7,boleto,15,0,12,0,brinquedos,0.5
O04746,1,1,281.24,35.82,0.1274,6,debit_card,22,0,12,0,moveis_cozinha,0.6
O02622,0,1,341.72,24.29,0.0711,1,debit_card,23,0,12,0,automotivo,0.5119926199261993
O03148,0,1,431.43,30.19,0.07,1,debit_card,19,1,12,0,la_cuisine,0.6666666666666666
O03404,1,3,893.8,53.09,0.2019,3,debit_card,19,1,12,0,casa_quarto,0.34069981583793735
O02988,0,2,542.33,56.29,0.2645,1,debit_card,22,1,12,0,instrumentos_musicais,0.35619834710743803
O02272,0,2,863.21,76.88,0.0907,1,boleto,10,1,12,0,casa_garagem,0.775
O01110,1,2,701.77,55.64,0.0796,3,credit_card,18,2,12,0,fashion_underwear,0.4219274168953949
O02057,1,2,595.37,82.05,0.1377,8,voucher,8,2,12,0,audio,0.5
O00028,0,1,432.68,46.42,0.1073,2,credit_card,15,2,12,0,esporte_lazer,0.6666666666666666
O03798,1,2,333.84,48.39,0.4987,1,debit_card,22,2,12,0,audio,0.45591985428051
O04384,0,1,240.59,7.21,0.03,12,voucher,20,2,12,0,cama_mesa_banho,0.6666666666666666
O00439,0,2,380.05,77.46,0.2043,1,boleto,24,2,12,0,artes,0.6904761904761905
O03422,0,2,255.38,59.85,0.2108,3,credit_card,25,3,12,0,cama_mesa_banho,0.5113327289211242
O00097,1,2,452.63,33.29,0.0834,3,credit_card,5,3,12,0,beleza_saude,0.4218702865761689
O03016,1,3,764.91,101.28,0.5614,1,boleto,12,3,12,0,artes,0.5666666666666668
O00242,0,2,438.04,26.92,0.0997,1,boleto,25,4,12,0,casa_utilidades,0.41666666666666663
O02802,1,2,193.3,50.01,0.6391,2,voucher,21,4,12,0,beleza_saude,0.2558453237410072
O02459,0,1,97.92,10.19,0.1041,3,debit_card,7,4,12,0,musica_arte,0.5125673249551167
O02971,0,1,174.08,35.97,0.2066,8,boleto,24,4,12,0,casa_escritorio,0.3333333333333333
O02568,0,2,329.81,68.05,0.2196,3,credit_card,14,4,12,0,casa_escritorio,0.5683243727598566
O00351,1,1,143.78,17.81,0.1239,3,boleto,19,4,12,0,seguros_servicos,0.5107334525939177
O00177,1,1,91.37,21.52,0.2355,4,debit_card,8,5,12,0,cds_dvds_musicais,0.5111706881143878
O04062,1,2,333.28,62.31,0.202,3,debit_card,7,5,12,0,casa_iluminacao,0.875
O03622,1,1,338.47,13.54,0.04,1,boleto,21,5,12,0,moda_roupa,0.6
O03364,0,3,743.52,81.4,0.2849,1,debit_card,8,6,1,0,fashion_esporte,0.39999999999999997
O03595,0,1,30.19,33.86,1.1216,3,boleto,14,6,1,0,fraldas_higiene,0.4
O02691,0,1,276.79,19.74,0.0713,4,debit_card,15,6,1,0,moveis_cozinha,0.6
O01955,0,2,84.8,67.62,1.3457,2,voucher,25,6,1,0,audio,0.47916666666666663
O01635,0,1,223.59,42.86,0.1917,3,credit_card,19,6,1,0,construcao_ferramentas,0.4
O00507,1,1,221.95,39.54,0.1781,1,credit_card,12,0,1,0,casa_escritorio,0.6
O03564,1,1,248.02,31.1,0.1254,1,voucher,17,0,1,0,carnes,1.0
O04510,1,1,490.14,23.84,0.0486,1,voucher,8,0,1,0,malas_acessorios,0.8
O01601,1,2,878.04,58.7,0.0673,9,debit_card,8,0,1,0,casa_iluminacao,0.421957671957672
O01147,0,1,338.25,5.95,0.0176,3,debit_card,22,0,1,0,casa_banheiro,1.0
O00059,0,4,983.31,66.77,0.0795,7,debit_card,24,0,1,0,carnes,0.6485817941952506
O01056,0,3,630.58,123.18,0.3551,1,boleto,24,1,1,0,bebes,0.45057941376959776
O03848,1,4,1190.17,105.69,0.0964,1,credit_card,12,1,1,0,casa_construcao,0.6369047619047619
O01335,0,3,688.12,74.48,0.1766,1,credit_card,15,1,1,0,artes,0.461527293844367
O00787,0,1,75.63,10.77,0.1424,10,credit_card,24,1,1,0,sinalizacao_seguranca,1.0
O03803,0,1,434.49,18.7,0.043,2,boleto,10,1,1,0,dvds_blu_ray,0.6
O03151,0,1,105.81,20.55,0.1942,4,credit_card,18,1,1,0,utilidades_domesticas,0.6666666666666666
O03433,1,1,274.74,21.8,0.0793,2,boleto,14,2,1,0,consoles_games,1.0
O00870,1,1,394.87,46.29,0.1172,1,debit_card,10,2,1,0,artes,0.5073593073593073
O00121,1,5,1115.28,166.09,0.278,5,debit_card,16,2,1,0,automotivo,0.5554951392321634
O04751,0,1,462.12,10.92,0.0236,1,debit_card,6,2,1,0,la_cuisine,0.25
O03407,0,1,152.11,35.75,0.235,3,debit_card,13,2,1,0,instrumentos_musicais,0.0
O01229,1,1,164.22,13.27,0.0808,3,boleto,8,2,1,0,casa_utilidades,0.5
O03697,0,1,300.78,28.06,0.0933,1,debit_card,15,3,1,0,artes,0.5094501718213058
O02146,1,1,487.38,38.06,0.0781,7,credit_card,16,4,1,0,construcao_ferramentas,0.2
O04700,0,1,44.95,43.29,0.9631,4,debit_card,25,4,1,0,perfumaria,0.5
O04670,0,3,1067.42,66.48,0.0594,1,credit_card,8,4,1,0,carnes,0.5111111111111112
O00593,1,1,20.46,9.5,0.4643,5,boleto,14,4,1,0,papelaria,0.3333333333333333
O01072,1,1,160.04,21.48,0.1342,5,boleto,18,4,1,0,fashion_calcados,0.5
O04608,0,2,641.48,61.51,0.0949,3,debit_card,22,5,1,0,casa_outros,0.325
O00421,0,1,161.08,22.29,0.1384,7,voucher,25,5,1,0,seguros_servicos,0.5076660988074957
O03832,1,1,159.37,36.04,0.2261,4,credit_card,12,5,1,0,automotivo,0.25
O01756,1,1,464.59,25.52,0.0549,2,boleto,15,5,1,0,ferramentas_jardim,0.5076530612244898
O04555,0,2,662.24,69.62,0.1439,12,credit_card,7,5,1,0,casa_conforto,0.4583333333333333
O00071,1,1,495.99,13.39,0.027,7,boleto,12,5,1,0,relogios_presentes,0.75
O04048,0,3,816.35,47.63,0.0856,5,voucher,24,5,1,0,casa_cozinha,0.724764595103578
O01429,1,1,470.27,11.89,0.0253,4,credit_card,5,5,1,0,portateis_casa_forno_cafe,0.75
O03043,0,2,367.9,42.02,0.1641,4,boleto,25,5,1,0,cds_dvds_musicais,0.1
O03668,1,2,560.26,76.6,0.1364,1,debit_card,23,6,1,0,casa_iluminacao,0.25295109612141653
O04463,0,1,346.95,25.89,0.0746,6,voucher,23,6,1,0,casa_jardim,0.0
O00732,0,1,348.89,23.53,0.0674,4,boleto,18,6,1,0,casa_conforto_2,0.0
O00322,0,1,219.72,20.28,0.0923,2,credit_card,20,6,1,0,audio,0.6
O03651,0,1,71.46,11.84,0.1657,3,voucher,25,0,1,0,moveis_jardim,0.6666666666666666
O00263,0,2,480.46,73.53,0.1697,4,boleto,23,0,1,0,carnes,0.3333333333333333
O03638,0,1,192.96,6.94,0.036,1,voucher,16,0,1,0,seguros_servicos,0.5041876046901173
O01524,0,2,882.39,69.74,0.0786,8,boleto,19,1,1,0,automotivo,0.5518828451882845
O00210,1,2,797.67,33.73,0.0438,1,debit_card,17,1,1,0,casa_garagem,0.4583333333333333
O03396,1,1,380.41,38.13,0.1002,1,credit_card,10,1,1,0,eletroportateis,0.6666666666666666
O01845,1,2,540.01,13.52,0.0296,12,boleto,17,1,1,0,automotivo,0.2520833333333333
O01984,0,1,247.24,45.85,0.1854,3,credit_card,22,1,1,0,casa_outros,0.5049916805324459
O04915,0,1,163.93,15.35,0.0936,1,voucher,11,1,1,0,brinquedos,0.6666666666666666
O01648,1,1,399.59,43.11,0.1079,1,debit_card,17,1,1,0,moveis_presentes,0.5
O02182,1,1,247.42,21.41,0.0865,3,debit_card,21,2,1,0,casa_construcao,0.5714285714285714
O04530,1,2,754.15,46.12,0.0689,4,credit_card,6,2,1,0,flores,0.4524875621890547
O01233,0,2,456.44,54.84,0.6789,1,debit_card,23,2,1,0,instrumentos_musicais,0.6527777777777778
O03394,0,1,473.77,47.42,0.1001,8,credit_card,25,2,1,0,construcao_ferramentas,0.25
O01508,1,1,265.27,33.29,0.1255,3,debit_card,5,2,1,0,casa_outros,0.625
O04315,0,1,98.14,22.3,0.2272,9,debit_card,22,2,1,0,fashion_underwear,0.504950495049505
O03052,0,3,907.85,68.86,0.1207,5,boleto,8,4,1,0,casa_conforto,0.5904002931208208
O01125,1,2,388.48,74.8,0.2907,5,boleto,10,4,1,0,casa_sala,0.5032894736842105
O02867,1,1,413.03,17.36,0.042,3,boleto,21,4,1,0,casa_jardim,0.0
O02555,1,1,440.29,19.42,0.0441,6,boleto,11,4,1,0,moda_roupa,0.25
O04567,1,1,432.25,36.69,0.0849,4,boleto,5,4,1,0,casa_outros,0.5
O01728,0,1,78.53,26.45,0.3368,4,voucher,22,4,1,0,casa_escritorio,0.6666666666666666
O03376,1,4,962.76,106.58,0.152,12,voucher,16,4,1,0,beleza_saude,0.43456082924168027
O04457,0,3,1216.08,94.32,0.0735,3,voucher,12,5,1,0,casa_iluminacao,0.25217509516041325
O01701,1,2,755.36,81.64,0.1202,2,boleto,16,5,1,0,cool_stuff,0.5526444263628967
O02470,0,2,308.75,67.47,0.2324,1,debit_card,17,5,1,0,casa_utilidades,0.5625
O03131,1,1,266.36,43.4,0.1629,10,credit_card,10,5,1,0,eletroportateis,0.3333333333333333
O01448,1,1,36.86,18.7,0.5073,1,credit_card,10,5,1,0,fashion_esporte,0.0
O01419,0,2,632.24,76.39,0.1276,7,debit_card,19,5,1,0,beleza_saude,0.875
O03637,0,1,471.4,42.09,0.0893,10,credit_card,11,5,1,0,casa_utilidades,0.5
O00945,1,2,583.04,42.3,0.0792,2,debit_card,16,5,1,0,artigos_nautica,0.4190899299946149
O03462,1,1,406.42,16.81,0.0414,5,boleto,23,5,1,0,casa_conforto,0.6666666666666666
O02174,1,1,305.36,12.71,0.0416,4,debit_card,17,6,1,0,cds_dvds_musicais,0.25
O04124,1,2,473.68,55.49,0.1173,3,credit_card,22,6,1,0,beleza_saude,0.65
O02729,1,1,464.75,40.44,0.087,1,credit_card,5,6,1,0,casa_quarto,0.75
O03914,1,1,443.2,29.03,0.0655,12,boleto,9,6,1,0,casa_limpeza,0.8333333333333334
O00814,0,2,569.7,53.92,0.0919,3,boleto,24,0,1,0,cool_stuff,0.5080256821829856
O04213,1,1,181.57,27.56,0.1518,2,boleto,19,0,1,0,portateis_cozinha,0.5
O03055,0,1,406.52,39.55,0.0973,5,debit_card,22,0,1,0,sinalizacao_seguranca,0.42857142857142855
O04506,1,1,461.1,32.49,0.0705,2,credit_card,8,0,1,0,cool_stuff,0.6666666666666666
O04804,0,2,431.96,78.53,0.2284,1,credit_card,14,0,1,0,casa_outros,0.42046362909672264
O00901,1,2,954.25,48.18,0.0505,4,voucher,20,0,1,0,cool_stuff,0.3333333333333333
O03289,1,1,218.83,33.56,0.1534,3,voucher,10,0,1,0,dvds_blu_ray,0.5075697211155379
O02766,1,1,468.38,23.42,0.05,3,credit_card,5,0,1,0,carnes,0.75
O04076,1,4,1220.81,95.58,0.5145,3,boleto,14,1,1,0,dvds_blu_ray,0.5416666666666666
O04628,1,1,360.52,41.86,0.1161,1,voucher,15,1,1,0,utilidades_domesticas,0.5099127676447264
O00709,1,1,135.08,36.95,0.2735,8,debit_card,23,1,1,0,beleza_saude,0.6666666666666666
O01488,1,1,53.31,18.12,0.3399,1,boleto,8,1,1,0,relogios_presentes,0.3333333333333333
O04018,0,1,60.03,27.28,0.4544,1,boleto,25,1,1,0,casa_garagem,0.3333333333333333
O02269,0,1,443.44,34.93,0.0788,1,voucher,25,1,1,0,portateis_casa_forno_cafe,0.5
O02307,1,2,590.1,63.91,0.174,4,credit_card,5,2,1,0,casa_garagem,0.4642857142857143
O01495,1,1,16.25,12.81,0.7883,4,voucher,17,2,1,0,moveis_colchao_estofado,0.2
O02752,0,1,272.67,24.27,0.089,4,boleto,15,3,1,0,construcao_ferramentas,0.3333333333333333
O02868,0,1,93.6,45.98,0.4912,6,credit_card,14,3,1,0,casa_banheiro,0.511023622047244
O04546,1,5,1207.39,151.36,0.5187,2,boleto,8,3,1,0,beleza_saude,0.16879097823236297
O00656,1,1,334.0,6.15,0.0184,1,credit_card,17,3,1,0,casa_limpeza,0.512539184952978
O00378,0,1,452.98,36.39,0.0803,2,boleto,15,3,1,0,papelaria,0.42857142857142855
O02741,1,1,320.39,42.08,0.1313,4,debit_card,22,3,1,0,malas_acessorios,0.8
O04682,0,2,334.68,83.9,0.9231,1,voucher,23,3,1,0,casa_limpeza,0.45
O03129,1,1,152.21,22.38,0.147,6,boleto,14,3,1,0,carnes,0.5
O01798,0,1,327.89,43.37,0.1323,2,boleto,22,4,1,0,eletronicos,0.3333333333333333
O02289,1,4,266.83,76.38,0.5206,2,debit_card,17,4,1,0,alimentos_bebidas,0.3904761904761905
O00703,0,1,381.49,33.07,0.0867,5,voucher,23,4,1,0,flores,0.5714285714285714
O01216,1,1,497.14,46.12,0.0928,1,boleto,9,4,1,0,papelaria,0.5131987577639752
O02566,0,1,48.32,18.86,0.3903,3,debit_card,15,4,1,0,consoles_games,0.5
O01567,0,2,612.72,67.97,0.1108,6,debit_card,21,5,1,0,casa_utilidades,0.3565891472868217
O04953,1,3,1349.82,92.64,0.0681,1,voucher,6,5,1,0,flores,0.5333333333333333
O03630,1,1,157.68,39.58,0.251,3,debit_card,6,5,1,0,beleza_saude,0.625
O01343,1,2,583.89,35.47,0.0901,3,credit_card,25,6,1,0,malas_acessorios,0.425
O02969,0,1,191.1,44.02,0.2304,5,credit_card,20,6,1,0,casa_limpeza,0.2857142857142857
O04473,0,1,119.18,47.95,0.4023,1,voucher,20,6,1,0,flores,0.3333333333333333
O01015,1,1,55.28,45.11,0.816,4,credit_card,10,6,1,0,moveis_sala,0.6666666666666666
O01073,0,1,442.34,5.69,0.0129,1,credit_card,5,6,1,0,fashion_esporte,1.0
O04781,0,1,32.55,17.69,0.5435,1,voucher,9,6,1,0,casa_banheiro,0.4
O02308,1,1,444.56,18.21,0.041,10,voucher,25,6,1,0,seguros_servicos,0.16666666666666666
O04106,0,1,23.67,19.63,0.8293,3,debit_card,13,6,1,0,seguros_servicos,0.6
O04057,1,1,70.94,35.69,0.5031,1,debit_card,8,6,1,0,fashion_roupa_masculina,0.5
O02709,1,1,334.15,10.41,0.0312,1,boleto,25,6,1,0,malas_acessorios,0.5137825421133231
O04969,1,1,143.74,46.18,0.3213,2,boleto,17,0,1,0,eletrodomesticos_2,0.5
O03854,1,1,206.83,9.06,0.0438,2,voucher,15,0,1,0,moveis_quarto,0.4
O02962,1,1,207.69,11.49,0.0553,12,voucher,23,0,1,0,moveis_decoracao,0.5
O03684,0,1,39.67,32.43,0.8175,3,debit_card,25,0,1,0,informatica_acessorios,0.3333333333333333
O00017,0,2,688.23,58.22,0.0834,4,boleto,23,0,1,0,automotivo,0.5142857142857142
O01222,1,1,444.92,22.27,0.0501,7,debit_card,9,1,1,0,audio,0.3333333333333333
O01821,0,2,198.17,71.24,0.4513,1,debit_card,18,1,1,0,malas_acessorios,0.4572298325722983
O03193,1,2,435.18,47.35,1.1119,1,voucher,9,1,1,0,automotivo,0.6666666666666666
O02901,1,1,99.39,37.46,0.3769,1,boleto,12,1,1,0,consoles_games,0.6666666666666666
O03493,1,1,95.95,27.22,0.2837,9,debit_card,6,1,1,0,casa_conforto_2,0.42857142857142855
O00340,0,1,330.57,15.86,0.048,3,credit_card,6,1,1,0,cool_stuff,0.4
O00101,1,1,131.17,22.35,0.1704,10,boleto,15,1,1,0,sinalizacao_seguranca,0.5147615442846328
O02776,0,1,323.03,12.27,0.038,1,debit_card,7,1,1,0,eletronicos,0.0
O03472,0,1,405.34,17.74,0.0438,3,credit_card,16,2,1,0,fashion_underwear,0.3333333333333333
O03460,0,1,340.24,44.51,0.1308,2,credit_card,9,2,1,0,musica_arte,0.6666666666666666
O01805,0,2,884.57,41.21,0.0489,3,debit_card,6,2,1,0,cama_mesa_banho,0.875
O02102,0,1,152.59,48.15,0.3156,1,boleto,14,2,1,0,casa_jardim,0.3333333333333333
O01592,1,1,138.8,40.34,0.2906,1,boleto,5,2,1,0,fashion_bolsas,0.75
O00436,1,1,452.02,34.73,0.0768,5,boleto,20,2,1,0,alimentos_bebidas,0.75
O04878,0,2,625.51,21.62,0.0353,7,voucher,11,3,1,0,casa_outros,0.375
O03469,1,1,471.8,8.0,0.017,4,voucher,8,3,1,0,flores,0.5127627627627628
O02983,0,3,718.11,77.64,0.1525,1,debit_card,11,4,1,0,market_place,0.7000000000000001
O02987,1,1,77.81,13.18,0.1694,1,voucher,6,4,1,0,casa_limpeza,0.6666666666666666
O03917,0,1,113.33,17.84,0.1574,10,credit_card,23,4,1,0,market_place,0.5
O02458,1,1,328.92,11.22,0.0341,3,credit_card,13,4,1,0,moveis_decoracao,0.5119581464872944
O04834,0,2,82.31,85.7,1.0872,1,debit_card,25,4,1,0,casa_garagem,0.75
O00987,1,1,94.73,30.87,0.3259,1,debit_card,6,4,1,0,casa_iluminacao,0.3333333333333333
O01824,0,1,412.75,49.63,0.1202,4,debit_card,7,5,1,0,consoles_games,0.5119225037257824
O01810,1,3,870.58,70.64,0.0769,4,boleto,20,5,1,0,casa_quarto,0.3055555555555555
O03734,0,1,187.01,5.5,0.0294,2,credit_card,15,5,1,0,portateis_casa_forno_cafe,0.2
O03763,0,2,468.62,66.09,0.1358,1,voucher,23,5,1,0,casa_construcao,0.41666666666666663
O03998,1,1,277.09,24.33,0.0878,6,debit_card,9,5,1,0,fashion_calcados,0.0
O01080,1,1,59.15,44.79,0.7572,10,debit_card,14,5,1,0,casa_lavanderia,0.5118518518518519
O02316,1,1,465.37,7.42,0.0159,1,credit_card,7,5,1,0,moveis_cozinha,0.2857142857142857
O03050,1,1,198.27,43.87,0.2213,6,boleto,8,5,1,0,papelaria,0.75
O03262,1,1,109.46,31.07,0.2838,3,credit_card,9,5,1,0,moda_roupa,0.5
O00606,1,1,330.8,47.67,0.1441,1,debit_card,21,5,1,0,seguros_servicos,0.4
O02074,1,2,448.89,83.77,0.1881,1,debit_card,11,5,1,0,casa_garagem,0.4568265682656827
O00670,1,2,474.14,57.61,0.1171,3,debit_card,15,6,1,0,perfumaria,0.7857142857142857
O03447,1,1,238.58,5.59,0.0234,10,voucher,8,6,1,0,casa_cozinha,0.515084621044886
O02315,1,1,127.02,24.06,0.1894,1,boleto,7,6,1,0,construcao_ferramentas,0.3333333333333333
O02053,0,1,344.25,36.36,0.1056,1,debit_card,12,6,1,0,casa_outros,1.0
O01522,1,2,498.47,68.92,0.132,2,debit_card,8,0,1,0,artigos_nautica,0.475
O03806,0,1,61.59,30.46,0.4946,1,voucher,22,0,1,0,fashion_roupa_feminina,0.5161290322580645
O01684,1,4,979.54,67.7,0.154,3,boleto,5,0,1,0,brinquedos,0.4657738095238095
O02499,0,2,574.51,51.1,0.1337,1,voucher,19,0,1,0,casa_utilidades,0.8333333333333333
O03403,0,1,34.6,32.42,0.937,4,debit_card,23,1,1,0,eletroportateis,0.6
O03645,0,1,448.0,47.24,0.1054,3,boleto,24,1,1,0,portateis_casa_forno_cafe,0.8
O02419,0,1,369.49,46.49,0.1258,5,voucher,23,1,1,0,livros_interesse,0.75
O03420,1,1,158.82,6.14,0.0387,4,credit_card,10,2,2,0,casa_garagem,1.0
O00638,1,1,484.05,11.85,0.0245,3,credit_card,12,2,2,0,eletroportateis,0.5
O01180,1,2,895.58,57.25,0.0655,5,debit_card,14,2,2,0,carnes,0.45799418604651165
O00506,0,1,145.39,42.63,0.2932,4,boleto,22,2,2,0,casa_conforto,0.3333333333333333
O02826,0,3,1104.77,40.13,0.0365,1,credit_card,19,2,2,0,casa_outros,0.16666666666666666
O04526,1,3,716.22,92.75,0.2028,5,credit_card,19,2,2,0,casa_garagem,0.47222222222222215
O02090,1,2,630.17,60.18,0.1439,4,credit_card,12,3,2,0,fashion_underwear,0.75
O02261,0,2,373.62,66.09,0.178,9,debit_card,20,3,2,0,bebes,0.675
O00002,1,2,868.68,60.41,0.0702,1,debit_card,6,3,2,0,cool_stuff,0.3830993520518359
O01904,1,1,69.86,8.57,0.1227,1,credit_card,22,3,2,0,esporte_lazer,0.2222222222222222
O03641,1,1,276.09,24.86,0.09,2,voucher,18,4,2,0,fashion_esporte,0.5172413793103449
O03823,1,1,451.01,39.04,0.0866,1,credit_card,9,4,2,0,ferramentas_jardim,0.3333333333333333
O04191,0,1,385.15,9.11,0.0237,1,debit_card,20,4,2,0,artigos_nautica,0.5
O03507,0,2,924.81,85.1,0.092,7,boleto,13,4,2,0,casa_quarto,0.6666666666666666
O01631,1,3,769.38,97.35,0.1288,3,debit_card,21,4,2,0,artes,0.5277777777777778
O03732,0,3,766.33,93.61,0.138,2,credit_card,20,4,2,0,automotivo,0.5777777777777777
O01144,0,1,403.38,20.44,0.0507,7,credit_card,15,4,2,0,moveis_quarto,0.6
O02767,0,1,374.47,38.59,0.1031,10,credit_card,24,4,2,0,livros_interesse,0.5167498218104063
O03801,0,1,429.34,47.77,0.1113,2,credit_card,18,4,2,0,casa_garagem,0.0
O03039,0,1,474.0,14.54,0.0307,1,debit_card,22,4,2,0,bebes,0.8
O02095,1,1,361.91,40.55,0.112,5,debit_card,7,5,2,0,moveis_presentes,1.0
O02373,1,1,120.8,21.78,0.1803,4,debit_card,21,5,2,0,casa_garagem,0.42857142857142855
O01691,1,1,386.42,46.92,0.1214,2,boleto,13,5,2,0,la_cuisine,0.8
O00027,1,2,580.85,54.33,0.0846,4,credit_card,7,5,2,0,artes,0.34167258102673287
O02807,0,2,724.82,71.21,0.1004,1,boleto,22,5,2,0,fashion_roupa_feminina,0.508681785967399
O00440,1,1,137.93,49.17,0.3565,7,debit_card,7,6,2,0,moveis_decoracao,0.6
O04109,1,1,171.28,30.93,0.1806,1,debit_card,15,6,2,0,informatica_acessorios,0.5
O01043,1,2,529.28,33.55,0.1466,2,boleto,13,6,2,0,eletroportateis,0.75
O00771,0,1,292.54,19.05,0.0651,8,debit_card,10,6,2,0,moveis_decoracao,0.75
O02172,0,3,650.69,89.67,0.277,4,voucher,16,6,2,0,casa_garagem,0.4900038059417467
O02013,1,1,321.77,7.1,0.0221,3,boleto,20,6,2,0,beleza_saude,0.16666666666666666
O04114,0,1,496.87,42.33,0.0852,7,debit_card,25,6,2,0,musica_arte,0.2857142857142857
O02147,1,1,396.72,7.66,0.0193,4,boleto,24,6,2,0,seguros_servicos,0.5
O04141,1,1,11.33,30.27,2.6717,1,credit_card,12,6,2,0,portateis_cozinha,0.8571428571428571
O03088,0,1,205.19,39.05,0.1903,1,credit_card,16,0,2,0,casa_escritorio,0.5171929824561403
O03598,1,1,340.52,25.35,0.0744,9,credit_card,11,0,2,0,artes,0.5168302945301543
O04058,1,5,1111.69,106.36,0.2059,3,boleto,9,0,2,0,casa_garagem,0.490100443821537
O01269,1,1,274.2,46.31,0.1689,1,voucher,19,0,2,0,telefonia,0.5188547486033519
O04713,1,1,411.4,29.94,0.0728,2,credit_card,22,0,2,0,casa_garagem,0.6666666666666666
O01453,1,2,152.75,21.3,0.1492,8,debit_card,10,0,2,0,casa_escritorio,0.4264295676429568
O00346,0,1,30.47,46.79,1.5356,1,debit_card,25,0,2,0,moveis_sala,0.5201949860724234
O02230,1,1,250.79,16.63,0.0663,6,voucher,13,1,2,0,eletroportateis,0.6
O02747,0,2,430.81,76.28,0.1994,5,boleto,22,1,2,0,cds_dvds_musicais,0.5
O03079,1,1,76.45,23.14,0.3027,4,boleto,18,1,2,0,casa_utilidades,0.5
O00626,0,1,434.85,39.39,0.0906,4,credit_card,19,1,2,0,moda_roupa,0.5197779319916724
O04318,0,1,492.16,8.16,0.0166,2,boleto,19,1,2,0,market_place,0.2
O03647,0,2,746.33,80.01,0.1145,4,credit_card,17,1,2,0,audio,0.38452875952875953
O03216,0,1,60.21,10.89,0.1809,1,debit_card,20,2,2,0,cama_mesa_banho,0.5
O01401,1,5,1229.5,112.64,0.1487,4,boleto,7,2,2,0,casa_conforto,0.41666666666666663
O03924,1,1,209.12,23.68,0.1132,4,debit_card,16,2,2,0,casa_limpeza,0.375
O04630,1,5,1026.0,119.48,0.1377,4,credit_card,17,2,2,0,alimentos_bebidas,0.47000000000000003
O03010,0,1,200.55,13.29,0.0663,5,boleto,25,2,2,0,relogios_presentes,0.8
O02451,1,1,40.83,44.35,1.0862,1,credit_card,19,2,2,0,eletrodomesticos,0.2857142857142857
O00024,1,2,397.86,65.84,0.2243,1,credit_card,8,2,2,0,casa_banheiro,0.46079506511309115
O04025,0,2,212.5,53.26,0.6413,1,debit_card,9,2,2,0,casa_quarto,0.7611225188227242
O04831,1,2,892.41,61.92,0.0674,1,boleto,16,2,2,0,eletroportateis,0.5416666666666666
O04064,1,3,1160.96,84.13,0.0706,9,credit_card,7,2,2,0,casa_banheiro,0.674061433447099
O01494,1,4,875.72,125.47,0.277,7,boleto,10,2,2,0,brinquedos,0.5294375243285325
O03042,0,1,189.77,49.46,0.2606,8,credit_card,23,3,2,0,casa_jardim,0.7142857142857143
O01657,1,1,134.55,5.76,0.0428,9,boleto,17,3,2,0,perfumaria,0.25
O00367,1,5,910.11,170.34,0.333,1,debit_card,9,3,2,0,automotivo,0.5066666666666666
O04277,0,1,29.94,32.91,1.0992,7,credit_card,18,3,2,0,casa_escritorio,0.8333333333333334
O02121,0,1,436.34,37.58,0.0861,1,debit_card,23,4,2,0,fashion_bolsas,1.0
O00204,0,5,1580.69,130.24,0.0968,4,credit_card,24,4,2,0,artigos_nautica,0.6342857142857142
O01918,1,1,315.08,41.02,0.1302,3,credit_card,15,4,2,0,artes,0.2
O00394,0,2,537.79,67.88,0.1245,1,voucher,10,4,2,0,carnes,0.225
O03034,0,1,449.64,12.32,0.0274,3,boleto,23,4,2,0,relogios_presentes,0.5714285714285714
O01373,1,1,38.72,10.33,0.2668,7,debit_card,9,4,2,0,malas_acessorios,0.5228187919463088
O00329,1,1,474.98,41.09,0.0865,1,voucher,9,5,2,0,eletronicos,0.3333333333333333
O00594,0,1,348.38,30.58,0.0878,4,boleto,14,5,2,0,construcao_ferramentas,0.3333333333333333
O04706,1,1,205.94,12.85,0.0624,1,voucher,17,5,2,0,eletroportateis,0.5714285714285714
O02240,1,2,780.02,38.97,0.0469,4,voucher,13,6,2,0,cool_stuff,0.525
O04224,0,3,683.47,99.86,0.1671,2,debit_card,23,6,2,0,fashion_underwear,0.7103174603174603
O02124,1,1,338.33,21.06,0.0622,3,boleto,12,6,2,0,malas_acessorios,0.5
O00271,0,1,214.95,36.9,0.1717,1,credit_card,8,6,2,0,eletronicos,0.8
O00239,0,1,262.68,40.16,0.1529,1,voucher,21,0,2,0,relogios_presentes,0.6
O03138,0,1,141.74,5.16,0.0364,1,debit_card,11,0,2,0,brinquedos,0.6666666666666666
O02526,1,1,149.96,30.73,0.2049,1,credit_card,25,0,2,0,casa_limpeza,0.52228875582169
O01517,0,3,630.84,106.08,0.2063,6,credit_card,19,0,2,0,casa_jardim,0.5789640324214792
O03239,1,2,266.36,98.16,0.4762,4,credit_card,19,0,2,0,fashion_roupa_masculina,0.5941163459411634
O04075,1,2,944.02,50.8,0.0542,4,voucher,24,0,2,0,beleza_saude,0.5833333333333333
O04091,1,1,268.12,22.29,0.0831,1,debit_card,6,0,2,0,market_place,0.5228325612177366
O01151,1,1,86.29,25.8,0.299,5,credit_card,16,0,2,0,casa_limpeza,0.6666666666666666
O01152,1,1,222.98,21.08,0.0945,3,debit_card,12,1,2,0,casa_quarto,0.5234633179114342
O02378,0,2,224.08,21.47,0.0968,5,voucher,23,1,2,0,cool_stuff,0.47619047619047616
O01166,0,1,248.18,8.34,0.0336,3,debit_card,9,1,2,0,casa_iluminacao,0.75
O01510,1,1,383.0,20.18,0.0527,1,voucher,10,1,2,0,alimentos_bebidas,0.7142857142857143
O00080,0,1,361.15,6.69,0.0185,8,debit_card,19,1,2,0,automotivo,0.75
O00150,1,1,116.69,26.62,0.2281,1,boleto,9,1,2,0,automotivo,0.6666666666666666
O00995,0,1,339.93,31.13,0.0916,7,boleto,18,1,2,0,papelaria,0.25
O03374,0,2,94.52,39.9,0.5197,1,credit_card,19,2,2,0,casa_outros,0.6071428571428572
O04707,1,2,417.07,63.67,0.4463,9,boleto,22,2,2,0,casa_iluminacao,0.4602272727272727
O00260,1,5,1006.85,147.84,0.5736,2,voucher,16,2,2,0,casa_escritorio,0.40016029143897996
O02001,0,2,377.47,67.56,0.1824,1,boleto,12,2,2,0,fashion_roupa_masculina,0.662091503267974
O03121,0,3,1319.54,108.65,0.084,6,boleto,19,2,2,0,casa_escritorio,0.48412698412698413
O00984,1,2,416.69,90.14,0.288,2,credit_card,8,2,2,0,casa_limpeza,0.5476190476190476
O04488,1,1,486.5,28.92,0.0594,2,credit_card,5,2,2,0,papelaria,0.5
O03251,1,1,76.37,39.76,0.5206,1,voucher,18,3,2,0,artigos_nautica,1.0
O04573,0,1,283.63,16.65,0.0587,2,debit_card,11,3,2,0,ferramentas_jardim,0.75
O00525,1,1,74.53,45.78,0.6142,6,debit_card,14,3,2,0,cool_stuff,0.4
O03948,1,1,176.67,48.26,0.2732,1,voucher,10,3,2,0,cool_stuff,0.6
O01284,0,1,384.35,19.94,0.0519,5,credit_card,17,4,2,0,portateis_casa_forno_cafe,0.3333333333333333
O03028,0,1,159.46,5.78,0.0362,1,debit_card,23,4,2,0,moveis_colchao_estofado,0.4
O00321,0,1,151.17,47.19,0.3122,2,voucher,25,4,2,0,cama_mesa_banho,0.25
O04238,1,1,309.79,9.12,0.0294,1,debit_card,13,4,2,0,moveis_decoracao,0.6
O00217,1,2,660.35,50.28,0.0827,7,credit_card,14,4,2,0,casa_lavanderia,0.6333333333333333
O00731,1,1,124.81,33.57,0.269,1,credit_card,17,4,2,0,eletroportateis,0.6666666666666666
O00099,1,2,834.47,47.21,0.0583,9,credit_card,14,4,2,0,alimentos_bebidas,0.4621045836023241
O00583,0,1,165.8,30.89,0.1863,4,boleto,14,4,2,0,carnes,0.5
O02028,0,2,594.98,52.61,0.0805,8,debit_card,9,4,2,0,construcao_ferramentas,0.6666666666666666
O02513,0,1,188.77,13.83,0.0733,3,debit_card,14,5,2,0,casa_garagem,0.5
O01478,1,1,386.58,45.68,0.1182,2,boleto,10,5,2,0,moveis_escritorio,0.75
O02295,0,1,285.24,33.75,0.1183,7,debit_card,24,5,2,0,fraldas_higiene,0.5714285714285714
O00276,1,1,64.13,47.78,0.745,5,boleto,8,5,2,0,fashion_roupa_feminina,0.5
O01815,0,1,353.41,11.92,0.0337,3,voucher,23,5,2,0,livros_interesse,0.42857142857142855
O03211,0,1,217.16,34.21,0.1575,4,debit_card,25,5,2,0,seguros_servicos,0.0
O02060,0,1,447.98,42.09,0.094,1,boleto,22,5,2,0,carnes,1.0
O03359,0,1,286.19,6.91,0.0241,8,boleto,25,5,2,0,casa_quarto,0.8571428571428571
O02576,0,1,354.14,9.34,0.0264,1,debit_card,15,5,2,0,casa_escritorio,0.0
O04699,0,1,498.53,24.5,0.0491,9,boleto,25,6,2,0,casa_garagem,0.5454545454545454
O03120,0,5,1033.6,168.99,0.2908,5,voucher,17,6,2,0,casa_garagem,0.5376811594202898
O04169,1,1,427.96,8.33,0.0195,5,boleto,21,6,2,0,moveis_sala,0.6666666666666666
O04373,1,1,87.67,13.98,0.1595,1,debit_card,21,0,2,0,brinquedos,0.5
O01638,1,3,595.74,87.79,0.3297,1,debit_card,13,0,2,0,casa_conforto,0.6916666666666668
O02389,1,1,152.53,33.06,0.2167,2,voucher,9,0,2,0,casa_utilidades,0.625
O00609,1,1,395.8,29.46,0.0744,7,boleto,9,0,2,0,construcao_ferramentas,0.6
O02610,1,1,304.52,28.0,0.0919,5,credit_card,5,1,2,0,casa_conforto,0.6
O02072,1,5,1236.8,87.66,0.0716,5,boleto,19,1,2,0,carnes,0.5479365079365079
O02388,0,2,501.45,77.97,0.3061,1,boleto,22,1,2,0,beleza_saude,0.35
O02735,0,1,459.23,22.36,0.0487,2,credit_card,17,2,2,0,portateis_cozinha,0.5233585858585859
O04007,1,1,67.72,30.12,0.4448,5,boleto,14,2,2,0,fraldas_higiene,0.2
O02623,1,1,302.93,42.71,0.141,1,boleto,8,2,2,0,audio,0.16666666666666666
O00554,1,1,63.18,30.54,0.4834,6,voucher,7,2,2,0,livros_interesse,0.3333333333333333
O01877,0,1,477.53,22.14,0.0464,2,voucher,25,2,2,0,casa_banheiro,0.5239294710327456
O03745,1,2,388.9,77.08,0.1957,1,debit_card,19,2,2,0,eletrodomesticos_2,0.675
O02246,1,1,256.25,34.58,0.1349,7,boleto,25,3,2,0,cds_dvds_musicais,0.8571428571428571
O01672,1,1,398.64,31.34,0.0786,1,credit_card,5,3,2,0,pc_gamer,0.375
O00105,1,3,659.88,90.49,0.2577,3,boleto,25,3,2,0,moveis_escritorio,0.5666666666666668
O03828,1,2,486.19,42.81,0.0856,6,boleto,5,3,2,0,cool_stuff,0.4818181818181818
O01411,1,1,449.64,41.71,0.0928,3,voucher,6,3,2,0,carnes,0.3333333333333333
O01610,1,2,529.8,56.97,0.2911,2,credit_card,6,4,2,0,casa_iluminacao,0.6666666666666666
O04531,1,1,353.07,40.7,0.1153,3,debit_card,13,4,2,0,moveis_presentes,0.6666666666666666
O00794,1,1,267.85,15.86,0.0592,1,debit_card,8,4,2,0,seguros_servicos,0.25
O03035,0,2,574.36,64.16,0.1124,1,voucher,23,4,2,0,alimentos_bebidas,0.4067373674360574
O03457,1,1,231.74,9.71,0.0419,5,boleto,6,4,2,0,livros_interesse,0.6666666666666666
O02195,1,1,287.68,45.84,0.1593,3,credit_card,20,5,2,0,alimentos_bebidas,0.5
O04437,1,2,882.27,24.83,0.0292,1,debit_card,14,6,2,0,casa_banheiro,0.43051234183779297
O01941,1,1,383.54,27.71,0.0722,2,boleto,17,0,2,0,papelaria,0.5555555555555556
O03101,0,1,327.45,6.46,0.0197,3,boleto,24,0,2,0,eletrodomesticos_2,0.4
O02155,0,1,124.83,47.72,0.3823,1,debit_card,24,0,2,0,moveis_jardim,0.4
O03243,1,2,867.17,40.99,0.0492,4,credit_card,14,1,2,0,cool_stuff,0.7639578163771712
O00425,0,1,486.92,43.99,0.0903,3,boleto,21,1,2,0,casa_banheiro,1.0
O02231,0,3,608.44,26.95,0.0489,1,boleto,23,1,2,0,consoles_games,0.29444444444444445
O03191,1,1,146.26,28.22,0.1929,1,voucher,6,1,2,0,portateis_casa_forno_cafe,0.625
O04219,1,1,50.92,13.86,0.2722,1,credit_card,21,1,2,0,casa_limpeza,1.0
O04135,1,1,241.6,16.49,0.0683,1,debit_card,12,1,2,0,casa_garagem,0.8
O03884,1,1,121.49,25.36,0.2087,2,boleto,21,1,2,0,casa_conforto_2,0.5
O00278,1,1,191.59,34.38,0.1794,3,debit_card,12,1,2,0,fraldas_higiene,0.625
O01465,0,1,252.71,45.25,0.1791,1,credit_card,23,1,2,0,dvds_blu_ray,0.2
O01789,1,1,445.79,11.06,0.0248,3,boleto,12,2,3,0,casa_limpeza,0.75
O01332,0,1,487.59,27.73,0.0569,3,debit_card,7,2,3,0,carnes,0.375
O00913,1,1,318.55,48.61,0.1526,1,voucher,16,2,3,0,flores,0.6666666666666666
O00975,0,1,406.77,18.99,0.0467,9,credit_card,25,3,3,0,casa_limpeza,0.5714285714285714
O04904,1,1,113.13,48.22,0.4262,4,debit_card,6,3,3,0,fashion_roupa_feminina,0.25
O03857,0,1,174.78,9.99,0.0572,4,boleto,23,3,3,0,portateis_cozinha,0.8
O04785,0,1,471.58,6.08,0.0129,1,credit_card,24,3,3,0,moveis_escritorio,0.5555555555555556
O01086,1,3,282.05,75.01,0.2794,9,boleto,9,3,3,0,casa_lavanderia,0.5925925925925927
O00603,1,1,474.53,36.41,0.0767,12,credit_card,21,4,3,0,casa_conforto,0.5714285714285714
O02731,1,1,340.3,32.66,0.096,4,voucher,12,4,3,0,beleza_saude,1.0
O01697,0,1,404.42,40.55,0.1003,3,credit_card,25,4,3,0,casa_construcao,0.4
O02132,0,1,373.02,21.87,0.0586,5,boleto,25,4,3,0,cama_mesa_banho,0.5714285714285714
O04803,1,1,398.15,14.19,0.0356,4,boleto,12,4,3,0,cool_stuff,0.42857142857142855
O00015,0,4,1358.06,89.1,0.0978,1,credit_card,25,4,3,0,alimentos_bebidas,0.4166666666666667
O02891,0,1,210.86,13.82,0.0655,2,voucher,12,4,3,0,casa_outros,0.0
O02916,1,1,48.97,36.52,0.7458,1,debit_card,16,5,3,0,casa_cozinha,0.5
O04742,1,2,534.65,58.07,0.1012,5,debit_card,5,5,3,0,artes,0.425
O03132,1,1,440.29,11.37,0.0258,3,boleto,10,6,3,0,cool_stuff,0.5
O02385,0,2,530.83,73.14,0.146,6,voucher,22,6,3,0,brinquedos,0.4642857142857143
O00729,1,1,136.11,36.57,0.2687,3,voucher,7,6,3,0,casa_conforto,0.5278787878787878
O00503,0,1,193.38,13.13,0.0679,2,voucher,19,6,3,0,portateis_casa_forno_cafe,0.2857142857142857
O00681,1,1,427.09,40.77,0.0955,4,boleto,18,6,3,0,casa_construcao,0.25
O04877,0,1,223.35,25.2,0.1128,7,debit_card,17,0,3,0,audio,0.6
O00067,0,2,502.56,76.47,0.2486,1,credit_card,23,0,3,0,livros_interesse,0.625
O01162,1,1,383.53,26.93,0.0702,4,credit_card,6,0,3,0,cama_mesa_banho,0.42857142857142855
O01410,1,1,381.47,32.44,0.085,3,voucher,23,0,3,0,casa_limpeza,0.3333333333333333
O00889,1,1,254.94,8.05,0.0316,1,credit_card,11,0,3,0,casa_jardim,0.4
O01327,1,1,44.85,38.02,0.8477,1,voucher,13,0,3,0,fashion_underwear,0.42857142857142855
O00357,1,2,380.95,22.01,0.0614,8,credit_card,16,0,3,0,cool_stuff,0.40701376936316697
O00845,1,3,784.25,105.47,0.1976,3,credit_card,11,0,3,0,dvds_blu_ray,0.4583333333333333
O03480,1,2,593.4,34.67,0.0688,5,boleto,21,1,3,0,fashion_calcados,0.3392857142857143
O02730,1,2,327.91,10.26,0.0325,1,debit_card,6,1,3,0,beleza_saude,0.675
O01902,1,1,287.74,10.42,0.0362,1,voucher,11,1,3,0,instrumentos_musicais,0.6666666666666666
O04729,1,2,482.94,78.61,0.7392,1,debit_card,22,1,3,0,cds_dvds_musicais,0.5722222222222222
O01944,1,2,660.39,45.56,0.058,1,voucher,5,2,3,0,casa_jardim,0.45238095238095233
O01675,0,1,83.03,33.31,0.4012,12,boleto,10,2,3,0,casa_conforto_2,0.75
O02206,0,1,487.18,18.35,0.0377,4,credit_card,23,2,3,0,casa_jardim,0.5
O02398,1,1,486.34,19.86,0.0408,4,voucher,17,2,3,0,fashion_underwear,0.5
O04055,1,1,373.79,27.18,0.0727,3,voucher,12,3,3,0,casa_banheiro,0.2
O00831,0,2,474.52,70.74,0.4201,1,credit_card,15,3,3,0,audio,0.5994239173619388
O00799,1,2,250.48,73.48,0.3909,1,credit_card,7,3,3,0,casa_cozinha,0.41666666666666663
O03047,1,1,241.76,15.48,0.064,4,voucher,15,3,3,0,carnes,0.6666666666666666
O01420,0,1,414.95,11.11,0.0268,1,boleto,22,3,3,0,artigos_nautica,0.4444444444444444
O01462,0,2,541.5,52.37,0.2343,3,boleto,20,3,3,0,casa_escritorio,0.55
O01268,1,1,449.72,29.03,0.0646,3,voucher,9,3,3,0,fraldas_higiene,0.6
O01247,1,1,196.92,15.47,0.0786,2,boleto,8,4,3,0,casa_banheiro,0.5
O04710,1,4,613.98,91.42,0.2436,7,debit_card,8,4,3,0,audio,0.4333333333333333
O01519,1,1,316.22,30.34,0.0959,5,voucher,18,4,3,0,la_cuisine,0.5
O02208,0,1,357.02,17.3,0.0485,4,boleto,9,5,3,0,alimentos_bebidas,0.6666666666666666
O01167,0,1,149.97,16.87,0.1125,3,boleto,17,5,3,0,casa_conforto_2,0.5
O01047,0,1,112.74,48.0,0.4258,1,debit_card,21,5,3,0,malas_acessorios,0.3333333333333333
O01888,0,3,521.79,73.88,0.1438,1,credit_card,25,5,3,0,fashion_roupa_feminina,0.5
O04744,0,1,415.79,27.84,0.067,2,credit_card,23,5,3,0,ferramentas_jardim,0.6
O03485,0,1,145.36,17.17,0.1181,5,boleto,11,6,3,0,casa_quarto,0.7
O01145,1,1,200.22,8.33,0.0416,1,credit_card,7,6,3,0,fashion_calcados,0.6666666666666666
O04185,1,1,353.85,44.25,0.1251,5,debit_card,18,6,3,0,papelaria,0.7142857142857143
O01304,0,3,755.35,80.75,0.1103,2,credit_card,19,6,3,0,alimentos_bebidas,0.49195319806006826
O02227,0,3,1148.64,67.05,0.0588,7,debit_card,22,0,3,0,casa_conforto_2,0.3611111111111111
O04553,0,1,320.24,27.3,0.0852,5,credit_card,18,0,3,0,carnes,0.16666666666666666
O03298,1,3,356.07,47.15,0.2796,2,debit_card,18,0,3,0,carnes,0.611111111111111
O00627,1,3,730.84,95.26,0.1944,5,debit_card,9,0,3,0,artes,0.5200428098851916
O03746,0,1,276.8,28.85,0.1042,4,credit_card,8,1,3,0,artigos_nautica,0.6666666666666666
O04110,0,1,282.43,27.48,0.0973,7,debit_card,17,1,3,0,fashion_underwear,0.5
O02934,0,1,285.44,9.58,0.0336,3,voucher,25,1,3,0,moveis_jardim,0.5
O01612,0,1,385.6,28.44,0.0738,8,credit_card,15,2,3,0,eletroportateis,0.25
O02139,0,2,321.46,71.65,0.2212,3,credit_card,24,2,3,0,alimentos_bebidas,0.4722222222222222
O03096,0,1,90.34,34.91,0.3864,7,voucher,25,3,3,0,casa_utilidades,0.3333333333333333
O03710,1,2,789.04,75.99,0.0962,2,boleto,11,3,3,0,fashion_underwear,0.6000000000000001
O03791,0,1,174.14,11.22,0.0644,4,credit_card,10,3,3,0,cool_stuff,0.6666666666666666
O04909,1,1,193.78,43.48,0.2244,2,boleto,8,3,3,0,fashion_roupa_feminina,0.625
O01713,0,3,836.92,124.72,0.1726,5,credit_card,23,3,3,0,livros_interesse,0.5454545454545454
O02187,1,1,413.38,38.36,0.0928,4,boleto,23,3,3,0,la_cuisine,0.6
O02203,1,1,296.8,23.27,0.0784,2,voucher,8,3,3,0,malas_acessorios,0.3333333333333333
O04409,1,4,1295.66,130.33,0.1093,12,voucher,19,3,3,0,cama_mesa_banho,0.4513888888888889
O01598,0,2,764.94,88.56,0.1199,7,voucher,23,3,3,0,audio,0.5506912442396313
O04046,0,1,178.55,26.72,0.1496,12,credit_card,13,4,3,0,la_cuisine,0.6666666666666666
O02469,1,1,322.6,43.19,0.1339,12,voucher,20,4,3,0,cama_mesa_banho,0.4
O02096,1,1,130.94,19.28,0.1472,3,debit_card,8,4,3,0,ferramentas_jardim,0.3333333333333333
O04731,0,2,633.41,46.73,0.0779,3,debit_card,22,5,3,0,ferramentas_jardim,0.5833333333333333
O01278,0,1,199.97,11.19,0.056,4,credit_card,12,5,3,0,casa_utilidades,0.4
O03675,0,2,223.13,82.78,0.5187,1,boleto,7,5,3,0,casa_outros,0.4722222222222222
O01886,0,1,142.62,37.69,0.2643,9,boleto,19,5,3,0,moveis_jardim,0.5
O00294,1,1,168.46,28.54,0.1694,3,voucher,20,5,3,0,cool_stuff,0.42857142857142855
O01969,1,2,252.46,54.65,0.2036,9,voucher,11,6,3,0,artigos_nautica,0.5476190476190476
O04461,1,1,486.89,32.45,0.0666,1,credit_card,5,6,3,0,eletroportateis,0.5555555555555556
O04764,1,1,101.89,48.09,0.472,5,boleto,14,6,3,0,eletronicos,0.4
O00495,1,1,62.86,7.27,0.1157,9,debit_card,17,6,3,0,automotivo,0.6666666666666666
O03098,0,3,631.42,38.19,0.0718,5,boleto,25,0,3,0,brinquedos,0.4603174603174603
O02754,0,1,317.43,16.04,0.0505,4,debit_card,11,0,3,0,casa_conforto_2,0.5714285714285714
O04180,0,2,383.75,46.87,0.1238,1,credit_card,25,0,3,0,casa_escritorio,0.5277777777777778
O00189,0,2,641.56,66.89,0.1116,8,debit_card,6,1,3,0,carnes,0.65
O03182,0,1,12.35,23.44,1.898,9,credit_card,22,1,3,0,papelaria,0.45454545454545453
O04847,1,1,379.91,25.34,0.0667,1,boleto,12,1,3,0,audio,0.875
O02542,1,1,442.11,29.85,0.0675,2,voucher,21,1,3,0,ferramentas_jardim,0.6
O01381,0,1,373.0,29.21,0.0783,1,boleto,24,1,3,0,instrumentos_musicais,0.5
O03872,0,1,485.73,41.82,0.0861,3,boleto,10,1,3,0,audio,0.8
O01342,0,1,464.97,25.08,0.0539,3,credit_card,22,1,3,0,moveis_colchao_estofado,0.25
O03593,0,2,443.78,38.45,0.0837,3,boleto,25,2,3,0,beleza_saude,0.5208333333333333
O02296,0,3,1370.69,61.29,0.0436,9,voucher,6,2,3,0,beleza_saude,0.5436507936507936
O03187,0,1,206.35,30.11,0.1459,3,voucher,16,3,3,0,perfumaria,0.2222222222222222
O04209,0,1,136.32,25.33,0.1858,9,voucher,16,3,3,0,cama_mesa_banho,0.5714285714285714
O04697,1,3,820.54,88.68,0.1788,4,credit_card,6,3,3,0,cama_mesa_banho,0.5717148941500688
O03988,0,2,416.93,76.27,0.2027,1,boleto,18,4,3,0,brinquedos,0.6071428571428572
O01421,1,1,486.26,49.71,0.1022,1,credit_card,9,4,3,0,casa_quarto,0.6
O00462,1,1,162.82,33.16,0.2037,4,debit_card,8,4,3,0,perfumaria,0.4
O03894,0,1,71.31,40.54,0.5685,1,voucher,21,4,3,0,cool_stuff,0.6363636363636364
O02009,0,2,355.2,77.62,0.2318,3,voucher,19,4,3,0,cool_stuff,0.5
O01880,1,1,403.4,33.58,0.0832,2,credit_card,15,5,3,0,perfumaria,1.0
O04735,0,3,1000.59,54.71,0.2062,1,credit_card,15,5,3,0,alimentos_bebidas,0.4444444444444444
O02662,1,1,147.02,8.78,0.0597,1,credit_card,18,5,3,0,casa_banheiro,0.6666666666666666
O02011,1,1,403.53,7.73,0.0192,6,credit_card,6,5,3,0,cama_mesa_banho,0.4
O03649,0,1,116.33,44.59,0.3833,2,boleto,8,5,3,0,eletrodomesticos,0.375
O00511,0,1,376.82,32.72,0.0868,1,debit_card,12,5,3,0,alimentos_bebidas,0.5
O04939,0,1,24.86,31.93,1.2844,10,boleto,18,5,3,0,moda_roupa,1.0
O01205,1,2,201.14,17.61,0.1144,3,credit_card,19,6,3,0,fashion_roupa_feminina,0.56171875
O01347,0,1,37.64,5.22,0.1387,1,credit_card,11,6,3,0,la_cuisine,0.5239687848383501
O01667,1,2,472.55,70.49,0.1766,2,voucher,19,6,3,0,utilidades_domesticas,0.7083333333333333
O00658,1,1,124.65,15.01,0.1204,1,voucher,14,6,3,0,casa_limpeza,0.3333333333333333
O03206,0,1,39.94,44.14,1.1052,2,boleto,18,6,3,0,la_cuisine,0.42857142857142855
O00168,0,1,387.1,18.53,0.0479,1,debit_card,11,6,3,0,utilidades_domesticas,0.8333333333333334
O00677,1,1,203.3,35.58,0.175,2,credit_card,14,0,3,0,cama_mesa_banho,1.0
O02771,0,1,342.71,33.75,0.0985,1,voucher,17,0,3,0,moveis_decoracao,0.4444444444444444
O02625,0,1,364.98,28.71,0.0787,4,debit_card,19,0,3,0,moveis_decoracao,0.5
O02062,1,1,319.52,49.24,0.1541,3,boleto,17,0,3,0,fashion_roupa_feminina,0.8333333333333334
O01443,0,1,43.61,44.8,1.0273,6,voucher,11,0,3,0,livros_interesse,1.0
O02889,1,1,37.32,21.64,0.5798,2,boleto,5,0,3,0,portateis_casa_forno_cafe,0.42857142857142855
O02495,0,1,433.65,44.6,0.1028,1,debit_card,20,1,3,0,flores,0.16666666666666666
O01134,1,1,113.16,42.26,0.3735,1,debit_card,8,1,3,0,moveis_decoracao,0.8
O04930,1,1,316.22,23.05,0.0729,7,voucher,15,1,3,0,seguros_servicos,0.5714285714285714
O03515,0,2,430.77,30.36,0.1206,1,voucher,25,1,3,0,brinquedos,0.5357142857142857
O01264,1,1,336.25,32.43,0.0964,10,debit_card,6,1,3,0,moveis_escritorio,0.25
O02532,0,1,477.83,8.53,0.0179,7,voucher,15,1,3,0,construcao_ferramentas,0.0
O02537,1,3,933.68,47.22,0.0483,5,boleto,7,1,3,0,casa_outros,0.45634920634920634
O01206,1,4,1247.02,98.29,0.1907,1,voucher,11,1,3,0,alimentos_bebidas,0.6370096496748479
O03915,0,2,102.55,66.12,0.8487,5,boleto,22,2,3,0,cool_stuff,0.5892857142857143
O01839,0,1,291.34,44.03,0.1511,1,credit_card,7,2,3,0,eletroportateis,0.75
O01608,1,1,24.75,32.22,1.3018,2,boleto,6,2,3,0,moveis_presentes,0.75
O03467,0,1,257.15,34.98,0.136,4,boleto,13,2,3,0,instrumentos_musicais,0.7142857142857143
O02397,0,5,1646.68,140.62,0.0956,1,debit_card,10,2,3,0,casa_banheiro,0.49987671232876707
O04968,0,1,386.06,25.85,0.067,3,credit_card,14,2,3,0,moveis_quarto,0.3
O01219,1,1,491.3,33.79,0.0688,10,boleto,12,3,3,0,moveis_presentes,0.5226652102676134
O04445,1,1,331.67,26.86,0.081,1,voucher,24,3,3,0,automotivo,0.6
O03081,0,4,1381.98,143.25,0.1149,6,debit_card,18,3,3,0,alimentos_bebidas,0.39404761904761904
O02583,0,3,408.73,49.18,0.216,2,debit_card,18,3,3,0,cool_stuff,0.48888888888888893
O00125,0,1,45.75,40.15,0.8776,1,boleto,14,3,3,0,alimentos_bebidas,0.3333333333333333
O01194,0,1,489.93,44.69,0.0912,1,boleto,16,3,3,0,sinalizacao_seguranca,0.6
O01135,1,2,511.43,91.14,2.0191,3,credit_card,15,3,3,0,casa_outros,0.7083333333333333
O01490,1,3,950.48,36.12,0.0438,1,voucher,21,4,3,0,alimentos_bebidas,0.625
O04768,0,3,1018.58,117.8,0.126,1,voucher,25,4,3,0,casa_banheiro,0.5311186737824528
O04984,1,3,629.05,71.27,0.133,4,boleto,9,4,3,0,alimentos_bebidas,0.2571428571428571
O01303,0,2,644.17,60.97,0.1275,3,debit_card,25,5,4,0,cds_dvds_musicais,0.7410714285714286
O03881,1,1,339.16,21.65,0.0638,1,credit_card,6,5,4,0,portateis_casa_forno_cafe,0.3333333333333333
O02562,0,1,38.46,39.63,1.0304,4,boleto,13,5,4,0,market_place,0.5
O02739,1,1,386.75,42.96,0.1111,6,credit_card,22,5,4,0,casa_jardim,0.6666666666666666
O00967,1,1,87.18,24.05,0.2759,5,boleto,20,6,4,0,casa_limpeza,0.42857142857142855
O00567,1,1,90.31,5.79,0.0641,2,boleto,5,6,4,0,moveis_decoracao,0.5
O01956,0,1,147.54,40.28,0.273,3,credit_card,15,6,4,0,casa_construcao,0.6363636363636364
O03906,0,1,107.73,30.4,0.2822,1,debit_card,6,6,4,0,portateis_cozinha,0.45454545454545453
O01668,0,2,505.07,58.29,0.1577,1,boleto,7,6,4,0,instrumentos_musicais,0.4732142857142857
O02718,0,1,42.67,24.17,0.5664,1,boleto,19,6,4,0,portateis_casa_forno_cafe,0.5714285714285714
O01708,0,1,215.4,38.22,0.1774,3,boleto,9,0,4,0,utilidades_domesticas,0.5
O02325,0,1,297.61,10.07,0.0338,7,debit_card,24,0,4,0,moveis_escritorio,0.6
O03720,1,1,379.11,14.94,0.0394,2,boleto,15,0,4,0,market_place,0.42857142857142855
O02591,1,2,413.71,89.41,0.2551,9,debit_card,19,0,4,0,fashion_esporte,0.6904761904761905
O01683,0,2,586.49,16.75,0.0465,4,credit_card,23,0,4,0,casa_limpeza,0.660427807486631
O02437,0,2,360.03,32.8,0.0997,3,debit_card,21,0,4,0,moveis_cozinha,0.5608974358974359
O00128,0,1,63.77,38.64,0.6059,1,voucher,21,1,4,0,market_place,0.3333333333333333
O03272,1,1,176.47,21.35,0.121,2,debit_card,9,1,4,0,cool_stuff,0.42857142857142855
O01375,0,1,60.92,30.89,0.5071,2,boleto,24,1,4,0,moveis_jardim,0.4166666666666667
O04983,0,2,652.2,29.78,0.0417,5,debit_card,12,2,4,0,artigos_nautica,0.5267857142857143
O04792,1,1,150.01,26.66,0.1777,1,credit_card,9,2,4,0,casa_iluminacao,0.5188930282064929
O00973,1,1,424.56,15.61,0.0368,1,boleto,16,2,4,0,cool_stuff,0.5191489361702127
O02324,0,1,493.61,35.68,0.0723,1,debit_card,21,2,4,0,artes,0.5
O03127,0,2,679.51,47.0,0.0647,2,boleto,13,2,4,0,moda_roupa,0.7083333333333333
O04168,1,1,336.83,35.59,0.1057,5,debit_card,10,2,4,0,moveis_escritorio,0.1111111111111111
O02331,0,1,189.07,31.39,0.166,4,debit_card,22,2,4,0,la_cuisine,0.5714285714285714
O02940,0,1,75.17,7.55,0.1004,2,voucher,13,2,4,0,casa_sala,0.25
O02508,0,1,463.93,37.89,0.0817,3,credit_card,14,2,4,0,portateis_casa_forno_cafe,0.8333333333333334
O02510,0,3,975.28,42.35,0.048,6,debit_card,16,2,4,0,artes,0.49831649831649827
O01341,1,3,520.31,50.4,0.2287,7,debit_card,18,3,4,0,fashion_bolsas,0.7168400023503144
O03443,1,3,851.57,113.94,0.1329,1,voucher,14,3,4,0,artigos_nautica,0.6428571428571429
O03128,0,2,324.74,74.92,0.4523,4,voucher,24,3,4,0,casa_construcao,0.75
O01034,1,1,320.66,48.51,0.1513,7,boleto,12,3,4,0,cool_stuff,1.0
O02854,1,2,403.26,25.74,0.1634,3,voucher,5,3,4,0,artigos_nautica,0.21428571428571427
O00534,0,1,102.4,23.77,0.2321,2,credit_card,11,3,4,0,moveis_escritorio,0.5
O04125,1,1,42.2,11.56,0.2739,1,debit_card,14,3,4,0,bebes,0.5
O04908,1,1,152.75,31.26,0.2046,6,credit_card,17,3,4,0,musica_arte,0.14285714285714285
O01398,1,2,333.64,31.09,0.0816,3,debit_card,14,4,4,0,casa_lavanderia,0.9
O04691,0,2,440.41,48.78,0.3904,1,voucher,23,4,4,0,eletrodomesticos_2,0.6764988638349939
O01496,1,1,333.76,8.61,0.0258,3,boleto,15,4,4,0,informatica_acessorios,0.38461538461538464
O02984,0,1,461.78,31.56,0.0683,1,credit_card,13,4,4,0,flores,0.4666666666666667
O02775,1,3,579.7,83.79,0.1922,5,boleto,10,4,4,0,casa_jardim,0.6452555381126809
O02825,1,1,151.33,11.46,0.0757,5,credit_card,9,4,4,0,casa_escritorio,0.6666666666666666
O01694,0,1,139.23,41.8,0.3002,1,voucher,23,4,4,0,la_cuisine,0.6
O01991,0,1,374.84,26.33,0.0702,2,credit_card,23,4,4,0,casa_banheiro,0.75
O04709,1,2,431.84,68.3,0.1596,4,boleto,18,5,4,0,automotivo,0.6527777777777778
O01733,0,1,262.86,19.9,0.0757,1,voucher,22,5,4,0,consoles_games,0.5200625325690463
O01314,1,2,589.41,54.6,0.1246,4,credit_card,6,5,4,0,casa_garagem,0.7946428571428572
O02815,0,1,493.59,38.78,0.0786,1,debit_card,25,5,4,0,consoles_games,0.25
O04496,0,3,751.43,64.73,0.0806,6,debit_card,13,5,4,0,casa_escritorio,0.4316736002773444
O03650,0,2,612.98,58.01,0.0893,3,boleto,9,5,4,0,artes,0.6309523809523809
O00335,0,3,877.08,80.41,0.4365,5,voucher,24,5,4,0,casa_utilidades,0.42063492063492064
O00025,1,1,124.31,46.81,0.3766,2,credit_card,7,6,4,0,brinquedos,0.3333333333333333
O02613,1,1,444.54,14.65,0.033,1,credit_card,5,6,4,0,consoles_games,0.5
O03273,0,1,56.02,8.9,0.1589,3,debit_card,13,6,4,0,moveis_presentes,0.5555555555555556
O04182,1,2,564.48,39.74,0.0815,3,boleto,15,0,4,0,livros_interesse,0.25
O01300,1,2,675.02,29.76,0.0572,7,credit_card,13,0,4,0,fashion_calcados,0.5178571428571428
O02630,1,2,320.36,79.96,0.3064,1,credit_card,11,0,4,0,eletronicos,0.6696428571428572
O03145,1,1,105.64,42.47,0.402,1,debit_card,16,0,4,0,malas_acessorios,0.4
O00356,1,1,404.58,35.46,0.0876,3,debit_card,13,0,4,0,malas_acessorios,0.5198351365275631
O00599,1,2,532.52,42.74,0.0826,2,credit_card,12,1,4,0,brinquedos,0.3482142857142857
O04060,0,1,466.16,42.03,0.0902,1,credit_card,22,1,4,0,market_place,0.6666666666666666
O03875,0,3,1394.16,103.25,0.0736,1,voucher,13,1,4,0,cool_stuff,0.5067694944301628
O03886,1,2,221.13,60.95,0.2812,5,boleto,12,1,4,0,automotivo,0.5833333333333333
O01444,0,1,301.96,12.85,0.0426,6,boleto,24,1,4,0,casa_cozinha,0.5
O00744,0,3,623.65,109.41,0.4988,6,voucher,17,1,4,0,casa_garagem,0.6444444444444444
O01338,0,1,419.54,13.78,0.0328,2,debit_card,25,2,4,0,seguros_servicos,0.3333333333333333
O02836,0,1,276.91,31.24,0.1128,5,boleto,22,2,4,0,fashion_roupa_feminina,0.4444444444444444
O01050,1,1,55.05,17.57,0.3192,4,boleto,7,2,4,0,papelaria,0.14285714285714285
O04613,1,3,715.81,70.44,0.1717,1,debit_card,22,2,4,0,casa_outros,0.463481956072656
O02342,0,1,153.93,41.64,0.2705,2,credit_card,25,3,4,0,eletronicos,0.4444444444444444
O02031,0,1,393.27,48.56,0.1235,2,boleto,15,3,4,0,flores,0.5
O02255,1,1,143.25,37.05,0.2586,3,credit_card,19,3,4,0,telefonia,0.6
O03174,0,4,1286.55,95.27,0.0806,12,credit_card,15,3,4,0,casa_garagem,0.625
O01707,1,1,468.64,29.04,0.062,4,voucher,23,3,4,0,fashion_bolsas,0.5
O01179,0,1,363.71,42.55,0.117,2,debit_card,21,3,4,0,instrumentos_musicais,0.75
O02277,1,1,484.24,11.48,0.0237,3,credit_card,9,3,4,0,alimentos_bebidas,0.5
O02442,1,2,89.22,73.84,0.8486,1,voucher,7,3,4,0,casa_construcao,0.5773809523809523
O00531,0,1,12.12,10.42,0.8597,12,credit_card,15,4,4,0,livros_interesse,0.6666666666666666
O00047,1,1,346.06,49.57,0.1432,1,credit_card,5,4,4,0,audio,0.6
O02404,1,1,111.09,20.22,0.182,3,voucher,5,4,4,0,casa_lavanderia,0.625
O04502,0,1,119.46,16.13,0.135,1,debit_card,13,4,4,0,beleza_saude,0.5
O03090,0,1,365.55,42.46,0.1162,1,debit_card,23,5,4,0,la_cuisine,0.3333333333333333
O00903,0,1,245.57,49.81,0.2028,2,boleto,18,5,4,0,market_place,0.5
O01326,0,1,348.97,28.14,0.0806,12,credit_card,23,5,4,0,pc_gamer,0.6666666666666666
O04906,1,2,721.14,82.45,0.1153,5,debit_card,7,5,4,0,automotivo,0.7777777777777777
O01968,0,1,149.9,31.71,0.2115,4,boleto,21,5,4,0,moveis_escritorio,0.6666666666666666
O04637,1,1,408.1,6.54,0.016,2,debit_card,11,6,4,0,audio,0.5181634712411706
O00350,1,1,232.05,10.87,0.0468,2,voucher,5,6,4,0,casa_escritorio,0.5
O02869,1,1,390.26,44.93,0.1151,8,voucher,15,6,4,0,casa_escritorio,0.4
O04285,1,1,312.23,5.22,0.0167,4,boleto,12,6,4,0,casa_lavanderia,0.8
O02892,0,4,1742.2,114.35,0.066,7,debit_card,22,6,4,0,beleza_saude,0.5924603174603175
O03794,1,2,694.73,30.91,0.0574,1,voucher,14,6,4,0,beleza_saude,0.4732142857142857
O01840,1,2,437.05,58.96,0.1301,1,debit_card,9,0,4,0,casa_limpeza,0.38961038961038963
O04566,1,1,231.2,39.32,0.1701,2,voucher,8,0,4,0,moveis_decoracao,0.5190571715145437
O00114,1,1,442.41,21.67,0.049,1,debit_card,14,0,4,0,casa_jardim,0.5
O04750,0,1,31.38,14.98,0.4774,2,boleto,24,0,4,0,casa_garagem,1.0
O03813,0,1,298.09,9.68,0.0325,2,voucher,21,0,4,0,alimentos_bebidas,0.3333333333333333
O02620,1,2,624.63,62.57,0.0919,12,voucher,15,0,4,0,alimentos_bebidas,0.47916666666666663
O00406,0,5,1194.66,85.87,0.1132,1,voucher,14,1,4,0,alimentos_bebidas,0.5472333333333333
O04944,1,1,167.89,19.66,0.1171,1,credit_card,11,1,4,0,livros_interesse,0.6666666666666666
O00675,0,1,62.54,8.23,0.1316,1,credit_card,13,1,4,0,automotivo,0.8
O00106,1,2,413.91,72.65,0.1974,1,boleto,9,1,4,0,moveis_decoracao,0.3333333333333333
O00563,1,1,285.34,19.72,0.0691,1,credit_card,5,2,4,0,portateis_casa_forno_cafe,0.375
O00839,0,2,731.27,39.38,0.0579,10,boleto,20,2,4,0,fashion_bolsas,0.5
O02303,1,5,1029.75,79.48,0.2753,4,credit_card,5,2,4,0,consoles_games,0.5955555555555556
O03165,0,1,351.48,32.62,0.0928,6,credit_card,11,2,4,0,casa_garagem,0.7142857142857143
O04327,1,2,764.73,61.45,0.0805,2,credit_card,20,2,4,0,casa_iluminacao,0.5096630327056492
O04250,1,2,787.64,44.81,0.0577,2,voucher,21,2,4,0,livros_interesse,0.325
O01085,0,1,407.27,31.13,0.0764,2,boleto,6,3,4,0,casa_conforto,0.4444444444444444
O03525,1,1,118.95,9.28,0.078,3,credit_card,10,3,4,0,moveis_decoracao,0.4444444444444444
O00696,0,3,1073.01,103.74,0.1021,4,boleto,22,3,4,0,casa_escritorio,0.5555555555555555
O01328,1,1,126.94,46.98,0.3701,2,boleto,14,3,4,0,consoles_games,0.4
O04140,1,1,494.65,31.02,0.0627,1,debit_card,19,3,4,0,eletroportateis,0.6666666666666666
O01480,1,2,489.43,27.69,0.105,1,boleto,23,3,4,0,fashion_calcados,0.6166666666666667
O01818,0,1,144.16,14.34,0.0995,3,debit_card,19,3,4,0,telefonia,0.5714285714285714
O02262,0,1,123.63,14.48,0.1171,2,boleto,25,3,4,0,malas_acessorios,0.8333333333333334
O04172,1,2,678.31,20.43,0.035,3,debit_card,5,4,4,0,casa_construcao,0.65
O02125,0,2,312.09,82.32,0.6295,3,boleto,6,4,4,0,casa_conforto_2,0.3875
O02697,1,1,219.82,29.9,0.136,3,debit_card,5,4,4,0,fashion_calcados,0.5
O01231,1,1,102.38,12.07,0.1179,4,credit_card,8,4,4,0,fashion_underwear,0.0
O01389,0,2,361.36,42.75,0.2732,5,voucher,21,4,4,0,livros_interesse,0.6306818181818181
O03326,0,2,620.02,38.31,0.094,3,debit_card,25,4,4,0,casa_conforto_2,0.775
O01497,1,1,216.42,49.73,0.2298,7,boleto,5,5,4,0,moda_roupa,0.25
O04913,0,3,595.77,85.57,0.2516,5,voucher,25,5,4,0,carnes,0.4698412698412698
O02786,0,1,73.98,39.88,0.5391,7,boleto,19,5,4,0,papelaria,0.7142857142857143
O04704,0,1,155.8,28.62,0.1837,1,boleto,15,6,4,0,moveis_quarto,0.6666666666666666
O01895,1,1,225.27,36.44,0.1618,1,debit_card,19,6,4,0,papelaria,0.75
O04118,0,1,49.43,35.53,0.7188,1,boleto,25,6,4,0,construcao_ferramentas,0.3333333333333333
O03159,0,2,641.39,36.26,0.0682,3,voucher,22,6,4,0,alimentos_bebidas,0.375
O01842,1,1,278.32,9.9,0.0356,4,boleto,21,0,4,0,livros_interesse,0.7142857142857143
O01586,1,2,541.32,83.17,0.1664,6,credit_card,7,0,4,0,casa_garagem,0.575
O04333,0,2,316.55,37.31,0.1149,5,voucher,24,0,4,0,casa_jardim,0.55
O04737,1,1,403.7,42.53,0.1054,1,credit_card,6,0,4,0,eletrodomesticos_2,0.2727272727272727
O00582,1,1,281.69,17.43,0.0619,1,debit_card,10,0,4,0,papelaria,0.42857142857142855
O01738,1,1,66.37,29.55,0.4452,4,debit_card,13,0,4,0,fashion_roupa_feminina,0.5714285714285714
O02873,1,2,410.46,63.29,0.2254,1,credit_card,23,0,4,0,brinquedos,0.825
O03199,1,1,437.86,49.7,0.1135,1,debit_card,6,0,4,0,casa_conforto_2,0.2727272727272727
O03235,0,3,758.87,105.93,0.1546,3,credit_card,19,0,4,0,casa_banheiro,0.7696969696969697
O01053,0,1,100.72,24.77,0.2459,1,credit_card,11,0,4,0,fashion_roupa_feminina,1.0
O00613,1,1,259.48,24.27,0.0935,1,debit_card,6,0,4,0,casa_garagem,0.4
O00624,1,1,97.64,30.74,0.3148,1,boleto,13,0,4,0,consoles_games,0.625
O04152,0,1,213.99,24.77,0.1158,4,credit_card,17,1,4,0,casa_garagem,0.5
O00033,0,2,520.68,66.57,0.1721,5,voucher,11,1,4,0,moveis_decoracao,0.5238095238095238
O02359,0,1,332.77,39.36,0.1183,5,boleto,25,1,4,0,dvds_blu_ray,0.8333333333333334
O04411,0,1,381.93,19.28,0.0505,6,voucher,18,1,4,0,consoles_games,0.7142857142857143
O00345,1,1,186.86,31.1,0.1664,1,boleto,10,1,4,0,cool_stuff,0.3333333333333333
O04071,0,2,574.04,43.86,0.0717,1,debit_card,24,1,4,0,moveis_jardim,0.41666666666666663
O04054,0,1,161.85,10.59,0.0654,1,boleto,23,1,4,0,construcao_ferramentas,0.6
O00866,0,1,401.9,32.54,0.081,6,credit_card,17,2,4,0,casa_jardim,0.25
O02351,0,1,382.43,7.11,0.0186,3,voucher,24,2,4,0,cool_stuff,0.4444444444444444
O00736,1,1,164.5,6.36,0.0387,8,boleto,10,2,4,0,casa_cozinha,0.5555555555555556
O02846,0,2,366.54,49.74,0.1724,2,debit_card,16,2,4,0,fashion_roupa_masculina,0.5777777777777777
O00142,1,1,335.5,16.51,0.0492,1,credit_card,8,2,4,0,relogios_presentes,0.8
O00893,1,2,721.84,61.53,0.0864,4,credit_card,17,3,4,0,alimentos_bebidas,0.575
O04105,0,1,278.15,5.7,0.0205,2,debit_card,22,3,4,0,fashion_roupa_feminina,0.75
O04265,0,1,424.03,49.48,0.1167,1,boleto,25,3,4,0,casa_jardim,0.5714285714285714
O04456,0,3,834.29,76.05,0.1445,1,debit_card,7,4,4,0,fashion_roupa_feminina,0.6861111111111112
O02834,1,2,585.32,52.96,0.1276,7,voucher,14,4,4,0,beleza_saude,0.4801094115147652
O01390,1,2,656.68,47.93,0.0731,7,debit_card,11,4,4,0,beleza_saude,0.5793650793650793
O03718,0,2,545.76,67.56,0.1576,1,boleto,20,4,4,0,consoles_games,0.6357142857142857
O03346,1,3,843.6,87.18,0.1112,6,debit_card,19,4,4,0,consoles_games,0.38425925925925924
O01912,0,2,748.54,34.11,0.0444,8,boleto,25,4,4,0,casa_limpeza,0.5476190476190476
O04008,0,4,568.98,144.85,0.4907,4,voucher,16,4,4,0,consoles_games,0.55
O04695,1,2,602.22,86.45,0.1705,4,credit_card,5,5,4,0,casa_escritorio,0.7
O00527,1,2,669.54,55.18,0.081,2,boleto,17,5,4,0,carnes,0.4666666666666667
O03221,1,1,10.6,25.75,2.4292,7,boleto,8,5,4,0,cds_dvds_musicais,0.5
O00140,1,1,32.32,28.3,0.8756,3,credit_card,5,5,4,0,portateis_casa_forno_cafe,0.25
O04355,1,4,861.36,89.2,0.1351,7,boleto,9,5,4,0,carnes,0.5821428571428571
O00862,1,2,313.78,67.48,0.3023,7,credit_card,11,5,4,0,cama_mesa_banho,0.5625
O01666,0,3,649.59,46.36,0.0976,12,boleto,15,5,4,0,alimentos_bebidas,0.5092592592592592
O00120,0,2,653.59,52.18,0.0833,1,boleto,11,5,4,0,malas_acessorios,0.508718190386428
O01995,1,1,397.13,45.72,0.1151,7,credit_card,16,6,4,0,seguros_servicos,0.3333333333333333
O03160,0,1,153.91,5.61,0.0364,5,debit_card,25,6,4,0,instrumentos_musicais,0.7142857142857143
O01813,0,2,551.7,77.22,0.1471,1,credit_card,13,6,4,0,cool_stuff,0.6071428571428572
O02018,1,1,364.02,13.89,0.0382,3,credit_card,23,6,4,0,papelaria,0.4
O04297,1,1,94.59,44.51,0.4706,3,boleto,15,6,4,0,papelaria,0.2857142857142857
O00388,1,1,97.19,36.41,0.3746,5,credit_card,18,6,4,0,moveis_jardim,0.25
O00763,1,3,757.75,75.75,0.1013,4,voucher,11,0,5,0,artes,0.3452380952380952
O00499,0,2,567.02,77.27,0.3014,3,debit_card,21,0,5,0,casa_utilidades,0.40476190476190477
O00459,1,1,354.14,32.4,0.0915,7,debit_card,16,0,5,0,moda_roupa,0.8
O00719,1,2,514.78,22.54,0.1712,1,voucher,13,0,5,0,brinquedos,0.8285714285714285
O03772,0,1,453.34,16.53,0.0365,5,credit_card,23,0,5,0,livros_interesse,0.75
O03980,1,3,1031.09,90.67,0.2124,4,boleto,7,0,5,0,casa_escritorio,0.43333333333333335
O03461,1,4,868.11,109.99,0.1434,6,debit_card,11,1,5,0,artes,0.6083333333333334
O03130,1,1,206.09,21.89,0.1062,4,credit_card,5,1,5,0,cool_stuff,0.4
O02055,0,1,60.15,44.71,0.7433,8,credit_card,10,1,5,0,alimentos_bebidas,0.5
O02151,0,1,402.19,40.76,0.1013,4,credit_card,25,1,5,0,casa_iluminacao,0.625
O01673,0,1,112.0,5.94,0.053,9,credit_card,21,2,5,0,carnes,0.5190697674418605
O01486,1,2,569.42,13.77,0.0412,6,debit_card,19,2,5,0,moveis_colchao_estofado,0.5625
O01868,0,1,106.34,47.95,0.4509,3,credit_card,15,2,5,0,musica_arte,0.2857142857142857
O01210,1,1,185.26,42.07,0.2271,3,boleto,8,2,5,0,instrumentos_musicais,0.5
O02300,1,2,457.54,26.64,0.0617,1,debit_card,18,3,5,0,beleza_saude,0.3333333333333333
O02953,1,1,269.53,35.45,0.1315,2,debit_card,19,3,5,0,informatica_acessorios,0.5
O01009,0,1,433.23,33.08,0.0764,3,boleto,25,3,5,0,seguros_servicos,0.45454545454545453
O00830,0,1,398.35,7.42,0.0186,4,debit_card,24,4,5,0,casa_iluminacao,0.5833333333333334
O03698,1,2,357.9,78.14,0.2211,9,boleto,13,4,5,0,casa_iluminacao,0.3666666666666667
O00615,0,1,428.51,39.98,0.0933,4,boleto,25,4,5,0,seguros_servicos,0.7142857142857143
O03306,0,1,236.84,41.67,0.1759,1,debit_card,19,4,5,0,sinalizacao_seguranca,0.45454545454545453
O02715,0,1,28.41,19.23,0.6769,1,credit_card,24,4,5,0,portateis_casa_forno_cafe,0.5555555555555556
O02859,1,4,1254.21,137.58,0.1471,3,voucher,9,4,5,0,beleza_saude,0.5125
O02525,1,2,762.25,60.03,0.0874,2,debit_card,5,5,5,0,fashion_bolsas,0.375
O00863,1,1,310.86,34.05,0.1095,9,debit_card,13,5,5,0,construcao_ferramentas,0.5
O01208,0,2,323.88,56.07,0.3378,3,credit_card,16,5,5,0,casa_conforto_2,0.4602272727272727
O01827,1,1,480.99,49.7,0.1033,6,voucher,11,5,5,0,brinquedos,0.2
O04397,0,2,544.71,91.66,0.2451,1,debit_card,17,5,5,0,cool_stuff,0.48888888888888893
O00909,1,1,394.25,33.32,0.0845,4,debit_card,11,5,5,0,bebes,0.6666666666666666
O02774,1,2,413.87,86.45,0.4821,5,voucher,15,5,5,0,portateis_cozinha,0.4107142857142857
O02354,0,2,172.58,36.73,0.2686,2,credit_card,16,5,5,0,casa_limpeza,0.8666666666666667
O04423,0,1,361.09,46.12,0.1277,3,boleto,18,6,5,0,portateis_cozinha,0.5
O02598,0,2,424.8,89.98,0.4236,5,boleto,18,6,5,0,construcao_ferramentas,0.4772727272727273
O04197,0,1,457.38,8.15,0.0178,7,debit_card,9,6,5,0,instrumentos_musicais,0.6666666666666666
O00621,0,3,744.69,93.37,0.1499,1,debit_card,25,6,5,0,cds_dvds_musicais,0.5222222222222223
O04005,1,1,477.54,44.45,0.0931,1,debit_card,6,0,5,0,flores,0.6666666666666666
O00238,0,1,33.07,28.1,0.8497,4,boleto,23,0,5,0,casa_outros,0.5
O04165,1,2,754.66,66.29,0.0872,1,credit_card,5,0,5,0,eletroportateis,0.8333333333333333
O01177,1,2,284.49,25.06,0.1795,6,boleto,5,0,5,0,construcao_ferramentas,0.325
O00741,1,1,298.77,34.51,0.1155,2,boleto,6,1,5,0,artes,0.8333333333333334
O00682,1,1,283.58,29.45,0.1039,4,boleto,10,1,5,0,moveis_escritorio,0.5454545454545454
O00811,1,2,340.95,38.4,0.0999,1,boleto,16,1,5,0,fashion_roupa_feminina,0.22619047619047616
O03083,1,1,266.99,13.65,0.0511,1,boleto,9,1,5,0,moveis_cozinha,0.2857142857142857
O01910,1,1,167.23,37.61,0.2249,5,voucher,8,1,5,0,audio,1.0
O00305,0,1,429.47,38.35,0.0893,1,debit_card,22,1,5,0,construcao_ferramentas,0.5714285714285714
O01359,0,1,53.93,28.91,0.5361,1,credit_card,23,1,5,0,livros_interesse,0.625
O03044,1,1,32.51,26.15,0.8044,10,debit_card,18,1,5,0,informatica_acessorios,0.625
O01463,0,1,434.13,39.0,0.0898,4,boleto,23,1,5,0,eletroportateis,0.5204174228675136
O02929,1,1,346.79,13.82,0.0399,3,debit_card,8,1,5,0,cool_stuff,0.125
O04096,0,2,643.29,41.83,0.06,12,debit_card,20,2,5,0,fashion_underwear,0.41666666666666663
O01618,0,3,818.31,58.39,0.0987,1,voucher,15,2,5,0,casa_jardim,0.5873015873015873
O01521,1,1,249.62,6.93,0.0278,1,debit_card,5,2,5,0,casa_conforto,0.6666666666666666
O02431,0,2,215.55,55.46,0.2248,1,boleto,17,2,5,0,fashion_roupa_masculina,0.38888888888888884
O00170,1,1,236.99,7.12,0.03,1,credit_card,11,2,5,0,la_cuisine,0.75
O02490,1,2,403.68,16.9,0.0409,4,credit_card,10,2,5,0,casa_escritorio,0.5
O00219,1,1,99.45,33.12,0.333,6,debit_card,9,3,5,0,casa_utilidades,0.5
O02175,1,1,47.82,31.86,0.6662,2,credit_card,7,3,5,0,automotivo,0.5555555555555556
O00115,0,1,483.6,11.51,0.0238,1,debit_card,14,3,5,0,seguros_servicos,0.4
O00571,0,3,863.14,58.25,0.0822,9,boleto,24,4,5,0,brinquedos,0.48279708279708283
O03835,0,1,221.61,33.2,0.1498,2,credit_card,7,4,5,0,moveis_sala,0.0
O03231,1,1,328.24,14.42,0.0439,1,credit_card,9,4,5,0,portateis_casa_forno_cafe,0.42857142857142855
O00523,1,1,163.66,36.3,0.2218,3,boleto,14,4,5,0,beleza_saude,0.2857142857142857
O02347,1,2,678.59,57.75,0.0818,2,boleto,9,4,5,0,casa_limpeza,0.5083333333333333
O04692,1,2,890.77,64.57,0.0718,3,credit_card,13,4,5,0,casa_jardim,0.5416666666666666
O01589,0,2,528.85,19.66,0.0358,6,voucher,12,4,5,0,casa_limpeza,0.2222222222222222
O04568,0,1,127.44,49.12,0.3854,2,boleto,23,4,5,0,market_place,0.125
O03957,1,3,907.33,115.21,0.172,4,boleto,12,5,5,0,portateis_casa_forno_cafe,0.8492063492063492
O00902,0,1,218.53,35.0,0.1602,1,boleto,22,5,5,0,carnes,0.4
O01118,0,1,445.64,30.85,0.0692,7,credit_card,14,5,5,0,casa_sala,0.6153846153846154
O03606,1,1,407.81,38.51,0.0944,1,voucher,5,5,5,0,dvds_blu_ray,0.3333333333333333
O01095,1,2,470.65,93.02,0.9475,3,credit_card,15,6,5,0,casa_iluminacao,0.48484848484848486
O01330,0,2,485.59,25.57,0.088,1,boleto,5,6,5,0,consoles_games,0.6666666666666667
O00941,0,1,76.17,32.13,0.4218,4,credit_card,23,6,5,0,moveis_decoracao,0.375
O03026,0,1,196.98,23.71,0.1204,9,boleto,16,6,5,0,portateis_casa_forno_cafe,0.42857142857142855
O00912,1,1,219.78,35.62,0.1621,2,voucher,15,6,5,0,flores,0.5384615384615384
O00883,1,1,497.93,27.65,0.0555,1,credit_card,14,0,5,0,livros_interesse,0.5
O04143,1,1,407.51,9.26,0.0227,4,credit_card,18,0,5,0,moveis_escritorio,0.5454545454545454
O04462,1,1,35.17,49.94,1.42,5,boleto,11,0,5,0,consoles_games,0.625
O02646,1,1,405.92,34.72,0.0855,2,credit_card,5,1,5,0,alimentos_bebidas,0.625
O02474,1,1,386.55,39.67,0.1026,6,voucher,11,2,5,0,alimentos_bebidas,1.0
O02506,1,1,363.44,24.81,0.0683,1,credit_card,12,2,5,0,casa_limpeza,0.5
O01650,0,1,436.03,19.28,0.0442,7,credit_card,22,2,5,0,automotivo,0.3333333333333333
O04514,0,1,182.79,41.08,0.2247,1,credit_card,15,2,5,0,utilidades_domesticas,0.375
O03274,0,1,173.5,39.63,0.2284,1,debit_card,14,2,5,0,audio,0.3
O04972,0,2,455.18,68.43,0.1491,4,credit_card,18,2,5,0,papelaria,0.4666666666666667
O03616,0,4,1160.01,118.09,0.1663,1,debit_card,20,2,5,0,informatica_acessorios,0.5972222222222222
O00300,1,2,519.57,67.71,0.1507,8,credit_card,8,2,5,0,artes,0.7166666666666667
O01460,1,1,120.5,44.03,0.3654,5,voucher,12,2,5,0,informatica_acessorios,0.6
O03688,1,2,387.45,47.31,0.2472,2,boleto,22,3,5,0,moda_roupa,0.5404040404040404
O03366,1,1,267.34,32.99,0.1234,2,debit_card,13,3,5,0,alimentos_bebidas,0.2
O03242,0,1,370.62,43.36,0.117,7,credit_card,19,3,5,0,casa_jardim,0.5555555555555556
O02198,1,3,938.52,83.64,0.084,1,boleto,6,3,5,0,casa_garagem,0.5825396825396825
O01022,1,1,419.75,16.41,0.0391,4,boleto,9,3,5,0,casa_sala,0.3333333333333333
O02275,0,1,201.44,31.63,0.157,1,voucher,20,3,5,0,artes,0.8
O03711,1,1,147.02,41.23,0.2804,2,credit_card,6,4,5,0,casa_utilidades,0.46153846153846156
O01794,1,3,1190.47,70.66,0.0597,8,boleto,12,4,5,0,artes,0.30952380952380953
O01425,0,3,776.74,123.9,0.3788,3,voucher,21,4,5,0,artes,0.6416666666666667
O03760,1,1,117.94,18.64,0.158,1,credit_card,25,4,5,0,casa_banheiro,0.625
O02882,0,1,81.88,19.74,0.2411,5,boleto,21,4,5,0,seguros_servicos,0.5555555555555556
O01441,0,1,269.06,32.65,0.1213,2,boleto,21,4,5,0,casa_limpeza,0.6666666666666666
O03556,0,1,306.74,25.9,0.0844,2,credit_card,14,4,5,0,casa_banheiro,0.5
O02744,1,1,307.93,43.46,0.1411,1,credit_card,9,4,5,0,papelaria,0.42857142857142855
O02527,1,1,52.7,22.17,0.4207,6,credit_card,18,4,5,0,utilidades_domesticas,0.625
O00349,1,1,175.87,26.6,0.1512,2,credit_card,7,5,5,0,moveis_cozinha,0.7142857142857143
O00653,0,1,84.91,14.52,0.171,1,boleto,23,5,5,0,dvds_blu_ray,0.4
O04975,1,1,163.62,22.22,0.1358,2,boleto,7,6,5,0,la_cuisine,1.0
O00272,0,2,612.53,42.48,0.071,2,credit_card,22,6,5,0,casa_banheiro,0.6190476190476191
O02396,1,1,127.19,40.04,0.3148,5,debit_card,14,0,5,0,flores,0.8333333333333334
O00587,1,1,331.55,13.83,0.0417,1,voucher,12,0,5,0,artes,0.2857142857142857
O01242,0,2,421.43,25.39,0.0827,10,voucher,22,1,5,0,la_cuisine,0.6904761904761905
O02249,1,2,812.42,25.68,0.0334,1,debit_card,6,1,5,0,perfumaria,0.3875
O00776,1,1,176.82,45.76,0.2588,1,debit_card,16,1,5,0,sinalizacao_seguranca,0.45454545454545453
O03652,1,4,1183.33,118.15,0.1048,3,boleto,24,1,5,0,alimentos_bebidas,0.5848214285714286
O00818,0,3,1108.63,83.24,0.0735,6,boleto,19,1,5,0,casa_conforto,0.4761904761904762
O01800,1,2,421.06,51.54,0.2025,6,debit_card,8,2,5,0,seguros_servicos,0.7777777777777777
O01793,1,1,283.15,47.33,0.1672,2,credit_card,18,2,5,0,alimentos_bebidas,0.5714285714285714
O03504,1,1,184.46,11.43,0.062,1,boleto,13,3,5,0,casa_limpeza,0.5216637781629117
O02270,0,1,42.84,46.79,1.0922,1,voucher,22,3,5,0,beleza_saude,0.5
O02480,1,1,422.23,32.66,0.0774,6,boleto,7,3,5,0,eletroportateis,0.625
O00528,0,1,317.46,49.57,0.1561,9,credit_card,15,3,5,0,moda_roupa,0.5
O02520,1,1,395.17,13.96,0.0353,3,voucher,20,3,5,0,consoles_games,0.4444444444444444
O01541,1,1,234.18,39.38,0.1682,3,credit_card,21,4,5,0,telefonia,0.8571428571428571
O02830,1,3,903.11,99.8,0.1096,2,debit_card,5,4,5,0,casa_quarto,0.38888888888888884
O01659,1,3,757.47,64.33,0.0938,3,voucher,16,4,5,0,eletrodomesticos_2,0.4348484848484848
O01809,1,5,1187.76,165.35,0.1969,2,boleto,6,4,5,0,casa_garagem,0.5958333333333334
O00693,1,1,144.98,31.48,0.2171,1,debit_card,10,4,5,0,casa_banheiro,0.42857142857142855
O03559,0,5,1652.93,147.52,0.1258,6,boleto,21,4,5,0,casa_conforto_2,0.6414141414141414
O01442,1,2,724.16,75.8,0.1065,6,voucher,8,5,5,0,casa_banheiro,0.25555555555555554
O00375,1,1,279.14,46.18,0.1654,5,debit_card,5,5,5,0,casa_jardim,0.4
O02007,1,1,43.35,30.3,0.699,1,debit_card,13,5,5,0,casa_sala,0.5555555555555556
O03521,0,1,169.07,37.08,0.2193,3,voucher,12,6,5,0,casa_banheiro,0.8571428571428571
O02483,0,1,457.97,44.45,0.0971,1,credit_card,12,6,5,0,casa_outros,0.6666666666666666
O00710,0,2,38.85,32.67,0.7955,3,credit_card,22,6,5,0,cama_mesa_banho,0.7777777777777778
O04829,1,1,20.22,48.62,2.4045,2,credit_card,17,6,5,0,alimentos_bebidas,0.8
O02544,0,1,319.39,11.53,0.0361,5,boleto,19,6,5,0,beleza_saude,0.6
O00936,1,2,655.02,62.16,0.1186,1,credit_card,6,0,5,0,casa_conforto,0.55
O00164,1,2,709.25,51.8,0.078,1,debit_card,18,0,5,0,livros_interesse,0.6022727272727273
O01771,1,1,461.85,8.64,0.0187,1,boleto,12,0,5,0,bebes,0.6
O02990,1,2,503.49,26.79,0.0529,4,boleto,8,0,5,0,artigos_nautica,0.4357142857142857
O04201,1,1,439.44,17.04,0.0388,1,credit_card,11,0,5,0,brinquedos,0.5
O03743,1,1,342.92,18.24,0.0532,5,voucher,23,1,5,0,esporte_lazer,0.2
O01642,1,1,137.55,35.37,0.2571,4,voucher,22,1,5,0,casa_banheiro,0.2222222222222222
O03353,1,3,1212.03,45.74,0.0401,6,debit_card,10,1,5,0,casa_conforto,0.3703703703703704
O03084,0,2,271.88,85.29,0.3174,2,boleto,22,1,5,0,bebes,0.40384615384615385
O02530,0,2,654.3,32.44,0.0609,4,boleto,24,1,5,0,market_place,0.41666666666666663
O01209,1,2,457.88,13.4,0.0593,4,voucher,8,2,5,0,flores,0.45
O01313,1,4,911.15,101.14,0.3113,2,voucher,12,2,5,0,artigos_nautica,0.548015873015873
O01024,0,1,57.92,36.58,0.6316,1,credit_card,10,2,5,0,fashion_roupa_feminina,0.5714285714285714
O02626,0,2,407.64,66.21,0.2143,1,credit_card,13,2,5,0,dvds_blu_ray,0.5476190476190476
O00501,0,3,503.43,108.37,0.3976,2,credit_card,7,2,5,0,casa_banheiro,0.5277777777777778
O03519,0,1,176.64,25.32,0.1433,1,boleto,12,2,5,0,moveis_colchao_estofado,0.6666666666666666
O03390,0,1,283.45,25.22,0.089,10,debit_card,13,2,5,0,casa_utilidades,0.5
O01235,1,1,251.38,33.44,0.133,3,debit_card,6,2,5,0,moveis_quarto,0.375
O01676,1,1,16.39,26.49,1.6162,4,debit_card,21,2,5,0,flores,0.7
O03498,0,1,335.63,25.54,0.0761,9,voucher,25,3,6,0,moveis_quarto,0.6666666666666666
O01396,1,4,1014.19,155.08,0.4427,1,voucher,13,3,6,0,beleza_saude,0.4916666666666667
O02986,0,4,1076.53,98.65,0.1478,10,boleto,25,3,6,0,casa_iluminacao,0.5845238095238094
O01875,0,1,202.97,25.54,0.1258,10,boleto,19,3,6,0,malas_acessorios,0.6
O04381,1,2,463.14,61.03,0.2731,4,debit_card,7,3,6,0,cama_mesa_banho,0.5277777777777778
O00939,0,1,401.1,10.15,0.0253,1,credit_card,12,4,6,0,cool_stuff,0.3333333333333333
O04601,1,1,463.77,35.14,0.0758,4,boleto,11,4,6,0,livros_interesse,0.5714285714285714
O01742,0,1,405.39,18.91,0.0466,1,voucher,25,4,6,0,cool_stuff,0.9
O00479,0,1,312.11,11.4,0.0365,1,debit_card,24,4,6,0,dvds_blu_ray,0.6666666666666666
O00368,1,3,744.28,74.95,0.1105,12,voucher,8,4,6,0,alimentos_bebidas,0.5166666666666667
O01859,0,1,86.54,17.57,0.203,5,debit_card,22,5,6,0,portateis_casa_forno_cafe,0.2727272727272727
O04205,0,2,498.81,75.87,0.1713,4,boleto,19,5,6,0,casa_quarto,0.4494949494949495
O01074,1,1,167.74,47.45,0.2829,6,boleto,16,5,6,0,papelaria,0.9230769230769231
O00469,1,2,253.49,43.84,0.1721,3,credit_card,15,5,6,0,casa_sala,0.625
O01428,1,2,570.9,34.63,0.0634,1,debit_card,8,6,6,0,casa_escritorio,0.48863636363636365
O03736,1,1,291.12,9.4,0.0323,1,credit_card,12,6,6,0,bebes,0.2
O00655,0,2,782.54,66.64,0.0852,6,voucher,11,6,6,0,audio,0.38636363636363635
O01723,0,2,205.45,35.62,0.2533,2,debit_card,7,6,6,0,casa_escritorio,0.46923076923076923
O03473,1,1,180.12,43.8,0.2432,7,voucher,8,6,6,0,automotivo,0.3
O03771,1,2,398.0,93.03,0.2956,6,debit_card,8,6,6,0,casa_banheiro,0.4943181818181818
O01223,1,1,240.45,33.07,0.1375,2,debit_card,11,6,6,0,flores,0.5251141552511416
O00267,1,2,836.24,62.93,0.0753,1,debit_card,11,0,6,0,eletrodomesticos_2,0.5892857142857143
O00464,1,1,388.22,41.78,0.1076,1,debit_card,17,0,6,0,fraldas_higiene,0.75
O02550,0,2,500.03,60.98,0.3491,1,boleto,21,0,6,0,casa_limpeza,0.5333333333333333
O01018,0,3,535.96,93.09,0.2567,1,credit_card,22,0,6,0,carnes,0.508994708994709
O00427,1,1,391.98,10.25,0.0261,1,debit_card,7,0,6,0,casa_jardim,0.2727272727272727
O01385,0,1,17.82,41.56,2.3322,1,credit_card,19,1,6,0,fashion_bolsas,0.375
O02120,0,1,206.32,13.18,0.0639,6,voucher,16,1,6,0,la_cuisine,0.375
O02188,1,1,470.55,37.89,0.0805,2,credit_card,23,1,6,0,moveis_colchao_estofado,0.3333333333333333
O01795,0,4,909.33,77.6,0.0995,7,debit_card,19,1,6,0,casa_conforto,0.625
O03287,1,5,935.32,127.48,0.188,4,boleto,12,2,6,0,casa_conforto_2,0.46290043290043287
O00418,0,3,703.89,96.1,0.448,1,credit_card,17,2,6,0,eletrodomesticos_2,0.5904761904761905
O02051,0,2,363.15,77.46,0.3858,5,debit_card,15,2,6,0,carnes,0.6593406593406593
O04932,1,1,55.83,5.92,0.106,1,credit_card,8,2,6,0,fashion_calcados,0.5555555555555556
O04905,1,1,20.72,17.37,0.8383,2,debit_card,5,2,6,0,casa_iluminacao,0.3333333333333333
O00288,0,3,656.76,97.97,0.1487,3,boleto,20,2,6,0,casa_conforto,0.75
O04099,1,2,995.36,64.0,0.0643,3,credit_card,11,2,6,0,casa_garagem,0.39285714285714285
O03116,1,3,951.27,80.99,0.1126,6,credit_card,5,3,6,0,brinquedos,0.5642135642135642
O00698,0,1,476.91,30.93,0.0649,3,credit_card,20,3,6,0,seguros_servicos,0.5
O03607,0,2,454.66,31.46,0.0844,1,boleto,18,3,6,0,ferramentas_jardim,0.625
O01699,0,1,411.9,33.56,0.0815,1,boleto,23,3,6,0,sinalizacao_seguranca,0.6666666666666666
O01489,1,1,66.35,45.81,0.6904,2,boleto,6,3,6,0,esporte_lazer,0.5
O00642,1,1,266.84,21.33,0.0799,4,credit_card,8,3,6,0,casa_escritorio,0.7272727272727273
O03971,0,2,598.14,69.42,0.1149,1,credit_card,10,3,6,0,casa_jardim,0.4642857142857143
O02141,1,3,762.59,23.18,0.0348,4,debit_card,12,3,6,0,cama_mesa_banho,0.47532467532467537
O00881,1,2,749.35,69.61,0.1113,9,boleto,17,4,6,0,eletrodomesticos,0.48351648351648346
O04364,1,1,473.17,38.36,0.0811,2,voucher,18,4,6,0,cds_dvds_musicais,0.625
O01799,0,1,327.68,13.9,0.0424,9,credit_card,8,4,6,0,moveis_jardim,0.4444444444444444
O04793,0,3,562.54,63.46,0.1579,5,credit_card,8,4,6,0,casa_limpeza,0.5238095238095237
O04211,1,1,426.66,13.5,0.0316,7,debit_card,16,4,6,0,casa_banheiro,0.42857142857142855
O00985,1,3,889.17,64.76,0.0728,1,debit_card,6,4,6,0,artes,0.4690849380504553
O03329,0,3,856.95,88.06,0.1042,1,voucher,18,4,6,0,artigos_nautica,0.6055555555555555
O04828,1,1,126.71,23.94,0.1889,4,boleto,14,4,6,0,alimentos_bebidas,0.75
O00683,1,1,255.52,11.92,0.0466,12,credit_card,8,4,6,0,fashion_bolsas,0.5
O02170,0,3,346.19,61.84,0.5213,5,voucher,18,5,6,0,casa_quarto,0.5037878787878788
O01577,1,2,854.29,70.61,0.0824,5,boleto,18,5,6,0,casa_banheiro,0.6477272727272727
O02369,0,1,361.12,43.33,0.12,6,debit_card,14,5,6,0,fashion_roupa_feminina,0.5
O04403,1,1,425.6,33.21,0.078,1,debit_card,12,5,6,0,eletrodomesticos_2,0.6
O01435,0,1,44.6,11.56,0.2592,4,debit_card,14,5,6,0,moveis_escritorio,0.5714285714285714
O00522,0,1,200.12,23.33,0.1166,2,debit_card,20,6,6,0,malas_acessorios,0.2857142857142857
O03949,0,2,528.74,53.02,0.1422,1,credit_card,13,6,6,0,casa_garagem,0.6875
O03257,1,3,566.71,100.01,0.1777,1,voucher,7,6,6,0,cama_mesa_banho,0.3055555555555555
O01360,0,1,184.01,9.74,0.0529,9,voucher,21,6,6,0,cool_stuff,0.5555555555555556
O03728,1,1,229.69,35.44,0.1543,4,debit_card,16,6,6,0,construcao_ferramentas,0.42857142857142855
O01397,1,1,449.28,24.2,0.0539,7,credit_card,17,6,6,0,moveis_escritorio,0.3333333333333333
O02283,0,2,567.2,29.96,0.052,2,boleto,15,6,6,0,construcao_ferramentas,0.4494949494949495
O04347,0,2,263.48,29.8,0.2723,5,boleto,15,6,6,0,fashion_roupa_feminina,0.7642857142857142
O03900,0,1,340.38,26.71,0.0785,3,debit_card,20,6,6,0,moda_roupa,0.6
O01718,1,1,462.79,49.46,0.1069,6,boleto,19,6,6,0,casa_conforto,0.6
O01747,1,1,340.36,11.06,0.0325,2,debit_card,6,6,6,0,perfumaria,0.5
O02015,0,2,575.17,58.91,0.1188,5,voucher,25,0,6,0,fashion_bolsas,0.30952380952380953
O01905,1,2,736.58,33.37,0.0465,3,voucher,20,0,6,0,casa_escritorio,0.452991452991453
O04835,1,2,452.73,61.9,0.3154,1,voucher,5,0,6,0,moveis_decoracao,0.9
O01183,1,1,401.43,36.63,0.0912,3,credit_card,5,0,6,0,moveis_jardim,0.8333333333333334
O01549,0,2,505.75,20.64,0.0829,2,debit_card,23,0,6,0,eletroportateis,0.5494505494505495
O03967,0,1,110.54,16.5,0.1493,3,voucher,20,0,6,0,esporte_lazer,0.6666666666666666
O00127,1,3,713.87,61.57,0.0793,1,boleto,18,0,6,0,casa_banheiro,0.5111111111111111
O04874,1,2,967.32,46.33,0.0478,4,voucher,19,0,6,0,moveis_jardim,0.6785714285714286
O02621,1,1,39.82,11.5,0.2888,9,credit_card,13,1,6,0,beleza_saude,0.5
O02628,0,1,456.41,22.05,0.0483,2,voucher,20,1,6,0,artigos_nautica,0.625
O00823,0,1,249.91,19.41,0.0777,3,credit_card,20,1,6,0,fashion_esporte,0.4444444444444444
O03025,1,4,1205.24,174.72,0.221,4,credit_card,9,1,6,0,fashion_roupa_feminina,0.39642857142857146
O01913,0,1,370.34,32.59,0.088,3,credit_card,17,2,6,0,casa_limpeza,0.375
O03073,0,1,167.93,8.4,0.05,1,boleto,19,2,6,0,malas_acessorios,0.4
O00407,1,2,65.91,53.98,0.8073,1,boleto,7,2,6,0,construcao_ferramentas,0.7090909090909091
O01246,1,2,383.09,62.87,0.1644,1,boleto,6,3,6,0,moveis_decoracao,0.6318681318681318
O01143,0,1,104.59,35.62,0.3406,5,debit_card,21,3,6,0,portateis_casa_forno_cafe,0.5
O03392,0,2,177.78,70.86,0.4358,4,credit_card,15,3,6,0,cool_stuff,0.6346153846153846
O04964,0,2,442.89,68.36,0.151,5,voucher,22,3,6,0,casa_quarto,0.42727272727272725
O03137,0,1,148.69,9.06,0.0609,1,debit_card,23,3,6,0,artes,0.2857142857142857
O04443,0,1,141.01,40.38,0.2864,5,voucher,20,3,6,0,utilidades_domesticas,0.4
O01937,1,1,162.7,8.5,0.0522,1,credit_card,5,3,6,0,moveis_jardim,0.4166666666666667
O03448,0,2,847.59,41.5,0.0489,4,boleto,24,4,6,0,la_cuisine,0.5416666666666667
O03689,0,2,376.18,61.63,0.185,3,voucher,22,4,6,0,casa_limpeza,0.4083333333333333
O02993,1,1,48.04,7.78,0.1619,6,boleto,14,4,6,0,eletrodomesticos,0.4444444444444444
O04758,0,1,308.0,37.79,0.1227,5,debit_card,15,4,6,0,perfumaria,0.36363636363636365
O00714,0,2,222.13,78.07,0.3879,5,debit_card,11,4,6,0,casa_iluminacao,0.6944444444444444
O02429,0,1,41.9,19.03,0.4542,7,boleto,14,4,6,0,fashion_esporte,0.5714285714285714
O00921,0,1,393.35,39.78,0.1011,8,credit_card,19,4,6,0,fashion_roupa_masculina,0.4
O00046,0,2,269.02,25.58,0.1081,6,debit_card,16,4,6,0,alimentos_bebidas,0.16666666666666666
O01724,0,1,250.48,18.06,0.0721,2,credit_card,16,4,6,0,casa_quarto,0.75
O03436,0,1,465.89,20.49,0.044,5,credit_card,12,5,6,0,casa_jardim,0.8333333333333334
O01456,0,1,161.13,36.65,0.2275,3,debit_card,9,5,6,0,moveis_cozinha,0.3
O02022,0,1,256.08,13.11,0.0512,12,boleto,6,5,6,0,beleza_saude,0.0
O00392,1,1,92.06,22.38,0.2431,1,voucher,15,5,6,0,casa_escritorio,0.5
O02713,0,1,406.91,7.5,0.0184,1,credit_card,25,5,6,0,casa_garagem,0.0
O04495,0,4,1057.5,111.65,0.1424,1,credit_card,22,5,6,0,casa_conforto,0.47619047619047616
O04760,0,2,420.17,49.11,0.1634,5,debit_card,12,5,6,0,fraldas_higiene,0.4943181818181818
O04664,1,2,452.2,67.06,0.3998,4,boleto,6,5,6,0,artigos_nautica,0.5050505050505051
O01702,0,2,553.44,84.91,0.1531,5,boleto,22,6,6,0,casa_conforto,0.37777777777777777
O02091,1,5,868.88,99.53,0.6824,1,boleto,7,6,6,0,construcao_ferramentas,0.38555555555555554
O00807,0,1,58.1,36.38,0.6262,5,debit_card,10,6,6,0,brinquedos,0.6666666666666666
O02937,0,2,628.57,65.94,0.108,4,voucher,18,6,6,0,consoles_games,0.6666666666666666
O01156,0,1,415.28,30.09,0.0725,1,boleto,18,0,6,0,malas_acessorios,0.2857142857142857
O04337,1,1,275.23,44.44,0.1615,1,debit_card,24,0,6,0,construcao_ferramentas,0.8571428571428571
O03526,0,1,11.75,46.88,3.9898,2,voucher,14,0,6,0,casa_escritorio,0.5
O03490,0,1,338.62,12.0,0.0354,5,debit_card,22,0,6,0,instrumentos_musicais,0.6666666666666666
O03615,1,3,622.46,76.01,0.8187,1,credit_card,8,1,6,0,casa_conforto,0.27777777777777773
O04112,1,1,220.9,41.54,0.188,1,voucher,14,1,6,0,esporte_lazer,0.6
O03499,1,1,68.9,16.41,0.2382,1,credit_card,7,1,6,0,beleza_saude,0.5
O04467,0,2,764.92,86.79,0.1222,1,voucher,23,1,6,0,alimentos_bebidas,0.41666666666666663
O01881,0,2,584.02,62.04,0.112,2,voucher,13,1,6,0,moveis_jardim,0.6666666666666667
O01994,1,1,40.09,37.78,0.9424,3,voucher,15,1,6,0,portateis_casa_forno_cafe,0.7777777777777778
O01471,0,1,247.82,6.6,0.0266,3,debit_card,13,1,6,0,alimentos_bebidas,0.5
O04854,0,4,1080.66,167.79,0.2133,8,boleto,12,1,6,0,casa_escritorio,0.6049342105263158
O03911,0,1,346.02,18.17,0.0525,10,credit_card,21,2,6,0,perfumaria,0.875
O02777,0,1,440.63,19.84,0.045,7,boleto,21,2,6,0,moveis_cozinha,0.5
O01566,0,1,22.41,23.72,1.0585,4,credit_card,24,2,6,0,papelaria,0.375
O01983,0,2,432.78,31.69,0.0674,2,boleto,17,2,6,0,cool_stuff,0.6388888888888888
O00806,1,1,385.94,39.25,0.1017,1,boleto,7,3,6,0,pc_gamer,0.3333333333333333
O00086,0,1,63.09,13.54,0.2146,4,voucher,21,3,6,0,moveis_escritorio,0.2857142857142857
O00723,0,1,455.14,23.32,0.0512,1,boleto,25,3,6,0,fashion_underwear,0.7692307692307693
O03228,1,3,959.14,54.87,0.0768,2,boleto,7,3,6,0,artigos_nautica,0.6166666666666667
O02655,0,1,429.47,26.43,0.0615,1,boleto,17,3,6,0,construcao_ferramentas,0.8
O04683,1,1,260.22,21.72,0.0835,1,voucher,16,3,6,0,moveis_decoracao,0.5
O02122,0,1,273.49,49.11,0.1796,9,credit_card,20,4,6,0,casa_sala,0.6363636363636364
O01896,1,2,748.12,27.14,0.0388,5,boleto,5,4,6,0,livros_interesse,0.25
O03582,1,2,510.65,43.09,0.1953,3,credit_card,13,4,6,0,eletrodomesticos_2,0.6142857142857143
O03240,1,2,212.62,54.27,0.267,1,debit_card,20,4,6,0,casa_garagem,0.6388888888888888
O04312,1,1,244.47,16.23,0.0664,1,debit_card,13,5,6,0,moveis_presentes,0.3333333333333333
O00920,1,1,247.41,28.58,0.1155,1,voucher,8,5,6,0,casa_iluminacao,0.4166666666666667
O02897,1,3,440.65,81.82,0.2477,10,boleto,5,5,6,0,fashion_calcados,0.5444444444444444
O00381,0,1,126.84,49.6,0.391,7,debit_card,14,5,6,0,cool_stuff,0.5
O01161,0,2,562.92,60.42,0.1393,1,credit_card,23,5,6,0,casa_sala,0.6363636363636364
O02855,1,2,626.27,79.54,0.1803,2,boleto,8,6,6,0,beleza_saude,0.5
O03934,1,1,332.8,37.82,0.1136,12,debit_card,15,6,6,0,cama_mesa_banho,0.4
O03660,0,1,190.36,14.97,0.0786,3,boleto,9,6,6,0,sinalizacao_seguranca,0.6666666666666666
O00443,0,1,498.84,6.16,0.0123,1,boleto,24,6,6,0,casa_limpeza,0.42857142857142855
O02596,1,2,380.05,35.08,0.0927,3,boleto,21,6,6,0,artigos_nautica,0.3875
O03708,1,1,169.61,11.47,0.0676,2,boleto,15,6,6,0,alimentos_bebidas,0.8333333333333334
O04272,0,2,425.55,46.96,0.1574,7,debit_card,13,6,6,0,cool_stuff,0.7
O03523,1,2,799.85,44.91,0.0616,1,debit_card,24,0,6,0,livros_interesse,0.23636363636363636
O03082,0,2,268.0,72.32,1.3432,4,credit_card,16,0,6,0,casa_sala,0.4772727272727273
O02329,0,1,253.69,10.6,0.0418,7,boleto,16,1,6,0,artes,0.3333333333333333
O04493,0,3,912.18,100.56,0.1109,6,credit_card,12,1,6,0,casa_limpeza,0.6712962962962963
O01973,1,1,363.73,33.17,0.0912,1,credit_card,18,1,6,0,market_place,0.3333333333333333
O00792,0,2,367.27,80.36,0.2294,1,credit_card,19,1,6,0,automotivo,0.6666666666666666
O00373,1,1,128.76,42.17,0.3275,3,voucher,7,1,6,0,musica_arte,0.6
O04248,0,1,188.84,31.34,0.166,1,voucher,25,2,6,0,papelaria,0.42857142857142855
O01333,1,1,35.41,7.62,0.2152,10,debit_card,5,2,6,0,casa_banheiro,0.8571428571428571
O04291,1,1,11.6,34.46,2.9707,3,boleto,21,2,6,0,livros_interesse,0.5
O03676,0,1,92.43,43.33,0.4688,5,boleto,20,2,6,0,papelaria,0.2727272727272727
O01498,0,1,179.75,46.67,0.2596,3,boleto,17,2,6,0,artigos_nautica,0.25
O01778,0,2,552.82,23.08,0.059,4,debit_card,23,3,6,0,artes,0.625
O01820,1,2,381.53,50.45,0.2914,8,credit_card,9,3,6,0,brinquedos,0.6666666666666667
O02461,0,1,85.28,11.96,0.1402,8,voucher,15,3,6,0,artigos_nautica,0.6363636363636364
O03570,0,2,806.56,84.45,0.1109,7,voucher,14,3,6,0,casa_conforto,0.5178571428571428
O02966,1,1,318.03,27.58,0.0867,5,debit_card,16,3,6,0,audio,0.6363636363636364
O01654,1,2,451.18,58.53,0.2944,1,credit_card,12,3,6,0,casa_sala,0.5681818181818181
O01693,0,1,164.75,14.63,0.0888,1,boleto,14,4,6,0,eletroportateis,0.42857142857142855
O01887,1,1,154.52,14.93,0.0966,1,boleto,14,4,6,0,casa_utilidades,0.45454545454545453
O00273,1,2,306.01,72.34,0.3054,5,credit_card,5,5,7,0,consoles_games,0.4777777777777778
O04196,0,2,497.31,92.06,0.1975,1,credit_card,15,5,7,0,casa_limpeza,0.3307692307692308
O02164,1,4,1235.2,101.49,0.081,3,voucher,7,5,7,0,brinquedos,0.5176136363636363
O02033,1,4,1154.1,101.12,0.1388,7,voucher,22,5,7,0,casa_iluminacao,0.3325757575757576
O01017,0,3,847.3,54.88,0.0655,12,boleto,8,5,7,0,casa_construcao,0.6175925925925926
O04158,0,2,454.47,32.61,0.3306,1,voucher,23,5,7,0,eletroportateis,0.5138888888888888
O00283,1,1,464.02,8.18,0.0176,1,debit_card,10,5,7,0,bebes,0.5
O04307,1,1,436.77,26.28,0.0602,4,debit_card,18,6,7,0,casa_conforto,0.6666666666666666
O03355,0,2,258.93,44.78,0.2256,2,boleto,19,6,7,0,alimentos_bebidas,0.5833333333333333
O00192,1,2,681.93,51.7,0.0737,4,credit_card,5,6,7,0,casa_escritorio,0.6328671328671329
O04887,1,1,271.7,17.09,0.0629,8,credit_card,16,6,7,0,automotivo,0.5555555555555556
O01816,0,1,73.56,38.46,0.5228,2,boleto,25,6,7,0,cama_mesa_banho,0.6666666666666666
O00592,0,5,1667.48,181.23,0.1274,8,voucher,9,6,7,0,alimentos_bebidas,0.5861904761904762
O04870,0,1,385.92,5.28,0.0137,2,credit_card,18,6,7,0,casa_sala,0.75
O01483,1,1,385.16,6.46,0.0168,1,debit_card,7,6,7,0,fashion_underwear,0.7142857142857143
O01836,1,1,342.91,22.63,0.066,12,debit_card,11,0,7,0,fashion_bolsas,0.625
O02677,1,5,1429.83,118.8,0.3106,12,voucher,16,0,7,0,bebes,0.5457142857142857
O03024,1,1,17.65,42.0,2.3796,6,credit_card,19,0,7,0,casa_sala,0.6666666666666666
O01528,1,1,150.75,13.48,0.0894,4,credit_card,10,0,7,0,carnes,0.5
O04606,1,1,124.48,32.46,0.2608,3,credit_card,22,0,7,0,casa_escritorio,0.5
O01102,1,1,496.83,29.82,0.06,3,credit_card,6,0,7,0,cool_stuff,0.4444444444444444
O03018,0,2,466.94,72.0,0.1628,1,boleto,12,0,7,0,bebes,0.5272727272727272
O01646,0,2,590.78,73.57,0.1334,1,boleto,9,0,7,0,casa_limpeza,0.45751633986928103
O04089,0,1,55.71,44.74,0.8031,2,voucher,19,1,7,0,portateis_cozinha,0.46153846153846156
O00514,0,1,31.02,16.17,0.5213,5,debit_card,24,1,7,0,artes,0.5
O00429,1,1,282.74,13.19,0.0467,7,voucher,19,1,7,0,esporte_lazer,0.5
O02405,1,1,87.69,46.91,0.535,1,debit_card,25,1,7,0,casa_limpeza,0.5
O04646,0,1,193.13,43.86,0.2271,4,debit_card,24,2,7,0,eletronicos,0.3333333333333333
O03923,1,1,405.21,32.17,0.0794,2,debit_card,10,2,7,0,moda_roupa,0.3
O00805,0,2,469.8,42.33,0.096,4,debit_card,23,2,7,0,casa_garagem,0.5571428571428572
O00851,1,4,1621.04,101.45,0.0614,7,credit_card,10,2,7,0,casa_escritorio,0.6645382395382394
O02392,1,1,62.3,23.26,0.3734,1,debit_card,6,2,7,0,moveis_escritorio,0.8666666666666667
O02496,0,1,63.3,43.27,0.6836,2,credit_card,23,2,7,0,casa_limpeza,0.6666666666666666
O02546,0,1,477.26,29.04,0.0608,2,credit_card,24,2,7,0,seguros_servicos,0.5384615384615384
O02515,1,1,161.42,14.91,0.0924,5,debit_card,10,3,7,0,casa_outros,0.5714285714285714
O00304,1,2,816.66,37.48,0.0459,8,voucher,12,3,7,0,fashion_calcados,0.39743589743589747
O00403,0,2,745.78,42.96,0.0588,6,credit_card,15,3,7,0,market_place,0.5277777777777778
O01271,1,1,346.99,24.01,0.0692,5,boleto,11,3,7,0,moveis_escritorio,0.4444444444444444
O01531,1,2,629.45,58.34,0.0977,3,voucher,11,4,7,0,esporte_lazer,0.78125
O02751,1,1,339.86,32.81,0.0965,5,boleto,12,4,7,0,telefonia,0.4444444444444444
O03226,1,2,580.65,59.6,0.0963,3,voucher,6,4,7,0,automotivo,0.5101834862385322
O02162,1,1,38.1,9.67,0.2538,7,credit_card,11,4,7,0,perfumaria,0.3333333333333333
O01187,1,3,476.84,66.5,0.1983,7,voucher,24,4,7,0,casa_limpeza,0.3623321123321124
O03518,1,1,25.76,41.71,1.6192,1,voucher,13,5,7,0,casa_garagem,0.5
O00477,0,2,741.81,61.82,0.0851,1,debit_card,5,5,7,0,artigos_nautica,0.5857142857142856
O02818,0,2,391.46,22.24,0.0836,3,voucher,25,5,7,0,carnes,0.6571428571428571
O00544,0,2,734.8,53.94,0.0869,4,credit_card,15,5,7,0,fashion_roupa_masculina,0.5584415584415584
O02548,1,1,221.21,24.78,0.112,3,voucher,13,5,7,0,musica_arte,0.5714285714285714
O04450,1,2,580.38,60.3,0.1646,3,voucher,5,6,7,0,casa_garagem,0.5277777777777778
O00148,1,2,652.03,72.77,0.1214,1,voucher,8,6,7,0,construcao_ferramentas,0.5982142857142857
O04816,1,2,462.64,85.16,0.6752,2,credit_card,20,6,7,0,casa_utilidades,0.4583333333333333
O00688,0,1,44.05,19.18,0.4354,3,debit_card,25,6,7,0,eletronicos,0.625
O04107,0,1,335.73,32.24,0.096,5,debit_card,24,6,7,0,fashion_esporte,0.16666666666666666
O03282,0,3,387.21,65.66,0.5293,1,boleto,6,6,7,0,casa_jardim,0.4166666666666667
O04954,0,1,143.98,31.79,0.2208,6,credit_card,15,0,7,0,moveis_jardim,0.5833333333333334
O01999,0,1,391.98,28.93,0.0738,4,debit_card,24,0,7,0,market_place,0.5833333333333334
O04633,0,2,410.18,57.06,0.1882,1,debit_card,14,0,7,0,fashion_underwear,0.5446428571428572
O02935,0,1,38.05,45.62,1.1989,2,boleto,25,0,7,0,musica_arte,0.4
O03538,0,2,250.76,69.55,0.571,3,credit_card,23,0,7,0,construcao_ferramentas,0.575
O00873,0,2,621.94,25.67,0.0422,1,voucher,15,1,7,0,casa_construcao,0.875
O02297,1,3,1051.78,61.73,0.0624,3,boleto,25,1,7,0,cama_mesa_banho,0.615079365079365
O03874,1,1,456.86,44.99,0.0985,6,voucher,12,1,7,0,market_place,0.45454545454545453
O04551,0,1,317.96,34.66,0.109,10,voucher,22,1,7,0,market_place,0.42857142857142855
O00617,1,1,231.51,20.26,0.0875,7,boleto,14,2,7,0,perfumaria,0.5555555555555556
O04800,0,2,622.12,57.03,0.0982,1,debit_card,11,2,7,0,consoles_games,0.55
O04170,1,1,146.43,25.86,0.1766,1,voucher,12,2,7,0,telefonia,0.6
O02390,1,1,198.11,31.23,0.1576,5,voucher,23,3,7,0,instrumentos_musicais,0.0
O03896,1,1,358.5,39.96,0.1115,6,boleto,10,3,7,0,telefonia,0.5
O00078,0,2,306.08,60.7,0.1796,8,credit_card,18,3,7,0,consoles_games,0.6111111111111112
O01294,1,2,540.12,62.66,0.1158,2,voucher,7,3,7,0,consoles_games,0.5299145299145299
O01461,0,1,329.65,8.38,0.0254,4,boleto,13,3,7,0,fashion_esporte,0.5454545454545454
O03862,1,1,274.63,19.9,0.0725,1,voucher,13,3,7,0,portateis_cozinha,0.4666666666666667
O00172,0,1,333.11,39.77,0.1194,4,boleto,16,4,7,0,livros_interesse,0.3333333333333333
O02425,1,2,282.24,49.83,0.4411,9,credit_card,8,4,7,0,seguros_servicos,0.5476190476190476
O02704,1,1,179.3,10.12,0.0564,5,debit_card,18,4,7,0,beleza_saude,0.375
O01670,1,2,545.56,48.44,0.0907,1,boleto,19,4,7,0,casa_banheiro,0.75
O02787,1,1,481.77,27.57,0.0572,2,credit_card,21,4,7,0,construcao_ferramentas,0.7
O04688,1,1,251.5,45.21,0.1798,5,credit_card,22,4,7,0,casa_escritorio,0.6666666666666666
O03222,1,2,851.55,34.63,0.0406,1,voucher,7,5,7,0,moveis_cozinha,0.55
O00185,1,1,139.74,34.1,0.244,3,voucher,6,5,7,0,moveis_presentes,0.7272727272727273
O00143,1,2,510.25,48.17,0.0944,10,boleto,21,5,7,0,livros_interesse,0.47916666666666663
O02588,0,2,768.69,45.85,0.0599,2,credit_card,21,5,7,0,casa_banheiro,0.7333333333333334
O04012,0,1,137.94,33.94,0.246,4,voucher,13,5,7,0,casa_construcao,0.5714285714285714
O02848,0,1,479.08,33.19,0.0693,1,debit_card,20,5,7,0,moveis_sala,0.5384615384615384
O02257,0,1,53.14,36.5,0.6869,4,debit_card,20,5,7,0,seguros_servicos,0.6666666666666666
O04183,0,2,914.95,53.96,0.0589,2,boleto,23,6,7,0,eletrodomesticos_2,0.6923076923076923
O04773,1,1,292.99,29.79,0.1017,2,voucher,24,6,7,0,carnes,0.6363636363636364
O00721,0,2,74.81,68.65,1.7254,2,debit_card,18,6,7,0,papelaria,0.5083333333333333
O01349,0,1,104.71,32.63,0.3116,3,voucher,24,6,7,0,perfumaria,0.5
O03868,1,2,385.22,63.95,0.9722,1,boleto,18,6,7,0,alimentos_bebidas,0.45
O01001,0,1,154.6,25.93,0.1677,3,credit_card,24,0,7,0,informatica_acessorios,0.4
O03629,0,1,353.94,30.34,0.0857,3,boleto,22,0,7,0,audio,0.6
O00569,0,1,318.17,5.11,0.0161,1,boleto,7,0,7,0,fashion_underwear,0.6666666666666666
O00091,0,2,363.1,88.48,0.2443,1,boleto,25,0,7,0,casa_escritorio,0.49547511312217196
O00976,1,4,1311.31,161.48,0.2141,1,voucher,15,0,7,0,beleza_saude,0.6517045454545454
O04484,1,1,125.93,33.08,0.2627,8,boleto,19,0,7,0,alimentos_bebidas,0.5
O00072,1,2,781.02,64.61,0.0821,1,debit_card,6,0,7,0,alimentos_bebidas,0.6636363636363636
O00756,0,5,2025.12,174.36,0.0937,5,debit_card,23,0,7,0,casa_jardim,0.36147186147186144
O02594,1,3,1213.98,53.35,0.043,2,boleto,7,0,7,0,casa_iluminacao,0.4801587301587302
O04475,0,2,417.26,35.0,0.0778,5,debit_card,13,0,7,0,malas_acessorios,0.40404040404040403
O04796,0,2,513.58,76.79,0.1941,1,debit_card,16,0,7,0,carnes,0.6188811188811189
O01649,0,1,389.56,25.84,0.0663,1,debit_card,25,1,7,0,alimentos_bebidas,0.45454545454545453
O00108,0,2,537.09,50.41,0.1259,1,voucher,25,1,7,0,eletrodomesticos_2,0.5142857142857142
O00762,0,2,876.86,60.1,0.0681,5,credit_card,13,1,7,0,carnes,0.3142857142857143
O00715,0,1,449.1,21.87,0.0487,4,boleto,6,2,7,0,casa_banheiro,0.5
O01169,1,1,216.94,24.7,0.1139,7,debit_card,12,2,7,0,telefonia,1.0
O02084,1,1,262.4,15.54,0.0592,1,voucher,11,2,7,0,casa_lavanderia,0.5
O03204,0,1,427.13,29.55,0.0692,4,voucher,25,2,7,0,artes,0.6666666666666666
O04470,0,5,992.45,71.58,0.096,3,debit_card,12,2,7,0,fashion_calcados,0.5511399711399712
O03477,1,2,524.5,77.91,0.4755,4,voucher,7,2,7,0,carnes,0.538961038961039
O04527,0,1,415.14,29.23,0.0704,3,credit_card,22,3,7,0,audio,0.5384615384615384
O02200,1,4,751.36,90.12,0.275,2,credit_card,7,3,7,0,carnes,0.5
O03492,0,1,422.32,44.87,0.1062,1,debit_card,15,3,7,0,construcao_ferramentas,0.375
O01940,1,1,308.91,6.9,0.0223,5,debit_card,14,4,7,0,casa_escritorio,0.375
O03023,0,1,416.28,20.68,0.0497,4,voucher,14,4,7,0,fashion_calcados,0.26666666666666666
O02304,0,4,1161.22,119.29,0.1103,3,credit_card,5,4,7,0,audio,0.4518398268398268
O02489,1,1,416.44,7.8,0.0187,2,credit_card,12,4,7,0,fraldas_higiene,0.35714285714285715
O02919,1,2,635.09,46.89,0.0738,5,debit_card,7,4,7,0,eletrodomesticos,0.3246753246753247
O03566,1,2,883.93,72.83,0.0825,4,boleto,21,4,7,0,audio,0.4375
O02552,0,1,359.46,40.69,0.1132,2,boleto,24,4,7,0,moveis_cozinha,0.6666666666666666
O00286,1,1,79.45,5.22,0.0657,2,credit_card,13,4,7,0,fashion_roupa_feminina,0.6
O00568,0,2,576.61,54.39,0.1069,1,credit_card,17,5,7,0,audio,0.3307692307692308
O04113,1,1,368.42,29.77,0.0808,8,voucher,19,5,7,0,bebes,0.625
O02943,0,1,230.99,29.33,0.127,2,boleto,22,5,7,0,casa_utilidades,0.2
O04280,0,2,618.71,45.47,0.1304,9,voucher,19,5,7,0,la_cuisine,0.6
O00869,0,1,144.34,25.48,0.1765,4,voucher,16,5,7,0,casa_outros,0.4166666666666667
O02800,0,1,94.16,23.54,0.25,7,credit_card,23,5,7,0,fraldas_higiene,0.3
O03264,1,1,471.49,10.95,0.0232,4,boleto,15,5,7,0,brinquedos,0.2
O04480,1,2,669.23,58.35,0.0845,2,boleto,11,5,7,0,alimentos_bebidas,0.48809523809523814
O02213,1,1,125.22,26.33,0.2103,5,boleto,6,5,7,0,market_place,0.3333333333333333
O02698,1,1,336.85,15.57,0.0462,5,boleto,10,5,7,0,eletrodomesticos_2,0.5
O02989,0,1,421.71,37.18,0.0882,2,debit_card,12,5,7,0,moveis_cozinha,0.3333333333333333
O00834,1,2,534.29,37.24,0.0662,2,debit_card,15,6,7,0,casa_lavanderia,0.6190476190476191
O03691,0,3,1109.9,114.12,0.1035,2,debit_card,21,6,7,0,casa_utilidades,0.45054945054945056
O02865,1,2,186.09,67.65,0.4129,1,debit_card,11,6,7,0,automotivo,0.5833333333333334
O01479,1,1,260.33,35.4,0.136,1,debit_card,7,0,7,0,artes,0.7272727272727273
O03170,0,1,403.57,8.68,0.0215,4,boleto,8,0,7,0,portateis_casa_forno_cafe,0.8571428571428571
O04873,1,1,101.23,44.94,0.4439,1,debit_card,16,0,7,0,fraldas_higiene,0.3333333333333333
O00735,1,2,536.37,66.02,0.1247,7,boleto,5,0,7,0,perfumaria,0.5
O04607,0,1,55.6,26.44,0.4755,1,credit_card,25,1,7,0,casa_escritorio,0.5555555555555556
O01474,1,1,120.39,49.11,0.4079,6,boleto,16,1,7,0,casa_outros,0.375
O03330,0,2,556.05,45.28,0.097,2,debit_card,17,1,7,0,fashion_underwear,0.625
O01100,1,1,134.89,21.15,0.1568,4,debit_card,21,1,7,0,bebes,0.6666666666666666
O04966,0,1,444.68,33.03,0.0743,5,credit_card,21,2,7,0,perfumaria,0.38461538461538464
O02232,1,1,64.98,36.77,0.5659,3,boleto,6,2,7,0,utilidades_domesticas,0.3333333333333333
O04061,0,3,375.38,49.54,0.4893,4,credit_card,12,2,7,0,casa_escritorio,0.49966329966329964
O04344,0,1,27.11,48.6,1.7927,3,boleto,14,2,7,0,sinalizacao_seguranca,0.6666666666666666
O03295,1,1,292.54,48.24,0.1649,10,credit_card,5,3,7,0,eletronicos,0.6
O02209,1,1,343.07,10.9,0.0318,3,voucher,7,3,7,0,casa_cozinha,0.5
O04794,1,2,292.29,39.2,0.1305,1,boleto,10,4,7,0,casa_garagem,0.5416666666666667
O04069,0,2,583.09,69.01,0.1259,6,voucher,13,4,7,0,dvds_blu_ray,0.325
O02171,0,1,14.71,29.18,1.9837,2,credit_card,21,4,7,0,perfumaria,0.36363636363636365
O00871,0,1,417.98,26.11,0.0625,1,credit_card,24,4,7,0,moveis_decoracao,0.6666666666666666
O02126,1,1,369.32,42.14,0.1141,5,credit_card,17,4,7,0,moveis_colchao_estofado,0.6363636363636364
O03057,1,2,324.88,51.23,0.1542,1,debit_card,16,5,7,0,casa_escritorio,0.7321428571428572
O01734,0,2,173.89,57.63,0.3914,1,debit_card,13,5,7,0,carnes,0.45054945054945056
O04132,1,1,400.7,6.81,0.017,10,voucher,14,5,7,0,portateis_casa_forno_cafe,0.6
O04618,0,1,268.96,45.64,0.1697,2,voucher,12,5,7,0,market_place,0.5
O02785,1,2,495.92,59.97,0.1225,2,boleto,18,5,7,0,esporte_lazer,0.4943181818181818
O01255,1,1,212.53,6.3,0.0296,4,debit_card,13,6,7,0,fashion_roupa_masculina,0.4375
O02292,0,2,600.1,36.79,0.0769,1,voucher,5,6,7,0,portateis_cozinha,0.5357142857142857
O02259,0,2,596.1,50.24,0.1789,1,debit_card,22,6,7,0,la_cuisine,0.5
O01457,0,3,751.99,68.4,0.0866,9,voucher,8,6,7,0,casa_conforto_2,0.5037037037037037
O00285,0,1,255.63,49.82,0.1949,3,debit_card,22,6,7,0,moveis_presentes,0.4375
O01588,1,2,442.46,77.51,0.2926,1,boleto,12,0,7,0,alimentos_bebidas,0.37777777777777777
O02991,1,2,133.79,28.02,0.3997,1,boleto,13,0,7,0,casa_escritorio,0.7836538461538461
O04950,1,1,120.91,39.69,0.3283,9,voucher,20,0,7,0,perfumaria,0.4166666666666667
O02159,0,1,274.96,22.89,0.0832,1,debit_card,19,0,7,0,casa_escritorio,0.625
O00537,1,1,116.37,38.5,0.3308,1,voucher,13,0,7,0,market_place,0.5
O04571,0,5,1104.9,175.4,0.1891,3,voucher,19,1,8,0,automotivo,0.5476190476190477
O01455,1,1,62.38,8.25,0.1323,3,credit_card,11,1,8,0,artigos_nautica,0.375
O00296,1,1,104.5,32.39,0.31,1,credit_card,15,1,8,0,moveis_presentes,0.6363636363636364
O00445,1,4,1110.77,146.03,0.1551,3,debit_card,10,1,8,0,casa_iluminacao,0.5
O03135,1,1,177.75,11.14,0.0627,3,debit_card,10,1,8,0,fashion_bolsas,0.4166666666666667
O03186,1,1,495.52,31.92,0.0644,3,credit_card,9,1,8,0,moveis_cozinha,0.35714285714285715
O01287,0,1,285.49,23.99,0.084,3,credit_card,7,1,8,0,carnes,0.25
O01213,1,1,313.34,44.82,0.143,8,credit_card,19,1,8,0,casa_outros,0.8333333333333334
O04853,0,3,447.43,92.53,0.2198,1,boleto,17,2,8,0,cool_stuff,0.47373737373737373
O01807,0,2,192.3,48.55,0.2422,9,credit_card,24,2,8,0,casa_conforto,0.5982142857142857
O03569,1,3,427.01,39.18,0.1063,5,credit_card,6,2,8,0,carnes,0.4022556390977443
O01547,0,1,212.09,31.13,0.1468,12,boleto,20,2,8,0,moveis_escritorio,0.8333333333333334
O04271,0,3,828.67,62.73,0.0809,2,credit_card,18,3,8,0,artigos_nautica,0.7083333333333334
O03041,0,3,597.85,90.08,0.1824,1,voucher,22,3,8,0,alimentos_bebidas,0.47921522921522924
O01415,1,1,357.63,43.55,0.1218,5,boleto,11,3,8,0,moveis_escritorio,0.4
O01325,1,2,332.18,56.62,0.1822,1,boleto,18,3,8,0,casa_jardim,0.5934065934065934
O01272,1,1,155.85,19.41,0.1245,4,voucher,12,3,8,0,la_cuisine,0.5
O04933,1,1,123.15,29.82,0.2421,1,boleto,14,3,8,0,moveis_colchao_estofado,0.4444444444444444
O04754,0,1,349.0,23.11,0.0662,4,credit_card,20,4,8,0,casa_garagem,0.42857142857142855
O04963,0,2,266.75,57.31,0.4389,6,debit_card,23,4,8,0,cool_stuff,0.35
O03146,0,1,310.19,17.84,0.0575,2,voucher,17,4,8,0,artigos_nautica,0.5
O04783,0,2,532.74,63.39,0.2797,2,boleto,21,4,8,0,moveis_quarto,0.5307692307692308
O00050,1,2,427.26,53.5,0.3521,1,credit_card,24,4,8,0,moveis_cozinha,0.44155844155844154
O03726,0,1,465.05,20.9,0.0449,1,credit_card,20,4,8,0,cool_stuff,0.375
O03834,1,1,79.27,16.92,0.2134,1,voucher,5,5,8,0,sinalizacao_seguranca,0.8
O04620,1,1,291.78,26.46,0.0907,4,credit_card,16,5,8,0,casa_banheiro,0.5
O00226,0,1,43.46,45.62,1.0497,3,credit_card,13,5,8,0,alimentos_bebidas,0.3333333333333333
O02899,0,1,18.8,28.5,1.516,3,credit_card,25,5,8,0,dvds_blu_ray,0.5
O02627,0,1,113.09,44.17,0.3906,9,boleto,25,6,8,0,relogios_presentes,0.5555555555555556
O00694,1,2,648.03,30.57,0.0444,1,boleto,9,6,8,0,carnes,0.5512820512820513
O01982,0,1,414.77,7.68,0.0185,6,boleto,22,6,8,0,papelaria,0.8823529411764706
O03349,0,2,488.87,86.39,2.2206,6,boleto,14,6,8,0,eletroportateis,0.39610389610389607
O01297,1,1,245.71,33.21,0.1352,7,debit_card,6,6,8,0,moveis_sala,0.8333333333333334
O01063,0,2,192.43,54.79,0.2803,1,credit_card,8,0,8,0,musica_arte,0.6318681318681318
O03715,0,1,42.0,9.15,0.2179,1,voucher,21,0,8,0,portateis_cozinha,0.7142857142857143
O02557,1,1,212.57,29.08,0.1368,3,voucher,13,0,8,0,audio,0.5833333333333334
O02002,0,1,296.23,48.59,0.164,3,boleto,19,0,8,0,eletronicos,0.6666666666666666
O04032,0,2,388.5,72.86,0.1955,2,credit_card,23,1,8,0,moveis_decoracao,0.5972222222222222
O02942,1,1,402.95,45.73,0.1135,3,boleto,6,2,8,0,casa_jardim,0.6666666666666666
O04395,0,1,115.37,18.38,0.1593,2,voucher,22,2,8,0,carnes,0.3333333333333333
O00202,0,1,134.11,49.0,0.3654,3,credit_card,22,2,8,0,flores,0.6923076923076923
O04718,1,2,568.31,46.98,0.0893,3,debit_card,16,2,8,0,casa_garagem,0.45
O01224,1,1,442.95,48.99,0.1106,7,voucher,9,2,8,0,eletronicos,0.42857142857142855
O01953,1,1,454.25,41.57,0.0915,6,boleto,17,2,8,0,construcao_ferramentas,0.38461538461538464
O01846,1,1,229.32,47.22,0.2059,3,boleto,12,2,8,0,consoles_games,0.8
O01621,1,1,484.52,25.33,0.0523,1,boleto,24,2,8,0,informatica_acessorios,0.5
O03563,0,2,214.98,76.87,0.3541,1,debit_card,5,2,8,0,moveis_decoracao,0.5576923076923077
O03070,0,1,418.98,39.69,0.0947,1,voucher,23,3,8,0,livros_interesse,0.3333333333333333
O03134,1,1,261.1,8.54,0.0327,12,debit_card,6,3,8,0,brinquedos,0.5333333333333333
O03969,1,2,241.99,78.47,1.0924,6,debit_card,12,3,8,0,la_cuisine,0.49404761904761907
O01785,0,3,747.64,117.6,0.1938,1,voucher,7,3,8,0,cool_stuff,0.5376984126984127
O01770,0,3,682.54,77.36,0.2629,1,voucher,24,3,8,0,casa_iluminacao,0.5429292929292929
O04857,1,1,463.66,43.85,0.0946,1,debit_card,13,3,8,0,moveis_colchao_estofado,0.6
O04675,0,1,422.56,11.23,0.0266,7,debit_card,22,4,8,0,moveis_decoracao,0.4444444444444444
O03125,1,2,585.78,30.56,0.0724,8,boleto,15,4,8,0,casa_iluminacao,0.452991452991453
O01404,0,2,263.98,58.57,0.353,3,voucher,24,4,8,0,livros_interesse,0.6785714285714286
O01736,1,1,13.48,6.04,0.4481,5,debit_card,14,4,8,0,moveis_sala,0.8571428571428571
O01109,0,2,685.97,83.02,0.1313,3,voucher,18,4,8,0,fashion_esporte,0.4444444444444444
O00612,1,3,1204.51,109.8,0.1044,2,credit_card,16,4,8,0,audio,0.5126262626262627
O04088,1,1,72.28,12.44,0.1721,3,boleto,14,4,8,0,relogios_presentes,0.5152015862524785
O04010,1,1,27.25,16.5,0.6055,1,credit_card,19,4,8,0,artes,0.5714285714285714
O01584,0,1,166.48,18.56,0.1115,1,voucher,21,4,8,0,construcao_ferramentas,0.7857142857142857
O02407,1,2,462.16,70.39,0.154,3,credit_card,14,5,8,0,audio,0.425
O02538,1,5,790.92,201.09,0.9347,6,boleto,6,5,8,0,carnes,0.6733974358974358
O03423,0,1,26.63,11.02,0.4138,5,credit_card,22,5,8,0,instrumentos_musicais,0.0
O02466,0,2,337.43,80.42,0.2507,3,voucher,15,5,8,0,fashion_roupa_feminina,0.5982142857142857
O03574,1,1,92.65,8.6,0.0928,4,debit_card,7,5,8,0,casa_utilidades,0.3333333333333333
O03815,1,1,259.54,16.7,0.0643,9,debit_card,10,5,8,0,fashion_calcados,0.42857142857142855
O02806,1,5,683.08,102.9,0.2978,3,debit_card,8,5,8,0,alimentos_bebidas,0.5019841269841271
O03968,0,1,329.76,47.93,0.1453,1,credit_card,21,5,8,0,musica_arte,0.6363636363636364
O04614,0,3,1078.2,121.94,0.1236,7,boleto,18,5,8,0,casa_outros,0.563125763125763
O04147,1,1,157.87,29.36,0.186,4,voucher,5,5,8,0,casa_garagem,0.5333333333333333
O02850,0,1,406.81,39.11,0.0961,3,debit_card,15,6,8,0,moda_roupa,0.5
O02144,0,1,236.05,7.12,0.0302,2,credit_card,8,6,8,0,moveis_jardim,0.6153846153846154
O04412,0,1,420.53,17.85,0.0424,1,credit_card,25,6,8,0,musica_arte,0.4
O04243,0,2,726.67,54.97,0.0925,2,debit_card,22,6,8,0,seguros_servicos,0.6192307692307693
O00725,0,1,130.82,8.23,0.0629,1,boleto,10,6,8,0,fashion_roupa_masculina,0.8571428571428571
O03099,1,2,816.98,51.02,0.058,1,credit_card,16,6,8,0,cool_stuff,0.40404040404040403
O04134,1,1,114.81,5.74,0.05,1,voucher,13,6,8,0,moveis_escritorio,0.3
O01977,0,3,682.01,114.2,0.8989,3,voucher,9,0,8,0,casa_garagem,0.4160714285714286
O04214,1,2,337.25,67.3,0.2115,2,credit_card,15,0,8,0,moveis_cozinha,0.6517857142857143
O02104,0,1,100.61,17.69,0.1758,3,credit_card,25,0,8,0,casa_conforto_2,0.5555555555555556
O00270,0,1,63.33,38.03,0.6005,7,boleto,24,0,8,0,moda_roupa,0.3
O03363,1,2,614.21,56.86,0.0842,8,voucher,15,0,8,0,consoles_games,0.5192307692307692
O04427,0,1,50.05,20.04,0.4004,2,credit_card,24,0,8,0,casa_iluminacao,0.8571428571428571
O02464,1,2,407.28,55.32,0.1481,1,voucher,10,0,8,0,casa_conforto_2,0.4431818181818182
O01370,1,1,90.81,31.84,0.3506,5,boleto,10,0,8,0,telefonia,0.4
O00672,1,1,296.43,42.63,0.1438,5,boleto,6,0,8,0,casa_limpeza,0.23076923076923078
O00062,0,1,65.73,30.13,0.4584,7,boleto,8,0,8,0,moveis_decoracao,0.6666666666666666
O01575,1,2,247.58,59.56,0.2713,5,credit_card,8,1,8,0,brinquedos,0.4928571428571428
O04825,0,1,108.59,49.35,0.4545,1,voucher,17,1,8,0,seguros_servicos,0.5
O00472,1,1,240.61,25.39,0.1055,1,debit_card,7,1,8,0,cool_stuff,0.8
O03033,1,5,551.61,115.43,0.4732,2,boleto,8,1,8,0,casa_escritorio,0.5257575757575756
O02176,0,3,376.84,103.49,0.3213,1,debit_card,23,1,8,0,casa_conforto_2,0.5833333333333334
O03965,0,2,232.7,77.11,0.3257,7,boleto,23,1,8,0,beleza_saude,0.4777777777777778
O02284,0,2,490.41,68.34,0.1724,5,boleto,25,1,8,0,moveis_decoracao,0.5718954248366013
O01837,0,2,761.39,46.9,0.0614,12,credit_card,14,2,8,0,fashion_bolsas,0.35416666666666663
O01690,0,1,436.64,19.41,0.0445,2,credit_card,22,2,8,0,casa_conforto_2,0.6923076923076923
O00502,0,1,258.55,14.28,0.0552,3,boleto,13,2,8,0,papelaria,0.6428571428571429
O00739,0,1,445.85,17.01,0.0382,10,voucher,19,2,8,0,cool_stuff,0.4166666666666667
O00958,1,1,378.76,31.26,0.0825,1,voucher,18,3,8,0,casa_garagem,0.5
O00865,0,1,452.55,44.24,0.0978,6,credit_card,12,3,8,0,casa_garagem,0.42857142857142855
O04805,1,3,837.76,33.99,0.0545,6,credit_card,8,3,8,0,casa_lavanderia,0.5
O02026,0,2,771.35,68.02,0.0982,1,boleto,23,3,8,0,fashion_bolsas,0.6746031746031746
O03139,0,1,199.49,19.48,0.0976,4,credit_card,24,3,8,0,fashion_roupa_feminina,0.6
O02678,1,1,325.52,36.33,0.1116,3,credit_card,10,3,8,0,eletrodomesticos_2,0.6
O04589,1,1,356.97,16.05,0.045,4,voucher,17,3,8,0,cool_stuff,0.42857142857142855
O00662,0,2,58.23,80.62,2.0118,3,boleto,9,3,8,0,construcao_ferramentas,0.5555555555555556
O04082,1,1,231.2,31.75,0.1373,1,credit_card,5,3,8,0,relogios_presentes,0.6428571428571429
O04034,1,1,58.78,14.54,0.2474,3,credit_card,13,4,8,0,moveis_decoracao,0.38461538461538464
O00342,0,2,603.03,67.47,0.1449,1,boleto,13,4,8,0,alimentos_bebidas,0.5375
O02487,1,1,441.44,21.39,0.0485,3,voucher,6,4,8,0,casa_quarto,0.5
O00616,1,1,315.6,44.86,0.1421,2,credit_card,18,4,8,0,casa_jardim,0.38461538461538464
O00623,1,1,495.53,13.51,0.0273,6,voucher,8,4,8,0,casa_lavanderia,0.1111111111111111
O03037,0,1,52.24,19.4,0.3714,2,boleto,11,4,8,0,eletronicos,0.125
O01602,0,1,247.71,47.23,0.1907,1,boleto,25,4,8,0,perfumaria,0.4117647058823529
O04402,0,1,111.94,8.77,0.0783,4,boleto,5,4,8,0,portateis_cozinha,0.6153846153846154
O02921,0,2,445.26,47.49,0.1715,1,debit_card,17,5,8,0,artes,0.6944444444444444
O00753,1,1,405.15,32.36,0.0799,3,credit_card,16,5,8,0,carnes,0.6363636363636364
O04775,1,2,187.77,70.97,0.4826,4,boleto,23,5,8,0,perfumaria,0.303030303030303
O04223,1,2,164.71,33.13,0.3086,7,voucher,13,6,8,0,eletrodomesticos_2,0.5267857142857143
O02016,1,1,421.06,23.16,0.055,1,boleto,9,6,8,0,casa_utilidades,0.5
O03385,0,1,44.64,29.3,0.6564,1,boleto,11,6,8,0,casa_utilidades,0.2727272727272727
O00649,0,2,707.14,44.57,0.0767,2,credit_card,7,6,8,0,casa_garagem,0.575
O03849,1,3,731.04,61.22,0.1381,2,credit_card,18,6,8,0,artes,0.5682539682539681
O04741,0,1,444.36,28.49,0.0641,6,credit_card,11,6,8,0,moveis_quarto,0.3333333333333333
O00548,0,2,76.89,63.67,0.8195,2,voucher,13,6,8,0,moveis_decoracao,0.525
O00671,0,1,469.3,28.0,0.0597,2,voucher,25,6,8,0,casa_construcao,0.5833333333333334
O03454,1,2,743.36,91.76,0.1301,1,boleto,7,6,8,0,casa_outros,0.6
O00496,1,1,164.42,14.24,0.0866,1,boleto,14,0,8,0,casa_conforto,0.3
O04544,1,1,198.96,29.71,0.1493,7,debit_card,21,0,8,0,casa_cozinha,1.0
O03943,1,1,347.44,10.35,0.0298,2,boleto,10,0,8,0,moveis_cozinha,0.8571428571428571
O01318,0,3,934.52,125.15,0.2254,7,boleto,24,0,8,0,alimentos_bebidas,0.5333333333333333
O04139,1,1,349.48,28.88,0.0826,4,voucher,9,0,8,0,ferramentas_jardim,0.4
O01509,0,2,471.72,46.77,0.1561,7,voucher,21,0,8,0,casa_garagem,0.4583333333333333
O04418,0,2,413.66,35.41,0.0849,3,voucher,24,0,8,0,fraldas_higiene,0.37362637362637363
O00100,1,1,46.31,29.41,0.6351,2,credit_card,9,0,8,0,eletrodomesticos,0.46153846153846156
O00505,1,2,759.33,41.14,0.0546,1,credit_card,6,0,8,0,carnes,0.44155844155844154
O02410,1,1,137.75,49.44,0.3589,4,voucher,7,1,8,0,casa_iluminacao,0.47058823529411764
O03890,0,1,62.11,18.66,0.3004,4,debit_card,10,1,8,0,flores,0.3
O00837,0,1,99.71,41.99,0.4211,2,credit_card,12,1,8,0,bebes,0.5714285714285714
O02500,0,1,75.46,27.87,0.3693,1,voucher,17,1,8,0,casa_garagem,0.8666666666666667
O01211,0,1,438.75,12.58,0.0287,6,credit_card,21,2,8,0,fashion_bolsas,0.5555555555555556
O03554,0,2,576.18,51.05,0.1637,12,credit_card,9,2,8,0,casa_banheiro,0.3871794871794872
O00576,1,1,72.61,17.25,0.2376,1,debit_card,17,2,8,0,artes,0.5555555555555556
O01656,1,1,143.02,42.53,0.2974,4,credit_card,25,2,8,0,alimentos_bebidas,0.23076923076923078
O03505,0,3,765.87,121.02,0.1863,2,boleto,10,2,8,0,automotivo,0.6251461988304093
O01431,1,2,471.78,39.22,0.2163,1,voucher,7,2,8,0,beleza_saude,0.6136363636363636
O04328,1,2,260.62,55.94,0.6528,3,boleto,6,2,8,0,alimentos_bebidas,0.4818181818181818
O04338,1,3,319.93,87.02,0.3293,2,voucher,17,2,8,0,carnes,0.3888888888888889
O01520,1,1,90.39,26.41,0.2922,5,credit_card,7,3,8,0,casa_cozinha,0.8571428571428571
O02427,0,2,481.68,73.32,0.4669,5,credit_card,11,3,8,0,beleza_saude,0.595959595959596
O04743,1,1,366.6,16.11,0.0439,5,debit_card,9,3,8,0,construcao_ferramentas,0.625
O04701,1,2,169.95,54.32,0.4864,6,credit_card,12,3,8,0,casa_quarto,0.4914772727272727
O03527,1,1,413.31,15.62,0.0378,1,credit_card,16,3,8,0,fashion_bolsas,0.42857142857142855
O02492,1,1,281.27,42.54,0.1512,4,credit_card,13,4,8,0,seguros_servicos,0.4166666666666667
O03524,0,1,461.81,21.27,0.0461,8,credit_card,25,4,8,0,papelaria,0.6666666666666666
O03286,1,1,336.45,31.93,0.0949,3,voucher,7,4,8,0,fashion_esporte,0.3333333333333333
O02294,1,1,428.11,14.63,0.0342,3,debit_card,7,4,8,0,perfumaria,0.6666666666666666
O01823,0,1,272.63,12.63,0.0463,3,voucher,17,4,8,0,carnes,0.75
O04522,0,3,699.84,48.18,0.0789,2,credit_card,24,4,8,0,audio,0.42357968828557063
O01004,1,2,804.24,65.37,0.0812,2,boleto,5,4,8,0,moveis_jardim,0.2625
O04181,0,2,487.26,36.81,0.0794,1,boleto,13,4,8,0,brinquedos,0.6442307692307692
O03946,0,1,268.31,6.72,0.025,4,voucher,13,4,8,0,sinalizacao_seguranca,0.16666666666666666
O01106,0,2,437.44,56.17,0.2106,2,credit_card,19,4,8,0,moveis_colchao_estofado,0.5833333333333334
O02893,1,2,499.01,57.01,0.5666,12,debit_card,21,4,8,0,casa_quarto,0.43939393939393934
O04283,1,4,1367.87,149.27,0.1186,1,debit_card,7,5,8,0,casa_cozinha,0.43990384615384615
O03185,0,2,556.54,68.97,0.1253,10,voucher,24,5,8,0,beleza_saude,0.4181818181818182
O04065,0,1,212.47,43.94,0.2068,3,boleto,19,5,8,0,eletronicos,0.2
O00900,0,2,442.49,58.98,0.6073,3,boleto,14,5,8,0,moveis_quarto,0.5608974358974359
O02145,0,1,225.17,21.83,0.0969,1,voucher,20,6,8,0,carnes,0.3333333333333333
O03843,1,1,368.99,7.62,0.0207,1,debit_card,15,6,8,0,fashion_calcados,0.4375
O03830,0,3,630.08,93.28,0.2374,4,voucher,22,6,8,0,casa_construcao,0.380050505050505
O00196,0,3,1114.22,69.06,0.0683,2,boleto,18,6,8,0,cds_dvds_musicais,0.42699430199430194
O03371,1,1,377.39,43.1,0.1142,2,boleto,14,6,8,0,casa_iluminacao,0.6
O04237,1,2,781.59,40.5,0.0569,3,voucher,16,6,8,0,artes,0.6568627450980392
O00324,0,2,593.01,37.02,0.095,2,voucher,18,0,8,0,moveis_decoracao,0.48809523809523814
O02245,0,2,585.41,37.91,0.068,3,voucher,24,0,8,0,casa_iluminacao,0.6477272727272727
O01643,0,1,312.65,36.74,0.1175,3,boleto,16,0,8,0,eletronicos,0.5714285714285714
O02049,1,1,297.89,41.93,0.1408,1,credit_card,9,0,8,0,moveis_decoracao,0.5454545454545454
O00049,0,1,467.54,34.83,0.0745,2,boleto,24,0,8,0,telefonia,0.5
O02455,0,1,458.81,42.52,0.0927,1,debit_card,18,0,8,0,esporte_lazer,0.5
O02853,0,1,321.62,41.43,0.1288,4,debit_card,24,1,8,0,cool_stuff,0.3684210526315789
O03491,1,1,225.52,28.52,0.1265,6,boleto,13,1,8,0,flores,0.5
O02440,0,1,196.83,43.99,0.2235,5,voucher,16,2,8,0,papelaria,0.2857142857142857
O02000,0,2,499.45,49.04,0.1186,7,debit_card,15,2,8,0,moveis_jardim,0.65
O02181,0,1,174.59,7.29,0.0418,1,boleto,8,2,8,0,automotivo,0.38461538461538464
O03381,1,1,249.97,24.22,0.0969,4,debit_card,12,2,8,0,construcao_ferramentas,0.5
O01696,0,1,181.26,16.79,0.0926,1,debit_card,21,2,8,0,seguros_servicos,0.5
O02603,0,1,181.94,7.32,0.0402,2,voucher,15,3,8,0,moda_roupa,0.6923076923076923
O01178,0,2,893.03,56.3,0.065,3,credit_card,22,3,8,0,la_cuisine,0.5277777777777778
O04579,1,2,616.45,42.43,0.0725,9,voucher,9,3,8,0,papelaria,0.47619047619047616
O03506,0,1,321.33,33.81,0.1052,2,debit_card,8,3,8,0,casa_garagem,0.5
O03284,1,1,436.69,14.06,0.0322,3,voucher,8,3,8,0,casa_sala,0.5
O00891,0,2,145.02,85.64,0.6364,5,voucher,22,3,8,0,cds_dvds_musicais,0.4083333333333333
O04230,1,1,242.66,42.18,0.1738,5,voucher,12,3,8,0,casa_banheiro,0.3076923076923077
O03382,0,1,310.98,30.42,0.0978,4,boleto,18,3,8,0,construcao_ferramentas,0.5
O00859,0,1,166.55,33.5,0.2011,3,voucher,15,4,9,0,fashion_calcados,0.5714285714285714
O02309,0,1,318.72,19.18,0.0602,7,voucher,19,4,9,0,moveis_jardim,0.47058823529411764
O01084,0,5,1123.64,142.33,0.1162,2,boleto,12,4,9,0,casa_lavanderia,0.6357142857142858
O04665,0,1,195.98,43.69,0.2229,6,boleto,21,4,9,0,perfumaria,0.6
O02357,1,2,402.98,52.52,0.1301,2,boleto,11,4,9,0,casa_utilidades,0.5980392156862745
O02441,1,1,11.58,45.97,3.9698,1,credit_card,5,4,9,0,brinquedos,0.5
O04153,1,1,103.08,40.59,0.3938,3,boleto,10,4,9,0,casa_escritorio,0.5
O04503,0,2,280.23,65.9,0.4437,4,boleto,21,4,9,0,artigos_nautica,0.4307692307692308
O01671,0,1,444.17,34.84,0.0784,1,boleto,9,4,9,0,casa_garagem,0.7142857142857143
O01240,0,1,489.59,21.51,0.0439,2,boleto,21,5,9,0,fashion_calcados,0.16666666666666666
O01849,1,1,306.04,48.79,0.1594,2,credit_card,6,5,9,0,fashion_underwear,0.4166666666666667
O03421,1,2,476.77,74.81,1.1216,4,voucher,11,5,9,0,casa_lavanderia,0.5307692307692308
O04714,0,1,306.99,5.24,0.0171,2,debit_card,13,5,9,0,papelaria,0.45454545454545453
O02512,1,2,110.91,70.79,0.6116,1,debit_card,15,6,9,0,beleza_saude,0.4595959595959596
O03773,1,4,1403.71,137.55,0.0967,1,credit_card,23,6,9,0,cama_mesa_banho,0.5696778711484594
O01432,1,1,31.74,37.8,1.1909,2,credit_card,8,6,9,0,perfumaria,0.14285714285714285
O02264,1,2,553.73,37.63,0.0757,5,voucher,9,6,9,0,moveis_presentes,0.5357142857142857
O02727,0,3,517.32,33.17,0.1842,4,voucher,18,6,9,0,automotivo,0.5320261437908497
O00796,0,2,626.08,46.68,0.074,1,credit_card,5,0,9,0,casa_conforto,0.45
O02123,1,2,663.06,54.88,0.0925,2,credit_card,13,0,9,0,casa_construcao,0.6428571428571428
O03810,1,1,477.2,40.89,0.0857,1,debit_card,24,0,9,0,casa_iluminacao,0.47058823529411764
O04116,1,1,474.48,17.98,0.0379,1,debit_card,8,0,9,0,portateis_cozinha,0.8125
O03674,1,3,1073.18,89.2,0.0881,10,debit_card,6,1,9,0,casa_iluminacao,0.48280423280423285
O03755,0,2,170.8,48.28,0.2912,4,voucher,16,1,9,0,casa_jardim,0.6538461538461539
O04621,1,1,383.17,5.43,0.0142,2,credit_card,16,1,9,0,construcao_ferramentas,0.4
O01155,1,1,326.69,16.42,0.0503,5,credit_card,13,2,9,0,utilidades_domesticas,0.5555555555555556
O00785,0,2,258.44,35.23,0.2904,3,debit_card,18,2,9,0,casa_banheiro,0.5
O03059,0,1,127.6,8.84,0.0693,3,voucher,6,3,9,0,cama_mesa_banho,0.875
O03365,0,3,427.68,95.22,0.2862,2,debit_card,13,3,9,0,alimentos_bebidas,0.7800925925925926
O03844,1,1,81.77,35.48,0.4339,2,debit_card,8,3,9,0,casa_banheiro,0.4
O02320,0,1,89.83,35.42,0.3943,1,debit_card,19,3,9,0,perfumaria,0.47058823529411764
O01088,1,1,198.45,46.18,0.2327,1,boleto,8,3,9,0,moveis_jardim,0.46153846153846156
O00864,1,1,405.06,27.77,0.0686,1,boleto,5,3,9,0,artes,0.3333333333333333
O02306,0,1,284.93,12.86,0.0451,3,boleto,5,3,9,0,telefonia,0.6428571428571429
O01864,1,2,959.84,60.29,0.0639,7,debit_card,9,4,9,0,casa_garagem,0.48333333333333334
O02253,0,4,1295.82,76.0,0.0605,2,debit_card,24,5,9,0,artes,0.3855769230769231
O00069,1,2,112.89,64.29,0.8042,3,debit_card,13,5,9,0,esporte_lazer,0.6833333333333333
O04948,1,2,288.6,46.74,0.1686,2,voucher,15,5,9,0,fashion_calcados,0.4777777777777778
O01850,1,1,498.74,13.27,0.0266,1,boleto,16,6,9,0,sinalizacao_seguranca,0.8
O02204,0,2,593.9,69.89,0.152,1,credit_card,22,6,9,0,portateis_cozinha,0.4595959595959596
O01190,0,1,183.52,27.05,0.1474,2,voucher,18,6,9,0,alimentos_bebidas,0.5714285714285714
O01198,0,1,31.6,29.07,0.9199,5,voucher,22,6,9,0,cama_mesa_banho,0.6363636363636364
O04591,1,1,471.26,27.66,0.0587,1,debit_card,6,0,9,0,eletronicos,0.4444444444444444
O03974,1,2,509.17,83.71,0.3315,1,boleto,7,0,9,0,moveis_presentes,0.5285087719298246
O04022,0,1,71.75,35.65,0.4969,1,voucher,17,0,9,0,papelaria,0.6111111111111112
O03609,0,1,442.35,37.11,0.0839,3,boleto,9,0,9,0,consoles_games,0.36363636363636365
O04448,0,1,375.02,30.97,0.0826,5,credit_card,10,0,9,0,audio,0.5789473684210527
O00994,0,2,396.44,63.29,0.6773,2,voucher,12,0,9,0,casa_garagem,0.6111111111111112
O03389,0,2,614.05,49.28,0.1434,1,credit_card,9,1,9,0,cool_stuff,0.6
O02336,0,2,377.74,59.85,0.1837,2,voucher,5,1,9,0,automotivo,0.30952380952380953
O03954,1,4,1190.45,75.17,0.06,1,credit_card,18,1,9,0,cds_dvds_musicais,0.6136047979797981
O03494,1,1,81.75,21.18,0.2591,7,voucher,20,1,9,0,eletronicos,0.6153846153846154
O03269,0,1,382.77,40.24,0.1051,9,boleto,25,1,9,0,papelaria,0.25
O00132,0,1,435.5,48.1,0.1104,10,boleto,24,1,9,0,alimentos_bebidas,0.2222222222222222
O02765,1,1,85.11,20.98,0.2465,4,voucher,20,2,9,0,livros_interesse,0.6666666666666666
O03194,1,1,151.76,17.22,0.1135,4,voucher,9,2,9,0,fraldas_higiene,0.7
O01469,1,1,358.03,23.95,0.0669,1,debit_card,8,2,9,0,portateis_casa_forno_cafe,0.0
O01363,0,2,506.09,12.53,0.028,4,credit_card,22,2,9,0,cama_mesa_banho,0.4358974358974359
O01582,0,2,714.25,37.91,0.0496,1,credit_card,22,2,9,0,beleza_saude,0.4722222222222222
O04401,0,1,423.83,48.52,0.1145,2,debit_card,19,2,9,0,malas_acessorios,0.6
O02968,1,3,960.48,114.97,0.1248,10,voucher,7,2,9,0,beleza_saude,0.4230769230769231
O01070,1,1,227.69,17.52,0.0769,3,boleto,10,2,9,0,moveis_jardim,0.5
O03260,0,2,254.38,53.11,0.2349,6,credit_card,15,2,9,0,papelaria,0.7321428571428572
O03417,1,1,16.38,36.25,2.2131,2,credit_card,10,3,9,0,la_cuisine,0.4444444444444444
O03612,1,2,930.17,69.02,0.0743,3,boleto,7,3,9,0,seguros_servicos,0.55
O00953,0,1,25.98,34.88,1.3426,5,debit_card,20,3,9,0,casa_iluminacao,0.5
O03348,1,2,630.92,16.73,0.0262,1,debit_card,18,3,9,0,cama_mesa_banho,0.5833333333333334
O00444,0,1,208.21,18.49,0.0888,1,voucher,23,3,9,0,casa_escritorio,0.2857142857142857
O04138,1,3,479.2,119.32,0.5917,1,voucher,7,3,9,0,bebes,0.5333333333333333
O00246,1,1,465.24,32.21,0.0692,5,boleto,16,4,9,0,moveis_escritorio,0.6153846153846154
O01005,1,1,241.2,24.45,0.1014,1,debit_card,5,4,9,0,casa_escritorio,0.2222222222222222
O00438,1,1,115.06,45.83,0.3983,1,credit_card,19,4,9,0,casa_conforto,0.6
O00203,0,2,449.92,71.65,0.6614,6,boleto,22,4,9,0,eletronicos,0.3666666666666667
O02080,1,1,165.98,44.78,0.2698,10,debit_card,5,4,9,0,moveis_cozinha,0.55
O01787,0,2,501.02,45.34,0.6517,4,debit_card,22,4,9,0,eletrodomesticos_2,0.6160714285714286
O01975,0,3,662.84,104.59,0.1556,6,boleto,23,4,9,0,alimentos_bebidas,0.5444444444444444
O03836,0,1,342.14,27.08,0.0791,4,voucher,16,4,9,0,musica_arte,0.5454545454545454
O01965,1,2,767.0,65.06,0.0928,5,voucher,13,4,9,0,perfumaria,0.3803418803418803
O00318,1,2,712.57,44.75,0.0814,3,debit_card,17,4,9,0,dvds_blu_ray,0.7071428571428571
O00408,1,2,665.21,61.43,0.105,4,boleto,16,5,9,0,construcao_ferramentas,0.4375
O01189,0,1,482.61,5.95,0.0123,3,boleto,16,5,9,0,fashion_underwear,0.5833333333333334
O04425,1,2,779.08,74.6,0.0972,5,boleto,8,5,9,0,dvds_blu_ray,0.5535714285714286
O02313,0,1,278.62,27.34,0.0981,1,credit_card,23,5,9,0,moveis_quarto,0.35294117647058826
O00251,1,2,345.13,67.79,0.7113,3,debit_card,9,5,9,0,casa_banheiro,0.48717948717948717
O02839,1,1,160.36,8.81,0.0549,2,credit_card,14,5,9,0,instrumentos_musicais,0.5882352941176471
O04550,1,4,576.44,135.22,0.5867,5,voucher,9,5,9,0,alimentos_bebidas,0.5117845117845118
O00021,1,1,58.28,32.31,0.5544,2,credit_card,17,5,9,0,eletronicos,0.5
O02609,1,4,1498.62,144.52,0.1017,2,voucher,7,6,9,0,casa_iluminacao,0.53125
O00929,1,1,133.67,16.75,0.1253,7,credit_card,8,6,9,0,fashion_underwear,0.6666666666666666
O04658,1,1,216.32,14.66,0.0678,8,voucher,17,6,9,0,casa_limpeza,0.625
O03764,0,3,510.69,93.36,0.249,7,debit_card,15,6,9,0,casa_banheiro,0.4777777777777777
O02536,0,2,565.03,66.66,0.1823,4,debit_card,24,6,9,0,casa_lavanderia,0.2833333333333333
O01238,1,2,708.06,73.96,0.1169,1,debit_card,7,6,9,0,eletrodomesticos_2,0.14646464646464646
O02695,0,1,133.74,25.44,0.1902,9,boleto,14,6,9,0,casa_jardim,0.6666666666666666
O04902,0,2,710.42,73.73,0.1096,5,boleto,16,6,9,0,portateis_cozinha,0.6833333333333333
O03680,1,1,250.39,40.61,0.1622,1,voucher,23,6,9,0,seguros_servicos,0.6363636363636364
O03002,1,1,422.41,18.51,0.0438,1,boleto,18,0,9,0,construcao_ferramentas,0.5454545454545454
O02216,1,3,1044.11,110.73,0.1377,2,credit_card,17,0,9,0,alimentos_bebidas,0.375
O02152,0,2,444.93,74.77,0.1998,5,debit_card,15,0,9,0,casa_limpeza,0.6153846153846154
O04086,0,1,197.64,26.64,0.1348,1,voucher,6,0,9,0,market_place,0.42857142857142855
O01525,0,2,322.04,47.13,0.4415,10,credit_card,15,0,9,0,casa_conforto,0.5151515151515151
O00842,0,1,267.89,12.78,0.0477,3,boleto,16,1,9,0,fashion_roupa_feminina,0.5
O04808,1,2,334.51,49.75,0.153,1,credit_card,8,1,9,0,casa_garagem,0.6458333333333333
O02098,0,1,463.83,35.15,0.0758,1,debit_card,20,1,9,0,artes,0.25
O00957,1,2,782.34,72.88,0.0928,5,credit_card,25,1,9,0,papelaria,0.4563492063492064
O00292,0,1,449.45,9.88,0.022,1,debit_card,19,2,9,0,livros_interesse,0.5
O02923,1,1,154.69,42.04,0.2718,1,debit_card,5,2,9,0,casa_utilidades,0.7
O04487,0,1,413.55,20.35,0.0492,1,voucher,5,2,9,0,eletrodomesticos_2,0.5454545454545454
O02650,0,3,1054.37,114.73,0.1065,3,voucher,20,3,9,0,beleza_saude,0.4871794871794872
O01574,1,1,452.95,13.55,0.0299,4,debit_card,22,3,9,0,moveis_cozinha,0.5
O04145,1,1,348.99,28.13,0.0806,2,debit_card,22,3,9,0,fraldas_higiene,0.38461538461538464
O04934,1,2,494.05,94.81,0.2024,1,debit_card,6,3,9,0,construcao_ferramentas,0.45833333333333337
O04881,0,1,397.26,24.74,0.0623,1,debit_card,19,3,9,0,moveis_quarto,0.5833333333333334
O00884,0,1,397.57,38.93,0.0979,1,credit_card,5,4,9,0,casa_garagem,0.6153846153846154
O03963,0,1,408.56,38.23,0.0936,4,voucher,24,4,9,0,casa_limpeza,0.5
O01987,1,1,417.18,38.06,0.0912,6,debit_card,10,4,9,0,moveis_decoracao,0.2857142857142857
O00306,0,3,483.58,89.52,0.2491,2,voucher,21,4,9,0,moveis_decoracao,0.4610389610389611
O04187,0,1,261.71,19.19,0.0733,2,debit_card,16,4,9,0,livros_interesse,0.25
O03395,1,3,560.5,118.58,0.3272,1,credit_card,12,4,9,0,casa_jardim,0.5313390313390314
O00088,0,1,248.93,22.97,0.0923,2,credit_card,6,4,9,0,bebes,0.5
O01159,0,2,936.13,57.27,0.0611,3,boleto,18,4,9,0,casa_outros,0.41666666666666663
O02021,1,2,511.09,77.48,0.1531,1,voucher,7,4,9,0,fashion_underwear,0.6761363636363636
O03956,0,1,19.16,40.32,2.1044,3,credit_card,10,5,9,0,casa_iluminacao,0.5384615384615384
O03004,1,2,742.35,53.39,0.0688,1,boleto,16,5,9,0,cama_mesa_banho,0.5085470085470085
O04263,1,1,54.04,39.31,0.7274,1,voucher,9,5,9,0,portateis_cozinha,0.4
O02222,0,1,302.49,13.8,0.0456,7,credit_card,17,5,9,0,instrumentos_musicais,0.4375
O00774,0,1,407.02,47.83,0.1175,3,credit_card,19,5,9,0,la_cuisine,0.6
O01512,1,3,777.18,108.81,0.2197,12,boleto,16,5,9,0,casa_limpeza,0.6175824175824176
O04040,1,1,368.0,24.18,0.0657,1,debit_card,6,6,9,0,fashion_calcados,0.5
O00323,1,2,708.87,44.04,0.0598,7,credit_card,20,6,9,0,papelaria,0.5625
O01163,0,3,1356.84,62.17,0.0455,1,credit_card,17,6,9,0,esporte_lazer,0.4945054945054945
O00201,1,3,916.83,69.91,0.2024,1,debit_card,16,6,9,0,casa_limpeza,0.5117845117845118
O04350,0,2,921.08,83.84,0.0919,3,credit_card,24,6,9,0,eletronicos,0.4147727272727273
O04451,1,3,931.94,64.54,0.0682,3,credit_card,7,0,9,0,consoles_games,0.43703703703703706
O03118,1,2,870.44,52.61,0.0645,1,credit_card,5,0,9,0,artes,0.7303030303030302
O04299,1,2,485.72,44.03,0.1079,1,boleto,13,0,9,0,casa_limpeza,0.443859649122807
O02852,1,1,86.06,6.05,0.0703,3,voucher,6,0,9,0,portateis_casa_forno_cafe,0.5454545454545454
O04820,1,1,462.94,40.86,0.0883,3,debit_card,7,1,9,0,dvds_blu_ray,0.5714285714285714
O04663,1,2,645.79,69.06,0.1123,3,voucher,10,1,9,0,casa_lavanderia,0.5794871794871794
O04372,0,5,1166.47,138.08,0.1425,3,boleto,24,1,9,0,casa_garagem,0.5285714285714286
O01632,1,1,75.19,18.52,0.2463,12,debit_card,17,1,9,0,construcao_ferramentas,0.6
O00634,0,1,156.05,22.4,0.1435,7,boleto,20,1,9,0,moveis_sala,0.6428571428571429
O02511,0,1,162.61,28.89,0.1777,3,boleto,21,1,9,0,moveis_jardim,0.45454545454545453
O02654,0,2,550.22,21.16,0.0501,9,boleto,15,1,9,0,eletrodomesticos,0.6038961038961039
O03762,0,2,443.49,58.05,0.2997,3,debit_card,25,1,9,0,automotivo,0.5416666666666667
O02027,1,1,153.23,8.16,0.0533,4,debit_card,15,2,9,0,malas_acessorios,0.46153846153846156
O02528,0,2,221.67,13.14,0.0777,3,boleto,10,2,9,0,moveis_cozinha,0.5833333333333333
O00676,1,1,428.51,5.44,0.0127,2,boleto,20,2,9,0,sinalizacao_seguranca,0.26666666666666666
O03465,0,2,584.7,67.87,0.1347,1,debit_card,23,2,9,0,casa_construcao,0.6450980392156862
O04361,1,2,512.28,60.22,0.2888,3,credit_card,10,2,9,0,beleza_saude,0.5735294117647058
O04378,1,1,54.41,25.86,0.4753,4,boleto,12,2,9,0,papelaria,0.5714285714285714
O00880,1,1,267.42,30.21,0.113,1,boleto,5,2,9,0,instrumentos_musicais,0.3333333333333333
O04123,1,1,106.22,34.43,0.3241,1,boleto,7,3,9,0,beleza_saude,0.6
O04234,1,1,205.64,18.96,0.0922,2,credit_card,6,3,9,0,beleza_saude,0.7272727272727273
O02960,1,1,367.91,12.86,0.035,1,debit_card,7,3,9,0,casa_garagem,0.5454545454545454
O02360,1,1,495.9,35.55,0.0717,1,boleto,10,3,9,0,portateis_casa_forno_cafe,0.6363636363636364
O03909,0,1,482.89,31.32,0.0649,6,debit_card,12,3,9,0,beleza_saude,0.46153846153846156
O04455,1,2,768.89,47.53,0.059,12,voucher,12,3,9,0,fashion_underwear,0.6805555555555556
O02070,0,2,432.78,82.3,0.3336,3,debit_card,14,3,9,0,brinquedos,0.4625
O03201,1,1,69.13,38.24,0.5532,5,credit_card,11,4,9,0,telefonia,0.6666666666666666
O00906,0,1,29.16,19.77,0.678,1,credit_card,25,4,9,0,moveis_escritorio,0.4117647058823529
O03065,1,1,42.36,18.99,0.4483,3,boleto,10,4,9,0,moveis_decoracao,0.3333333333333333
O03610,1,2,339.13,46.1,0.5635,12,boleto,7,4,9,0,casa_garagem,0.4636752136752137
O04174,1,2,585.92,54.32,0.093,2,voucher,10,4,9,0,esporte_lazer,0.5
O03712,0,1,117.3,36.98,0.3153,2,voucher,7,5,9,0,alimentos_bebidas,0.6470588235294118
O01108,1,1,390.18,16.55,0.0424,10,boleto,12,5,9,0,automotivo,0.6111111111111112
O00032,0,1,490.71,35.85,0.0731,1,voucher,22,6,10,0,fashion_roupa_feminina,0.6363636363636364
O04407,1,2,617.25,66.81,0.1205,1,boleto,16,6,10,0,eletronicos,0.519047619047619
O02020,0,2,306.65,78.47,0.3006,3,debit_card,12,6,10,0,beleza_saude,0.42857142857142855
O01835,0,4,701.39,69.42,0.582,1,debit_card,18,6,10,0,consoles_games,0.5086081681476418
O02223,1,3,1041.64,104.88,0.11,7,debit_card,18,6,10,0,cool_stuff,0.5725490196078432
O03237,1,1,300.52,18.69,0.0622,6,boleto,6,0,10,0,carnes,0.6666666666666666
O01782,0,2,881.33,56.05,0.0661,7,voucher,14,0,10,0,eletroportateis,0.6076923076923078
O02932,0,1,390.52,18.94,0.0485,8,voucher,19,0,10,0,casa_sala,0.5
O01289,1,1,241.37,17.21,0.0713,1,credit_card,14,0,10,0,livros_interesse,0.5
O00605,0,2,633.0,98.01,0.1583,3,debit_card,22,0,10,0,eletrodomesticos,0.4409722222222222
O04994,1,2,620.04,55.13,0.0797,2,credit_card,12,0,10,0,brinquedos,0.4452380952380952
O00629,0,1,207.15,6.26,0.0302,5,credit_card,23,0,10,0,automotivo,0.375
O04590,0,3,595.72,72.79,0.1575,2,credit_card,19,1,10,0,casa_iluminacao,0.5708333333333333
O02689,0,1,166.75,48.4,0.2903,7,debit_card,22,1,10,0,construcao_ferramentas,0.4
O00535,0,1,250.26,21.82,0.0872,7,boleto,15,1,10,0,beleza_saude,0.75
O04178,1,1,220.17,23.37,0.1061,3,boleto,10,1,10,0,moveis_decoracao,0.6111111111111112
O00508,1,1,12.89,16.6,1.2878,1,credit_card,12,1,10,0,malas_acessorios,0.4444444444444444
O02982,1,2,591.27,71.07,0.1218,2,credit_card,9,1,10,0,cool_stuff,0.6190476190476191
O04477,0,1,135.17,20.33,0.1504,1,voucher,16,1,10,0,cool_stuff,0.5
O04893,0,2,295.75,59.89,0.2392,3,credit_card,18,2,10,0,eletroportateis,0.6108597285067874
O03679,1,3,612.93,96.36,0.3804,5,debit_card,15,2,10,0,casa_lavanderia,0.6023391812865496
O00727,1,1,198.14,26.03,0.1314,3,debit_card,17,2,10,0,malas_acessorios,0.5833333333333334
O02361,0,1,123.16,16.57,0.1345,9,debit_card,17,2,10,0,moveis_decoracao,0.3333333333333333
O02177,1,4,983.98,89.53,0.1021,1,debit_card,13,3,10,0,audio,0.4817042606516291
O04632,1,1,281.28,12.1,0.043,5,boleto,14,3,10,0,alimentos_bebidas,0.8181818181818182
O04976,0,1,163.02,15.1,0.0926,2,debit_card,23,3,10,0,casa_utilidades,0.2727272727272727
O04144,1,3,710.51,72.91,0.0975,1,debit_card,13,3,10,0,fashion_calcados,0.5583333333333333
O00232,1,2,277.62,31.19,0.4216,1,credit_card,16,3,10,0,moveis_decoracao,0.465034965034965
O03379,1,1,150.35,39.18,0.2606,2,credit_card,25,4,10,0,artigos_nautica,0.2727272727272727
O04859,0,2,355.71,85.72,0.349,6,boleto,9,4,10,0,moveis_decoracao,0.40384615384615385
O02674,1,1,241.24,20.13,0.0834,4,credit_card,12,4,10,0,casa_sala,0.4375
O03168,1,2,569.63,85.23,0.1917,5,debit_card,11,4,10,0,livros_interesse,0.5
O04592,0,1,226.36,42.55,0.188,2,credit_card,15,4,10,0,casa_outros,0.35714285714285715
O04334,0,1,79.46,9.17,0.1154,1,boleto,14,4,10,0,seguros_servicos,0.4444444444444444
O04367,0,1,114.5,14.85,0.1297,7,boleto,12,4,10,0,beleza_saude,0.42857142857142855
O02406,1,1,217.83,44.01,0.202,7,credit_card,8,4,10,0,utilidades_domesticas,0.375
O04745,0,1,108.92,7.74,0.0711,6,boleto,13,5,10,0,utilidades_domesticas,0.5454545454545454
O03632,0,1,41.05,37.51,0.9138,5,voucher,24,5,10,0,musica_arte,0.6923076923076923
O04516,1,1,220.94,29.21,0.1322,5,credit_card,12,5,10,0,portateis_casa_forno_cafe,0.7272727272727273
O02773,0,1,398.62,23.65,0.0593,1,boleto,24,5,10,0,relogios_presentes,0.3333333333333333
O00560,1,1,286.52,34.3,0.1197,2,boleto,15,6,10,0,casa_conforto_2,0.5384615384615384
O02052,1,2,627.72,91.22,0.1507,1,debit_card,22,6,10,0,beleza_saude,0.5297619047619048
O04844,1,1,288.8,42.06,0.1456,2,debit_card,7,6,10,0,ferramentas_jardim,0.6666666666666666
O01555,1,1,245.58,8.35,0.034,1,boleto,7,0,10,0,automotivo,0.375
O04050,0,1,276.53,18.46,0.0668,2,debit_card,22,0,10,0,casa_jardim,0.4166666666666667
O03434,1,1,465.13,43.41,0.0933,1,debit_card,9,0,10,0,moda_roupa,0.2857142857142857
O01760,1,1,488.01,49.65,0.1017,3,debit_card,15,0,10,0,artes,0.47058823529411764
O03166,0,2,598.65,29.14,0.0554,5,debit_card,25,0,10,0,eletronicos,0.31862745098039214
O02448,1,1,49.97,41.15,0.8235,1,boleto,11,0,10,0,casa_sala,0.5
O02319,1,1,185.23,38.09,0.2056,5,credit_card,11,0,10,0,cool_stuff,0.25
O04142,1,3,831.16,115.08,0.3565,1,voucher,15,0,10,0,casa_limpeza,0.435672514619883
O00016,1,2,777.63,36.75,0.0483,4,voucher,11,1,10,0,automotivo,0.6944444444444444
O00252,0,1,221.27,16.97,0.0767,5,credit_card,7,1,10,0,la_cuisine,0.6
O00874,0,1,122.76,19.49,0.1588,9,boleto,19,1,10,0,casa_cozinha,0.5833333333333334
O02014,1,2,694.25,61.66,0.0859,1,credit_card,24,1,10,0,alimentos_bebidas,0.5769230769230769
O00022,0,1,364.47,15.09,0.0414,6,debit_card,9,1,10,0,fashion_roupa_feminina,0.65
O02032,1,1,233.54,34.39,0.1473,1,debit_card,11,1,10,0,malas_acessorios,0.36363636363636365
O00298,1,2,628.61,73.04,0.169,4,voucher,12,1,10,0,automotivo,0.5636363636363637
O00545,1,1,104.32,48.97,0.4694,3,boleto,5,2,10,0,relogios_presentes,0.5333333333333333
O00184,1,3,788.93,60.97,0.1266,1,boleto,6,2,10,0,casa_conforto,0.5053418803418804
O01464,1,1,434.0,15.63,0.036,2,credit_card,20,2,10,0,perfumaria,0.5
O04895,0,1,457.33,31.3,0.0684,4,credit_card,22,2,10,0,moveis_escritorio,0.75
O01607,0,1,241.11,19.78,0.082,4,credit_card,8,2,10,0,casa_limpeza,0.5555555555555556
O04795,0,3,1083.17,69.87,0.0653,6,credit_card,11,3,10,0,eletrodomesticos,0.456359649122807
O01409,0,1,86.98,47.08,0.5413,2,voucher,25,3,10,0,casa_limpeza,0.5263157894736842
O04422,1,2,483.24,73.27,0.1518,6,credit_card,13,3,10,0,casa_iluminacao,0.8181818181818181
O01660,1,2,553.01,83.78,0.3245,2,boleto,11,3,10,0,moveis_decoracao,0.5307692307692308
O02570,0,3,779.93,86.24,0.1258,4,boleto,17,3,10,0,casa_quarto,0.48823529411764705
O04446,0,1,209.7,5.08,0.0242,5,voucher,22,4,10,0,alimentos_bebidas,0.5333333333333333
O04362,0,2,78.16,34.81,0.8767,2,debit_card,20,4,10,0,perfumaria,0.5416666666666666
O04890,0,1,397.42,44.41,0.1117,12,debit_card,21,4,10,0,perfumaria,0.5
O02592,1,1,25.62,39.47,1.5406,7,credit_card,7,4,10,0,casa_jardim,0.6153846153846154
O03759,1,1,227.88,22.53,0.0989,1,boleto,11,4,10,0,flores,0.47058823529411764
O00486,0,1,110.2,44.83,0.4068,2,debit_card,10,4,10,0,brinquedos,0.7142857142857143
O03288,0,1,367.14,22.5,0.0613,1,debit_card,18,4,10,0,alimentos_bebidas,0.6363636363636364
O01539,1,1,345.06,6.7,0.0194,12,credit_card,22,5,10,0,fashion_bolsas,0.5714285714285714
O02954,0,1,412.58,21.5,0.0521,1,debit_card,5,5,10,0,casa_outros,0.5
O01776,0,1,421.74,49.1,0.1164,3,credit_card,20,5,10,0,fashion_esporte,0.42857142857142855
O01637,1,2,925.22,51.64,0.0575,2,boleto,7,5,10,0,automotivo,0.4880952380952381
O00646,1,1,197.5,49.21,0.2492,8,boleto,22,5,10,0,casa_limpeza,0.625
O02976,1,1,279.4,42.05,0.1505,2,boleto,5,5,10,0,moveis_escritorio,0.3333333333333333
O03740,0,1,459.21,12.84,0.028,2,debit_card,25,6,10,0,construcao_ferramentas,0.6
O04770,1,1,197.61,6.92,0.035,9,boleto,8,6,10,0,beleza_saude,0.4444444444444444
O00657,1,1,421.86,24.52,0.0581,1,debit_card,16,6,10,0,casa_quarto,0.3333333333333333
O03591,1,2,691.1,61.29,0.1032,3,credit_card,15,6,10,0,eletronicos,0.4642857142857143
O04476,0,2,462.71,56.15,0.1191,6,boleto,20,6,10,0,casa_utilidades,0.6396103896103896
O00667,0,4,639.96,135.09,0.4655,4,voucher,15,6,10,0,casa_escritorio,0.49831871345029244
O04871,0,1,37.44,33.67,0.8993,2,voucher,19,6,10,0,cama_mesa_banho,0.35294117647058826
O03792,1,1,340.23,49.81,0.1464,1,credit_card,10,6,10,0,papelaria,0.3333333333333333
O03851,0,1,88.14,42.55,0.4828,3,boleto,14,0,10,0,casa_limpeza,0.5
O04786,1,2,430.23,59.24,0.2072,1,boleto,5,0,10,0,audio,0.5294117647058824
O02229,0,2,489.61,81.03,0.1791,3,credit_card,18,0,10,0,casa_conforto,0.44362745098039214
O03459,1,1,284.26,46.35,0.1631,2,boleto,9,0,10,0,fashion_esporte,1.0
O03555,1,1,176.19,37.92,0.2152,1,debit_card,7,0,10,0,moveis_escritorio,0.5
O01710,1,2,432.13,33.47,0.0797,1,voucher,9,0,10,0,carnes,0.35
O03789,0,1,133.99,19.49,0.1455,7,credit_card,9,0,10,0,casa_banheiro,0.4
O04865,1,1,36.38,22.5,0.6185,1,voucher,6,0,10,0,cool_stuff,0.5
O02339,0,1,382.14,32.73,0.0856,1,debit_card,20,0,10,0,eletrodomesticos_2,0.8333333333333334
O02335,0,2,511.76,57.0,0.248,2,boleto,7,0,10,0,fashion_esporte,0.40584415584415584
O00488,1,1,451.95,49.85,0.1103,6,debit_card,7,0,10,0,construcao_ferramentas,0.6363636363636364
O00224,0,1,136.16,45.23,0.3322,1,boleto,19,0,10,0,moveis_colchao_estofado,0.5
O01867,0,2,145.01,60.45,0.5948,6,boleto,12,1,10,0,casa_conforto,0.5857142857142856
O01579,0,2,383.12,72.23,0.1859,5,boleto,19,1,10,0,alimentos_bebidas,0.39015151515151514
O01603,1,1,471.16,20.68,0.0439,3,credit_card,22,1,10,0,construcao_ferramentas,0.625
O04938,0,2,566.89,72.63,0.1483,6,credit_card,18,1,10,0,beleza_saude,0.5423076923076923
O04662,1,1,386.99,35.93,0.0928,3,credit_card,12,2,10,0,eletrodomesticos_2,0.6666666666666666
O03040,0,1,370.35,29.82,0.0805,1,boleto,18,2,10,0,fashion_roupa_feminina,0.625
O00110,0,2,608.89,82.72,0.1374,2,boleto,17,2,10,0,artigos_nautica,0.5619047619047619
O01450,0,1,171.43,39.71,0.2316,2,voucher,23,2,10,0,moveis_decoracao,0.6842105263157895
O00872,1,1,425.69,14.94,0.0351,1,credit_card,10,2,10,0,moveis_presentes,0.6428571428571429
O01418,1,2,398.18,55.19,0.6071,9,boleto,8,2,10,0,automotivo,0.358974358974359
O02192,1,1,76.68,26.98,0.3519,4,voucher,10,3,10,0,eletronicos,0.46153846153846156
O00952,1,1,86.61,8.23,0.095,1,boleto,9,3,10,0,moveis_escritorio,0.5384615384615384
O00840,1,1,222.93,29.53,0.1325,5,voucher,11,3,10,0,moda_roupa,0.5
O03254,1,1,184.88,26.29,0.1422,6,voucher,16,3,10,0,casa_cozinha,0.4117647058823529
O01548,0,2,458.01,38.84,0.1042,3,credit_card,15,3,10,0,alimentos_bebidas,0.513157894736842
O00089,0,1,223.7,34.9,0.156,2,boleto,13,3,10,0,fashion_roupa_feminina,0.7777777777777778
O00596,1,2,559.12,35.37,0.0606,3,credit_card,9,4,10,0,casa_iluminacao,0.4145833333333333
O00990,1,1,95.11,49.21,0.5174,6,credit_card,9,4,10,0,perfumaria,0.2857142857142857
O00081,0,1,203.85,33.94,0.1665,1,credit_card,19,4,10,0,moveis_quarto,0.4
O01777,1,1,415.83,30.09,0.0724,4,voucher,11,4,10,0,artes,0.4444444444444444
O01876,1,1,92.41,32.89,0.3559,7,boleto,20,4,10,0,perfumaria,0.5555555555555556
O00433,1,1,91.68,41.58,0.4535,9,voucher,5,5,10,0,construcao_ferramentas,0.4166666666666667
O00897,1,1,415.69,13.24,0.0319,2,boleto,11,5,10,0,casa_banheiro,0.6428571428571429
O03719,0,2,749.16,28.49,0.0377,4,boleto,25,5,10,0,casa_garagem,0.45
O01078,1,2,531.61,74.93,0.1533,3,boleto,21,5,10,0,casa_limpeza,0.41666666666666663
O03342,0,1,206.01,11.6,0.0563,1,credit_card,22,5,10,0,casa_quarto,0.6
O03481,1,1,448.74,15.43,0.0344,3,debit_card,6,5,10,0,casa_limpeza,0.7
O03087,0,5,1220.26,165.22,0.1817,5,boleto,12,6,10,0,alimentos_bebidas,0.5269009421950599
O02498,0,2,560.74,56.2,0.0977,3,voucher,19,6,10,0,beleza_saude,0.5333333333333333
O00969,1,1,477.97,8.24,0.0172,2,boleto,21,6,10,0,casa_sala,0.375
O01854,1,2,238.96,72.16,0.4764,1,credit_card,15,6,10,0,casa_conforto,0.4326923076923077
O01644,1,1,447.38,35.58,0.0795,2,debit_card,13,6,10,0,eletronicos,0.18181818181818182
O01853,0,1,11.7,13.51,1.1547,5,voucher,17,0,10,0,fashion_bolsas,0.3333333333333333
O02505,1,2,550.56,60.25,0.1082,4,credit_card,6,0,10,0,casa_garagem,0.43939393939393934
O01688,1,2,692.56,75.04,0.1085,2,credit_card,17,0,10,0,cama_mesa_banho,0.43636363636363634
O02781,1,2,920.43,83.18,0.0899,1,voucher,6,0,10,0,casa_conforto,0.6298701298701299
O03695,0,3,350.89,89.52,0.429,1,credit_card,23,0,10,0,audio,0.5557692307692307
O00390,0,1,443.19,8.97,0.0202,9,boleto,13,0,10,0,moveis_escritorio,0.75
O02299,1,1,214.67,21.11,0.0983,5,boleto,6,0,10,0,brinquedos,0.4444444444444444
O03907,1,2,484.44,76.11,0.2079,9,boleto,19,0,10,0,portateis_casa_forno_cafe,0.7
O02293,0,1,67.86,12.39,0.1826,4,debit_card,21,1,10,0,consoles_games,0.5333333333333333
O01400,0,2,712.55,44.47,0.0622,6,credit_card,11,1,10,0,dvds_blu_ray,0.6648351648351649
O01540,1,3,670.61,80.08,0.1224,3,debit_card,7,1,10,0,moda_roupa,0.5660304607673029
O02353,1,1,198.83,25.33,0.1274,4,boleto,7,1,10,0,moveis_escritorio,0.375
O01970,1,3,845.72,93.11,0.1965,1,credit_card,5,1,10,0,casa_cozinha,0.5090909090909091
O03770,1,2,609.05,70.22,0.2033,6,debit_card,18,1,10,0,casa_cozinha,0.75
O00993,0,1,227.46,11.52,0.0506,4,boleto,18,2,10,0,cool_stuff,0.5
O01121,1,2,678.21,41.83,0.0657,3,voucher,15,2,10,0,cool_stuff,0.5584415584415584
O04314,1,2,654.49,63.33,0.1219,2,credit_card,5,2,10,0,brinquedos,0.5555555555555556
O00892,1,2,394.61,33.81,0.0996,7,boleto,7,2,10,0,la_cuisine,0.41428571428571426
O01339,0,1,157.27,17.47,0.1111,10,debit_card,19,2,10,0,casa_banheiro,0.4117647058823529
O02493,1,1,467.78,44.21,0.0945,7,debit_card,6,2,10,0,telefonia,0.5454545454545454
O02847,1,1,275.06,35.41,0.1287,5,voucher,6,2,10,0,audio,1.0
O04295,1,1,13.71,17.26,1.2589,3,boleto,23,3,10,0,artes,0.38461538461538464
O00824,1,1,382.04,38.58,0.101,2,debit_card,17,3,10,0,papelaria,0.6363636363636364
O02820,1,1,169.16,13.27,0.0784,7,credit_card,15,4,10,0,casa_limpeza,0.5714285714285714
O04036,0,2,335.83,57.51,0.171,5,boleto,21,4,10,0,artigos_nautica,0.42727272727272725
O02608,1,2,574.7,32.76,0.1445,4,credit_card,13,4,10,0,casa_sala,0.5222672064777327
O04085,0,3,1167.01,65.28,0.0562,2,debit_card,19,4,10,0,bebes,0.5994152046783626
O04651,1,2,455.35,78.26,0.3957,3,debit_card,14,5,10,0,casa_escritorio,0.4722222222222222
O01329,1,1,429.87,32.87,0.0765,7,boleto,5,5,10,0,eletrodomesticos_2,0.7142857142857143
O02639,0,1,187.16,36.15,0.1932,1,credit_card,16,5,10,0,casa_jardim,0.6
O04533,0,2,486.2,15.89,0.0326,2,boleto,19,5,10,0,cool_stuff,0.7097902097902098
O03780,1,1,433.63,12.99,0.03,1,credit_card,14,5,10,0,moda_roupa,0.6363636363636364
O03036,1,1,485.55,33.9,0.0698,2,credit_card,7,5,10,0,utilidades_domesticas,0.2222222222222222
O02252,0,1,34.5,25.37,0.7354,1,debit_card,13,5,10,0,casa_construcao,0.375
O01954,0,1,292.63,20.64,0.0705,6,debit_card,19,6,10,0,casa_iluminacao,0.4
O00309,1,1,304.8,49.34,0.1619,3,credit_card,17,6,10,0,casa_jardim,0.5625
O03717,1,2,650.37,58.43,0.118,3,credit_card,12,6,10,0,casa_construcao,0.48684210526315785
O03580,0,1,445.59,48.35,0.1085,1,credit_card,14,6,10,0,casa_escritorio,0.4666666666666667
O02875,1,2,325.27,20.1,0.0637,1,debit_card,19,6,10,0,livros_interesse,0.5151515151515151
O04849,0,1,136.46,18.58,0.1362,1,voucher,24,6,10,0,artigos_nautica,0.625
O03953,0,1,357.12,38.57,0.108,9,debit_card,10,6,10,0,ferramentas_jardim,0.6666666666666666
O04799,1,1,298.45,39.57,0.1326,1,boleto,8,0,10,0,construcao_ferramentas,0.5
O02322,1,1,162.31,20.06,0.1236,1,voucher,6,0,10,0,casa_garagem,0.5
O03110,0,2,164.7,47.18,0.4351,3,voucher,7,0,10,0,la_cuisine,0.4222222222222222
O00035,0,1,364.11,6.94,0.0191,1,debit_card,16,1,10,0,seguros_servicos,0.4375
O00376,0,1,99.64,20.65,0.2072,1,boleto,19,1,10,0,papelaria,0.36363636363636365
O02902,1,1,216.3,20.72,0.0958,1,credit_card,6,1,10,0,fashion_roupa_feminina,0.6363636363636364
O00109,0,1,313.35,37.93,0.121,3,debit_card,21,1,10,0,automotivo,0.36363636363636365
O03539,1,3,278.38,101.41,0.7685,3,voucher,11,1,10,0,beleza_saude,0.5031746031746032
O01616,1,2,447.29,41.96,0.0909,4,debit_card,18,1,10,0,casa_garagem,0.5347222222222222
O04262,0,1,143.6,23.78,0.1656,4,debit_card,10,1,10,0,la_cuisine,0.6428571428571429
O02301,1,2,737.06,47.83,0.0748,3,boleto,5,2,11,0,fashion_calcados,0.6527777777777778
O03077,0,1,422.98,21.91,0.0518,7,debit_card,17,2,11,0,flores,0.6666666666666666
O00934,1,1,389.26,9.23,0.0237,2,boleto,22,2,11,0,casa_escritorio,0.75
O03540,0,1,438.94,49.88,0.1136,2,credit_card,25,2,11,0,malas_acessorios,0.4
O03171,1,1,35.29,26.05,0.7382,1,credit_card,17,2,11,0,cama_mesa_banho,0.4166666666666667
O04971,1,1,423.17,12.9,0.0305,1,voucher,22,2,11,0,utilidades_domesticas,0.5555555555555556
O04343,0,1,11.62,46.51,4.0026,6,boleto,21,3,11,0,eletronicos,0.6428571428571429
O01168,1,2,536.96,66.49,0.1738,1,debit_card,25,3,11,0,casa_outros,0.7156862745098038
O01239,0,1,340.45,13.02,0.0382,5,credit_card,23,3,11,0,dvds_blu_ray,0.5
O01715,0,1,328.75,26.94,0.0819,2,boleto,9,3,11,0,audio,0.75
O00491,0,1,345.24,8.01,0.0232,1,credit_card,9,3,11,0,fashion_calcados,0.4166666666666667
O01502,0,2,615.6,57.32,0.0826,9,voucher,22,3,11,0,casa_construcao,0.45454545454545453
O00633,0,2,721.55,31.89,0.0449,7,boleto,18,4,11,0,casa_limpeza,0.5734265734265734
O01829,1,1,258.22,6.61,0.0256,1,debit_card,10,4,11,0,casa_outros,0.46153846153846156
O04584,1,1,276.96,20.66,0.0746,1,boleto,10,5,11,0,casa_conforto,0.45454545454545453
O00841,1,1,254.86,8.76,0.0344,8,credit_card,6,5,11,0,moveis_presentes,0.6
O04946,1,1,446.87,37.51,0.0839,1,boleto,6,5,11,0,fashion_roupa_feminina,0.5384615384615384
O02362,0,1,169.53,44.28,0.2612,4,boleto,8,5,11,0,carnes,0.5
O02861,0,1,124.0,15.82,0.1276,4,boleto,12,5,11,0,moveis_jardim,0.4166666666666667
O00645,0,1,320.59,28.02,0.0874,1,boleto,19,5,11,0,alimentos_bebidas,0.5555555555555556
O01745,0,1,433.54,30.57,0.0705,4,credit_card,19,5,11,0,cool_stuff,0.6
O01923,0,1,352.43,26.07,0.074,7,boleto,13,6,11,0,musica_arte,0.5714285714285714
O03336,0,1,159.44,11.22,0.0704,4,voucher,24,6,11,0,seguros_servicos,0.2
O00982,0,1,293.5,13.78,0.047,1,debit_card,13,6,11,0,portateis_cozinha,0.5833333333333334
O03677,0,3,1096.24,91.68,0.1177,1,credit_card,23,6,11,0,casa_conforto_2,0.30608607079195316
O04801,1,1,470.32,20.46,0.0435,2,voucher,7,6,11,0,carnes,0.6666666666666666
O01482,1,1,208.92,5.71,0.0273,7,credit_card,11,6,11,0,casa_quarto,0.5
O00348,1,1,100.17,44.93,0.4485,3,voucher,20,6,11,0,seguros_servicos,0.38461538461538464
O03825,1,1,133.12,8.73,0.0656,1,debit_card,12,6,11,0,moveis_jardim,0.4
O02314,1,1,132.22,7.85,0.0594,1,voucher,8,6,11,0,carnes,0.5555555555555556
O00510,1,1,71.22,35.82,0.5029,1,credit_card,7,0,11,0,eletronicos,0.8888888888888888
O00370,1,2,493.83,50.09,0.2431,2,voucher,5,0,11,0,consoles_games,0.5
O01201,0,1,221.89,8.61,0.0388,1,boleto,16,0,11,0,sinalizacao_seguranca,0.5263157894736842
O03589,0,1,350.04,17.71,0.0506,12,boleto,16,0,11,0,alimentos_bebidas,0.3888888888888889
O02497,0,4,1229.03,116.15,0.1183,1,credit_card,17,0,11,0,alimentos_bebidas,0.5036324786324786
O01097,1,1,19.36,8.25,0.4261,2,credit_card,6,0,11,0,perfumaria,0.2222222222222222
O01507,1,1,293.69,12.68,0.0432,9,voucher,6,0,11,0,casa_limpeza,0.6
O02843,0,1,48.39,7.22,0.1492,5,boleto,23,0,11,0,utilidades_domesticas,0.6190476190476191
O02006,0,1,257.12,36.89,0.1435,4,credit_card,7,0,11,0,brinquedos,0.3333333333333333
O04092,0,1,123.78,15.67,0.1266,8,boleto,13,0,11,0,papelaria,0.6363636363636364
O02235,1,1,295.12,9.01,0.0305,5,voucher,13,1,11,0,fraldas_higiene,0.6666666666666666
O00268,1,1,382.55,37.6,0.0983,4,credit_card,8,1,11,0,sinalizacao_seguranca,0.35714285714285715
O01123,0,1,232.74,24.06,0.1034,1,boleto,16,1,11,0,sinalizacao_seguranca,0.6666666666666666
O03453,0,1,140.01,10.27,0.0734,3,boleto,24,1,11,0,perfumaria,0.3
O02717,1,1,261.8,24.44,0.0934,3,voucher,6,1,11,0,casa_escritorio,0.8333333333333334
O04417,0,1,142.84,9.63,0.0674,3,credit_card,18,1,11,0,fashion_bolsas,0.47368421052631576
O00317,1,1,337.94,12.83,0.038,9,debit_card,22,1,11,0,consoles_games,0.5
O02465,0,1,311.32,6.98,0.0224,7,boleto,22,1,11,0,perfumaria,0.6428571428571429
O03247,1,3,99.54,86.08,1.0401,1,voucher,14,1,11,0,audio,0.4583333333333333
O01814,0,2,690.52,48.12,0.0723,4,voucher,21,2,11,0,dvds_blu_ray,0.49230769230769234
O00944,1,1,162.39,16.77,0.1033,6,voucher,7,2,11,0,beleza_saude,0.4375
O01059,0,1,51.68,19.43,0.376,3,boleto,12,2,11,0,casa_banheiro,0.36363636363636365
O02370,0,2,588.74,69.87,0.1749,5,boleto,12,2,11,0,casa_iluminacao,0.5833333333333333
O00265,1,3,798.21,98.45,0.1856,3,credit_card,15,2,11,0,consoles_games,0.6587301587301587
O04647,1,2,488.51,73.84,0.1512,7,debit_card,6,3,11,0,alimentos_bebidas,0.23809523809523808
O02482,0,1,451.1,35.24,0.0781,12,credit_card,23,3,11,0,papelaria,0.2857142857142857
O02251,1,4,855.3,120.4,0.203,4,debit_card,20,3,11,0,casa_garagem,0.43669871794871795
O01426,1,5,1500.57,170.31,0.1168,4,boleto,23,3,11,0,beleza_saude,0.5198906485671192
O00205,0,1,377.26,49.03,0.13,5,credit_card,21,3,11,0,perfumaria,0.3333333333333333
O01261,1,1,366.19,12.35,0.0337,1,voucher,21,3,11,0,fashion_calcados,0.7
O02864,1,1,213.05,37.82,0.1775,2,credit_card,20,3,11,0,moveis_decoracao,0.5
O00888,1,1,172.96,18.69,0.1081,5,credit_card,6,3,11,0,casa_conforto,0.4375
O01717,0,2,750.61,61.03,0.0824,1,voucher,21,3,11,0,construcao_ferramentas,0.5894736842105264
O04359,0,3,762.06,97.87,0.1717,3,credit_card,14,4,11,0,beleza_saude,0.5363636363636363
O00540,0,1,72.39,37.61,0.5195,3,debit_card,8,4,11,0,casa_conforto,0.42857142857142855
O04430,1,2,816.11,88.17,0.1088,5,debit_card,5,4,11,0,malas_acessorios,0.5085227272727273
O01997,0,1,119.96,47.25,0.3939,3,credit_card,19,4,11,0,ferramentas_jardim,0.38461538461538464
O01196,1,1,335.99,10.24,0.0305,4,credit_card,11,4,11,0,telefonia,0.625
O00896,1,1,62.31,22.47,0.3606,2,debit_card,11,5,11,0,utilidades_domesticas,0.5555555555555556
O04083,1,1,11.56,25.95,2.2448,12,debit_card,17,5,11,0,casa_jardim,0.55
O03852,1,1,236.17,32.42,0.1373,2,credit_card,14,5,11,0,cool_stuff,0.5
O04000,1,3,1017.31,104.87,0.1079,12,credit_card,12,5,11,0,alimentos_bebidas,0.6406926406926406
O04862,1,1,130.6,29.45,0.2255,1,voucher,17,5,11,0,fashion_esporte,0.9090909090909091
O03571,0,1,346.4,37.11,0.1071,3,debit_card,17,5,11,0,fashion_roupa_feminina,0.4444444444444444
O01340,1,1,340.08,49.18,0.1446,3,boleto,19,6,11,0,moveis_colchao_estofado,0.75
O02740,1,1,406.58,31.43,0.0773,1,credit_card,12,6,11,0,beleza_saude,0.3333333333333333
O04924,1,1,325.08,34.88,0.1073,7,boleto,15,6,11,0,portateis_casa_forno_cafe,0.6
O04049,0,2,91.07,50.76,0.9529,1,boleto,9,6,11,0,beleza_saude,0.5089285714285714
O03117,1,1,60.82,12.78,0.2101,6,voucher,9,0,11,0,fashion_underwear,0.38461538461538464
O02804,1,1,465.26,36.47,0.0784,1,debit_card,11,0,11,0,casa_escritorio,0.8333333333333334
O02710,0,2,619.73,54.48,0.0858,12,credit_card,9,0,11,0,casa_escritorio,0.5
O04755,1,1,185.1,23.79,0.1285,1,boleto,11,0,11,0,casa_quarto,0.47368421052631576
O04251,0,1,64.21,32.02,0.4987,2,credit_card,18,0,11,0,eletrodomesticos_2,1.0
O04009,1,1,357.0,21.96,0.0615,1,voucher,5,1,11,0,casa_garagem,0.5
O01182,1,1,38.48,48.39,1.2575,7,boleto,22,1,11,0,instrumentos_musicais,0.4166666666666667
O00856,1,4,1167.81,96.55,0.0925,2,boleto,6,1,11,0,cool_stuff,0.3895833333333333
O02743,1,1,66.08,43.36,0.6562,5,boleto,10,1,11,0,fraldas_higiene,0.5
O01578,1,2,523.36,28.61,0.0608,1,boleto,12,1,11,0,alimentos_bebidas,0.34444444444444444
O00236,1,3,642.35,93.72,0.1363,3,boleto,16,1,11,0,casa_cozinha,0.5314685314685315
O02547,1,3,906.8,36.42,0.0344,2,credit_card,14,1,11,0,cds_dvds_musicais,0.6746031746031745
O03766,1,1,331.86,15.06,0.0454,1,debit_card,6,2,11,0,livros_interesse,0.5454545454545454
O00151,1,2,426.54,34.32,0.1213,1,debit_card,5,2,11,0,casa_outros,0.33035714285714285
O00007,0,4,462.86,145.23,0.5403,5,credit_card,14,2,11,0,alimentos_bebidas,0.46339285714285716
O03270,1,1,466.99,28.26,0.0605,2,voucher,9,2,11,0,consoles_games,0.5
O01280,1,1,488.26,12.16,0.0249,2,boleto,18,2,11,0,cool_stuff,0.46153846153846156
O04866,0,3,859.99,96.37,0.117,2,debit_card,5,2,11,0,moveis_presentes,0.4675324675324675
O00519,1,3,1119.39,73.4,0.0686,3,boleto,22,2,11,0,casa_jardim,0.3966507177033492
O04547,0,1,114.4,13.09,0.1144,1,debit_card,17,2,11,0,casa_iluminacao,0.4166666666666667
O00461,0,1,425.82,14.4,0.0338,4,credit_card,17,3,11,0,market_place,0.6
O03062,1,2,131.05,82.88,0.6351,3,boleto,7,3,11,0,casa_limpeza,0.4318181818181818
O02244,1,1,191.75,14.55,0.0759,3,credit_card,13,3,11,0,papelaria,0.5
O03551,0,1,302.27,27.41,0.0907,4,boleto,24,3,11,0,pc_gamer,0.5
O02111,1,1,227.02,45.98,0.2025,3,boleto,11,3,11,0,portateis_casa_forno_cafe,0.5
O01079,1,1,117.4,8.16,0.0695,1,credit_card,13,3,11,0,fashion_esporte,0.25
O03161,1,1,190.9,30.92,0.162,6,debit_card,12,3,11,0,eletrodomesticos_2,0.5
O04449,1,1,129.91,13.76,0.1059,7,credit_card,10,3,11,0,malas_acessorios,0.5384615384615384
O04542,1,1,401.2,19.73,0.0492,10,boleto,10,4,11,0,construcao_ferramentas,0.6875
O04232,0,1,369.25,20.64,0.0559,2,credit_card,25,4,11,0,artigos_nautica,0.5555555555555556
O04889,1,1,208.56,31.33,0.1502,1,debit_card,14,4,11,0,eletrodomesticos_2,0.5714285714285714
O00269,0,1,249.63,21.27,0.0852,12,voucher,20,4,11,0,casa_iluminacao,0.5454545454545454
O02382,1,1,415.7,48.7,0.1172,3,voucher,15,4,11,0,cool_stuff,0.45454545454545453
O00447,1,2,858.94,73.13,0.0861,3,debit_card,5,4,11,0,artes,0.5772727272727273
O01516,0,3,535.21,84.75,0.6572,4,credit_card,13,4,11,0,alimentos_bebidas,0.5915343915343915
O04537,0,2,197.91,63.88,0.3005,4,voucher,23,4,11,0,brinquedos,0.6691176470588236
O04320,0,1,244.4,19.64,0.0804,2,boleto,18,5,11,0,informatica_acessorios,0.625
O02169,1,2,420.01,49.57,0.1587,4,debit_card,7,5,11,0,casa_quarto,0.5961538461538461
O04415,1,1,261.25,35.77,0.1369,4,debit_card,12,5,11,0,ferramentas_jardim,0.375
O02290,1,2,680.48,44.11,0.0831,2,debit_card,18,5,11,0,instrumentos_musicais,0.5684523809523809
O04650,1,2,658.39,27.39,0.0373,9,debit_card,12,5,11,0,casa_outros,0.6333333333333333
O03608,1,2,425.82,50.61,0.0969,4,voucher,20,5,11,0,construcao_ferramentas,0.573076923076923
O02047,1,1,256.29,11.05,0.0431,7,debit_card,18,6,11,0,beleza_saude,0.5714285714285714
O03061,0,1,151.39,27.35,0.1807,1,boleto,8,6,11,0,eletrodomesticos_2,0.6111111111111112
O00728,1,3,720.21,76.04,0.5648,1,boleto,8,6,11,0,eletroportateis,0.5749417249417249
O02394,1,2,247.95,17.29,0.113,1,credit_card,22,0,11,0,artes,0.5842490842490842
O00708,1,1,20.68,41.97,2.0295,1,credit_card,6,1,11,0,instrumentos_musicais,0.4
O01173,0,5,1300.66,117.81,0.1183,4,debit_card,18,1,11,0,artes,0.5159449760765551
O03883,1,2,895.05,56.06,0.0643,8,credit_card,12,1,11,0,carnes,0.5833333333333333
O04190,0,1,292.56,6.49,0.0222,1,debit_card,22,1,11,0,construcao_ferramentas,0.5454545454545454
O02183,1,2,646.13,35.92,0.0568,1,boleto,13,1,11,0,casa_sala,0.75
O03561,1,1,248.6,6.64,0.0267,1,credit_card,18,1,11,0,sinalizacao_seguranca,0.5238095238095238
O01113,0,1,189.08,47.68,0.2522,1,debit_card,22,1,11,0,pc_gamer,0.5625
O00962,0,1,326.62,14.42,0.0441,2,boleto,24,1,11,0,casa_quarto,0.5714285714285714
O04723,0,2,492.28,60.3,0.2702,12,credit_card,24,1,11,0,bebes,0.36309523809523814
O04911,1,2,749.22,67.24,0.0864,1,boleto,16,2,11,0,casa_banheiro,0.6750700280112045
O03097,1,1,79.91,9.55,0.1195,4,debit_card,19,2,11,0,fraldas_higiene,0.35714285714285715
O03149,1,1,365.04,33.86,0.0928,9,debit_card,8,2,11,0,sinalizacao_seguranca,0.45
O03530,1,1,102.83,18.3,0.178,5,boleto,22,2,11,0,eletroportateis,0.5833333333333334
O00092,0,2,733.79,61.12,0.0843,6,debit_card,21,2,11,0,market_place,0.35416666666666663
O04708,1,3,913.2,98.87,0.1457,3,credit_card,7,2,11,0,cds_dvds_musicais,0.7547534165181223
O02980,1,1,451.35,13.53,0.03,1,boleto,9,2,11,0,papelaria,0.4444444444444444
O00492,0,1,247.91,48.94,0.1974,1,boleto,23,3,11,0,casa_quarto,0.5454545454545454
O03005,0,1,165.47,37.63,0.2274,4,credit_card,17,3,11,0,casa_lavanderia,0.4
O00389,0,1,101.58,25.29,0.249,1,voucher,22,3,11,0,casa_escritorio,0.6666666666666666
O02326,1,2,204.64,72.54,0.3514,3,credit_card,9,3,11,0,cds_dvds_musicais,0.5357142857142857
O01550,0,1,100.85,35.98,0.3568,4,credit_card,24,4,11,0,portateis_cozinha,0.5833333333333334
O01596,1,2,289.55,48.96,0.2524,1,debit_card,18,4,11,0,fashion_bolsas,0.5333333333333333
O03992,0,1,221.97,31.9,0.1437,1,credit_card,22,4,11,0,casa_construcao,0.65
O03855,0,1,283.92,26.25,0.0925,1,credit_card,24,4,11,0,casa_jardim,0.6470588235294118
O01559,1,4,782.85,129.51,0.1541,5,credit_card,7,5,11,0,casa_construcao,0.5110254329004329
O02518,1,1,457.36,46.13,0.1009,3,credit_card,15,5,11,0,beleza_saude,0.5333333333333333
O00003,1,5,962.14,126.57,0.2474,12,voucher,19,5,11,0,casa_banheiro,0.5559358288770053
O02116,1,1,221.38,23.28,0.1052,5,credit_card,10,5,11,0,casa_utilidades,0.14285714285714285
O02578,1,2,391.18,63.09,0.1697,6,debit_card,18,5,11,0,construcao_ferramentas,0.6232057416267942
O02673,1,3,983.05,74.49,0.0802,3,credit_card,14,6,11,0,casa_utilidades,0.4726495726495727
O01258,1,2,280.52,54.45,0.2152,1,boleto,12,6,11,0,livros_interesse,0.5256410256410257
O04667,0,2,110.95,57.64,0.9638,1,boleto,23,6,11,0,casa_conforto,0.3852941176470588
O02412,0,1,29.6,34.11,1.1524,5,credit_card,12,6,11,0,carnes,0.26666666666666666
O04033,1,1,111.88,37.29,0.3333,2,credit_card,14,0,11,0,casa_garagem,0.3333333333333333
O03126,1,1,430.54,37.38,0.0868,1,voucher,7,0,11,0,moveis_presentes,0.5333333333333333
O03700,0,1,242.78,36.03,0.1484,4,boleto,18,0,11,0,consoles_games,0.6428571428571429
O01266,0,1,139.56,37.62,0.2696,8,debit_card,11,0,11,0,relogios_presentes,0.45454545454545453
O03388,0,2,614.08,92.16,0.1609,2,voucher,16,1,11,0,portateis_casa_forno_cafe,0.38888888888888884
O02602,1,2,465.18,55.84,0.2475,4,debit_card,23,1,11,0,casa_iluminacao,0.43956043956043955
O04970,1,1,350.5,25.78,0.0736,4,voucher,18,1,11,0,portateis_cozinha,0.4166666666666667
O01963,1,1,211.2,40.32,0.1909,5,credit_card,13,1,11,0,eletrodomesticos_2,0.38461538461538464
O01117,0,2,847.61,62.91,0.0707,3,boleto,18,2,11,0,audio,0.4949494949494949
O04564,1,2,646.19,43.46,0.1046,10,voucher,20,2,11,0,casa_banheiro,0.5
O01439,1,1,457.33,19.22,0.042,3,credit_card,5,2,11,0,malas_acessorios,0.5
O02129,1,1,67.2,29.24,0.4351,1,debit_card,23,2,11,0,fashion_esporte,0.5
O01013,1,2,598.0,89.75,0.189,2,credit_card,10,3,11,0,carnes,0.49702380952380953
O04413,0,1,100.68,16.89,0.1678,1,boleto,22,3,11,0,carnes,0.5
O02778,0,1,124.03,33.01,0.2661,4,voucher,20,3,11,0,beleza_saude,0.42857142857142855
O00133,1,5,1345.29,188.48,0.1793,1,debit_card,9,3,11,0,alimentos_bebidas,0.44525337407690346
O00259,1,1,446.6,49.56,0.111,5,boleto,15,3,11,0,construcao_ferramentas,0.625
O02561,0,2,918.52,93.88,0.1022,5,voucher,17,3,11,0,casa_limpeza,0.5669642857142857
O01492,0,1,76.26,25.21,0.3306,8,boleto,15,4,12,0,cool_stuff,0.6363636363636364
O02635,0,1,230.27,24.82,0.1078,1,voucher,14,4,12,0,automotivo,0.125
O01083,0,1,362.13,36.36,0.1004,1,voucher,18,4,12,0,moveis_escritorio,0.5833333333333334
O04538,1,1,18.13,49.31,2.7198,4,boleto,20,4,12,0,automotivo,0.6153846153846154
O03503,0,2,929.47,71.53,0.0774,6,boleto,14,4,12,0,casa_jardim,0.4791666666666667
O02682,1,1,217.07,40.18,0.1851,2,credit_card,14,4,12,0,utilidades_domesticas,0.7692307692307693
O00036,0,1,464.76,44.16,0.095,2,boleto,18,5,12,0,musica_arte,0.38095238095238093
O04374,0,1,363.94,33.52,0.0921,3,debit_card,16,5,12,0,carnes,0.47058823529411764
O02142,0,1,30.56,12.29,0.4022,4,debit_card,20,6,12,0,portateis_cozinha,0.5555555555555556
O02738,1,2,730.96,55.62,0.0682,5,voucher,13,6,12,0,construcao_ferramentas,0.45238095238095233
O04734,0,2,490.4,40.01,0.083,6,credit_card,20,6,12,0,beleza_saude,0.5478468899521531
O01679,1,2,661.07,32.62,0.0657,5,voucher,7,6,12,0,consoles_games,0.5798319327731092
O03150,1,3,689.31,70.9,1.0586,1,credit_card,8,0,12,0,casa_lavanderia,0.4775641025641026
O04612,0,2,677.16,91.23,0.1556,8,debit_card,14,0,12,0,brinquedos,0.38181818181818183
O02160,1,1,492.39,36.09,0.0733,1,voucher,19,0,12,0,instrumentos_musicais,0.5909090909090909
O00221,0,2,369.64,55.16,0.2207,1,credit_card,24,0,12,0,moveis_cozinha,0.6071428571428571
O04444,1,1,317.75,42.96,0.1352,6,debit_card,11,0,12,0,moveis_decoracao,0.5714285714285714
O03483,0,3,668.95,65.44,0.0849,1,voucher,21,0,12,0,eletrodomesticos,0.6069444444444444
O03861,1,1,191.88,15.99,0.0833,3,voucher,5,0,12,0,livros_interesse,0.5
O02067,1,5,1003.49,136.3,0.2689,1,debit_card,9,1,12,0,alimentos_bebidas,0.49289533995416346
O03508,1,2,750.97,24.68,0.0329,4,boleto,9,1,12,0,dvds_blu_ray,0.7525252525252526
O00808,1,2,654.53,26.25,0.0407,1,credit_card,14,1,12,0,casa_lavanderia,0.6071428571428572
O01353,0,2,561.58,43.88,0.079,7,credit_card,10,1,12,0,construcao_ferramentas,0.37727272727272726
O01706,1,3,1076.7,118.34,0.142,5,credit_card,7,2,12,0,casa_conforto,0.5428571428571428
O03940,1,1,183.43,44.61,0.2432,10,credit_card,18,2,12,0,casa_lavanderia,0.5
O03446,1,1,110.56,12.55,0.1135,2,boleto,19,2,12,0,market_place,0.47619047619047616
O02574,0,1,460.56,26.85,0.0583,3,credit_card,21,2,12,0,fashion_esporte,0.35714285714285715
O03086,0,2,224.29,71.91,0.3669,8,credit_card,6,2,12,0,casa_iluminacao,0.6038961038961039
O04233,0,1,315.63,31.43,0.0996,2,voucher,25,2,12,0,artigos_nautica,0.5454545454545454
O03816,1,2,303.76,19.72,0.0655,3,boleto,13,2,12,0,casa_banheiro,0.5352941176470588
O02184,1,1,402.84,16.92,0.042,2,credit_card,24,3,12,0,casa_outros,0.42857142857142855
O01148,1,1,414.17,31.08,0.075,1,debit_card,6,3,12,0,fraldas_higiene,0.45454545454545453
O04880,1,1,329.97,22.49,0.0682,10,boleto,11,3,12,0,casa_iluminacao,0.5
O01542,1,1,138.33,13.78,0.0996,2,debit_card,20,3,12,0,casa_quarto,0.5294117647058824
O04815,1,4,609.27,117.15,0.6478,1,debit_card,9,3,12,0,casa_sala,0.4693043884220355
O04491,1,1,481.2,24.53,0.051,2,voucher,17,4,12,0,casa_jardim,0.5
O04342,0,2,482.21,57.53,1.1221,5,credit_card,21,4,12,0,casa_garagem,0.3319327731092437
O02258,0,2,455.61,37.57,0.0875,1,credit_card,13,4,12,0,eletroportateis,0.33636363636363636
O00878,1,1,174.76,14.1,0.0807,6,boleto,14,4,12,0,fashion_roupa_feminina,0.46153846153846156
O03056,1,3,484.47,69.23,0.208,1,debit_card,7,5,12,0,instrumentos_musicais,0.7051282051282052
O02619,0,1,216.72,11.55,0.0533,2,boleto,5,5,12,0,market_place,0.4375
O04192,1,1,27.58,45.58,1.6526,2,voucher,10,5,12,0,brinquedos,0.36363636363636365
O04380,0,2,368.42,68.5,0.1861,3,debit_card,19,6,12,0,alimentos_bebidas,0.4955357142857143
O01032,1,2,668.91,43.21,0.071,3,debit_card,11,6,12,0,carnes,0.4666666666666667
O01741,1,1,273.01,22.41,0.0821,1,credit_card,14,6,12,0,casa_escritorio,0.6470588235294118
O01207,1,1,406.12,41.37,0.1019,4,voucher,7,6,12,0,moveis_presentes,0.5454545454545454
O02226,0,1,11.99,32.25,2.6897,6,credit_card,16,6,12,0,artes,0.3333333333333333
O02556,0,2,157.08,23.95,0.1644,1,debit_card,14,6,12,0,cool_stuff,0.7530303030303029
O02931,1,1,33.24,34.74,1.0451,7,boleto,6,6,12,0,moveis_quarto,0.36363636363636365
O00752,0,3,1022.18,120.36,0.1255,2,credit_card,22,6,12,0,carnes,0.5101390983743925
O03360,0,2,802.62,65.2,0.0807,3,debit_card,22,6,12,0,alimentos_bebidas,0.45344129554655865
O00515,1,1,16.16,26.93,1.6665,2,credit_card,8,6,12,0,casa_outros,0.5384615384615384
O02706,0,1,233.56,42.37,0.1814,1,credit_card,21,0,12,0,eletrodomesticos,0.5
O03714,1,1,465.6,38.06,0.0817,7,voucher,15,0,12,0,eletronicos,0.4117647058823529
O02285,1,1,491.18,36.47,0.0742,2,voucher,9,0,12,0,ferramentas_jardim,0.3333333333333333
O03003,1,3,610.69,100.49,0.1652,2,debit_card,16,0,12,0,cool_stuff,0.4875
O04447,1,2,748.26,35.03,0.0477,5,boleto,16,0,12,0,casa_banheiro,0.40384615384615385
O00923,0,1,18.91,36.57,1.9339,1,boleto,14,0,12,0,la_cuisine,0.5
O01527,0,2,399.33,29.48,0.2499,5,voucher,8,0,12,0,casa_banheiro,0.4289772727272727
O02433,1,2,447.41,93.02,0.8707,1,credit_card,13,0,12,0,artes,0.3606060606060606
O01107,1,1,127.73,20.22,0.1583,7,debit_card,12,0,12,0,moveis_quarto,0.46153846153846156
O04084,0,3,834.98,118.47,0.5065,3,boleto,25,0,12,0,audio,0.5014619883040936
O01062,0,2,626.27,72.51,0.124,3,debit_card,22,0,12,0,casa_escritorio,0.5923076923076923
O00950,1,1,452.28,27.65,0.0611,5,credit_card,5,0,12,0,casa_escritorio,0.14285714285714285
O02761,0,1,391.96,23.68,0.0604,6,voucher,18,0,12,0,moveis_jardim,0.45454545454545453
O04756,1,1,99.97,37.12,0.3713,1,boleto,9,0,12,0,casa_quarto,0.2857142857142857
O02660,0,3,735.56,99.97,0.1674,4,boleto,23,0,12,0,cama_mesa_banho,0.4064814814814815
O03029,1,3,927.51,40.85,0.0734,2,voucher,23,0,12,0,audio,0.392063492063492
O03960,1,1,230.71,25.76,0.1117,4,debit_card,25,0,12,0,construcao_ferramentas,0.5714285714285714
O03802,0,3,1074.35,64.67,0.056,3,voucher,20,1,12,0,casa_construcao,0.5128205128205128
O03961,1,1,158.3,43.4,0.2742,1,boleto,12,1,12,0,instrumentos_musicais,0.625
O02653,1,2,394.36,57.57,0.1678,8,voucher,10,1,12,0,casa_conforto_2,0.4423076923076923
O04943,1,1,308.57,46.35,0.1502,2,voucher,9,1,12,0,fashion_roupa_feminina,0.6086956521739131
O01614,1,3,407.43,109.7,0.6482,3,voucher,13,1,12,0,casa_escritorio,0.5515873015873015
O02477,1,1,198.53,19.69,0.0992,10,boleto,16,2,12,0,fashion_roupa_feminina,0.4166666666666667
O04886,0,1,131.72,14.03,0.1065,3,boleto,21,2,12,0,moda_roupa,0.5714285714285714
O03757,1,2,509.33,86.83,0.2132,9,voucher,8,2,12,0,casa_banheiro,0.6458333333333333
O00308,1,1,27.47,22.58,0.822,4,voucher,12,2,12,0,portateis_cozinha,0.4
O04549,1,1,275.82,23.5,0.0852,5,boleto,14,2,12,0,fashion_underwear,0.6666666666666666
O03761,0,2,498.26,81.21,0.3255,5,voucher,19,3,12,0,dvds_blu_ray,0.5416666666666667
O00441,0,2,214.86,53.44,0.2596,3,boleto,13,3,12,0,casa_sala,0.47916666666666663
O00123,1,5,1002.41,161.42,0.171,4,credit_card,18,3,12,0,beleza_saude,0.49492753623188407
O02035,1,1,153.19,31.49,0.2056,8,debit_card,5,3,12,0,instrumentos_musicais,0.5384615384615384
O01594,0,1,436.83,29.59,0.0677,2,credit_card,24,3,12,0,fashion_esporte,0.6111111111111112
O03619,0,3,700.51,52.66,0.1013,3,credit_card,16,3,12,0,fashion_roupa_feminina,0.6876750700280111
O02881,0,1,161.48,30.52,0.189,1,debit_card,25,3,12,0,casa_iluminacao,0.36363636363636365
O04778,0,1,45.74,39.23,0.8577,9,credit_card,24,3,12,0,construcao_ferramentas,0.35294117647058826
O01089,0,1,73.4,41.65,0.5674,6,credit_card,25,3,12,0,relogios_presentes,0.4444444444444444
O02910,0,1,418.7,25.25,0.0603,5,debit_card,21,3,12,0,ferramentas_jardim,0.6923076923076923
O00152,0,2,333.1,57.85,0.1745,1,credit_card,24,4,12,0,instrumentos_musicais,0.5285714285714286
O00158,1,1,415.35,32.04,0.0771,1,voucher,25,4,12,0,cds_dvds_musicais,0.75
O04656,0,1,226.29,34.56,0.1527,12,boleto,23,4,12,0,papelaria,0.9
O04095,1,1,49.18,23.1,0.4697,3,credit_card,15,4,12,0,cool_stuff,0.5789473684210527
O03642,0,3,411.32,94.06,0.2675,4,voucher,19,4,12,0,beleza_saude,0.5886243386243387
O01459,0,3,800.82,91.32,0.1866,2,credit_card,12,5,12,0,automotivo,0.5726310726310726
O02356,1,1,445.43,19.97,0.0448,9,voucher,9,5,12,0,fashion_calcados,0.6666666666666666
O04922,0,2,522.22,49.59,0.2511,1,debit_card,17,5,12,0,automotivo,0.5
O04562,0,1,346.16,25.49,0.0736,4,boleto,20,5,12,0,fashion_roupa_masculina,0.5555555555555556
O04102,0,4,548.37,89.32,0.2304,4,debit_card,13,5,12,0,casa_banheiro,0.5718253968253968
O00825,0,2,769.56,51.42,0.0697,3,boleto,20,5,12,0,dvds_blu_ray,0.542483660130719
O03644,1,2,597.35,68.54,0.1151,10,boleto,10,5,12,0,flores,0.4630681818181818
O03625,1,1,491.71,18.54,0.0377,1,debit_card,7,5,12,0,casa_limpeza,0.7
O04749,0,2,452.37,54.1,0.1328,1,voucher,8,5,12,0,livros_interesse,0.5848484848484848
O00458,0,1,333.25,36.39,0.1092,3,boleto,19,6,12,0,casa_garagem,0.5714285714285714
O01766,1,2,561.44,65.3,0.1296,6,debit_card,23,6,12,0,moveis_decoracao,0.37745098039215685
O02812,1,1,122.9,15.22,0.1238,9,credit_card,25,6,12,0,casa_cozinha,0.5333333333333333
O03935,0,2,414.82,80.05,0.2025,3,voucher,20,6,12,0,moveis_quarto,0.5969696969696969
O02946,0,1,483.65,34.93,0.0722,1,debit_card,13,6,12,0,fashion_roupa_feminina,0.6666666666666666
O00678,1,1,204.1,35.34,0.1732,9,voucher,21,0,12,0,cool_stuff,0.4444444444444444
O02088,0,4,1360.76,96.47,0.0838,1,boleto,11,0,12,0,audio,0.5931159420289854
O00494,1,2,537.5,84.63,0.227,2,boleto,14,0,12,0,casa_construcao,0.5777777777777777
O01919,1,1,356.77,41.94,0.1176,6,voucher,9,0,12,0,fashion_bolsas,0.6
O00206,0,2,476.99,48.92,0.1091,8,debit_card,16,0,12,0,eletrodomesticos,0.4368421052631579
O02658,1,1,67.34,24.57,0.3649,2,debit_card,6,0,12,0,casa_lavanderia,0.5882352941176471
O04720,1,1,252.95,49.94,0.1974,5,boleto,5,0,12,0,moveis_colchao_estofado,0.5238095238095238
O03474,0,1,313.83,36.41,0.116,1,debit_card,22,0,12,0,moveis_jardim,0.6875
O02523,1,2,457.61,22.12,0.1331,4,boleto,15,1,12,0,casa_utilidades,0.5
O00213,1,1,203.13,34.95,0.1721,1,boleto,5,1,12,0,brinquedos,0.625
O04464,1,2,465.21,84.17,0.1811,3,boleto,21,1,12,0,construcao_ferramentas,0.42810457516339867
O02069,1,1,46.06,22.84,0.4959,3,boleto,10,1,12,0,relogios_presentes,0.5
O03105,1,1,213.36,49.44,0.2317,4,voucher,13,2,12,0,beleza_saude,0.25
O03426,1,4,1281.61,93.7,0.0937,1,boleto,10,2,12,0,carnes,0.540530303030303
O01186,0,3,639.11,62.09,0.1294,1,debit_card,13,2,12,0,portateis_cozinha,0.425030525030525
O01861,1,1,265.8,40.39,0.152,2,boleto,10,2,12,0,audio,0.46153846153846156
O03600,0,1,393.63,36.06,0.0916,3,voucher,21,2,12,0,livros_interesse,0.5833333333333334
O02365,1,1,380.54,29.04,0.0763,6,credit_card,14,3,12,0,casa_jardim,0.3333333333333333
O00758,1,1,416.44,39.91,0.0958,3,boleto,8,3,12,0,moveis_jardim,0.5384615384615384
O00079,0,1,400.32,44.95,0.1123,1,boleto,19,4,12,0,casa_construcao,0.5
O02949,1,2,927.52,46.38,0.05,3,voucher,6,4,12,0,moveis_jardim,0.41666666666666663
O03640,0,2,184.86,13.22,0.0769,6,boleto,22,4,12,0,casa_limpeza,0.4
O04587,1,1,63.7,21.82,0.3425,6,boleto,9,4,12,0,moveis_decoracao,0.6363636363636364
O03937,1,1,14.81,10.81,0.7299,1,credit_card,25,4,12,0,instrumentos_musicais,0.5454545454545454
O01253,0,1,262.4,26.03,0.0992,2,credit_card,12,4,12,0,flores,0.5294117647058824
O03510,1,1,58.58,37.25,0.6359,3,boleto,7,4,12,0,fashion_calcados,0.5555555555555556
O00532,1,1,64.19,22.57,0.3516,1,debit_card,18,5,12,0,brinquedos,0.6111111111111112
O03681,1,2,223.97,51.17,0.2527,3,credit_card,8,5,12,0,casa_utilidades,0.606060606060606
O00966,0,1,260.92,9.74,0.0373,4,voucher,23,5,12,0,market_place,0.5652173913043478
O01942,0,2,575.26,61.6,0.1081,2,credit_card,23,6,12,0,esporte_lazer,0.5520833333333333
O01869,0,1,430.94,29.88,0.0693,1,debit_card,19,6,12,0,papelaria,0.5
O03144,0,1,60.73,24.3,0.4001,6,debit_card,24,0,12,0,papelaria,0.4166666666666667
O02345,0,1,17.28,40.18,2.3252,1,credit_card,12,0,12,0,beleza_saude,0.5
O04802,0,2,610.71,65.01,0.1566,1,credit_card,13,0,12,0,casa_conforto_2,0.6477272727272727
O01749,1,3,1059.03,53.74,0.0881,5,voucher,8,0,12,0,beleza_saude,0.611336032388664
O01950,0,1,136.77,36.44,0.2664,3,boleto,17,0,12,0,moveis_decoracao,0.5238095238095238
O01312,1,1,361.35,49.2,0.1362,4,boleto,11,0,12,0,papelaria,0.5
O03899,0,1,154.79,43.65,0.282,3,boleto,12,1,12,0,artigos_nautica,0.7692307692307693
O03897,1,1,111.01,39.7,0.3576,3,debit_card,10,1,12,0,eletronicos,0.6666666666666666
O01076,1,1,23.44,29.99,1.2794,3,credit_card,7,1,12,0,artigos_nautica,0.3684210526315789
O04393,0,1,327.69,7.13,0.0218,2,boleto,22,1,12,0,musica_arte,0.46153846153846156
O02644,1,2,551.96,67.28,0.1686,2,debit_card,10,2,12,0,market_place,0.5833333333333334
O04629,1,1,355.38,27.52,0.0774,5,voucher,10,2,12,0,livros_interesse,0.6428571428571429
O04937,0,2,506.67,43.21,0.106,1,boleto,19,2,12,0,casa_garagem,0.5576923076923077
O02066,1,2,392.18,71.25,1.1451,1,voucher,9,2,12,0,eletrodomesticos_2,0.5721153846153846
O04499,1,1,162.49,14.04,0.0864,7,debit_card,12,2,12,0,casa_escritorio,0.6
O00590,1,2,498.04,44.67,0.133,3,boleto,9,3,12,0,automotivo,0.4930555555555556
O03163,0,2,652.89,40.85,0.0914,7,boleto,12,4,12,0,casa_garagem,0.6746031746031746
O04511,1,1,195.15,35.61,0.1825,7,debit_card,7,4,12,0,casa_utilidades,0.1111111111111111
O03361,0,1,406.95,48.97,0.1203,3,debit_card,9,4,12,0,casa_garagem,0.4375
O00354,0,1,306.99,12.48,0.0407,10,credit_card,24,4,12,0,moveis_escritorio,0.6666666666666666
O01606,0,2,810.7,59.62,0.0754,1,voucher,15,5,12,0,carnes,0.4494047619047619
O01580,0,1,368.26,19.35,0.0525,7,debit_card,9,5,12,0,casa_outros,0.5625
O02870,1,2,816.27,71.22,0.0921,7,credit_card,5,5,12,0,eletrodomesticos_2,0.6025641025641025
O04439,1,3,616.43,94.07,0.1849,3,debit_card,16,6,12,0,casa_limpeza,0.691996891996892
O01804,1,1,434.37,28.39,0.0654,4,credit_card,20,6,12,0,casa_outros,0.5
O04543,1,2,694.95,33.74,0.0481,1,boleto,11,6,12,0,brinquedos,0.5182186234817814
O02201,1,1,221.99,36.28,0.1634,4,debit_card,5,6,12,0,moveis_sala,0.6666666666666666
O04442,0,3,768.96,115.07,0.4523,3,voucher,25,6,12,0,cool_stuff,0.4087938205585265
O00075,1,2,155.28,25.25,0.3773,5,credit_card,9,6,12,0,eletroportateis,0.4285714285714286
O03471,0,1,198.05,11.4,0.0576,4,boleto,18,6,12,0,utilidades_domesticas,0.4166666666666667
O02064,1,1,404.01,49.3,0.122,3,boleto,17,0,1,0,casa_garagem,0.5
O01960,0,2,691.66,74.62,0.109,9,debit_card,24,0,1,0,cds_dvds_musicais,0.6413043478260869
O00227,0,1,184.49,5.19,0.0281,1,boleto,13,0,1,0,portateis_casa_forno_cafe,0.5384615384615384
O00844,0,3,773.79,57.88,0.0738,4,debit_card,25,1,1,0,casa_sala,0.5041666666666667
O03636,0,1,261.76,49.34,0.1885,5,voucher,14,1,1,0,informatica_acessorios,0.6153846153846154
O01094,1,3,828.6,94.68,0.1199,6,credit_card,5,2,1,0,la_cuisine,0.4458333333333333
O04850,0,1,124.91,32.77,0.2623,7,credit_card,15,2,1,0,moveis_cozinha,0.6923076923076923
O02590,0,2,961.61,56.65,0.06,3,voucher,25,2,1,0,papelaria,0.5791666666666666
O00094,0,2,418.52,51.27,0.2378,3,debit_card,15,2,1,0,casa_garagem,0.375
O00565,0,3,860.82,51.35,0.078,5,credit_card,14,2,1,0,eletrodomesticos_2,0.5063727695306642
O04896,0,2,551.49,91.32,0.1696,5,voucher,11,3,1,0,eletroportateis,0.626984126984127
O00383,0,2,720.0,18.64,0.0316,1,debit_card,13,3,1,0,casa_cozinha,0.5642857142857143
O02199,0,1,454.31,26.55,0.0584,3,debit_card,18,3,1,0,fashion_calcados,0.6153846153846154
O04677,1,1,459.5,26.61,0.0579,4,credit_card,5,3,1,0,casa_escritorio,0.7
O01214,1,2,425.24,69.06,0.1654,1,voucher,5,3,1,0,fraldas_higiene,0.42291666666666666
O02895,0,1,261.66,16.26,0.0621,3,debit_card,19,4,1,0,artes,0.35
O04497,1,1,51.27,24.01,0.4683,1,debit_card,8,4,1,0,moveis_cozinha,0.47058823529411764
O00371,1,1,255.58,21.52,0.0842,4,credit_card,16,4,1,0,fraldas_higiene,0.5416666666666666
O02042,0,1,378.28,40.28,0.1065,7,debit_card,19,4,1,0,casa_escritorio,0.5555555555555556
O04583,1,1,478.75,43.59,0.091,3,credit_card,17,4,1,0,consoles_games,0.8181818181818182
O00991,1,2,455.67,52.71,0.1181,1,debit_card,17,5,1,0,flores,0.6703296703296704
O00572,0,1,142.57,24.16,0.1695,4,credit_card,21,5,1,0,portateis_casa_forno_cafe,0.6923076923076923
O00245,1,3,568.32,97.7,0.2261,12,credit_card,14,5,1,0,artigos_nautica,0.5499999999999999
O04130,1,1,68.2,5.25,0.077,7,debit_card,9,5,1,0,fashion_roupa_masculina,0.5625
O00010,1,1,148.43,25.12,0.1692,1,credit_card,18,6,1,0,audio,0.5333333333333333
O00281,0,1,285.45,10.66,0.0373,2,voucher,25,6,1,0,casa_conforto,0.9090909090909091
O00297,0,3,933.9,104.22,0.1461,6,boleto,18,6,1,0,eletronicos,0.6818181818181818
O01351,0,1,93.6,30.03,0.3208,1,credit_card,23,6,1,0,la_cuisine,0.6470588235294118
O03219,0,1,235.17,39.38,0.1675,1,credit_card,20,6,1,0,casa_escritorio,0.7
O00467,1,1,113.62,18.83,0.1657,1,voucher,12,6,1,0,casa_limpeza,0.6
O03006,0,1,473.41,48.49,0.1024,1,boleto,22,6,1,0,automotivo,0.23076923076923078
O03408,1,2,458.29,62.01,0.4328,1,credit_card,5,6,1,0,casa_banheiro,0.5833333333333333
O03311,0,2,408.23,68.91,0.1681,7,boleto,15,6,1,0,consoles_games,0.478021978021978
O00449,0,1,224.51,20.75,0.0924,1,debit_card,15,0,1,0,automotivo,0.5
O02900,0,2,605.88,66.63,0.1093,3,credit_card,16,0,1,0,casa_sala,0.6041666666666667
O01874,1,1,283.2,32.14,0.1135,1,boleto,13,0,1,0,alimentos_bebidas,0.5333333333333333
O03111,0,1,310.53,42.99,0.1384,5,debit_card,12,0,1,0,casa_conforto,0.4166666666666667
O00412,0,2,452.86,30.68,0.1548,3,credit_card,14,0,1,0,beleza_saude,0.5833333333333334
O01364,0,1,330.48,20.4,0.0617,2,voucher,23,0,1,0,artes,0.6086956521739131
O03266,1,2,625.38,67.61,0.1256,1,voucher,11,0,1,0,moveis_presentes,0.6388888888888888
O00041,0,1,261.14,43.93,0.1682,1,debit_card,18,1,1,0,eletrodomesticos_2,0.5238095238095238
O04432,0,1,119.99,40.91,0.3409,4,debit_card,24,1,1,0,beleza_saude,0.35714285714285715
O00293,1,1,138.79,5.97,0.043,5,voucher,17,1,1,0,automotivo,0.5294117647058824
O04659,0,1,73.9,29.05,0.3931,3,boleto,17,1,1,0,construcao_ferramentas,0.5555555555555556
O03244,0,1,226.55,43.01,0.1898,4,debit_card,25,1,1,0,perfumaria,0.4
O03049,0,2,445.28,47.92,0.1077,3,voucher,20,1,1,0,la_cuisine,0.4642857142857143
O01681,0,1,189.67,49.49,0.2609,3,boleto,23,2,1,0,instrumentos_musicais,0.45454545454545453
O00466,0,2,583.36,87.91,0.1504,1,voucher,25,2,1,0,alimentos_bebidas,0.5357142857142857
O04156,0,2,430.41,63.46,0.1471,8,credit_card,23,2,1,0,fashion_roupa_masculina,0.6108597285067874
O02236,1,1,312.09,22.65,0.0726,6,debit_card,12,2,1,0,moveis_jardim,0.5384615384615384
O03238,0,5,955.27,164.97,0.2021,2,voucher,14,3,1,0,alimentos_bebidas,0.5013591800356506
O02860,0,1,385.68,49.18,0.1275,1,voucher,21,3,1,0,papelaria,0.45454545454545453
O00052,1,1,187.92,10.43,0.0555,1,credit_card,20,3,1,0,papelaria,0.5555555555555556
O01565,1,2,622.07,19.01,0.0321,4,boleto,10,3,1,0,casa_utilidades,0.6696428571428572
O00802,1,2,495.8,78.86,0.2021,12,debit_card,11,3,1,0,flores,0.5058823529411764
O04428,0,2,601.6,46.29,0.108,3,debit_card,6,3,1,0,moveis_escritorio,0.6833333333333333
O00959,1,1,141.56,32.48,0.2294,2,voucher,16,3,1,0,carnes,0.375
O01663,0,3,748.42,116.93,0.563,2,debit_card,9,3,1,0,casa_lavanderia,0.5580808080808081
O03431,1,1,462.6,25.8,0.0558,5,debit_card,5,4,1,0,flores,0.5384615384615384
O00781,1,2,789.82,44.5,0.0502,2,debit_card,7,4,1,0,casa_jardim,0.45416666666666666
O03981,1,3,504.73,70.56,0.5305,1,voucher,6,4,1,0,alimentos_bebidas,0.4603864734299517
O03227,1,1,351.57,14.9,0.0424,8,voucher,11,4,1,0,instrumentos_musicais,0.375
O02417,1,2,291.49,79.89,0.9637,1,debit_card,8,4,1,0,casa_conforto,0.38095238095238093
O04738,1,4,1184.15,90.13,0.0743,1,boleto,24,4,1,0,carnes,0.47959106111280025
O01929,1,1,281.79,5.07,0.018,3,credit_card,10,4,1,0,portateis_casa_forno_cafe,0.4782608695652174
O00974,0,1,204.62,47.78,0.2335,3,debit_card,21,4,1,0,moveis_colchao_estofado,0.4117647058823529
O04351,1,1,409.11,12.2,0.0298,1,debit_card,7,5,1,0,moda_roupa,0.7272727272727273
O00707,1,1,109.57,28.83,0.2631,8,boleto,14,5,1,0,esporte_lazer,0.4117647058823529
O01241,0,1,225.08,11.69,0.0519,1,boleto,14,5,1,0,casa_construcao,0.8333333333333334
O00669,0,1,266.14,33.83,0.1271,3,boleto,23,5,1,0,moda_roupa,0.5
O02079,1,2,358.3,72.57,1.3842,5,boleto,10,5,1,0,casa_banheiro,0.5393939393939393
O01226,0,2,153.96,38.96,0.2469,1,boleto,15,5,1,0,carnes,0.44362745098039214
O00647,1,1,99.5,22.53,0.2264,3,debit_card,10,6,1,0,moveis_quarto,0.6428571428571429
O00334,0,1,33.01,33.22,1.0064,3,boleto,25,6,1,0,carnes,0.5555555555555556
O00124,1,1,277.95,5.52,0.0199,2,debit_card,11,6,1,0,relogios_presentes,0.7777777777777778
O02906,1,1,274.69,14.76,0.0537,2,credit_card,19,0,1,0,alimentos_bebidas,0.5238095238095238
O03925,1,1,417.53,23.99,0.0575,7,debit_card,11,0,1,0,fashion_esporte,0.5555555555555556
O02599,0,1,275.57,11.0,0.0399,1,boleto,19,0,1,0,livros_interesse,0.46153846153846156
O00931,1,3,690.06,85.09,0.1901,1,debit_card,19,0,1,0,cool_stuff,0.4436507936507937
O02877,1,2,916.28,57.61,0.0629,1,debit_card,19,0,1,0,artigos_nautica,0.5133928571428572
O01354,1,3,1118.53,58.45,0.0587,2,credit_card,14,0,1,0,alimentos_bebidas,0.37606837606837606
O04424,1,4,1037.59,140.25,0.1385,4,credit_card,6,0,1,0,artigos_nautica,0.5017361111111112
O03701,1,1,193.15,47.66,0.2468,1,debit_card,8,1,1,0,perfumaria,0.5217391304347826
O00578,0,1,426.21,40.08,0.094,7,credit_card,10,1,1,0,casa_sala,0.5384615384615384
O00828,1,3,850.43,74.01,0.1061,1,debit_card,9,1,1,0,casa_quarto,0.5116908212560386
O02225,0,1,197.45,8.52,0.0432,2,voucher,22,1,1,0,moda_roupa,0.8
O04660,0,1,483.72,6.82,0.0141,7,voucher,21,1,1,0,moda_roupa,0.5
O00314,0,1,17.1,47.96,2.8047,6,credit_card,14,1,1,0,portateis_cozinha,0.4444444444444444
O04268,0,2,497.0,92.23,0.2843,8,voucher,9,2,1,0,moveis_sala,0.34134615384615385
O04155,1,1,55.86,36.34,0.6506,8,debit_card,5,2,1,0,casa_cozinha,0.47368421052631576
O02907,1,2,318.26,58.01,0.2663,2,credit_card,22,2,1,0,artigos_nautica,0.4666666666666667
O02430,0,1,314.67,26.71,0.0849,5,credit_card,17,2,1,0,moda_roupa,0.4
O03958,0,2,464.48,63.49,0.1627,3,voucher,9,3,1,0,fashion_bolsas,0.49404761904761907
O00434,1,2,224.46,43.08,0.2084,5,boleto,8,3,1,0,cool_stuff,0.5790513833992095
O02153,1,1,57.33,21.32,0.3719,3,voucher,14,3,1,0,casa_jardim,0.5882352941176471
O02328,1,4,1530.55,106.96,0.0716,1,debit_card,16,3,1,0,alimentos_bebidas,0.49876979638009045
O03962,0,1,257.12,6.01,0.0234,7,debit_card,14,3,1,0,moveis_escritorio,0.6
O02468,0,2,291.86,87.06,0.2967,12,debit_card,24,3,1,0,fashion_bolsas,0.5874125874125874
O04894,1,1,351.08,28.89,0.0823,5,voucher,13,4,1,0,livros_interesse,0.6923076923076923
O04554,0,1,105.09,41.12,0.3913,8,debit_card,20,4,1,0,fashion_bolsas,0.42857142857142855
O03548,0,1,312.0,32.26,0.1034,5,debit_card,22,5,1,0,beleza_saude,0.8333333333333334
O02414,1,1,32.73,20.66,0.6312,1,boleto,13,5,1,0,casa_banheiro,0.5
O01433,0,1,306.55,16.83,0.0549,5,debit_card,15,5,1,0,casa_sala,0.5416666666666666
O03893,1,1,269.41,20.47,0.076,5,credit_card,11,5,1,0,eletronicos,0.6363636363636364
O04388,0,3,506.26,125.61,0.6775,5,credit_card,21,5,1,0,beleza_saude,0.5092592592592592
O03833,0,1,388.1,27.87,0.0718,5,debit_card,13,5,1,0,la_cuisine,0.6428571428571429
O04907,0,3,860.08,55.62,0.0947,3,credit_card,11,5,1,0,casa_banheiro,0.6430555555555556
O02755,1,2,349.07,58.93,0.1754,6,debit_card,6,6,1,0,construcao_ferramentas,0.48397435897435903
O01046,1,1,305.31,44.52,0.1458,12,credit_card,21,6,1,0,casa_banheiro,0.6
O04988,0,1,395.62,31.73,0.0802,4,voucher,13,6,1,0,eletrodomesticos_2,0.6842105263157895
O00054,1,1,231.05,15.74,0.0681,9,boleto,5,6,1,0,eletronicos,0.6923076923076923
O00552,1,1,365.68,23.37,0.0639,12,voucher,15,0,1,0,casa_jardim,0.5625
O01071,0,2,504.67,44.51,0.094,2,voucher,8,0,1,0,casa_jardim,0.46578947368421053
O02663,0,2,498.54,66.51,0.1365,3,debit_card,9,0,1,0,casa_utilidades,0.35714285714285715
O01729,1,1,175.43,9.33,0.0532,3,credit_card,25,0,1,0,utilidades_domesticas,0.6111111111111112
O04176,1,2,488.08,43.03,0.1319,10,debit_card,5,0,1,0,artes,0.4756944444444444
O04039,0,1,11.12,29.33,2.6376,2,boleto,10,0,1,0,moveis_escritorio,0.5789473684210527
O02333,0,1,108.21,26.45,0.2444,2,credit_card,17,0,1,0,telefonia,0.5833333333333334
O02443,1,2,531.19,70.29,0.1769,5,debit_card,13,0,1,0,carnes,0.6052631578947368
O04914,0,2,731.92,84.34,0.1173,8,credit_card,16,0,1,0,moveis_quarto,0.5202429149797572
O00625,1,1,467.25,36.58,0.0783,12,debit_card,14,0,1,0,automotivo,0.5
O00034,1,1,150.89,27.48,0.1821,1,voucher,9,0,1,0,la_cuisine,0.25
O02829,1,2,835.7,25.96,0.0316,2,debit_card,8,1,1,0,moveis_decoracao,0.7097902097902098
O02554,1,1,476.7,24.04,0.0504,12,boleto,19,1,1,0,cds_dvds_musicais,0.4117647058823529
O03624,1,3,1164.17,96.63,0.0827,5,debit_card,24,1,1,0,eletrodomesticos_2,0.5123025123025123
O01402,0,2,480.17,77.72,0.3823,10,debit_card,20,1,1,0,cds_dvds_musicais,0.4358974358974359
O04868,1,1,28.24,12.39,0.4387,4,debit_card,13,1,1,0,alimentos_bebidas,0.3
O02207,1,1,220.61,10.38,0.0471,1,debit_card,21,1,1,0,pc_gamer,0.7142857142857143
O03950,1,1,221.09,30.59,0.1384,4,credit_card,5,1,1,0,moveis_colchao_estofado,0.55
O04210,1,1,454.69,6.25,0.0137,1,debit_card,16,2,1,0,papelaria,0.4444444444444444
O03013,0,2,776.13,39.8,0.0632,4,debit_card,23,2,1,0,livros_interesse,0.35833333333333334
O01114,1,1,133.13,18.87,0.1417,6,credit_card,5,2,1,0,artes,0.9230769230769231
O02237,1,1,116.85,19.85,0.1699,4,voucher,9,2,1,0,moveis_cozinha,0.2
O00048,1,2,669.27,63.3,0.1359,3,credit_card,15,2,1,0,moveis_sala,0.5407894736842105
O02586,0,1,243.43,7.39,0.0304,9,debit_card,24,3,1,0,moveis_jardim,0.5384615384615384
O04119,0,2,639.65,27.48,0.0476,2,debit_card,17,3,1,0,casa_garagem,0.5604395604395604
O04240,1,2,859.58,85.67,0.1004,1,debit_card,23,3,1,0,consoles_games,0.519047619047619
O01686,1,5,789.14,106.86,0.2146,5,boleto,7,3,1,0,casa_conforto,0.5658441558441558
O03095,1,1,482.34,13.03,0.027,5,debit_card,15,3,1,0,casa_conforto_2,0.5833333333333334
O04203,0,3,1084.28,43.18,0.0421,2,voucher,21,4,1,0,alimentos_bebidas,0.3584602531970953
O00301,0,2,393.74,67.67,0.3362,5,debit_card,5,4,1,0,cool_stuff,0.5773809523809523
O04989,1,1,206.57,27.04,0.1309,4,credit_card,15,4,1,0,flores,0.6428571428571429
O03458,0,1,369.09,23.38,0.0633,6,voucher,6,4,1,0,portateis_cozinha,0.5
O02413,0,1,314.96,46.06,0.1462,9,credit_card,7,4,1,0,casa_escritorio,0.4
O01212,0,1,361.95,25.6,0.0707,2,credit_card,22,4,1,0,casa_limpeza,0.25
O00337,1,1,177.63,37.89,0.2133,1,voucher,9,4,1,0,casa_limpeza,0.4444444444444444
O03233,0,1,32.71,5.14,0.1571,5,voucher,18,5,1,0,la_cuisine,0.5294117647058824
O03340,0,1,218.24,43.6,0.1998,4,boleto,25,5,1,0,alimentos_bebidas,0.625
O01311,0,1,86.91,21.83,0.2512,2,boleto,21,5,1,0,moveis_sala,0.5
O00557,1,1,433.09,8.46,0.0195,3,voucher,15,5,1,0,cool_stuff,0.6666666666666666
O03669,1,1,416.06,42.61,0.1024,3,voucher,13,5,1,0,eletronicos,0.42105263157894735
O02037,0,1,271.1,37.65,0.1389,4,voucher,10,5,1,0,moveis_decoracao,0.5263157894736842
O01058,1,4,916.94,144.32,0.212,2,boleto,9,5,1,0,casa_cozinha,0.5426240426240425
O01952,0,1,403.08,5.25,0.013,1,debit_card,16,5,1,0,casa_banheiro,0.6470588235294118
O02973,0,1,361.13,8.71,0.0241,1,voucher,25,5,1,0,casa_sala,0.5714285714285714
O04535,1,4,1031.2,113.94,0.3923,1,boleto,8,5,1,0,casa_iluminacao,0.5452380952380952
O01200,1,1,434.12,40.25,0.0927,3,credit_card,12,5,1,0,portateis_casa_forno_cafe,0.46153846153846156
O01744,1,1,331.34,6.47,0.0195,5,credit_card,19,5,1,0,utilidades_domesticas,0.5625
O04255,1,3,716.42,94.86,0.2581,10,debit_card,9,6,1,0,moda_roupa,0.5944976076555024
O01065,0,2,456.06,76.86,0.9604,6,voucher,24,6,1,0,casa_banheiro,0.36363636363636365
O00480,1,2,460.85,45.89,0.0879,3,voucher,7,6,1,0,casa_construcao,0.5476190476190476
O04021,0,1,431.42,20.82,0.0483,3,boleto,20,6,1,0,casa_cozinha,0.2631578947368421
O00137,0,1,368.68,20.04,0.0544,4,voucher,21,6,1,0,cool_stuff,0.5384615384615384
O04387,0,2,444.11,59.29,1.5009,8,credit_card,16,6,1,0,audio,0.39869281045751637
O03685,1,1,243.69,36.25,0.1488,9,debit_card,17,6,1,0,artes,0.5
O02486,0,1,175.56,30.96,0.1763,6,debit_card,8,6,1,0,carnes,0.5454545454545454
O00937,0,1,138.01,48.58,0.352,7,credit_card,7,6,1,0,artes,0.65
O03109,0,1,112.31,13.07,0.1164,1,boleto,19,0,1,0,casa_escritorio,0.6153846153846154
O02507,0,2,893.72,63.61,0.0696,1,voucher,13,0,1,0,flores,0.4660633484162896
O04081,0,4,1127.24,96.04,0.0815,2,credit_card,10,1,1,0,fashion_bolsas,0.38109649122807016
O04716,1,1,336.66,5.17,0.0154,5,boleto,9,1,1,0,relogios_presentes,0.42857142857142855
O04929,1,1,307.07,12.05,0.0392,3,credit_card,6,1,1,0,sinalizacao_seguranca,0.35294117647058826
O04507,1,3,709.21,101.06,0.1575,2,debit_card,19,2,1,0,casa_conforto_2,0.44880382775119615
O03888,1,1,403.49,24.07,0.0597,2,debit_card,18,2,1,0,casa_construcao,0.5
O03747,1,1,106.88,48.61,0.4548,5,voucher,12,2,1,0,portateis_cozinha,0.5263157894736842
O02672,1,1,143.45,5.7,0.0397,2,boleto,25,2,1,0,market_place,0.5
O01748,0,1,490.03,36.38,0.0742,6,voucher,25,2,1,0,livros_interesse,0.5
O02494,1,2,399.33,17.28,0.0931,12,credit_card,24,2,1,0,cool_stuff,0.31313131313131315
O02163,1,2,363.86,68.42,0.289,2,credit_card,5,2,1,0,casa_quarto,0.6214285714285714
O00136,0,2,752.26,22.02,0.0337,8,credit_card,23,3,2,0,casa_iluminacao,0.325
O01412,1,1,82.13,15.56,0.1895,6,credit_card,6,3,2,0,musica_arte,0.47058823529411764
O00104,1,1,60.15,23.12,0.3844,7,debit_card,24,3,2,0,utilidades_domesticas,0.7
O00084,1,1,459.98,41.06,0.0893,3,voucher,8,3,2,0,portateis_casa_forno_cafe,0.6
O04331,1,3,832.57,75.79,0.2806,4,debit_card,18,3,2,0,flores,0.6309889173060528
O03183,1,1,420.5,15.58,0.0371,5,debit_card,6,3,2,0,cds_dvds_musicais,0.3888888888888889
O04149,1,1,74.69,27.23,0.3646,4,debit_card,6,3,2,0,consoles_games,0.5
O01625,1,1,68.5,5.47,0.0799,1,debit_card,6,3,2,0,papelaria,0.375
O01153,1,1,23.47,13.49,0.5748,7,credit_card,8,3,2,0,carnes,0.6363636363636364
O04882,0,2,388.89,32.77,0.087,2,credit_card,20,4,2,0,artes,0.4852941176470588
O01791,0,1,496.4,39.86,0.0803,6,boleto,22,4,2,0,telefonia,0.5
O02956,1,2,576.77,37.56,0.1519,1,credit_card,11,4,2,0,cds_dvds_musicais,0.6388888888888888
O04308,0,1,272.84,8.67,0.0318,3,debit_card,22,4,2,0,moveis_quarto,0.45454545454545453
O03696,0,2,584.22,45.76,0.0784,4,credit_card,25,4,2,0,consoles_games,0.58125
O04843,1,1,395.98,32.66,0.0825,5,debit_card,17,5,2,0,casa_banheiro,0.46153846153846156
O01943,1,1,230.46,17.56,0.0762,6,credit_card,6,5,2,0,utilidades_domesticas,0.36363636363636365
O04356,1,1,308.42,17.26,0.056,1,debit_card,10,5,2,0,automotivo,0.6923076923076923
O04977,0,1,64.11,38.55,0.6013,1,voucher,15,5,2,0,casa_utilidades,0.5
O04494,1,1,498.79,20.31,0.0407,1,voucher,23,5,2,0,audio,0.47619047619047616
O02559,0,2,445.75,44.25,0.0991,6,boleto,23,5,2,0,beleza_saude,0.4666666666666667
O01961,0,3,1200.43,109.79,0.0896,1,voucher,18,6,2,0,la_cuisine,0.3444444444444444
O03063,0,1,231.44,9.22,0.0398,7,voucher,24,6,2,0,market_place,0.5263157894736842
O01746,1,2,789.3,61.37,0.0867,7,voucher,10,6,2,0,casa_jardim,0.55
O00214,1,1,236.22,46.32,0.1961,9,credit_card,11,0,2,0,perfumaria,0.5789473684210527
O02086,1,3,1365.98,84.33,0.0605,10,boleto,22,0,2,0,fashion_bolsas,0.5047619047619049
O03737,0,1,398.98,34.06,0.0854,1,debit_card,19,0,2,0,cool_stuff,0.375
O04761,1,1,459.59,41.12,0.0895,8,boleto,21,0,2,0,brinquedos,0.4166666666666667
O04563,0,2,814.82,60.0,0.0744,2,credit_card,20,0,2,0,automotivo,0.6479166666666667
O03164,0,1,418.08,27.54,0.0659,2,credit_card,23,0,2,0,brinquedos,0.38461538461538464
O02078,1,2,702.74,26.21,0.046,2,credit_card,8,0,2,0,moveis_decoracao,0.6164772727272727
O01974,0,1,279.76,13.71,0.049,3,boleto,9,1,2,0,papelaria,0.2222222222222222
O03547,0,1,209.48,20.25,0.0967,2,voucher,18,1,2,0,alimentos_bebidas,0.5714285714285714
O01998,1,1,178.83,44.87,0.2509,3,debit_card,10,1,2,0,relogios_presentes,0.55
O02311,1,1,163.44,45.39,0.2777,1,credit_card,7,1,2,0,seguros_servicos,0.7333333333333333
O00652,1,1,455.5,24.38,0.0535,7,voucher,10,1,2,0,fashion_roupa_feminina,0.6666666666666666
O01099,1,1,16.64,45.03,2.7061,3,debit_card,21,1,2,0,eletroportateis,0.625
O02565,1,1,277.3,40.51,0.1461,3,voucher,13,1,2,0,casa_outros,0.5
O02579,0,1,214.2,34.13,0.1593,1,voucher,19,2,2,0,beleza_saude,0.35
O01291,0,1,224.76,46.59,0.2073,3,debit_card,18,2,2,0,fashion_bolsas,0.38461538461538464
O00325,1,3,874.15,76.59,0.1124,1,voucher,23,2,2,0,casa_garagem,0.4778346121057118
O03278,0,1,377.3,15.99,0.0424,5,debit_card,20,2,2,0,artes,0.5555555555555556
O01581,0,3,783.68,89.11,0.1932,1,voucher,16,3,2,0,casa_banheiro,0.46581196581196577
O02436,0,1,487.6,41.09,0.0843,1,debit_card,20,3,2,0,consoles_games,0.47368421052631576
O00701,0,3,1280.65,75.92,0.0614,10,debit_card,20,3,2,0,cool_stuff,0.611764705882353
O02712,0,1,375.47,20.62,0.0549,4,debit_card,17,3,2,0,pc_gamer,0.5652173913043478
O04923,1,4,942.72,78.86,0.1655,6,debit_card,14,3,2,0,casa_quarto,0.44220085470085474
O04390,0,1,225.42,19.23,0.0853,3,boleto,21,3,2,0,livros_interesse,0.5294117647058824
O04678,1,1,332.14,47.05,0.1417,2,credit_card,5,4,2,0,alimentos_bebidas,0.4166666666666667
O02720,0,1,499.67,27.15,0.0543,3,debit_card,18,4,2,0,moveis_cozinha,0.5
O02733,1,1,127.19,49.76,0.3912,4,boleto,19,4,2,0,relogios_presentes,0.6666666666666666
O04111,1,4,1129.46,108.66,0.0998,1,voucher,23,4,2,0,casa_quarto,0.5165890269151139
O03008,1,1,104.26,20.58,0.1974,2,credit_card,11,4,2,0,moveis_escritorio,0.4666666666666667
O01938,0,1,423.67,16.76,0.0396,1,credit_card,22,4,2,0,perfumaria,0.5652173913043478
O00157,1,2,188.79,71.91,0.487,1,voucher,9,5,2,0,artigos_nautica,0.35858585858585856
O03659,0,1,417.86,37.68,0.0902,1,credit_card,13,5,2,0,seguros_servicos,0.631578947368421
O01806,1,5,1531.33,131.02,0.1887,6,voucher,24,5,2,0,casa_iluminacao,0.4723076923076923
O00689,1,1,42.86,20.22,0.4718,1,debit_card,13,5,2,0,audio,0.5454545454545454
O04515,0,5,1279.48,148.01,0.1596,2,voucher,16,5,2,0,casa_jardim,0.5367105263157895
O01265,1,1,14.11,10.55,0.7477,12,credit_card,6,6,2,0,casa_quarto,0.5
O03215,1,1,14.44,46.45,3.2168,7,boleto,15,6,2,0,moveis_presentes,0.5
O03765,0,1,45.02,16.6,0.3687,7,credit_card,20,6,2,0,artes,0.5217391304347826
O03727,0,2,380.41,59.75,0.1586,4,credit_card,10,6,2,0,casa_construcao,0.4199134199134199
O02180,0,3,653.01,101.7,0.7956,2,boleto,22,6,2,0,fashion_underwear,0.5575396825396824
O03970,1,3,599.71,95.1,0.1749,7,debit_card,11,6,2,0,casa_construcao,0.45555555555555555
O03142,1,2,323.36,75.96,0.2862,1,debit_card,13,6,2,0,casa_conforto,0.47023809523809523
O00453,1,3,968.56,67.43,0.0684,4,debit_card,9,0,2,0,casa_construcao,0.4757130124777184
O03071,1,1,333.65,30.14,0.0903,2,boleto,17,0,2,0,casa_banheiro,0.35714285714285715
O04279,0,2,281.91,34.35,0.1605,1,boleto,6,0,2,0,eletrodomesticos,0.3355263157894737
O01197,0,1,228.19,22.2,0.0973,5,debit_card,13,0,2,0,artigos_nautica,0.7857142857142857
O04239,1,1,192.56,12.25,0.0636,3,credit_card,11,0,2,0,moveis_cozinha,0.5454545454545454
O03979,0,3,1091.52,61.85,0.0591,1,debit_card,23,0,2,0,consoles_games,0.3761904761904762
O03827,0,1,205.7,32.46,0.1578,2,debit_card,9,0,2,0,portateis_casa_forno_cafe,0.3333333333333333
O02813,1,1,174.97,22.23,0.1271,2,credit_card,21,0,2,0,casa_iluminacao,0.631578947368421
O03667,0,1,438.91,27.1,0.0617,4,voucher,13,0,2,0,moveis_jardim,0.7777777777777778
O00797,0,2,638.9,33.08,0.058,5,boleto,25,0,2,0,audio,0.41666666666666663
O00520,1,1,341.9,8.64,0.0253,6,credit_card,14,0,2,0,audio,0.4666666666666667
O03646,1,3,408.72,89.49,0.2664,4,boleto,7,1,2,0,carnes,0.46581196581196577
O01185,0,1,135.77,27.61,0.2034,2,voucher,8,1,2,0,la_cuisine,0.75
O02178,0,1,498.57,17.72,0.0355,1,boleto,23,1,2,0,fraldas_higiene,0.5714285714285714
O00965,1,1,102.81,9.58,0.0932,10,boleto,15,1,2,0,audio,0.7333333333333333
O03141,0,2,528.5,86.68,0.3927,2,credit_card,10,1,2,0,casa_escritorio,0.4375
O03484,1,1,423.94,41.63,0.0982,1,boleto,12,1,2,0,livros_interesse,0.5416666666666666
O04898,1,1,375.0,32.92,0.0878,1,boleto,6,2,2,0,portateis_casa_forno_cafe,0.3076923076923077
O02279,1,1,330.9,32.99,0.0997,3,debit_card,13,2,2,0,moveis_quarto,0.38461538461538464
O00968,1,1,436.94,14.99,0.0343,1,voucher,7,2,2,0,automotivo,0.5
O04595,0,1,441.44,10.01,0.0227,3,credit_card,25,3,2,0,casa_escritorio,0.5416666666666666
O03799,1,1,317.06,16.41,0.0518,1,boleto,11,3,2,0,perfumaria,0.47368421052631576
O00541,1,2,65.92,45.99,0.7916,5,credit_card,14,3,2,0,alimentos_bebidas,0.5809523809523809
O02019,1,1,453.84,30.61,0.0674,1,debit_card,14,4,2,0,moveis_sala,0.4666666666666667
O02210,0,2,127.83,43.56,0.4594,4,credit_card,20,4,2,0,cool_stuff,0.5178571428571428
O00112,1,1,46.77,25.2,0.5388,8,boleto,19,4,2,0,casa_garagem,0.375
O00686,1,1,215.18,18.04,0.0838,2,voucher,10,4,2,0,eletronicos,0.6190476190476191
O01403,1,1,123.88,16.81,0.1357,4,voucher,10,4,2,0,livros_interesse,0.5384615384615384
O01841,0,1,424.11,49.19,0.116,1,voucher,13,4,2,0,fashion_roupa_feminina,0.38461538461538464
O03532,0,2,801.62,83.41,0.1044,8,boleto,15,4,2,0,eletronicos,0.4460227272727273
O03879,0,2,608.83,95.56,0.1698,1,voucher,19,5,2,0,casa_conforto,0.35416666666666663
O00601,1,5,1242.38,110.44,0.1002,2,credit_card,23,5,2,0,cama_mesa_banho,0.43109243697479
O04259,0,4,1211.81,82.81,0.0953,4,credit_card,9,6,2,0,beleza_saude,0.5014880952380952
O04655,0,1,12.98,32.68,2.5177,7,debit_card,22,6,2,0,casa_limpeza,0.5714285714285714
O03190,1,4,895.85,104.47,0.1982,4,credit_card,9,6,2,0,casa_cozinha,0.6712361712361713
O02286,1,3,997.44,53.29,0.0503,7,boleto,16,6,2,0,casa_conforto_2,0.6383838383838384
O01352,0,2,698.38,87.36,0.125,6,boleto,19,6,2,0,artigos_nautica,0.5357142857142857
O01447,1,1,390.13,8.27,0.0212,5,credit_card,20,6,2,0,perfumaria,0.5909090909090909
O00749,0,1,92.23,37.42,0.4057,6,voucher,19,0,2,0,casa_construcao,0.35294117647058826
O01006,0,1,127.51,47.54,0.3728,1,voucher,18,0,2,0,casa_conforto,0.5555555555555556
O01500,1,4,889.87,143.59,0.1946,7,credit_card,20,0,2,0,casa_banheiro,0.5795454545454545
O03983,1,1,171.42,32.11,0.1873,1,boleto,12,0,2,0,eletrodomesticos,0.6190476190476191
O03357,1,3,459.48,69.28,0.2759,2,debit_card,5,0,2,0,audio,0.4848484848484848
O04724,1,1,136.6,21.77,0.1594,1,debit_card,14,0,2,0,moveis_cozinha,0.48
O03779,1,1,63.41,44.72,0.7053,9,boleto,5,0,2,0,casa_conforto_2,0.3333333333333333
O01282,0,1,25.69,18.9,0.7357,2,boleto,14,1,2,0,casa_jardim,0.5294117647058824
O03930,1,3,616.61,80.32,0.3395,8,voucher,12,1,2,0,carnes,0.513888888888889
O04814,1,1,383.0,30.84,0.0805,1,credit_card,5,1,2,0,casa_limpeza,0.35714285714285715
O00405,1,1,91.83,33.86,0.3687,2,boleto,5,1,2,0,casa_utilidades,0.5217391304347826
O04159,1,2,679.77,36.14,0.0558,2,debit_card,9,1,2,0,moveis_quarto,0.5
O02154,1,2,610.75,55.45,0.1238,2,boleto,8,1,2,0,papelaria,0.30714285714285716
O01711,1,1,463.44,29.23,0.0631,1,boleto,6,2,2,0,audio,0.42857142857142855
O02327,1,1,298.1,21.4,0.0718,1,boleto,13,2,2,0,telefonia,0.64
O02218,0,1,177.09,29.8,0.1683,2,voucher,12,2,2,0,portateis_casa_forno_cafe,0.5384615384615384
O04404,1,1,346.92,17.66,0.0509,3,debit_card,12,2,2,0,papelaria,0.23076923076923078
O00113,0,1,422.99,7.33,0.0173,1,boleto,20,3,2,0,informatica_acessorios,0.5833333333333334
O02688,1,2,461.42,57.9,0.1352,1,debit_card,11,3,2,0,beleza_saude,0.7642857142857142
O02005,1,1,172.53,44.84,0.2599,3,boleto,6,3,2,0,cama_mesa_banho,0.47058823529411764
O01951,0,4,1022.66,99.41,0.1039,5,voucher,13,3,2,0,ferramentas_jardim,0.4892552980788275
O00610,1,1,219.63,38.12,0.1736,3,debit_card,7,4,2,0,papelaria,0.7333333333333333
O03229,1,1,412.04,44.17,0.1072,1,boleto,9,4,2,0,fashion_roupa_feminina,0.35294117647058826
O01781,0,2,747.21,40.31,0.0538,6,boleto,17,4,2,0,casa_garagem,0.5147058823529411
O02471,1,2,220.62,55.43,0.2471,3,voucher,23,4,2,0,alimentos_bebidas,0.6337719298245614
O00161,1,4,1425.68,102.51,0.0829,5,boleto,7,4,2,0,casa_limpeza,0.4758077319996825
O01481,1,2,567.81,22.34,0.0899,1,boleto,11,4,2,0,casa_quarto,0.40384615384615385
O01422,0,1,51.34,13.91,0.2709,4,boleto,15,5,2,0,fashion_calcados,0.6
O00971,0,1,137.44,8.9,0.0648,1,boleto,21,5,2,0,casa_garagem,0.7272727272727273
O02212,0,1,274.82,37.79,0.1375,10,credit_card,23,5,2,0,moda_roupa,0.35714285714285715
O02248,0,1,69.49,31.12,0.4478,1,credit_card,13,5,2,0,moveis_cozinha,0.7058823529411765
O00386,1,1,467.22,14.09,0.0302,1,credit_card,25,5,2,0,flores,0.75
O04104,1,1,49.86,17.69,0.3548,3,voucher,12,6,2,0,casa_garagem,0.4166666666666667
O03723,1,1,314.84,8.34,0.0265,1,credit_card,9,6,2,0,pc_gamer,0.75
O01945,0,2,518.28,51.89,0.1567,1,debit_card,14,6,2,0,casa_garagem,0.5833333333333333
O02039,1,2,555.19,66.85,0.1263,1,debit_card,15,6,2,0,fraldas_higiene,0.43137254901960786
O03661,1,2,924.43,30.33,0.0335,5,credit_card,6,0,2,0,artes,0.5492753623188406
O00199,0,1,288.47,44.32,0.1536,2,boleto,14,0,2,0,casa_outros,0.5454545454545454
O01449,0,1,32.86,31.61,0.962,1,boleto,16,0,2,0,eletrodomesticos,0.7857142857142857
O03369,0,2,310.58,93.79,1.0254,7,credit_card,13,0,2,0,pc_gamer,0.5083333333333333
O04959,0,2,170.3,70.06,0.6946,1,credit_card,6,1,2,0,casa_garagem,0.4671717171717171
O03568,1,1,216.69,36.04,0.1663,5,boleto,6,1,2,0,market_place,0.2857142857142857
O00927,0,1,122.61,33.2,0.2708,1,debit_card,17,2,2,0,construcao_ferramentas,0.4117647058823529
O01891,1,5,798.17,119.7,0.4285,2,boleto,17,2,2,0,beleza_saude,0.45130952380952377
O03859,0,1,193.91,11.23,0.0579,3,credit_card,21,2,2,0,portateis_casa_forno_cafe,0.7
O00915,1,2,311.11,50.76,0.7336,5,voucher,8,2,2,0,carnes,0.5512820512820513
O01127,0,1,270.16,20.98,0.0777,3,voucher,18,2,2,0,moveis_sala,0.5
O02572,0,1,338.92,46.16,0.1362,6,voucher,19,2,2,0,moveis_escritorio,0.7142857142857143
O03656,0,3,1056.04,57.5,0.0684,3,credit_card,22,3,3,0,casa_cozinha,0.393640350877193
O04858,1,4,445.77,121.7,0.3661,3,voucher,11,3,3,0,casa_escritorio,0.498798076923077
O02395,1,1,431.53,38.77,0.0898,9,debit_card,6,3,3,0,fraldas_higiene,0.5
O02636,1,2,781.75,74.98,0.0941,4,voucher,18,3,3,0,flores,0.6092436974789917
O00175,1,5,1303.9,131.56,0.2294,3,voucher,9,3,3,0,brinquedos,0.5646347933112639
O00098,1,3,943.68,63.98,0.1927,2,voucher,12,4,3,0,casa_banheiro,0.5185185185185185
O04383,0,3,706.84,80.04,0.1109,8,debit_card,8,4,3,0,casa_conforto_2,0.5261984392419174
O01894,1,2,496.59,42.51,0.0776,5,boleto,9,4,3,0,casa_utilidades,0.6331269349845201
O04420,1,1,381.18,47.41,0.1244,2,credit_card,19,4,3,0,fashion_bolsas,0.625
O04928,1,2,293.71,37.06,0.1466,5,voucher,11,4,3,0,casa_banheiro,0.6393939393939394
O04002,1,1,297.72,42.41,0.1424,5,debit_card,16,4,3,0,casa_construcao,0.6
O04715,0,1,22.72,49.87,2.195,3,voucher,23,4,3,0,consoles_games,0.6666666666666666
O03319,0,5,1615.11,88.05,0.0577,2,voucher,22,4,3,0,artigos_nautica,0.48637870127808214
O01042,1,1,151.13,24.17,0.1599,7,voucher,10,4,3,0,casa_iluminacao,0.6666666666666666
O04992,1,5,1521.88,164.41,0.2396,1,credit_card,9,4,3,0,casa_banheiro,0.5744444444444444
O02168,1,1,139.13,8.71,0.0626,8,debit_card,11,4,3,0,casa_escritorio,0.3333333333333333
O04267,0,2,405.59,34.91,0.1802,9,credit_card,16,4,3,0,perfumaria,0.6619318181818181
O02880,0,3,866.92,88.23,0.1663,12,voucher,24,4,3,0,alimentos_bebidas,0.3581402257872846
O04228,1,1,215.62,35.59,0.1651,10,boleto,25,5,3,0,cama_mesa_banho,0.6538461538461539
O03921,1,2,140.17,75.0,0.5333,3,debit_card,9,5,3,0,perfumaria,0.45
O00042,1,2,522.53,48.14,0.0834,4,credit_card,7,5,3,0,malas_acessorios,0.5339912280701754
O03172,1,1,373.44,36.71,0.0983,2,voucher,14,5,3,0,casa_construcao,0.5882352941176471
O01003,1,1,12.78,42.35,3.3138,1,credit_card,14,5,3,0,eletroportateis,0.631578947368421
O04845,0,1,494.74,14.39,0.0291,4,boleto,13,6,3,0,informatica_acessorios,0.6470588235294118
O04070,1,1,121.04,27.25,0.2251,3,boleto,9,6,3,0,eletronicos,0.5625
O01796,0,2,498.04,44.49,0.1121,7,debit_card,19,6,3,0,casa_limpeza,0.5789473684210527
O04539,1,1,411.86,14.86,0.0361,5,credit_card,10,6,3,0,cds_dvds_musicais,0.47058823529411764
O01028,1,1,326.33,17.96,0.055,4,voucher,17,6,3,0,eletronicos,0.5
O02543,1,2,694.07,32.92,0.0568,2,boleto,12,6,3,0,ferramentas_jardim,0.4642857142857143
O02690,0,3,1298.12,44.27,0.0333,1,voucher,22,6,3,0,casa_conforto,0.6683006535947712
O01898,0,2,163.11,62.43,0.5306,2,credit_card,18,6,3,0,automotivo,0.44155844155844154
O04521,1,4,1177.82,106.44,0.4937,7,boleto,5,0,3,0,brinquedos,0.5054787704555507
O03671,0,1,282.08,21.27,0.0754,3,debit_card,21,0,3,0,portateis_casa_forno_cafe,0.5
O00562,0,1,52.61,33.67,0.64,5,debit_card,11,0,3,0,bebes,0.375
O04599,1,1,193.6,18.74,0.0968,1,credit_card,21,1,3,0,eletronicos,0.4666666666666667
O04917,0,3,677.34,42.5,0.1024,1,credit_card,16,1,3,0,cool_stuff,0.43768890955591727
O01267,0,2,936.85,46.42,0.0489,9,credit_card,23,1,3,0,casa_utilidades,0.37944664031620556
O01245,1,1,51.18,18.78,0.3669,9,debit_card,25,1,3,0,moveis_colchao_estofado,0.5714285714285714
O02081,0,2,310.14,68.4,0.2294,1,debit_card,24,1,3,0,beleza_saude,0.5701754385964912
O01529,0,3,672.33,93.98,0.1551,2,credit_card,24,1,3,0,casa_utilidades,0.5601426024955437
O01978,0,3,541.85,85.01,0.5581,3,debit_card,11,2,3,0,consoles_games,0.3637566137566137
O03300,1,1,35.94,34.24,0.9527,3,voucher,8,2,3,0,market_place,0.6
O03351,1,1,477.94,37.72,0.0789,2,debit_card,14,3,3,0,eletronicos,0.6190476190476191
O03776,1,1,156.2,12.52,0.0802,1,boleto,6,3,3,0,market_place,0.6
O02250,0,3,618.54,81.53,0.1439,1,voucher,13,3,3,0,alimentos_bebidas,0.5958333333333333
O04684,0,1,420.18,43.35,0.1032,1,credit_card,23,3,3,0,casa_outros,0.5454545454545454
O01872,0,1,352.66,13.33,0.0378,2,debit_card,7,3,3,0,moveis_colchao_estofado,0.5
O02161,1,1,230.61,14.6,0.0633,1,credit_card,23,3,3,0,cool_stuff,0.43478260869565216
O02996,0,1,383.41,32.11,0.0837,7,boleto,25,3,3,0,casa_iluminacao,0.7368421052631579
O04217,0,1,380.63,38.32,0.1007,2,voucher,8,4,3,0,la_cuisine,0.4
O00768,0,3,1071.7,64.31,0.0567,1,boleto,14,4,3,0,moveis_escritorio,0.5407239819004525
O02926,0,3,549.78,50.22,0.3402,6,voucher,25,4,3,0,cama_mesa_banho,0.6883040935672513
O01188,1,1,285.26,42.23,0.148,1,credit_card,11,4,3,0,papelaria,0.5416666666666666
O04352,1,1,397.3,14.55,0.0366,2,credit_card,11,4,3,0,informatica_acessorios,0.23809523809523808
O03590,0,5,780.01,108.46,0.2467,12,voucher,14,4,3,0,cama_mesa_banho,0.5961904761904762
O01883,1,1,372.09,30.58,0.0822,8,debit_card,7,4,3,0,casa_conforto,0.6470588235294118
O01075,0,1,459.44,29.83,0.0649,9,voucher,10,4,3,0,sinalizacao_seguranca,0.5833333333333334
O02687,0,3,1058.78,117.34,0.1293,10,credit_card,10,5,3,0,casa_banheiro,0.5316293183940243
O01757,1,1,433.98,38.13,0.0879,2,credit_card,18,5,3,0,casa_outros,0.23529411764705882
O01475,1,4,1328.03,66.23,0.0601,1,boleto,17,5,3,0,cds_dvds_musicais,0.52360778841042
O03725,1,1,267.72,24.7,0.0923,2,boleto,25,5,3,0,portateis_casa_forno_cafe,0.4117647058823529
O03372,0,2,328.16,30.84,0.3502,4,debit_card,19,5,3,0,casa_jardim,0.3875
O02485,1,2,202.43,29.21,0.1387,3,voucher,16,5,3,0,consoles_games,0.6
O03304,1,1,442.19,18.32,0.0414,4,debit_card,17,5,3,0,casa_conforto,0.46153846153846156
O00129,0,3,764.3,115.41,0.1846,2,boleto,18,5,3,0,casa_cozinha,0.4801587301587302
O03113,1,1,278.3,24.49,0.088,2,credit_card,13,5,3,0,casa_iluminacao,0.6666666666666666
O00180,0,1,404.97,26.1,0.0644,2,debit_card,14,5,3,0,casa_jardim,0.7058823529411765
O00396,1,1,93.85,32.67,0.3481,5,voucher,10,6,3,0,perfumaria,0.5
O00816,0,1,318.48,35.86,0.1126,5,voucher,20,6,3,0,casa_utilidades,0.3
O00020,0,2,248.19,25.27,0.0966,9,debit_card,14,6,3,0,fashion_bolsas,0.41428571428571426
O02044,1,1,310.96,12.87,0.0414,1,boleto,7,0,3,0,construcao_ferramentas,0.5454545454545454
O01323,1,1,180.84,32.2,0.1781,2,credit_card,13,0,3,0,casa_limpeza,0.35
O03069,0,2,498.58,22.79,0.0438,1,boleto,21,0,3,0,consoles_games,0.49444444444444446
O02243,0,1,256.27,9.36,0.0365,8,credit_card,11,0,3,0,brinquedos,0.4444444444444444
O01819,0,2,813.82,62.85,0.0886,4,voucher,12,0,3,0,casa_limpeza,0.6452380952380953
O04042,0,2,419.84,62.84,0.1655,7,voucher,23,1,3,0,alimentos_bebidas,0.6228070175438596
O03856,0,5,1360.4,129.64,0.0894,1,debit_card,20,2,3,0,alimentos_bebidas,0.4766917293233083
O01737,1,2,592.15,60.8,0.1018,10,boleto,12,2,3,0,casa_escritorio,0.4375
O00750,1,1,143.51,39.85,0.2777,4,voucher,10,2,3,0,cama_mesa_banho,0.375
O02265,0,2,533.34,56.64,0.2013,2,credit_card,23,2,3,0,construcao_ferramentas,0.5583333333333333
O00575,0,1,484.13,41.04,0.0848,5,boleto,25,2,3,0,casa_quarto,0.5
O02998,1,1,471.61,27.58,0.0585,3,voucher,12,3,3,0,seguros_servicos,0.375
O02278,1,1,315.29,16.76,0.0532,12,boleto,5,3,3,0,musica_arte,0.6
O04115,1,1,239.37,18.45,0.0771,9,boleto,12,3,3,0,fashion_bolsas,0.4117647058823529
O04860,1,2,467.05,14.39,0.0446,8,credit_card,19,3,3,0,fashion_calcados,0.6826923076923077
O03627,1,1,421.38,18.2,0.0432,3,debit_card,8,3,3,0,la_cuisine,0.5714285714285714
O04899,1,3,714.3,80.39,0.1307,1,boleto,6,4,3,0,alimentos_bebidas,0.563899063899064
O01661,0,2,767.65,92.24,0.121,1,credit_card,24,4,3,0,perfumaria,0.5583333333333333
O03596,0,3,909.73,73.5,0.1096,3,boleto,24,4,3,0,alimentos_bebidas,0.3537037037037038
O00222,1,1,101.68,42.12,0.4142,1,credit_card,25,4,3,0,casa_limpeza,0.5882352941176471
O04298,1,1,271.23,28.06,0.1035,1,voucher,19,5,3,0,ferramentas_jardim,0.5
O01319,1,1,113.43,39.81,0.351,1,credit_card,9,5,3,0,construcao_ferramentas,0.3333333333333333
O01506,0,2,425.8,61.28,0.2079,4,credit_card,22,5,3,0,construcao_ferramentas,0.5163398692810457
O04326,0,1,20.52,44.25,2.1564,6,boleto,16,5,3,0,casa_lavanderia,0.3076923076923077
O00415,0,2,245.98,31.8,0.2502,4,boleto,24,5,3,0,casa_lavanderia,0.4125874125874126
O04634,1,1,462.15,17.85,0.0386,8,credit_card,16,5,3,0,livros_interesse,0.75
O00249,0,3,984.7,45.77,0.0538,1,boleto,19,5,3,0,construcao_ferramentas,0.4718614718614719
O00631,1,1,219.05,40.69,0.1858,1,voucher,20,6,3,0,casa_garagem,0.5714285714285714
O00614,1,1,375.81,45.5,0.1211,3,debit_card,10,6,3,0,moveis_sala,0.56
O04617,1,2,508.49,57.93,0.3346,5,debit_card,9,6,3,0,casa_garagem,0.5823529411764705
O03067,1,1,12.83,40.66,3.1691,7,credit_card,7,0,3,0,dvds_blu_ray,0.5
O04884,1,1,326.13,36.93,0.1132,2,debit_card,18,0,3,0,moveis_escritorio,0.4117647058823529
O00757,1,2,303.6,93.06,0.3753,2,credit_card,18,0,3,0,beleza_saude,0.5096153846153846
O04177,0,1,67.43,14.99,0.2223,6,boleto,24,0,3,0,casa_utilidades,0.5
O04949,0,1,470.86,40.5,0.086,3,credit_card,18,0,3,0,casa_limpeza,0.3333333333333333
O01897,1,2,76.64,23.72,0.3116,1,voucher,12,0,3,0,casa_conforto,0.5125
O01427,1,1,231.92,38.65,0.1667,3,voucher,24,1,3,0,fashion_roupa_feminina,0.6153846153846154
O01141,1,1,343.57,16.52,0.0481,5,voucher,14,1,3,0,livros_interesse,0.5
O04202,0,2,415.76,31.04,0.0792,4,debit_card,8,1,3,0,moveis_decoracao,0.5416666666666667
O01619,0,3,798.87,42.23,0.0559,1,boleto,22,1,3,0,fashion_roupa_feminina,0.5592592592592593
O01090,1,5,1335.66,176.73,0.716,3,debit_card,7,1,3,0,artigos_nautica,0.5099145299145299
O01413,0,2,732.85,60.57,0.093,7,debit_card,15,1,3,0,casa_lavanderia,0.3601398601398601
O02632,1,1,465.48,46.81,0.1006,3,boleto,13,1,3,0,casa_garagem,0.5555555555555556
O04779,1,1,465.84,24.77,0.0532,10,boleto,16,1,3,0,alimentos_bebidas,0.75
O01470,1,1,163.03,42.51,0.2607,3,debit_card,6,1,3,0,market_place,0.6956521739130435
O02670,0,1,329.78,7.4,0.0224,2,credit_card,19,2,3,0,casa_lavanderia,0.35
O03256,1,4,850.13,123.93,0.2428,1,debit_card,11,2,3,0,brinquedos,0.6068376068376068
O02383,0,2,430.57,30.58,0.1051,1,voucher,11,2,3,0,casa_quarto,0.5529411764705883
O02402,0,2,429.75,29.86,0.1179,5,credit_card,7,2,3,0,cama_mesa_banho,0.35833333333333334
O03623,0,1,225.19,8.08,0.0359,3,debit_card,20,2,3,0,casa_conforto,0.4666666666666667
O03990,1,1,465.3,21.17,0.0455,2,debit_card,9,2,3,0,telefonia,0.5714285714285714
O03347,0,1,327.4,28.61,0.0874,1,voucher,24,2,3,0,flores,0.6521739130434783
O03430,1,1,384.71,18.2,0.0473,4,debit_card,22,3,3,0,fashion_bolsas,0.47619047619047616
O00783,0,4,1514.84,106.38,0.0738,6,debit_card,21,3,3,0,casa_lavanderia,0.5256322624743677
O00591,0,1,200.7,24.36,0.1214,3,credit_card,20,3,3,0,pc_gamer,0.5333333333333333
O03072,1,2,224.12,55.79,0.2946,1,boleto,9,3,3,0,alimentos_bebidas,0.6644385026737968
O04689,1,1,145.17,9.99,0.0688,1,boleto,8,4,3,0,moda_roupa,0.46153846153846156
O02693,0,2,713.57,35.22,0.0475,5,debit_card,17,4,3,0,casa_outros,0.5935672514619883
O03945,0,1,370.63,40.1,0.1082,3,boleto,12,4,3,0,casa_jardim,0.6428571428571429
O01310,1,1,339.24,16.85,0.0497,3,voucher,12,4,3,0,alimentos_bebidas,0.5
O04782,0,1,495.19,32.67,0.066,6,credit_card,24,5,3,0,market_place,0.6923076923076923
O03905,0,2,447.19,83.96,0.2769,2,boleto,21,5,3,0,cds_dvds_musicais,0.446524064171123
O01503,0,1,419.99,50.0,0.1191,5,voucher,11,5,3,0,moveis_jardim,0.6875
O00790,1,3,683.22,50.97,0.0866,4,voucher,18,5,3,0,casa_outros,0.5073593073593073
O03075,1,2,618.62,92.26,0.1904,1,boleto,5,6,3,0,alimentos_bebidas,0.4583333333333333
O00431,1,1,372.7,44.78,0.1202,6,boleto,16,6,3,0,eletrodomesticos_2,0.6
O01023,1,5,1798.15,109.08,0.0748,4,debit_card,12,6,3,0,casa_limpeza,0.4907556935817805
O02638,0,1,475.31,30.84,0.0649,4,debit_card,17,6,3,0,moveis_jardim,0.6111111111111112
O01645,1,2,617.48,71.01,0.1429,5,debit_card,9,6,3,0,la_cuisine,0.6647727272727273
O01884,1,1,108.19,41.97,0.3879,2,boleto,6,6,3,0,fashion_calcados,0.52
O01031,0,1,303.32,35.78,0.118,1,debit_card,17,6,3,0,brinquedos,0.5
O03180,0,1,396.62,45.56,0.1149,8,voucher,25,0,3,0,automotivo,0.6818181818181818
O02903,0,2,428.24,73.33,0.2616,1,boleto,7,0,3,0,casa_utilidades,0.638157894736842
O04311,0,3,888.88,65.25,0.1147,3,voucher,23,0,3,0,fashion_esporte,0.49278172807584575
O00195,1,1,53.13,35.88,0.6753,2,credit_card,6,0,3,0,brinquedos,0.5
O04435,0,1,415.16,40.21,0.0969,1,debit_card,25,0,3,0,cool_stuff,0.37037037037037035
O01865,0,1,100.91,49.43,0.4898,5,boleto,13,0,3,0,casa_jardim,0.4090909090909091
O01958,1,2,567.53,45.75,0.1015,5,debit_card,10,0,3,0,artes,0.5357142857142857
O00887,0,1,229.83,12.13,0.0528,4,voucher,16,0,3,0,casa_limpeza,0.6666666666666666
O00943,0,1,11.19,41.07,3.6702,5,boleto,20,1,3,0,musica_arte,0.45454545454545453
O02920,1,1,339.09,16.92,0.0499,10,credit_card,10,1,3,0,musica_arte,0.5833333333333334
O01514,0,1,397.96,31.66,0.0796,7,voucher,24,1,3,0,musica_arte,0.5555555555555556
O01832,0,1,137.71,14.45,0.1049,5,credit_card,19,1,3,0,casa_garagem,0.65
O01019,1,2,473.35,28.46,0.0596,1,credit_card,10,2,3,0,casa_jardim,0.42857142857142855
O01259,0,3,690.6,85.25,0.8648,2,credit_card,14,2,3,0,casa_construcao,0.5834920634920635
O00476,0,2,731.86,84.3,0.1159,1,voucher,20,2,3,0,pc_gamer,0.5850202429149798
O03314,1,5,1464.2,138.38,0.173,1,boleto,5,2,3,0,casa_conforto_2,0.560609857978279
O01556,0,1,227.67,33.52,0.1472,4,boleto,23,2,3,0,papelaria,0.5384615384615384
O02317,1,2,619.57,47.88,0.0772,1,credit_card,9,2,3,0,eletronicos,0.6157894736842104
O04961,0,2,803.07,19.55,0.0256,12,debit_card,17,2,3,0,casa_limpeza,0.5097402597402597
O03230,0,1,476.11,26.01,0.0546,2,boleto,12,3,3,0,pc_gamer,0.625
O02423,0,3,928.35,72.83,0.1872,2,credit_card,19,3,3,0,casa_escritorio,0.6224509803921568
O00779,1,3,775.34,59.64,0.1339,5,debit_card,14,3,3,0,artes,0.48340874811463047
O03634,1,1,178.82,10.21,0.0571,3,boleto,12,3,3,0,fashion_calcados,0.5
O01405,1,1,217.1,12.75,0.0587,5,boleto,8,3,3,0,moveis_colchao_estofado,0.6086956521739131
O02094,1,1,192.83,20.13,0.1044,6,boleto,22,4,3,0,casa_limpeza,0.7692307692307693
O03733,1,1,242.8,23.14,0.0953,2,debit_card,13,4,3,0,casa_outros,0.47368421052631576
O01068,0,1,228.72,21.76,0.0951,1,credit_card,20,4,3,0,ferramentas_jardim,0.5714285714285714
O04698,1,1,491.06,24.91,0.0507,9,credit_card,7,4,3,0,eletrodomesticos,0.5
O01856,1,1,375.48,46.14,0.1229,9,debit_card,13,4,3,0,fashion_bolsas,0.7142857142857143
O00713,1,2,184.33,53.78,0.2907,1,credit_card,8,5,3,0,casa_utilidades,0.517080745341615
O01515,1,2,465.93,77.11,0.1836,1,credit_card,16,5,3,0,fashion_esporte,0.4273182957393483
O00733,0,1,119.6,12.5,0.1045,4,credit_card,24,5,3,0,casa_outros,0.3684210526315789
O02186,1,1,314.83,44.33,0.1408,5,debit_card,23,5,3,0,casa_utilidades,0.26666666666666666
O01689,1,2,677.07,62.66,0.0924,5,voucher,7,5,3,0,casa_limpeza,0.4651416122004357
O02452,0,1,408.24,16.39,0.0401,2,credit_card,24,5,3,0,la_cuisine,0.7333333333333333
O02734,1,2,401.92,59.78,0.2512,1,boleto,16,5,3,0,casa_garagem,0.4266304347826087
O04024,1,3,649.84,63.54,0.1279,1,voucher,9,5,3,0,casa_conforto,0.6206541996015681
O04872,0,1,205.25,35.07,0.1709,6,voucher,21,5,3,0,instrumentos_musicais,0.38461538461538464
O04011,0,1,207.95,28.19,0.1356,1,debit_card,14,5,3,0,casa_jardim,0.42857142857142855
O00336,0,1,450.76,34.95,0.0775,4,debit_card,19,5,3,0,seguros_servicos,0.5263157894736842
O03432,1,1,371.44,29.85,0.0804,1,debit_card,23,5,3,0,audio,0.5714285714285714
O00235,1,1,408.3,41.48,0.1016,8,voucher,18,5,3,0,fashion_bolsas,0.3076923076923077
O02481,0,1,406.64,26.0,0.0639,1,credit_card,24,5,3,0,casa_quarto,0.4375
O01803,0,1,195.72,42.34,0.2163,5,boleto,23,5,3,0,cool_stuff,0.5652173913043478
O01230,1,1,186.76,19.38,0.1038,9,credit_card,24,6,4,0,casa_escritorio,0.4444444444444444
O01915,1,1,407.56,32.5,0.0797,10,debit_card,12,6,4,0,moveis_colchao_estofado,0.4375
O04610,0,1,498.87,21.77,0.0436,4,boleto,18,6,4,0,moveis_escritorio,0.5
O04960,0,1,76.82,44.66,0.5814,9,boleto,7,6,4,0,instrumentos_musicais,0.7
O02454,1,1,451.51,8.76,0.0194,4,voucher,22,6,4,0,cool_stuff,0.4
O02134,0,2,630.01,65.38,0.101,2,credit_card,13,0,4,0,fashion_bolsas,0.48333333333333334
O02058,0,5,1305.04,112.58,0.3023,9,credit_card,22,0,4,0,artigos_nautica,0.4902705627705627
O00319,1,1,136.05,22.9,0.1683,1,debit_card,12,1,4,0,moda_roupa,0.6
O02922,1,1,175.54,20.21,0.1151,1,boleto,13,1,4,0,market_place,0.52
O03604,0,3,1178.9,66.46,0.0714,1,boleto,15,1,4,0,casa_construcao,0.3838383838383838
O04321,0,1,391.68,23.73,0.0606,1,voucher,19,1,4,0,perfumaria,0.45
O00584,0,1,80.29,14.05,0.175,3,boleto,5,1,4,0,artes,0.55
O00399,1,2,439.45,25.54,0.2635,6,boleto,17,1,4,0,moveis_cozinha,0.4285714285714286
O03534,0,1,73.52,29.93,0.4071,2,credit_card,25,1,4,0,brinquedos,0.7647058823529411
O02524,1,1,27.7,22.27,0.804,5,credit_card,10,1,4,0,flores,0.4
O00948,0,1,336.84,17.29,0.0513,2,boleto,10,1,4,0,casa_outros,0.15384615384615385
O00832,0,1,373.04,21.38,0.0573,1,boleto,23,1,4,0,telefonia,0.4666666666666667
O01772,1,1,241.87,12.28,0.0508,1,boleto,6,2,4,0,seguros_servicos,0.5
O03621,1,1,376.89,6.95,0.0184,2,voucher,15,2,4,0,carnes,0.35714285714285715
O02725,1,2,511.1,40.78,0.2781,1,voucher,5,2,4,0,casa_banheiro,0.4807692307692307
O03754,1,3,672.1,62.7,0.1676,2,debit_card,15,3,4,0,consoles_games,0.6374703727644904
O00695,1,3,885.96,48.06,0.4436,3,credit_card,10,3,4,0,beleza_saude,0.3997300944669366
O02038,1,1,30.15,45.45,1.5075,1,voucher,21,3,4,0,alimentos_bebidas,0.65
O02138,0,5,473.98,112.54,0.2954,2,boleto,17,3,4,0,carnes,0.551025641025641
O03973,1,2,514.15,30.18,0.0573,5,boleto,10,3,4,0,informatica_acessorios,0.3968531468531469
O04681,1,2,123.0,84.98,1.0297,4,credit_card,25,4,4,0,eletrodomesticos,0.4396284829721362
O03797,0,2,356.15,88.83,0.6096,4,voucher,14,4,4,0,fashion_esporte,0.7394957983193278
O03605,1,4,1226.46,122.12,0.1152,2,boleto,7,4,4,0,artigos_nautica,0.5695652173913043
O04026,0,1,142.71,17.25,0.1209,6,debit_card,6,4,4,0,seguros_servicos,0.391304347826087
O01779,0,2,400.51,85.6,0.2232,4,credit_card,20,4,4,0,casa_construcao,0.575
O00854,0,1,134.28,24.59,0.1831,8,credit_card,25,4,4,0,alimentos_bebidas,0.4117647058823529
O02321,0,3,884.62,56.9,0.0867,1,credit_card,14,4,4,0,casa_conforto_2,0.5065170940170941
O02571,0,2,561.54,94.97,0.1701,6,voucher,25,4,4,0,casa_conforto,0.4423076923076923
O04727,0,1,15.23,16.55,1.0867,1,boleto,9,5,4,0,informatica_acessorios,0.3333333333333333
O02756,1,2,302.76,67.69,0.2236,10,boleto,11,5,4,0,brinquedos,0.4607142857142857
O04126,1,2,406.27,76.38,0.226,7,voucher,22,5,4,0,consoles_games,0.5735294117647058
O02217,1,3,474.31,84.68,0.6666,4,voucher,10,5,4,0,casa_conforto_2,0.551796157059315
O04220,1,2,899.29,64.58,0.0717,2,voucher,11,6,4,0,artes,0.5416666666666666
O04638,0,2,312.27,73.85,0.8889,2,voucher,16,6,4,0,moveis_jardim,0.5555555555555556
O03869,1,1,86.63,16.75,0.1934,1,credit_card,10,6,4,0,moveis_decoracao,0.4117647058823529
O03936,0,1,420.44,32.04,0.0762,1,credit_card,17,6,4,0,casa_construcao,0.5625
O04525,1,1,164.1,34.36,0.2094,4,voucher,9,6,4,0,eletrodomesticos_2,0.5263157894736842
O00159,0,2,254.79,58.82,0.5421,1,credit_card,23,6,4,0,casa_banheiro,0.40588235294117647
O00316,0,2,130.62,62.97,0.5485,3,boleto,18,6,4,0,casa_conforto_2,0.4288793103448276
O02634,0,1,210.08,33.4,0.159,10,voucher,9,0,4,0,seguros_servicos,0.7857142857142857
O02305,1,1,98.45,12.87,0.1307,2,credit_card,17,0,4,0,dvds_blu_ray,0.42857142857142855
O02611,1,2,431.6,27.36,0.1465,3,boleto,8,0,4,0,casa_garagem,0.618659420289855
O01838,0,2,223.77,18.44,0.0917,1,voucher,10,0,4,0,moveis_presentes,0.5138888888888888
O01780,0,3,590.17,86.07,0.7485,9,credit_card,11,0,4,0,casa_escritorio,0.41250000000000003
O01914,1,1,472.52,36.73,0.0777,1,credit_card,15,0,4,0,moveis_presentes,0.5
O04274,1,2,559.46,13.15,0.0244,3,credit_card,9,0,4,0,casa_banheiro,0.6458333333333333
O01700,1,1,258.41,9.04,0.035,1,credit_card,9,0,4,0,artes,0.6190476190476191
O03409,0,3,689.06,130.52,0.2591,3,boleto,22,1,4,0,fashion_underwear,0.48464912280701755
O01279,1,1,483.08,16.34,0.0338,3,boleto,20,1,4,0,eletronicos,0.6842105263157895
O03452,1,2,440.03,75.57,0.1698,4,boleto,5,1,4,0,casa_escritorio,0.5277777777777778
O03572,0,1,282.49,25.8,0.0913,8,credit_card,12,1,4,0,seguros_servicos,0.1875
O04038,0,1,151.58,29.64,0.1955,1,voucher,19,1,4,0,moda_roupa,0.6
O03253,0,1,276.75,46.79,0.1691,6,debit_card,14,1,4,0,casa_construcao,0.5238095238095238
O04306,0,1,291.56,6.77,0.0232,7,voucher,5,1,4,0,market_place,0.35714285714285715
O01002,0,2,570.95,62.1,0.1218,3,voucher,11,1,4,0,consoles_games,0.3904761904761905
O00393,0,2,700.18,53.82,0.0936,4,debit_card,15,2,4,0,fashion_underwear,0.55
O01049,0,2,334.77,33.35,0.1301,10,credit_card,25,2,4,0,fashion_calcados,0.41666666666666663
O00500,1,1,232.05,44.54,0.1919,2,boleto,21,2,4,0,utilidades_domesticas,0.45
O01250,0,1,60.79,30.65,0.5042,4,voucher,25,2,4,0,papelaria,0.2727272727272727
O04244,1,4,1268.72,134.51,0.1182,2,credit_card,11,2,4,0,casa_conforto_2,0.47619047619047616
O02790,1,1,159.3,32.71,0.2053,2,voucher,10,2,4,0,flores,0.7857142857142857
O04733,1,1,229.66,37.28,0.1623,3,voucher,20,2,4,0,alimentos_bebidas,0.3333333333333333
O04379,0,1,414.17,13.56,0.0327,2,credit_card,19,3,4,0,market_place,0.6363636363636364
O03123,0,1,223.99,27.12,0.1211,2,voucher,16,3,4,0,pc_gamer,0.38095238095238093
O03876,1,2,328.66,48.69,0.1424,5,voucher,5,3,4,0,fashion_bolsas,0.6306818181818181
O02211,1,1,170.06,6.41,0.0377,1,voucher,7,3,4,0,fashion_bolsas,0.6
O00302,0,3,771.76,96.1,0.1496,5,debit_card,16,4,4,0,dvds_blu_ray,0.5414673046251993
O00382,1,2,427.93,64.79,0.3764,3,boleto,9,4,4,0,eletrodomesticos_2,0.44999999999999996
O00212,1,1,466.57,17.59,0.0377,3,debit_card,6,4,4,0,artes,0.6428571428571429
O01236,0,1,43.2,24.25,0.5613,2,boleto,19,4,4,0,casa_iluminacao,0.4117647058823529
O01651,0,1,443.5,11.24,0.0253,9,credit_card,20,4,4,0,perfumaria,0.5
O00066,0,3,646.15,105.01,0.1856,7,credit_card,23,4,4,0,audio,0.5177404295051353
O04466,1,1,232.76,6.96,0.0299,1,credit_card,16,5,4,0,perfumaria,0.4444444444444444
O00930,1,1,225.2,10.03,0.0445,2,voucher,20,5,4,0,casa_garagem,0.4444444444444444
O00574,1,2,302.06,39.86,0.2114,1,debit_card,8,5,4,0,alimentos_bebidas,0.4834558823529412
O03167,0,2,627.42,84.08,0.1332,3,credit_card,20,5,4,0,casa_outros,0.6035294117647059
O00998,0,1,91.53,12.84,0.1403,3,debit_card,11,5,4,0,ferramentas_jardim,0.42857142857142855
O03863,1,1,170.6,43.82,0.2569,2,voucher,18,5,4,0,utilidades_domesticas,0.4666666666666667
O00287,1,1,187.29,6.83,0.0365,3,credit_card,16,5,4,0,papelaria,0.5384615384615384
O03425,1,2,496.17,63.04,0.1193,1,debit_card,21,5,4,0,cool_stuff,0.6647058823529413
O03648,0,2,596.25,31.7,0.0575,5,voucher,6,6,4,0,casa_construcao,0.5057471264367817
O03058,0,1,258.41,20.66,0.08,1,debit_card,24,6,4,0,seguros_servicos,0.6153846153846154
O02271,0,1,65.61,8.82,0.1344,3,debit_card,20,6,4,0,relogios_presentes,0.5
O03444,1,1,458.9,39.6,0.0863,1,boleto,17,6,4,0,consoles_games,0.6111111111111112
O02115,1,1,52.0,18.7,0.3596,1,voucher,5,6,4,0,alimentos_bebidas,0.6363636363636364
O04826,0,2,555.91,70.49,0.1717,3,debit_card,19,6,4,0,casa_jardim,0.6095238095238096
O03673,0,1,118.04,35.29,0.299,4,voucher,24,6,4,0,bebes,0.5
O00004,1,1,140.96,25.66,0.182,2,debit_card,8,6,4,0,moveis_escritorio,0.5454545454545454
O04901,1,1,424.53,7.99,0.0188,5,voucher,10,0,4,0,moda_roupa,0.5833333333333334
O04391,0,1,221.81,14.61,0.0659,5,credit_card,24,0,4,0,seguros_servicos,0.8571428571428571
O03445,0,1,84.31,29.16,0.3459,8,boleto,11,0,4,0,fashion_calcados,0.5357142857142857
O01863,1,1,80.83,35.67,0.4413,1,debit_card,10,0,4,0,sinalizacao_seguranca,0.5384615384615384
O01669,1,2,70.45,43.45,0.861,2,boleto,9,0,4,0,dvds_blu_ray,0.5657894736842105
O02952,0,2,610.17,78.45,0.1301,1,debit_card,23,0,4,0,casa_outros,0.521978021978022
O03653,0,5,1354.62,168.63,0.2483,3,debit_card,25,0,4,0,casa_banheiro,0.5533613445378152
O04560,0,2,408.6,56.68,0.1605,1,debit_card,23,1,4,0,casa_escritorio,0.5681818181818181
O02341,0,1,469.73,13.15,0.028,5,boleto,25,1,4,0,livros_interesse,0.38095238095238093
O03944,1,1,399.71,36.88,0.0923,5,debit_card,9,1,4,0,papelaria,0.4
O04772,1,2,429.93,69.94,0.256,5,boleto,14,1,4,0,casa_utilidades,0.3764705882352941
O02703,1,2,665.56,47.52,0.0714,1,voucher,24,1,4,0,artigos_nautica,0.5568627450980392
O03051,1,1,101.57,30.97,0.3049,1,boleto,20,1,4,0,fraldas_higiene,0.6363636363636364
O03520,1,2,901.47,43.69,0.0491,1,boleto,18,1,4,0,casa_escritorio,0.501194743130227
O04041,1,1,157.12,11.94,0.076,12,debit_card,8,1,4,0,moveis_presentes,0.5882352941176471
O02287,0,1,429.18,25.98,0.0605,1,debit_card,23,1,4,0,la_cuisine,0.5714285714285714
O00536,1,2,396.42,46.85,0.8806,3,credit_card,11,2,4,0,eletrodomesticos_2,0.4267676767676768
O02399,1,1,467.77,38.48,0.0823,3,credit_card,13,2,4,0,casa_escritorio,0.46153846153846156
O01324,0,4,902.11,112.59,0.2683,5,voucher,25,2,4,0,ferramentas_jardim,0.6659313725490197
O03882,1,1,214.58,39.31,0.1832,2,boleto,22,2,4,0,flores,0.4782608695652174
O00637,0,2,202.06,20.99,0.1686,1,credit_card,25,2,4,0,casa_conforto,0.5584415584415584
O04841,0,2,460.29,89.52,0.3018,2,boleto,20,2,4,0,papelaria,0.510230179028133
O00651,1,1,493.51,44.31,0.0898,9,voucher,20,2,4,0,perfumaria,0.42857142857142855
O02343,0,1,305.82,28.17,0.0921,6,credit_card,15,2,4,0,fraldas_higiene,0.35714285714285715
O04752,0,1,457.85,38.95,0.0851,5,credit_card,18,2,4,0,casa_limpeza,0.5555555555555556
O00347,1,3,717.73,101.77,0.2104,2,credit_card,23,2,4,0,beleza_saude,0.6068783068783069
O01436,1,1,17.21,36.23,2.1052,10,voucher,20,3,4,0,moveis_cozinha,0.6470588235294118
O02422,1,2,837.64,89.37,0.1068,8,boleto,14,3,4,0,fashion_bolsas,0.5921052631578947
O03603,1,1,336.98,10.1,0.03,1,boleto,24,3,4,0,fashion_esporte,0.6666666666666666
O03522,0,4,1290.31,104.76,0.0907,7,debit_card,7,4,4,0,casa_conforto,0.5426142697881828
O02950,0,1,145.87,48.54,0.3328,2,boleto,17,4,4,0,casa_conforto,0.6818181818181818
O00926,0,3,1218.58,96.57,0.0702,2,boleto,23,4,4,0,fashion_bolsas,0.5509370015948963
O01051,0,1,102.43,14.07,0.1374,5,debit_card,6,4,4,0,casa_limpeza,0.6
O00423,0,1,400.07,20.61,0.0515,8,credit_card,25,4,4,0,papelaria,0.52
O02391,1,2,877.55,59.77,0.0683,5,voucher,8,4,4,0,casa_limpeza,0.47857142857142854
O02426,0,1,439.73,37.57,0.0854,5,debit_card,22,4,4,0,casa_limpeza,0.5172413793103449
O00761,1,1,314.73,42.06,0.1336,1,voucher,5,4,4,0,cool_stuff,0.4
O02724,1,1,64.53,21.85,0.3386,4,boleto,5,5,4,0,eletroportateis,0.6086956521739131
O02101,0,2,784.4,39.76,0.0494,3,credit_card,23,5,4,0,carnes,0.4318181818181818
O03333,0,1,216.41,26.68,0.1233,3,voucher,13,5,4,0,carnes,0.4166666666666667
O04790,1,1,113.87,48.16,0.4229,2,debit_card,16,6,4,0,carnes,0.5454545454545454
O00482,0,1,240.19,19.41,0.0808,3,voucher,22,6,4,0,casa_limpeza,0.45454545454545453
O03225,1,1,240.81,18.9,0.0785,3,credit_card,21,6,4,0,cool_stuff,0.5882352941176471
O03993,0,1,465.81,18.78,0.0403,1,voucher,25,6,4,0,automotivo,0.4375
O04186,1,1,68.8,22.96,0.3337,1,voucher,14,6,4,0,moveis_escritorio,0.42105263157894735
O04611,0,3,1010.16,94.48,0.1102,2,credit_card,25,0,4,0,casa_conforto,0.6481481481481483
O01640,1,1,72.46,34.66,0.4783,1,credit_card,16,0,4,0,casa_limpeza,0.5
O04100,1,3,704.62,96.92,0.7016,1,credit_card,24,0,4,0,casa_escritorio,0.5601960784313725
O01665,0,1,394.75,28.82,0.073,8,credit_card,23,0,4,0,relogios_presentes,0.6521739130434783
O00122,0,2,345.82,60.74,0.1734,2,boleto,13,1,4,0,fashion_roupa_feminina,0.6619318181818181
O04068,1,1,56.63,29.47,0.5204,4,debit_card,21,1,4,0,livros_interesse,0.6153846153846154
O01857,1,1,152.82,41.52,0.2717,2,debit_card,17,1,4,0,consoles_games,0.6666666666666666
O00996,0,1,50.86,23.26,0.4573,1,credit_card,7,1,4,0,papelaria,0.5333333333333333
O04436,1,2,289.6,40.97,0.1497,2,boleto,7,1,4,0,artigos_nautica,0.6140583554376657
O02822,1,1,383.5,30.57,0.0797,2,credit_card,12,1,4,0,pc_gamer,0.5
O02888,0,3,638.94,63.16,0.1413,1,boleto,21,2,4,0,flores,0.5995169082125603
O01653,0,1,48.26,7.68,0.1591,1,debit_card,15,2,4,0,moveis_presentes,0.625
O00666,1,1,126.92,16.12,0.127,2,boleto,16,2,4,0,casa_jardim,0.3333333333333333
O04728,0,1,82.99,29.21,0.352,2,boleto,17,2,4,0,moveis_jardim,0.34615384615384615
O00685,1,2,265.67,47.67,0.6531,3,debit_card,9,2,4,0,instrumentos_musicais,0.40909090909090906
O03451,1,5,1614.52,97.29,0.0641,4,debit_card,5,2,4,0,artigos_nautica,0.5386274917705796
O04771,0,1,98.82,11.35,0.1149,5,credit_card,16,3,4,0,papelaria,0.46153846153846156
O02573,1,1,174.31,38.99,0.2237,2,voucher,7,3,4,0,fashion_esporte,0.6153846153846154
O01477,0,1,12.67,42.37,3.3441,3,credit_card,23,3,4,0,fashion_roupa_feminina,0.4666666666666667
O01124,1,2,378.54,72.35,0.1861,1,credit_card,5,3,4,0,moveis_quarto,0.5147058823529411
O01773,0,1,157.42,38.24,0.2429,5,debit_card,20,3,4,0,la_cuisine,0.47058823529411764
O04247,0,2,694.12,53.62,0.0805,5,credit_card,25,3,4,0,flores,0.4954545454545455
O02817,1,1,498.44,33.89,0.068,2,credit_card,7,3,4,0,moveis_decoracao,0.3125
O02380,0,1,341.82,37.05,0.1084,1,boleto,24,3,4,0,livros_interesse,0.6111111111111112
O00258,0,1,482.31,39.93,0.0828,9,debit_card,22,3,4,0,seguros_servicos,0.6086956521739131
O02726,1,2,468.78,20.15,0.0417,8,boleto,6,4,4,0,eletroportateis,0.5714285714285714
O02762,0,1,335.59,8.46,0.0252,3,debit_card,15,4,4,0,ferramentas_jardim,0.8125
O01157,0,1,441.46,35.42,0.0802,1,voucher,16,4,4,0,casa_utilidades,0.76
O00755,0,1,359.08,6.13,0.0171,5,voucher,17,4,4,0,fraldas_higiene,0.5909090909090909
O00751,1,1,130.67,39.56,0.3027,6,credit_card,5,4,4,0,moveis_cozinha,0.38095238095238093
O03611,1,4,965.51,102.37,0.1985,2,boleto,14,4,4,0,construcao_ferramentas,0.6649305555555556
O04981,1,2,441.59,56.85,0.4033,1,credit_card,21,4,4,0,casa_quarto,0.5490196078431372
O04150,1,1,406.55,22.85,0.0562,5,debit_card,20,4,4,0,casa_jardim,0.5
O03479,1,3,530.29,61.31,0.1229,4,credit_card,11,5,4,0,audio,0.6054824561403509
O01753,0,1,323.58,29.98,0.0927,5,debit_card,10,5,4,0,livros_interesse,0.5555555555555556
O03807,0,1,458.23,40.78,0.089,1,boleto,20,5,4,0,cool_stuff,0.625
O04399,1,1,184.53,38.52,0.2087,3,voucher,15,5,4,0,cool_stuff,0.36363636363636365
O02742,1,2,757.27,62.16,0.082,1,boleto,11,5,4,0,consoles_games,0.4476190476190476
O00475,0,2,641.55,51.17,0.0778,7,credit_card,10,5,4,0,instrumentos_musicais,0.6743697478991597
O03074,1,2,671.76,64.39,0.1074,2,debit_card,16,6,4,0,casa_cozinha,0.5205314009661836
O02711,0,1,105.7,26.45,0.2502,4,debit_card,22,6,4,0,cool_stuff,0.55
O00718,1,4,945.08,148.37,0.1732,5,credit_card,17,6,4,0,beleza_saude,0.5267649017649018
O04661,0,1,426.57,29.85,0.07,1,debit_card,25,6,4,0,flores,0.5
O03245,1,2,334.23,24.05,0.0705,3,voucher,6,6,4,0,casa_construcao,0.5850202429149798
O00559,0,1,362.93,38.52,0.1061,5,boleto,18,6,4,0,casa_escritorio,0.2916666666666667
O04767,1,5,975.15,74.98,0.1365,3,credit_card,8,6,4,0,alimentos_bebidas,0.48192982456140354
O01394,0,2,81.2,30.04,0.3744,6,credit_card,19,0,4,0,eletronicos,0.6447368421052632
O04739,0,1,140.36,7.62,0.0543,5,credit_card,16,0,4,0,utilidades_domesticas,0.5714285714285714
O04639,0,1,234.97,30.42,0.1295,2,voucher,10,0,4,0,cool_stuff,0.6923076923076923
O04416,0,2,367.55,72.41,0.2135,1,voucher,14,1,5,0,malas_acessorios,0.49719887955182074
O00622,1,1,378.53,36.28,0.0958,6,boleto,16,1,5,0,fashion_calcados,0.5555555555555556
O03276,0,3,315.4,92.12,0.4079,2,boleto,17,1,5,0,artigos_nautica,0.6034858387799565
O00313,1,3,563.66,100.4,0.5336,2,credit_card,14,1,5,0,casa_construcao,0.5162037037037037
O02193,0,2,596.3,61.02,0.2471,2,boleto,11,1,5,0,eletroportateis,0.5
O01406,1,2,508.75,57.33,0.1719,1,debit_card,20,1,5,0,cama_mesa_banho,0.6436781609195402
O00011,1,4,611.31,84.58,0.1442,8,debit_card,6,1,5,0,casa_escritorio,0.5701754385964912
O03327,1,1,347.22,47.95,0.1381,3,credit_card,10,2,5,0,construcao_ferramentas,0.5
O04642,1,1,253.16,21.64,0.0855,9,boleto,8,2,5,0,eletronicos,0.5
O01980,0,1,284.43,9.86,0.0347,2,boleto,25,2,5,0,papelaria,0.4666666666666667
O02702,1,2,320.58,45.5,0.2385,10,credit_card,15,2,5,0,casa_outros,0.5222222222222221
O03880,1,1,448.06,46.4,0.1036,1,voucher,14,2,5,0,casa_conforto,0.3888888888888889
O03858,0,2,604.97,54.31,0.0938,5,debit_card,14,3,5,0,alimentos_bebidas,0.5210084033613445
O00289,1,1,109.06,6.68,0.0613,3,voucher,14,3,5,0,flores,0.5263157894736842
O03380,1,1,123.81,36.08,0.2914,3,debit_card,6,3,5,0,telefonia,0.6666666666666666
O03578,1,2,632.5,25.32,0.0397,2,voucher,6,3,5,0,fashion_roupa_feminina,0.5879917184265011
O04254,1,1,225.81,32.38,0.1434,1,boleto,12,3,5,0,moveis_sala,0.4375
O00038,1,3,335.22,108.75,0.6742,1,debit_card,23,4,5,0,cds_dvds_musicais,0.37380382775119614
O04051,0,1,24.13,20.56,0.8521,4,voucher,19,4,5,0,utilidades_domesticas,0.5263157894736842
O00980,1,4,1048.45,91.24,0.0958,1,voucher,13,4,5,0,audio,0.33715699505173186
O00353,1,1,187.23,39.07,0.2087,1,debit_card,20,4,5,0,construcao_ferramentas,0.7142857142857143
O00060,0,2,290.41,51.62,0.2257,5,voucher,20,5,5,0,artes,0.5647058823529412
O01371,1,4,833.37,104.21,0.4349,1,debit_card,5,5,5,0,carnes,0.47552447552447547
O01081,1,2,585.69,60.73,0.1178,1,credit_card,20,5,5,0,casa_garagem,0.5657894736842105
O00780,1,3,664.02,99.49,0.1798,2,debit_card,11,5,5,0,construcao_ferramentas,0.45423280423280427
O01834,0,1,361.12,26.97,0.0747,5,voucher,23,5,5,0,moveis_quarto,0.6296296296296297
O04822,1,1,11.75,25.49,2.1694,6,voucher,13,5,5,0,casa_outros,0.47058823529411764
O00410,1,1,319.07,9.03,0.0283,3,boleto,17,6,5,0,seguros_servicos,0.5769230769230769
O00704,0,2,498.13,56.97,0.5524,7,debit_card,15,6,5,0,alimentos_bebidas,0.45906432748538006
O02117,0,3,761.7,54.34,0.078,1,credit_card,8,6,5,0,casa_cozinha,0.5268518518518519
O03196,1,1,135.48,30.41,0.2245,10,boleto,19,0,5,0,musica_arte,0.55
O01611,0,1,478.42,15.6,0.0326,2,boleto,18,0,5,0,portateis_cozinha,0.6818181818181818
O03808,1,1,35.03,48.0,1.3703,9,boleto,6,0,5,0,alimentos_bebidas,0.5925925925925926
O00914,1,1,18.16,17.4,0.9581,4,voucher,12,0,5,0,audio,0.36363636363636365
O02824,1,1,10.06,35.75,3.5537,6,debit_card,6,0,5,0,beleza_saude,0.4375
O01543,0,1,231.2,11.02,0.0477,4,voucher,25,0,5,0,eletrodomesticos,0.6666666666666666
O01027,0,1,294.44,19.15,0.065,1,boleto,21,0,5,0,utilidades_domesticas,0.3333333333333333
O02473,0,2,766.61,53.22,0.0695,1,voucher,19,0,5,0,casa_banheiro,0.47058823529411764
O03197,1,1,478.17,9.77,0.0204,3,boleto,9,1,5,0,eletronicos,0.43478260869565216
O03435,1,2,705.96,19.96,0.0353,1,debit_card,8,1,5,0,livros_interesse,0.604978354978355
O00724,1,1,425.61,24.73,0.0581,1,debit_card,9,1,5,0,moveis_decoracao,0.5
O00855,1,1,407.55,37.84,0.0928,3,boleto,6,1,5,0,casa_garagem,0.4090909090909091
O04993,1,4,1076.77,118.93,0.1103,5,debit_card,18,1,5,0,construcao_ferramentas,0.5586737881059469
O01948,1,1,426.66,44.71,0.1048,7,boleto,18,1,5,0,casa_outros,0.5384615384615384
O00463,0,1,306.57,37.84,0.1234,5,debit_card,23,1,5,0,beleza_saude,0.6521739130434783
O00867,0,1,479.47,37.52,0.0783,3,debit_card,20,1,5,0,carnes,0.7058823529411765
O01822,1,2,766.28,55.82,0.0798,3,credit_card,6,1,5,0,moda_roupa,0.5130718954248366
O01634,1,2,619.33,55.52,0.1034,2,voucher,9,2,5,0,la_cuisine,0.3482352941176471
O04788,0,2,515.75,42.98,0.1292,3,voucher,20,2,5,0,alimentos_bebidas,0.5227272727272727
O01069,1,2,706.76,58.34,0.092,7,voucher,12,2,5,0,moveis_presentes,0.6017786561264822
O00910,0,1,151.18,10.14,0.0671,1,debit_card,21,2,5,0,fashion_calcados,0.7058823529411765
O04229,1,2,546.82,79.56,0.1582,1,boleto,13,3,5,0,alimentos_bebidas,0.6083333333333334
O03412,1,2,697.28,52.4,0.0771,3,debit_card,6,3,5,0,beleza_saude,0.3771929824561403
O00600,0,1,461.72,28.88,0.0625,4,credit_card,20,3,5,0,moveis_quarto,0.6666666666666666
O04154,0,1,410.17,5.37,0.0131,1,boleto,9,3,5,0,utilidades_domesticas,0.625
O04486,1,1,373.3,5.16,0.0138,5,boleto,9,3,5,0,cama_mesa_banho,0.3333333333333333
O01092,1,1,26.47,19.16,0.7238,3,boleto,9,4,5,0,casa_escritorio,0.6666666666666666
O03115,0,1,418.4,17.48,0.0418,2,credit_card,20,4,5,0,fashion_calcados,0.47058823529411764
O00200,1,3,702.83,47.35,0.0722,3,credit_card,7,4,5,0,audio,0.5340557275541795
O03913,0,1,25.46,19.75,0.7757,1,boleto,18,5,5,0,papelaria,0.6
O00416,0,3,1196.75,55.53,0.0487,2,credit_card,20,5,5,0,consoles_games,0.5448343079922027
O00420,0,3,700.0,88.87,0.2161,5,debit_card,19,5,5,0,casa_garagem,0.49869281045751634
O03910,1,2,518.4,41.07,0.1628,2,credit_card,15,5,5,0,beleza_saude,0.5208333333333333
O00045,1,3,464.86,83.1,0.3632,3,debit_card,15,5,5,0,artes,0.5492063492063491
O00484,0,1,44.46,10.89,0.2449,1,debit_card,17,5,5,0,livros_interesse,0.43478260869565216
O01392,1,2,666.7,49.51,0.0667,1,credit_card,12,6,5,0,construcao_ferramentas,0.5522727272727272
O02502,1,2,746.0,49.48,0.0752,1,voucher,5,6,5,0,casa_jardim,0.5894736842105264
O02114,1,2,603.93,58.92,0.1713,6,credit_card,22,6,5,0,beleza_saude,0.5380952380952381
O00641,1,3,682.46,122.96,0.4888,5,credit_card,5,6,5,0,casa_cozinha,0.6434937611408199
O03252,1,2,630.72,52.85,0.0835,2,voucher,14,6,5,0,casa_outros,0.45454545454545453
O01560,0,2,275.08,85.33,0.8283,2,debit_card,10,6,5,0,alimentos_bebidas,0.6071428571428572
O01862,1,1,96.53,12.35,0.1279,10,voucher,16,6,5,0,alimentos_bebidas,0.5
O02885,0,1,53.75,8.9,0.1656,5,credit_card,25,0,5,0,fashion_bolsas,0.5769230769230769
O00182,1,1,110.7,8.29,0.0749,5,boleto,8,0,5,0,perfumaria,0.6666666666666666
O03694,1,1,68.64,16.93,0.2466,1,voucher,12,0,5,0,fashion_calcados,0.5333333333333333
O01036,1,2,187.77,63.36,0.3648,5,debit_card,11,0,5,0,casa_utilidades,0.5278637770897833
O02958,0,1,228.43,37.45,0.1639,5,boleto,22,0,5,0,alimentos_bebidas,0.6666666666666666
O02045,0,1,324.73,40.62,0.1251,2,voucher,24,0,5,0,eletrodomesticos_2,0.5294117647058824
O00822,1,1,442.95,19.67,0.0444,4,credit_card,10,0,5,0,pc_gamer,0.6363636363636364
O04696,0,1,103.81,34.1,0.3285,3,credit_card,18,0,5,0,casa_limpeza,0.5333333333333333
O03663,0,2,773.04,76.76,0.1137,7,boleto,14,0,5,0,artes,0.5360576923076923
O04508,0,2,561.64,40.67,0.1205,1,debit_card,21,0,5,0,automotivo,0.4949494949494949
O01251,1,1,23.28,37.68,1.6186,10,boleto,7,0,5,0,eletrodomesticos,0.5238095238095238
O02651,1,2,299.5,50.25,0.1647,7,credit_card,20,1,5,0,casa_conforto_2,0.5576923076923077
O00037,0,2,310.27,74.3,0.7487,3,debit_card,13,1,5,0,casa_escritorio,0.43707093821510296
O03495,0,2,546.84,30.36,0.0706,5,boleto,24,1,5,0,eletrodomesticos_2,0.5299145299145299
O02540,1,1,105.79,24.62,0.2327,8,boleto,18,1,5,0,moda_roupa,0.3888888888888889
O02641,0,1,128.39,17.58,0.1369,4,debit_card,9,1,5,0,fashion_underwear,0.5454545454545454
O01252,1,2,526.31,35.67,0.0602,3,credit_card,10,1,5,0,cool_stuff,0.5595238095238095
O02119,0,1,252.41,19.49,0.0772,1,voucher,5,1,5,0,casa_jardim,0.55
O03716,0,1,398.08,10.42,0.0262,7,boleto,15,1,5,0,moveis_decoracao,0.5925925925925926
O03500,0,1,197.79,48.44,0.2449,5,credit_card,11,2,5,0,casa_jardim,0.4444444444444444
O03463,1,2,365.88,29.26,0.1196,4,boleto,20,2,5,0,casa_escritorio,0.6543478260869565
O01600,0,2,870.07,25.52,0.0305,5,boleto,8,2,5,0,casa_escritorio,0.65
O00310,1,1,151.09,37.93,0.251,6,boleto,7,2,5,0,flores,0.6842105263157895
O03439,0,1,362.33,39.66,0.1095,3,credit_card,17,2,5,0,utilidades_domesticas,0.625
O02819,0,2,695.13,51.08,0.0699,5,voucher,24,2,5,0,casa_sala,0.5416666666666667
O01949,1,1,388.29,19.62,0.0505,3,voucher,19,2,5,0,casa_escritorio,0.4117647058823529
O04305,0,1,163.71,36.26,0.2215,3,boleto,25,3,5,0,alimentos_bebidas,0.56
O04676,0,1,274.33,9.81,0.0358,5,voucher,21,3,5,0,fashion_bolsas,0.5714285714285714
O03818,1,2,707.94,24.64,0.0363,1,credit_card,12,3,5,0,eletronicos,0.5056818181818181
O01348,0,1,121.38,45.39,0.3739,1,boleto,19,3,5,0,informatica_acessorios,0.5454545454545454
O02593,0,1,33.39,40.04,1.1992,1,boleto,18,3,5,0,fashion_roupa_feminina,0.6470588235294118
O00424,0,2,489.59,70.39,0.1503,3,credit_card,18,4,5,0,casa_sala,0.5230263157894737
O00904,0,1,394.48,38.08,0.0965,8,debit_card,14,4,5,0,casa_limpeza,0.6956521739130435
O02890,1,1,254.25,25.75,0.1013,1,boleto,24,4,5,0,casa_iluminacao,0.64
O04376,1,2,478.89,28.04,0.2551,3,credit_card,12,4,5,0,consoles_games,0.5803571428571428
O04798,1,1,351.05,15.25,0.0434,1,credit_card,6,4,5,0,utilidades_domesticas,0.47619047619047616
O02669,0,3,821.14,28.21,0.0341,2,credit_card,7,4,5,0,ferramentas_jardim,0.5261243386243386
O02449,1,2,607.38,60.67,0.1172,4,debit_card,11,5,5,0,casa_iluminacao,0.5657894736842105
O01128,0,2,661.32,20.75,0.0303,8,debit_card,25,5,5,0,casa_conforto_2,0.45739130434782604
O02087,0,1,90.7,14.32,0.1579,1,voucher,12,5,5,0,construcao_ferramentas,0.5384615384615384
O03103,0,2,611.26,64.77,0.1718,4,debit_card,15,5,5,0,consoles_games,0.5405982905982906
O01907,1,1,101.52,19.29,0.19,2,voucher,13,5,5,0,moveis_sala,0.6875
O01532,1,1,452.33,49.54,0.1095,1,credit_card,13,5,5,0,casa_sala,0.5217391304347826
O02432,0,1,85.31,37.85,0.4437,1,voucher,22,5,5,0,bebes,0.7777777777777778
O03268,1,1,178.39,47.62,0.2669,1,debit_card,13,5,5,0,seguros_servicos,0.2857142857142857
O00455,1,1,93.09,36.75,0.3948,5,debit_card,7,5,5,0,artes,0.6875
O00344,1,1,203.98,35.36,0.1734,9,boleto,11,6,5,0,musica_arte,0.7058823529411765
O02127,1,2,400.93,33.03,0.1239,1,debit_card,24,6,5,0,automotivo,0.5277777777777778
O04875,0,1,73.43,41.13,0.5601,3,credit_card,20,6,5,0,seguros_servicos,0.3333333333333333
O01181,0,1,462.13,36.85,0.0797,2,debit_card,12,0,5,0,moveis_decoracao,0.4375
O02981,0,1,458.24,22.66,0.0495,3,credit_card,15,0,5,0,seguros_servicos,0.4375
O00468,0,1,18.37,26.88,1.4633,7,boleto,19,0,5,0,cool_stuff,0.48148148148148145
O01685,1,1,197.17,38.28,0.1941,1,voucher,13,1,5,0,artes,0.5666666666666667
O03000,1,1,72.53,39.9,0.5501,1,boleto,7,1,5,0,casa_construcao,0.55
O00702,0,1,422.1,31.41,0.0744,6,boleto,23,1,5,0,papelaria,0.6521739130434783
O01623,1,2,577.66,66.57,0.1146,2,boleto,25,1,5,0,market_place,0.3771929824561403
O04335,1,1,39.46,31.33,0.794,4,credit_card,11,1,5,0,pc_gamer,0.5555555555555556
O00422,0,1,341.89,16.18,0.0473,7,voucher,23,1,5,0,casa_construcao,0.47619047619047616
O01158,1,3,950.87,53.96,0.058,3,credit_card,14,1,5,0,casa_conforto_2,0.47399237472766886
O02521,1,2,688.26,63.46,0.1151,5,boleto,13,1,5,0,ferramentas_jardim,0.5457875457875458
O02582,0,2,956.11,61.95,0.0649,1,voucher,22,1,5,0,fashion_esporte,0.4327485380116959
O00090,0,1,142.21,13.63,0.0958,5,boleto,13,1,5,0,moveis_cozinha,0.3333333333333333
O02676,0,1,498.33,31.3,0.0628,1,credit_card,20,1,5,0,casa_outros,0.6153846153846154
O02999,0,1,347.77,5.94,0.0171,7,voucher,17,1,5,0,fashion_esporte,0.5652173913043478
O04624,0,3,1322.75,102.93,0.0753,9,debit_card,17,1,5,0,fashion_bolsas,0.5842972816657027
O02488,0,1,69.18,41.11,0.5942,5,credit_card,22,1,5,0,cama_mesa_banho,0.6153846153846154
O02797,1,2,441.69,28.72,0.1037,4,credit_card,16,1,5,0,esporte_lazer,0.6458333333333333
O02770,0,1,251.93,27.5,0.1092,5,voucher,22,1,5,0,casa_utilidades,0.45
O04127,1,1,452.08,37.87,0.0838,9,voucher,11,1,5,0,artigos_nautica,0.5833333333333334
O04672,0,1,324.75,28.68,0.0883,6,voucher,22,2,5,0,moveis_jardim,0.5714285714285714
O01368,1,1,433.27,42.7,0.0986,5,boleto,5,2,5,0,casa_garagem,0.5714285714285714
O01695,1,1,425.84,5.1,0.012,2,voucher,5,2,5,0,cds_dvds_musicais,0.55
O02972,1,3,900.94,87.75,0.2365,2,voucher,14,2,5,0,casa_utilidades,0.4726708074534161
O03203,1,1,91.05,24.79,0.2723,5,voucher,7,2,5,0,eletrodomesticos,0.6
O01513,1,2,559.67,24.92,0.0506,7,boleto,25,2,5,0,casa_escritorio,0.4
O00876,0,1,152.32,10.66,0.07,3,debit_card,17,3,5,0,fashion_roupa_masculina,0.7
O00754,0,1,30.48,10.43,0.3422,1,boleto,19,3,5,0,fashion_underwear,0.5217391304347826
O01215,1,5,802.99,171.82,0.2477,1,debit_card,19,3,5,0,alimentos_bebidas,0.5573179723502304
O01067,1,1,101.04,21.91,0.2168,1,boleto,5,3,5,0,fashion_roupa_masculina,0.5333333333333333
O04817,0,2,534.05,58.33,0.1222,2,voucher,6,3,5,0,bebes,0.4512987012987013
O00650,1,1,214.04,33.19,0.1551,4,voucher,10,3,5,0,musica_arte,0.35294117647058826
O00919,0,1,159.16,19.63,0.1233,1,voucher,25,3,5,0,casa_escritorio,0.6
O03133,1,2,587.4,65.67,0.2454,1,voucher,5,3,5,0,casa_jardim,0.5311355311355311
O02073,1,1,397.15,23.43,0.059,3,boleto,13,4,5,0,moveis_decoracao,0.6
O03703,0,1,307.8,19.79,0.0643,5,voucher,16,4,5,0,perfumaria,0.5833333333333334
O03618,1,2,826.48,38.02,0.0445,3,credit_card,20,4,5,0,fashion_underwear,0.5438596491228069
O00961,1,2,713.08,56.79,0.0935,1,credit_card,10,4,5,0,casa_quarto,0.684640522875817
O00326,0,1,355.38,42.45,0.1194,3,boleto,22,4,5,0,cool_stuff,0.47368421052631576
O01988,0,1,213.71,7.9,0.037,2,debit_card,14,4,5,0,moveis_decoracao,0.46153846153846156
O01273,0,2,513.79,73.39,0.143,5,credit_card,24,4,5,0,casa_outros,0.5381944444444444
O04212,0,1,476.56,45.88,0.0963,9,debit_card,24,4,5,0,casa_cozinha,0.6666666666666666
O00679,1,1,153.95,17.52,0.1138,2,debit_card,23,5,5,0,portateis_cozinha,0.3333333333333333
O04926,0,3,432.6,91.48,0.223,8,voucher,15,5,5,0,carnes,0.46709401709401704
O01290,0,1,164.07,39.81,0.2426,1,voucher,25,5,5,0,consoles_games,0.5217391304347826
O01286,1,2,875.27,55.31,0.0627,1,voucher,10,5,5,0,eletrodomesticos_2,0.48541666666666666
O02722,1,1,142.36,37.57,0.2639,1,credit_card,23,5,5,0,flores,0.36
O01844,1,1,155.99,11.55,0.074,8,voucher,14,6,5,0,perfumaria,0.5
O00586,1,1,185.65,8.05,0.0434,2,debit_card,24,6,5,0,papelaria,0.5384615384615384
O03007,1,1,114.73,9.48,0.0826,2,credit_card,23,6,5,0,casa_outros,0.5
O03865,0,1,408.05,14.86,0.0364,3,voucher,18,6,5,0,ferramentas_jardim,0.5384615384615384
O02643,0,1,310.91,42.07,0.1353,3,boleto,16,6,5,0,casa_iluminacao,0.5714285714285714
O04269,1,1,36.38,21.29,0.5852,10,voucher,5,6,5,0,moveis_colchao_estofado,0.6363636363636364
O04195,1,1,495.37,9.48,0.0191,3,debit_card,18,6,5,0,moveis_jardim,0.631578947368421
O03337,1,1,426.33,28.21,0.0662,3,boleto,13,6,5,0,perfumaria,0.5925925925925926
O00173,0,1,332.06,16.54,0.0498,7,boleto,15,6,5,0,casa_banheiro,0.35714285714285715
O03414,1,1,336.81,28.41,0.0844,3,debit_card,16,6,5,0,relogios_presentes,0.5714285714285714
O00237,0,3,985.69,88.49,0.2613,1,debit_card,24,0,5,0,casa_outros,0.5970315280956013
O02648,0,2,648.62,77.68,0.1237,1,boleto,17,0,5,0,fashion_roupa_feminina,0.5798319327731092
O03601,0,1,175.54,19.7,0.1122,1,debit_card,13,0,5,0,utilidades_domesticas,0.6190476190476191
O02671,1,2,513.79,75.88,0.2077,5,boleto,18,0,5,0,ferramentas_jardim,0.4830917874396135
O00465,0,1,177.09,41.38,0.2337,1,credit_card,24,0,5,0,fashion_underwear,0.6428571428571429
O02050,1,1,61.38,44.99,0.733,6,debit_card,14,0,5,0,audio,0.5714285714285714
O04056,0,4,284.38,115.16,0.4405,3,credit_card,13,0,5,0,artes,0.43363448944943006
O00473,0,2,490.01,71.82,0.4892,5,voucher,10,1,5,0,construcao_ferramentas,0.48958333333333337
O04673,1,2,274.59,76.98,0.3323,2,voucher,7,1,5,0,casa_conforto,0.5625
O03758,1,2,235.22,65.45,0.4213,3,credit_card,21,1,5,0,beleza_saude,0.5633484162895928
O04569,1,2,817.16,61.99,0.0794,7,debit_card,5,1,5,0,casa_garagem,0.5588235294117647
O04581,0,1,64.49,35.44,0.5495,2,credit_card,16,1,5,0,eletrodomesticos,0.56
O01014,0,1,227.4,46.54,0.2047,1,voucher,12,2,5,0,moveis_presentes,0.42105263157894735
O03693,0,2,472.62,78.3,0.2643,10,boleto,24,2,5,0,casa_garagem,0.46963562753036436
O00044,1,3,763.46,120.03,0.1729,1,credit_card,21,2,5,0,casa_construcao,0.5413255360623782
O04572,1,2,497.06,48.15,0.1225,3,voucher,21,2,5,0,automotivo,0.5183823529411764
O00248,0,3,964.51,116.89,0.1372,1,credit_card,21,2,5,0,casa_garagem,0.6169590643274853
O01244,1,1,221.03,14.34,0.0649,1,debit_card,19,3,5,0,perfumaria,0.65
O00130,1,2,623.0,62.8,0.1138,2,voucher,5,3,5,0,alimentos_bebidas,0.45999999999999996
O03989,0,1,371.29,37.6,0.1013,3,voucher,22,3,5,0,dvds_blu_ray,0.5454545454545454
O02569,0,3,1102.52,95.44,0.0892,2,credit_card,19,3,5,0,consoles_games,0.5112721417069244
O00932,0,1,397.97,33.75,0.0848,3,voucher,23,3,5,0,moda_roupa,0.7368421052631579
O04840,1,1,242.47,38.55,0.159,1,boleto,6,4,6,0,construcao_ferramentas,0.5217391304347826
O01192,0,4,1247.65,102.01,0.1105,2,boleto,22,4,6,0,casa_jardim,0.5369741558196567
O04806,0,3,591.3,52.82,0.0894,3,voucher,16,4,6,0,casa_garagem,0.5904761904761905
O04273,0,2,650.78,69.7,0.114,1,credit_card,12,4,6,0,eletroportateis,0.45833333333333337
O02841,1,1,87.43,20.18,0.2308,4,debit_card,15,4,6,0,casa_limpeza,0.6666666666666666
O00001,1,2,483.96,45.04,0.113,10,boleto,24,4,6,0,casa_cozinha,0.4605263157894737
O00764,1,1,183.67,43.28,0.2356,4,boleto,9,4,6,0,pc_gamer,0.6071428571428571
O00972,1,1,20.53,21.99,1.0711,1,credit_card,11,5,6,0,casa_lavanderia,0.75
O04215,0,1,53.23,13.94,0.2619,5,credit_card,15,5,6,0,cama_mesa_banho,0.3333333333333333
O02992,0,2,854.02,60.42,0.0677,8,credit_card,11,5,6,0,casa_banheiro,0.5
O04685,1,3,555.4,76.09,0.315,4,voucher,18,5,6,0,casa_limpeza,0.6600529100529101
O00295,0,1,184.18,30.63,0.1663,5,debit_card,13,6,6,0,livros_interesse,0.42857142857142855
O02107,1,1,468.9,36.31,0.0774,8,voucher,7,6,6,0,casa_banheiro,0.38461538461538464
O01731,0,1,138.01,49.43,0.3582,1,debit_card,13,6,6,0,casa_garagem,0.5333333333333333
O00643,1,1,377.56,29.0,0.0768,2,credit_card,13,6,6,0,musica_arte,0.4090909090909091
O04967,0,1,432.81,15.05,0.0348,5,boleto,13,6,6,0,casa_conforto,0.6470588235294118
O02615,1,1,83.55,20.57,0.2462,4,voucher,6,6,6,0,casa_outros,0.8125
O00665,1,1,146.49,46.31,0.3161,6,boleto,17,6,6,0,moveis_presentes,0.45454545454545453
O02970,1,1,371.6,16.83,0.0453,5,debit_card,5,6,6,0,livros_interesse,0.4
O00860,1,1,22.95,26.52,1.1556,1,credit_card,17,0,6,0,moda_roupa,0.4
O01870,1,2,300.49,61.59,0.2153,5,debit_card,12,0,6,0,alimentos_bebidas,0.4308823529411765
O02478,1,3,1139.44,76.96,0.1197,6,boleto,5,0,6,0,casa_quarto,0.5469202898550725
O00487,0,1,267.53,13.5,0.0505,5,credit_card,20,0,6,0,casa_outros,0.7
O03014,1,2,404.08,58.0,0.1879,4,voucher,9,0,6,0,perfumaria,0.5135746606334841
O04732,0,2,505.19,31.69,0.0666,1,boleto,17,0,6,0,malas_acessorios,0.5555555555555556
O00949,0,1,388.64,43.98,0.1132,2,voucher,11,0,6,0,moveis_decoracao,0.47058823529411764
O02463,0,1,213.51,24.14,0.1131,1,boleto,17,0,6,0,casa_limpeza,0.5625
O00068,0,2,787.21,22.73,0.0312,3,voucher,21,1,6,0,la_cuisine,0.5024038461538461
O04504,0,1,375.79,20.07,0.0534,3,boleto,21,1,6,0,brinquedos,0.5416666666666666
O04780,0,1,284.9,11.16,0.0392,8,boleto,21,1,6,0,casa_outros,0.7083333333333334
O01959,0,1,92.99,22.17,0.2384,12,credit_card,12,1,6,0,bebes,0.38461538461538464
O02012,1,2,764.31,57.3,0.0753,1,boleto,19,1,6,0,ferramentas_jardim,0.5273109243697479
O02896,1,2,755.26,27.69,0.0359,3,credit_card,12,1,6,0,casa_escritorio,0.4897058823529412
O00543,1,3,763.27,102.26,0.1435,1,boleto,14,1,6,0,alimentos_bebidas,0.5651515151515151
O04382,0,4,920.99,71.94,0.0967,10,boleto,14,1,6,0,consoles_games,0.6230047126786257
O03687,1,1,464.2,12.45,0.0268,7,boleto,9,1,6,0,construcao_ferramentas,0.6875
O01788,0,1,160.62,39.66,0.2469,8,credit_card,9,2,6,0,casa_construcao,0.6666666666666666
O03783,0,1,356.81,6.76,0.0189,4,debit_card,13,2,6,0,instrumentos_musicais,0.4
O04067,1,3,419.57,75.12,0.1986,1,voucher,6,2,6,0,eletronicos,0.500805152979066
O04512,0,2,916.84,62.38,0.0679,6,voucher,14,2,6,0,casa_quarto,0.5716911764705883
O00448,0,1,199.02,5.4,0.0271,1,boleto,19,2,6,0,alimentos_bebidas,0.68
O01545,1,1,11.61,45.41,3.9113,10,debit_card,14,3,6,0,ferramentas_jardim,0.6666666666666666
O04951,0,1,152.42,42.7,0.2801,4,voucher,24,3,6,0,moveis_sala,0.5
O02618,1,2,544.65,37.07,0.095,9,boleto,14,3,6,0,moveis_decoracao,0.6607142857142857
O00008,1,1,449.59,49.03,0.1091,3,voucher,6,3,6,0,casa_lavanderia,0.631578947368421
O01536,0,1,156.12,35.06,0.2246,3,debit_card,25,3,6,0,fashion_roupa_masculina,0.5
O00581,0,3,972.14,72.3,0.0874,4,credit_card,21,3,6,0,automotivo,0.5786914235190097
O02832,1,3,889.73,100.79,0.1102,5,debit_card,6,3,6,0,automotivo,0.48814814814814816
O00868,0,3,499.94,90.7,0.2039,1,boleto,23,3,6,0,casa_conforto,0.49358178053830226
O00058,0,1,292.89,30.59,0.1044,1,boleto,16,3,6,0,alimentos_bebidas,0.35294117647058826
O03788,0,3,865.4,92.43,0.205,12,voucher,23,3,6,0,carnes,0.6157407407407407
O03438,0,1,283.55,16.47,0.0581,2,boleto,23,4,6,0,malas_acessorios,0.7368421052631579
O01446,0,2,592.01,87.07,0.273,1,credit_card,22,4,6,0,moveis_sala,0.5384615384615384
O03955,1,3,517.12,76.82,0.449,5,credit_card,7,4,6,0,eletrodomesticos,0.5764912280701754
O01424,0,1,416.42,44.35,0.1065,4,debit_card,14,4,6,0,fashion_roupa_feminina,0.6666666666666666
O01133,0,1,357.66,34.45,0.0963,6,debit_card,19,4,6,0,fraldas_higiene,0.7096774193548387
O02024,1,2,277.8,49.8,0.3719,5,debit_card,7,5,6,0,artigos_nautica,0.6378676470588236
O02684,1,1,46.39,33.46,0.7213,9,credit_card,7,5,6,0,moveis_escritorio,0.625
O04460,0,1,103.33,39.5,0.3823,7,credit_card,14,5,6,0,dvds_blu_ray,0.5555555555555556
O00188,0,1,337.36,32.95,0.0977,8,debit_card,22,5,6,0,fashion_esporte,0.375
O04301,1,4,922.48,89.67,0.1353,1,boleto,6,6,6,0,carnes,0.5652562111801243
O02805,0,2,500.26,61.77,0.1274,2,boleto,9,6,6,0,moveis_sala,0.5916515426497277
O02647,0,1,237.89,29.87,0.1256,1,debit_card,23,6,6,0,papelaria,0.65
O03045,1,2,175.03,66.84,0.4428,1,voucher,6,6,6,0,beleza_saude,0.49857142857142855
O00111,0,1,353.39,45.31,0.1282,2,boleto,23,0,6,0,casa_outros,0.4444444444444444
O00963,1,1,204.45,45.59,0.223,5,credit_card,9,0,6,0,consoles_games,0.42857142857142855
O02531,1,1,419.89,38.06,0.0906,2,boleto,19,0,6,0,cama_mesa_banho,0.7
O04626,0,4,914.94,115.92,0.4025,3,boleto,23,0,6,0,casa_escritorio,0.5418314104226083
O04014,1,3,835.77,105.98,0.1762,5,voucher,22,1,6,0,casa_cozinha,0.6265432098765432
O00243,1,1,61.15,46.01,0.7524,10,debit_card,21,1,6,0,casa_outros,0.4
O04261,1,1,322.97,22.56,0.0699,5,boleto,16,1,6,0,market_place,0.4444444444444444
O00471,1,3,879.26,66.31,0.081,1,boleto,5,1,6,0,cool_stuff,0.6387878787878788
O03011,1,2,757.05,54.38,0.0753,1,boleto,12,1,6,0,casa_banheiro,0.4608695652173913
O02605,0,1,226.43,21.74,0.096,3,voucher,24,2,6,0,casa_utilidades,0.4
O02332,1,2,478.26,84.79,0.1888,5,credit_card,25,2,6,0,casa_banheiro,0.4608695652173913
O01624,0,1,399.81,39.45,0.0987,1,debit_card,8,2,6,0,instrumentos_musicais,0.47368421052631576
O00250,1,1,256.96,33.12,0.1289,4,boleto,9,2,6,0,carnes,0.4
O04294,1,1,285.79,40.35,0.1412,2,credit_card,9,3,6,0,fashion_roupa_feminina,0.4666666666666667
O02247,0,2,493.58,77.77,0.2137,1,debit_card,17,3,6,0,artigos_nautica,0.491106719367589
O02393,0,3,820.64,20.77,0.0295,6,voucher,10,3,6,0,casa_outros,0.5155606407322655
O03038,0,2,586.93,34.57,0.0663,1,voucher,13,3,6,0,artigos_nautica,0.4220588235294118
O01416,1,1,31.71,45.2,1.4254,4,voucher,8,3,6,0,moveis_cozinha,0.5333333333333333
O02367,0,5,1070.81,138.52,0.1331,7,boleto,17,4,6,0,alimentos_bebidas,0.4905993431855501
O01254,1,2,444.01,66.0,0.1524,5,debit_card,21,4,6,0,casa_banheiro,0.60625
O01361,0,1,212.98,47.81,0.2245,1,credit_card,20,4,6,0,papelaria,0.45
O00588,0,1,293.13,12.47,0.0425,1,debit_card,19,4,6,0,fashion_roupa_feminina,0.5
O04837,1,2,883.97,90.42,0.1034,3,credit_card,21,4,6,0,alimentos_bebidas,0.595959595959596
O01149,1,1,156.83,13.0,0.0829,8,voucher,6,4,6,0,portateis_casa_forno_cafe,0.375
O04958,0,3,1087.54,75.14,0.0758,3,voucher,21,4,6,0,casa_outros,0.5133333333333333
O02871,1,1,458.69,42.2,0.092,9,credit_card,9,5,6,0,casa_outros,0.3
O04003,0,1,90.85,28.69,0.3158,1,credit_card,25,5,6,0,audio,0.3888888888888889
O04622,1,1,452.84,36.81,0.0813,3,voucher,7,5,6,0,cool_stuff,0.4444444444444444
O03152,0,1,113.67,37.84,0.3329,7,voucher,16,5,6,0,moveis_quarto,0.36363636363636365
O01308,1,1,130.15,42.44,0.3261,5,credit_card,14,5,6,0,malas_acessorios,0.3684210526315789
O00131,1,1,75.81,43.98,0.5801,7,boleto,14,5,6,0,casa_conforto,0.42857142857142855
O02944,1,1,113.94,36.52,0.3205,5,voucher,5,5,6,0,eletronicos,0.5294117647058824
O03078,1,1,272.0,41.15,0.1513,12,boleto,21,5,6,0,dvds_blu_ray,0.5789473684210527
O00618,0,1,364.01,43.4,0.1192,9,credit_card,14,6,6,0,moveis_cozinha,0.6875
O04293,0,1,181.07,26.15,0.1444,2,boleto,13,6,6,0,artes,0.5
O03449,1,4,985.92,131.83,0.2718,3,boleto,13,6,6,0,casa_escritorio,0.5516675420168067
O02749,0,1,96.21,17.19,0.1787,1,debit_card,16,6,6,0,casa_garagem,0.6521739130434783
O03184,0,1,483.01,30.59,0.0633,9,credit_card,20,0,6,0,automotivo,0.6666666666666666
O02221,0,1,486.21,24.22,0.0498,3,boleto,15,0,6,0,seguros_servicos,0.47368421052631576
O00639,0,2,616.12,64.69,0.1118,1,boleto,16,0,6,0,casa_garagem,0.5954545454545455
O02346,0,2,121.81,27.97,0.2648,4,voucher,22,0,6,0,casa_lavanderia,0.5056818181818181
O03536,0,1,378.06,37.85,0.1001,3,debit_card,24,0,6,0,moveis_jardim,0.5909090909090909
O03224,1,3,567.02,106.21,0.2029,2,voucher,20,1,6,0,carnes,0.613960113960114
O04690,1,1,255.83,49.98,0.1954,3,debit_card,12,1,6,0,telefonia,0.65
O03592,0,2,505.28,28.83,0.0569,1,voucher,11,1,6,0,casa_conforto_2,0.5198412698412698
O00720,1,3,1257.19,61.85,0.0479,2,credit_card,25,1,6,0,casa_cozinha,0.4583075335397317
O04094,0,1,291.93,40.81,0.1398,1,voucher,12,1,6,0,informatica_acessorios,0.631578947368421
O02601,0,1,346.84,34.81,0.1004,2,debit_card,17,1,6,0,seguros_servicos,0.43478260869565216
O01438,1,1,320.65,21.21,0.0661,1,boleto,19,2,6,0,malas_acessorios,0.6521739130434783
O03377,1,2,497.28,43.36,0.0881,7,boleto,10,2,6,0,cama_mesa_banho,0.43253968253968256
O04921,1,2,426.88,33.63,0.2396,2,debit_card,24,2,6,0,alimentos_bebidas,0.4971590909090909
O02913,1,1,306.27,8.06,0.0263,1,boleto,5,2,6,0,fashion_bolsas,0.375
O01573,0,1,456.88,13.63,0.0298,1,credit_card,20,2,6,0,carnes,0.5416666666666666
O02501,0,1,329.33,20.02,0.0608,1,credit_card,21,2,6,0,portateis_casa_forno_cafe,0.46153846153846156
O02372,0,1,335.38,30.0,0.0895,5,debit_card,20,3,6,0,cool_stuff,0.4666666666666667
O03416,0,1,218.84,23.2,0.106,1,boleto,7,3,6,0,eletroportateis,0.42857142857142855
O04836,0,1,390.03,13.04,0.0334,5,voucher,22,3,6,0,artes,0.6666666666666666
O00359,0,2,566.74,29.12,0.1097,7,credit_card,17,3,6,0,moveis_decoracao,0.6801994301994302
O04275,1,1,56.79,29.32,0.5163,3,debit_card,10,3,6,0,sinalizacao_seguranca,0.47368421052631576
O00566,0,1,312.72,22.82,0.073,1,boleto,16,4,6,0,casa_jardim,0.6111111111111112
O04842,1,2,581.03,53.86,0.0932,3,boleto,13,4,6,0,casa_utilidades,0.6456043956043955
O02416,0,3,738.42,95.34,0.6594,1,debit_card,22,4,6,0,brinquedos,0.4578563411896745
O00413,0,1,237.71,23.72,0.0998,1,credit_card,16,4,6,0,automotivo,0.4
O02928,1,1,18.16,22.57,1.2428,4,credit_card,5,4,6,0,portateis_casa_forno_cafe,0.6111111111111112
O02580,1,2,621.48,76.56,0.1243,2,boleto,5,4,6,0,casa_quarto,0.3125
O02409,0,1,364.79,12.68,0.0348,5,voucher,5,5,6,0,seguros_servicos,0.36
O04812,1,1,461.96,38.71,0.0838,5,debit_card,14,5,6,0,portateis_casa_forno_cafe,0.5789473684210527
O01622,1,2,443.95,90.66,0.5,7,debit_card,16,5,6,0,casa_utilidades,0.7125
O04405,1,1,421.13,11.05,0.0262,4,debit_card,9,5,6,0,casa_quarto,0.75
O02858,1,1,289.49,44.91,0.1551,1,debit_card,21,5,6,0,casa_lavanderia,0.6428571428571429
O03378,0,1,476.8,46.33,0.0972,1,credit_card,18,5,6,0,cool_stuff,0.6666666666666666
O01626,0,1,73.61,35.82,0.4866,3,boleto,10,5,6,0,eletroportateis,0.6666666666666666
O02545,1,1,300.28,41.31,0.1376,5,debit_card,8,6,6,0,casa_quarto,0.4166666666666667
O01137,0,3,887.12,100.34,0.428,1,voucher,6,6,6,0,eletrodomesticos_2,0.5925925925925927
O00432,1,3,638.33,116.93,0.264,3,voucher,5,6,6,0,casa_conforto,0.2925647451963241
O02503,1,1,366.76,47.2,0.1287,2,boleto,12,6,6,0,eletronicos,0.42105263157894735
O03511,0,3,1074.2,80.89,0.0842,1,credit_card,18,6,6,0,casa_quarto,0.5578703703703703
O03179,1,1,217.29,29.69,0.1366,4,boleto,23,6,6,0,casa_limpeza,0.6
O04236,1,5,1238.08,130.34,0.4021,1,credit_card,15,6,6,0,casa_garagem,0.5393309744950612
O00343,0,2,648.75,55.44,0.0916,10,voucher,24,0,6,0,fashion_bolsas,0.5478571428571428
O01417,0,2,294.92,57.03,0.7422,5,voucher,5,0,6,0,esporte_lazer,0.5
O03198,0,1,278.67,37.94,0.1361,3,credit_card,9,0,6,0,moveis_sala,0.42857142857142855
O00809,1,2,583.24,72.08,0.1631,2,credit_card,12,0,6,0,consoles_games,0.3572874493927125
O02491,1,1,204.52,18.01,0.0881,7,debit_card,5,0,6,0,relogios_presentes,0.34615384615384615
O04171,0,1,483.16,34.86,0.0722,1,debit_card,22,0,6,0,construcao_ferramentas,0.25
O00194,1,1,463.77,27.31,0.0589,9,debit_card,8,1,6,0,relogios_presentes,0.6470588235294118
O03692,1,1,137.71,13.51,0.0981,1,boleto,18,1,6,0,fraldas_higiene,0.5238095238095238
O01458,1,1,73.84,25.41,0.3441,1,debit_card,7,1,6,0,telefonia,0.6071428571428571
O02041,0,1,439.42,6.37,0.0145,5,debit_card,24,1,6,0,alimentos_bebidas,0.44
O03250,0,1,422.51,21.12,0.05,3,credit_card,25,1,6,0,papelaria,0.5454545454545454
O02338,1,1,388.22,23.73,0.0611,3,debit_card,5,1,6,0,alimentos_bebidas,0.6470588235294118
O03401,0,2,467.13,73.74,0.1592,3,debit_card,6,1,6,0,casa_garagem,0.4852941176470588
O02642,1,1,102.02,20.76,0.2035,4,boleto,19,2,6,0,casa_garagem,0.6086956521739131
O03577,0,2,311.88,50.17,0.276,3,voucher,17,2,6,0,casa_jardim,0.5907894736842105
O02795,0,1,222.29,24.09,0.1084,6,credit_card,23,2,6,0,fashion_roupa_feminina,0.5
O01423,0,1,376.16,49.47,0.1315,1,debit_card,23,3,6,0,sinalizacao_seguranca,0.4
O01927,1,5,1462.0,129.04,0.1223,1,credit_card,7,3,6,0,casa_garagem,0.5639376218323587
O02821,0,2,338.85,39.07,0.1628,6,debit_card,23,3,6,0,fraldas_higiene,0.5471869328493648
O03321,1,2,232.08,31.04,0.1444,9,debit_card,16,3,6,0,cama_mesa_banho,0.5769230769230769
O04627,1,3,1443.49,48.69,0.0343,1,voucher,16,3,6,0,artes,0.4890497737556561
O03496,0,1,95.6,27.91,0.2919,3,credit_card,23,3,6,0,casa_construcao,0.5
O01366,0,2,485.85,52.06,0.1126,4,boleto,19,3,6,0,fashion_bolsas,0.49159663865546216
O01595,1,2,653.37,65.44,0.098,6,boleto,11,4,6,0,cool_stuff,0.5625
O03344,0,1,228.83,11.94,0.0522,3,voucher,20,4,6,0,casa_conforto_2,0.4
O03291,1,4,1094.04,152.0,0.1925,1,debit_card,23,4,6,0,beleza_saude,0.47545426065162905
O03108,1,1,205.81,5.86,0.0285,7,boleto,6,4,6,0,livros_interesse,0.48
O04242,0,1,395.2,13.33,0.0337,1,debit_card,19,4,6,0,moveis_quarto,0.35294117647058826
O02472,0,1,387.18,11.57,0.0299,4,debit_card,18,4,6,0,flores,0.5714285714285714
O02340,0,1,104.07,47.64,0.4578,2,debit_card,13,5,6,0,sinalizacao_seguranca,0.5625
O03817,0,1,53.27,42.81,0.8036,5,credit_card,24,5,6,0,fashion_roupa_feminina,0.3333333333333333
O01115,0,3,850.32,103.27,0.1993,1,voucher,20,5,6,0,market_place,0.5747474747474747
O01298,0,1,35.62,8.47,0.2378,3,voucher,23,5,6,0,market_place,0.5
O00989,0,3,592.51,60.2,0.1149,3,credit_card,24,5,6,0,casa_garagem,0.527920227920228
O04175,1,1,350.66,40.93,0.1167,1,boleto,7,5,6,0,utilidades_domesticas,0.5882352941176471
O01377,0,2,226.15,67.74,0.3468,8,voucher,22,5,6,0,fashion_bolsas,0.44
O01934,0,1,342.6,7.4,0.0216,1,debit_card,23,5,6,0,eletronicos,0.5294117647058824
O02516,1,1,44.26,46.93,1.0603,8,boleto,24,5,6,0,moveis_decoracao,0.4
O02995,1,2,399.35,47.08,0.1691,3,voucher,6,6,7,0,moveis_decoracao,0.6234817813765182
O00687,0,1,336.56,9.44,0.028,1,debit_card,13,6,7,0,sinalizacao_seguranca,0.625
O04705,0,1,126.12,31.58,0.2504,3,boleto,24,6,7,0,telefonia,0.5263157894736842
O03350,1,1,477.61,21.01,0.044,3,voucher,22,6,7,0,utilidades_domesticas,0.5357142857142857
O01552,0,1,129.73,18.99,0.1464,7,boleto,19,0,7,0,sinalizacao_seguranca,0.2916666666666667
O04797,1,2,592.66,44.79,0.1025,1,boleto,6,0,7,0,construcao_ferramentas,0.4473039215686274
O00556,1,3,635.14,106.26,0.2487,6,boleto,9,0,7,0,carnes,0.4545454545454546
O04471,0,1,488.22,20.37,0.0417,1,boleto,14,0,7,0,esporte_lazer,0.42105263157894735
O04722,0,1,171.04,15.1,0.0883,1,voucher,25,0,7,0,la_cuisine,0.47368421052631576
O03173,0,3,516.21,50.18,0.1435,1,boleto,16,0,7,0,audio,0.5766788766788767
O04164,0,1,149.84,47.72,0.3185,3,voucher,22,0,7,0,relogios_presentes,0.6363636363636364
O03370,1,3,978.55,108.33,0.1161,4,credit_card,25,1,7,0,alimentos_bebidas,0.5622458001768346
O00257,0,2,718.29,90.2,0.1265,7,debit_card,9,1,7,0,instrumentos_musicais,0.5166666666666666
O00083,1,5,1341.12,153.63,0.1374,2,voucher,18,1,7,0,casa_escritorio,0.492230081131683
O04208,1,4,531.84,99.12,0.4428,2,boleto,14,1,7,0,carnes,0.42621511042563676
O04861,0,2,495.36,46.5,0.1055,2,credit_card,17,1,7,0,casa_banheiro,0.4423076923076923
O04863,0,1,191.54,5.44,0.0284,3,boleto,9,1,7,0,beleza_saude,0.4375
O03643,0,3,338.91,56.27,0.4638,3,boleto,15,2,7,0,brinquedos,0.5013071895424837
O00277,1,2,306.06,64.34,0.7904,9,voucher,9,2,7,0,flores,0.40705128205128205
O00558,1,3,647.18,94.04,0.7637,4,credit_card,5,2,7,0,artes,0.6055555555555556
O04459,0,1,318.59,32.73,0.1027,8,credit_card,18,2,7,0,moveis_sala,0.35294117647058826
O00632,0,1,55.27,11.65,0.2108,5,debit_card,13,2,7,0,construcao_ferramentas,0.5
O02768,0,1,109.43,26.37,0.241,6,credit_card,9,2,7,0,casa_conforto,0.4166666666666667
O04593,1,1,311.58,13.93,0.0447,4,debit_card,9,3,7,0,papelaria,0.6111111111111112
O00801,0,2,592.82,58.42,0.1015,2,debit_card,7,3,7,0,audio,0.36397058823529416
O03544,1,1,320.61,14.67,0.0458,1,voucher,13,3,7,0,casa_sala,0.3333333333333333
O02844,1,1,452.94,44.3,0.0978,5,credit_card,20,4,7,0,consoles_games,0.47058823529411764
O03064,0,1,95.51,48.39,0.5066,2,credit_card,18,4,7,0,livros_interesse,0.5238095238095238
O01040,0,2,110.98,28.78,0.4473,6,credit_card,21,4,7,0,eletronicos,0.36967418546365916
O00040,1,1,395.94,41.86,0.1057,6,credit_card,13,4,7,0,utilidades_domesticas,0.4375
O01802,1,1,226.33,40.27,0.1779,9,boleto,18,4,7,0,casa_banheiro,0.6363636363636364
O00712,1,1,484.81,6.82,0.0141,9,boleto,10,4,7,0,casa_quarto,0.631578947368421
O03864,1,1,89.71,49.18,0.5482,2,boleto,24,4,7,0,casa_quarto,0.5555555555555556
O03367,0,1,442.45,36.52,0.0825,5,credit_card,16,5,7,0,flores,0.5416666666666666
O01322,1,2,363.52,18.76,0.0864,1,voucher,9,5,7,0,moveis_colchao_estofado,0.5833333333333333
O03345,1,1,495.36,45.87,0.0926,2,credit_card,15,5,7,0,sinalizacao_seguranca,0.6
O01331,1,1,486.34,27.99,0.0576,3,credit_card,7,5,7,0,moveis_escritorio,0.6428571428571429
O02794,0,1,386.88,12.52,0.0324,4,voucher,21,5,7,0,dvds_blu_ray,0.6666666666666666
O03738,0,1,302.65,49.34,0.163,3,boleto,23,5,7,0,construcao_ferramentas,0.5714285714285714
O04996,0,4,1179.02,144.83,0.1255,1,debit_card,13,5,7,0,alimentos_bebidas,0.574843793976921
O01931,0,3,956.72,69.76,0.1202,6,boleto,24,6,7,0,casa_jardim,0.5201911589008362
O01962,0,2,453.42,57.39,0.1456,5,boleto,13,6,7,0,casa_banheiro,0.45833333333333337
O04577,0,1,341.06,39.33,0.1153,4,voucher,20,6,7,0,alimentos_bebidas,0.65
O01906,1,1,482.11,5.47,0.0113,4,credit_card,13,6,7,0,fashion_bolsas,0.47058823529411764
O03552,0,1,294.96,44.23,0.15,4,credit_card,13,6,7,0,fashion_underwear,0.631578947368421
O00398,1,1,186.9,13.88,0.0743,4,voucher,12,6,7,0,cool_stuff,0.375
O01712,1,2,554.77,63.97,0.1155,1,voucher,23,6,7,0,casa_outros,0.4483695652173913
O00706,0,2,479.32,54.47,0.5222,8,credit_card,20,6,7,0,perfumaria,0.4821428571428571
O04580,1,1,219.0,40.05,0.1829,3,voucher,19,0,7,0,casa_escritorio,0.3333333333333333
O04730,0,1,33.52,34.67,1.0343,4,credit_card,24,0,7,0,seguros_servicos,0.6111111111111112
O04204,1,1,69.84,14.4,0.2062,3,debit_card,22,0,7,0,casa_limpeza,0.5789473684210527
O01739,1,1,223.5,27.29,0.1221,10,debit_card,11,0,7,0,construcao_ferramentas,0.6666666666666666
O00063,0,1,152.29,21.58,0.1417,6,credit_card,16,0,7,0,sinalizacao_seguranca,0.5217391304347826
O03704,1,1,94.14,38.8,0.4122,1,debit_card,17,1,7,0,fashion_calcados,0.4090909090909091
O04189,1,2,492.35,58.45,0.4468,2,boleto,5,1,7,0,eletrodomesticos,0.5542857142857143
O02068,0,2,744.45,63.66,0.091,1,boleto,10,1,7,0,automotivo,0.40350877192982454
O02140,1,1,160.94,12.01,0.0746,2,debit_card,10,1,7,0,casa_escritorio,0.5789473684210527
O02447,1,2,253.26,77.45,0.8977,8,credit_card,5,1,7,0,casa_utilidades,0.49011857707509876
O04398,0,2,680.3,72.89,0.105,3,voucher,20,2,7,0,eletroportateis,0.5393939393939393
O02894,1,1,398.95,40.4,0.1013,6,credit_card,6,2,7,0,fashion_underwear,0.7619047619047619
O02401,0,1,28.16,40.2,1.4276,1,credit_card,23,2,7,0,consoles_games,0.4444444444444444
O03786,0,2,336.83,52.55,0.1491,1,voucher,17,2,7,0,alimentos_bebidas,0.46923076923076923
O04978,0,3,1062.16,100.11,0.0921,3,boleto,11,3,7,0,beleza_saude,0.5218181818181818
O00014,1,2,441.46,16.83,0.0563,4,credit_card,9,3,7,0,beleza_saude,0.3764705882352941
O01533,0,1,260.81,19.71,0.0756,2,voucher,7,3,7,0,casa_cozinha,0.3888888888888889
O02384,1,1,11.86,28.21,2.3786,1,debit_card,10,3,7,0,casa_escritorio,0.5454545454545454
O00331,0,5,1082.73,137.68,0.3179,5,credit_card,20,3,7,0,audio,0.48996805360760476
O01491,1,2,730.76,86.17,0.1396,4,credit_card,11,3,7,0,casa_jardim,0.425
O04035,1,2,350.85,75.01,0.2609,2,debit_card,18,3,7,0,carnes,0.6197916666666667
O00673,0,1,238.65,12.67,0.0531,2,debit_card,10,4,7,0,informatica_acessorios,0.45
O02108,1,1,327.5,18.76,0.0573,3,boleto,5,4,7,0,moveis_escritorio,0.42857142857142855
O01362,1,1,366.82,35.88,0.0978,10,voucher,12,4,7,0,casa_utilidades,0.6
O03487,1,1,411.77,6.85,0.0166,5,credit_card,10,4,7,0,flores,0.7058823529411765
O01761,1,1,232.63,11.03,0.0474,1,credit_card,20,4,7,0,moveis_jardim,0.55
O00942,1,2,598.29,50.8,0.0954,10,boleto,18,4,7,0,casa_quarto,0.5534420289855072
O02130,0,1,92.71,27.04,0.2917,7,boleto,18,4,7,0,market_place,0.5625
O03853,1,2,255.36,48.83,0.2783,4,boleto,8,5,7,0,moveis_escritorio,0.45
O04830,0,3,438.87,106.86,0.6416,5,credit_card,24,5,7,0,casa_limpeza,0.6024438761011651
O00146,1,2,420.72,48.19,0.2643,7,credit_card,9,6,7,0,portateis_cozinha,0.7540760869565217
O02918,0,2,659.13,84.21,0.1274,5,credit_card,22,6,7,0,casa_garagem,0.47115384615384615
O01454,1,1,161.49,5.33,0.033,1,debit_card,7,6,7,0,fashion_underwear,0.4090909090909091
O00385,0,1,331.83,37.97,0.1144,1,debit_card,23,6,7,0,la_cuisine,0.5882352941176471
O02856,0,1,379.85,8.4,0.0221,8,credit_card,22,0,7,0,market_place,0.6428571428571429
O00485,0,1,142.85,28.0,0.196,5,debit_card,9,0,7,0,casa_conforto_2,0.6
O00640,1,2,553.27,24.41,0.0486,7,debit_card,6,0,7,0,casa_garagem,0.5852272727272727
O00208,1,1,299.85,16.91,0.0564,1,boleto,5,0,7,0,telefonia,0.64
O03545,1,4,669.27,106.73,0.2703,12,credit_card,11,1,7,0,casa_banheiro,0.508968253968254
O04108,0,2,814.52,55.6,0.0678,2,boleto,16,1,7,0,casa_limpeza,0.38541666666666663
O00589,1,1,163.62,25.18,0.1539,3,debit_card,25,1,7,0,moda_roupa,0.8
O03683,1,2,335.22,22.4,0.086,4,debit_card,16,1,7,0,perfumaria,0.6025641025641025
O00740,1,1,178.4,35.31,0.1979,3,credit_card,21,1,7,0,automotivo,0.6666666666666666
O01725,0,1,254.89,10.87,0.0426,1,debit_card,11,1,7,0,casa_utilidades,0.6
O03440,0,3,563.14,82.74,0.6024,2,voucher,16,1,7,0,construcao_ferramentas,0.503859649122807
O03867,0,1,38.01,42.24,1.1113,1,debit_card,19,1,7,0,artes,0.6
O02965,1,1,447.16,35.45,0.0793,6,voucher,8,1,7,0,moda_roupa,0.37037037037037035
O03316,1,1,266.48,36.21,0.1359,1,boleto,17,1,7,0,casa_iluminacao,0.45161290322580644
O00777,1,1,482.97,33.57,0.0695,6,boleto,5,1,7,0,casa_iluminacao,0.6206896551724138
O04348,0,1,157.4,37.1,0.2357,1,credit_card,8,2,7,0,moveis_quarto,0.5652173913043478
O03320,1,1,296.49,25.76,0.0869,9,debit_card,14,2,7,0,alimentos_bebidas,0.5
O04300,1,1,258.47,19.67,0.0761,9,credit_card,24,2,7,0,moveis_decoracao,0.29411764705882354
O04631,1,3,577.92,73.7,0.1369,1,boleto,18,3,7,0,construcao_ferramentas,0.5237060041407867
O02352,0,2,591.46,96.7,0.1642,7,credit_card,21,3,7,0,casa_garagem,0.5793650793650793
O01317,0,1,349.68,37.92,0.1084,2,credit_card,22,3,7,0,eletronicos,0.6538461538461539
O00361,0,1,194.73,30.45,0.1564,1,debit_card,23,3,7,0,casa_utilidades,0.6428571428571429
O04973,0,1,152.39,28.98,0.1902,3,boleto,21,4,7,0,flores,0.4666666666666667
O01225,1,2,616.56,52.65,0.078,5,voucher,22,4,7,0,casa_construcao,0.5368421052631579
O02782,1,1,143.71,10.3,0.0717,3,credit_card,24,4,7,0,papelaria,0.6
O03246,0,1,366.57,9.2,0.0251,2,boleto,9,4,7,0,seguros_servicos,0.6206896551724138
O00516,1,2,621.91,44.02,0.0748,4,credit_card,25,4,7,0,casa_utilidades,0.5227272727272727
O02994,0,2,524.34,31.36,0.0856,1,boleto,13,4,7,0,moveis_decoracao,0.4772727272727273
O04246,1,1,493.99,33.11,0.067,1,boleto,19,4,7,0,moda_roupa,0.5454545454545454
O01762,0,2,636.31,66.9,0.1025,2,boleto,19,5,7,0,moveis_escritorio,0.6333333333333333
O02789,1,1,359.07,36.23,0.1009,2,credit_card,6,5,7,0,market_place,0.6
O04998,0,1,114.82,27.57,0.2401,4,boleto,16,5,7,0,beleza_saude,0.6818181818181818
O00524,1,1,117.35,31.42,0.2677,1,voucher,10,5,7,0,artigos_nautica,0.5416666666666666
O02883,0,1,466.7,38.78,0.0831,1,voucher,9,5,7,0,fashion_roupa_feminina,0.6521739130434783
O04846,1,5,922.87,67.57,0.099,3,boleto,6,5,7,0,bebes,0.6166666666666667
O00369,1,1,305.21,40.33,0.1321,8,credit_card,8,5,7,0,musica_arte,0.5384615384615384
O00374,0,2,439.6,30.66,0.0912,1,boleto,21,5,7,0,artigos_nautica,0.5941176470588235
O04927,0,3,257.37,40.32,0.1755,1,credit_card,16,6,7,0,casa_utilidades,0.47950089126559714
O03926,1,1,383.12,11.89,0.031,1,credit_card,5,6,7,0,casa_utilidades,0.6875
O02386,1,1,456.25,12.52,0.0274,1,credit_card,9,6,7,0,livros_interesse,0.6086956521739131
O00234,0,3,735.53,98.84,0.1294,4,voucher,11,6,7,0,casa_limpeza,0.5730211817168338
O04832,1,1,469.73,33.8,0.072,4,credit_card,20,6,7,0,malas_acessorios,0.5
O03870,0,1,51.76,49.75,0.9612,4,debit_card,6,6,7,0,perfumaria,0.2631578947368421
O03887,1,1,282.39,45.98,0.1628,1,debit_card,9,6,7,0,fashion_roupa_feminina,0.3888888888888889
O00997,0,1,494.6,46.34,0.0937,1,credit_card,24,6,7,0,fashion_underwear,0.7333333333333333
O00850,0,1,60.33,5.44,0.0902,2,boleto,19,6,7,0,audio,0.6470588235294118
O01558,0,4,1037.27,120.59,0.1622,9,debit_card,21,0,7,0,casa_banheiro,0.4935525826830174
O00490,1,5,816.77,179.44,0.4845,2,boleto,13,0,7,0,bebes,0.4969618490671122
O00275,1,2,599.29,66.86,0.1757,2,credit_card,14,1,7,0,malas_acessorios,0.4607843137254902
O04290,1,5,1167.2,75.64,0.1107,4,credit_card,6,1,7,0,audio,0.5323155105763802
O04199,1,1,385.9,14.21,0.0368,3,boleto,13,1,7,0,casa_banheiro,0.5217391304347826
O00886,0,2,704.5,41.81,0.0586,2,debit_card,8,1,7,0,casa_garagem,0.39166666666666666
O03586,0,1,87.79,43.35,0.4938,1,credit_card,7,1,7,0,casa_limpeza,0.5714285714285714
O03774,1,2,516.06,70.01,0.9413,3,boleto,11,1,7,0,moveis_decoracao,0.5238095238095238
O01007,0,1,393.86,21.94,0.0557,1,credit_card,16,1,7,0,consoles_games,0.5294117647058824
O03994,1,1,83.25,14.75,0.1772,3,boleto,11,1,7,0,fashion_roupa_feminina,0.5454545454545454
O01971,0,3,800.22,54.69,0.0722,12,debit_card,8,2,7,0,alimentos_bebidas,0.4570175438596491
O04605,0,5,1747.03,132.77,0.0884,1,voucher,12,2,7,0,automotivo,0.6377801120448179
O03730,1,1,200.1,23.52,0.1175,9,boleto,5,2,7,0,moveis_jardim,0.48
O00547,0,5,1717.1,103.21,0.0612,7,debit_card,15,2,7,0,artigos_nautica,0.5427128427128427
O03437,0,3,546.11,123.66,0.3402,1,voucher,21,3,7,0,la_cuisine,0.42661782661782666
O03576,0,1,266.69,19.81,0.0743,1,debit_card,19,3,7,0,casa_conforto_2,0.7058823529411765
O00770,0,2,507.05,25.03,0.0497,1,credit_card,14,3,7,0,brinquedos,0.5059808612440191
O03889,1,1,347.42,6.01,0.0173,4,boleto,10,3,7,0,fashion_roupa_masculina,0.3684210526315789
O02375,0,4,1378.78,149.67,0.1257,1,voucher,24,3,7,0,audio,0.4428029793152959
O04942,1,3,751.61,114.25,0.247,3,voucher,5,4,7,0,casa_construcao,0.544973544973545
O04541,0,1,230.03,11.39,0.0495,5,voucher,23,4,7,0,livros_interesse,0.35714285714285715
O04931,1,1,390.22,10.24,0.0262,9,credit_card,13,4,7,0,livros_interesse,0.35714285714285715
O04339,1,1,158.81,48.58,0.3059,3,credit_card,17,4,7,0,artes,0.6538461538461539
O01302,0,3,1199.03,59.85,0.0526,1,credit_card,20,5,7,0,fashion_esporte,0.5624718848403059
O01647,1,1,393.26,49.96,0.127,2,boleto,20,5,7,0,casa_escritorio,0.5714285714285714
O04965,1,1,444.39,42.7,0.0961,5,credit_card,7,5,7,0,ferramentas_jardim,0.48
O02799,0,2,700.16,57.53,0.0795,2,boleto,25,5,7,0,papelaria,0.39869281045751637
O03599,0,1,167.75,44.61,0.2659,7,credit_card,14,5,7,0,market_place,0.5652173913043478
O00705,1,1,58.96,36.31,0.6158,1,debit_card,18,5,7,0,relogios_presentes,0.5
O02040,1,2,715.76,43.55,0.074,2,credit_card,10,6,7,0,carnes,0.6123376623376623
O03464,1,1,199.94,17.22,0.0861,7,credit_card,21,6,7,0,instrumentos_musicais,0.4
O01045,1,1,480.41,41.98,0.0874,2,voucher,19,6,7,0,relogios_presentes,0.4074074074074074
O00674,0,1,134.04,16.57,0.1236,4,debit_card,20,6,7,0,sinalizacao_seguranca,0.3333333333333333
O02156,0,2,902.44,27.84,0.0308,10,voucher,21,6,7,0,la_cuisine,0.5249999999999999
O02560,0,2,182.96,92.26,0.5358,3,boleto,10,6,7,0,artigos_nautica,0.6770833333333333
O02614,0,1,151.06,5.81,0.0385,1,credit_card,24,0,7,0,brinquedos,0.45
O03466,1,1,82.43,46.84,0.5682,4,voucher,10,0,7,0,brinquedos,0.42105263157894735
O00261,1,3,814.52,94.16,0.6426,6,debit_card,18,0,7,0,casa_escritorio,0.4610644257703081
O04394,0,1,237.93,17.37,0.073,3,boleto,12,0,7,0,musica_arte,0.5217391304347826
O04173,0,1,66.12,38.6,0.5838,9,credit_card,22,0,7,0,casa_banheiro,0.46153846153846156
O04990,1,2,694.03,19.67,0.0277,3,voucher,16,1,7,0,moda_roupa,0.5466954022988506
O03932,1,1,14.85,46.26,3.1152,7,voucher,18,1,7,0,cds_dvds_musicais,0.45454545454545453
O01365,1,1,191.37,42.99,0.2246,1,boleto,23,1,7,0,fashion_roupa_masculina,0.4444444444444444
O00748,0,2,508.88,89.35,0.4828,5,voucher,24,1,7,0,market_place,0.3996865203761756
O04073,0,1,250.91,38.51,0.1535,6,credit_card,23,1,7,0,casa_outros,0.42857142857142855
O04074,0,1,468.08,5.3,0.0113,3,debit_card,12,1,7,0,casa_garagem,0.6666666666666666
O00960,1,2,743.81,75.99,0.1103,1,boleto,9,1,7,0,casa_quarto,0.4337606837606838
O04431,1,1,150.55,5.33,0.0354,4,credit_card,19,1,7,0,carnes,0.47368421052631576
O03922,0,1,29.95,22.53,0.7523,1,boleto,25,1,7,0,moveis_escritorio,0.5
O03542,1,4,628.79,104.79,0.1906,7,voucher,13,2,8,0,alimentos_bebidas,0.5054411764705882
O02445,0,1,455.25,38.03,0.0835,5,debit_card,24,2,8,0,la_cuisine,0.782608695652174
O04616,1,2,494.42,82.96,0.1868,4,credit_card,18,2,8,0,construcao_ferramentas,0.6295238095238096
O02909,0,3,543.75,44.9,0.2604,3,debit_card,9,2,8,0,alimentos_bebidas,0.6115984405458089
O01662,1,1,198.44,20.53,0.1035,1,boleto,5,2,8,0,brinquedos,0.7777777777777778
O04787,0,1,301.16,45.88,0.1523,1,boleto,21,2,8,0,moveis_sala,0.5185185185185185
O01989,1,1,480.76,16.9,0.0352,12,boleto,17,3,8,0,artes,0.4642857142857143
O00907,1,2,351.62,67.51,0.7058,1,voucher,6,3,8,0,casa_conforto,0.4375
O03220,0,1,429.71,32.33,0.0752,1,voucher,24,3,8,0,esporte_lazer,0.45454545454545453
O00029,0,2,248.65,62.7,0.3807,12,voucher,10,3,8,0,la_cuisine,0.481359649122807
O01966,0,1,119.13,38.22,0.3208,6,boleto,18,3,8,0,cama_mesa_banho,0.4444444444444444
O04078,0,1,192.89,31.2,0.1618,3,debit_card,25,3,8,0,moveis_cozinha,0.4782608695652174
O04776,1,1,206.66,7.05,0.0341,1,debit_card,24,3,8,0,automotivo,0.3333333333333333
O01792,1,2,612.36,43.1,0.0824,1,credit_card,10,3,8,0,casa_quarto,0.4494047619047619
O03406,1,4,1303.6,114.54,0.1173,10,voucher,14,3,8,0,beleza_saude,0.4901294757033248
O03334,1,2,525.46,45.14,0.0961,3,debit_card,25,3,8,0,casa_escritorio,0.7
O01288,1,1,290.55,7.47,0.0257,2,credit_card,7,4,8,0,consoles_games,0.3157894736842105
O04332,1,1,291.91,37.04,0.1269,1,boleto,10,4,8,0,casa_escritorio,0.36363636363636365
O02633,1,1,38.18,22.76,0.5961,5,boleto,6,4,8,0,casa_utilidades,0.5454545454545454
O03202,0,1,170.26,46.3,0.2719,3,debit_card,21,4,8,0,esporte_lazer,0.6
O04160,0,1,98.5,5.84,0.0593,3,voucher,7,4,8,0,cama_mesa_banho,0.52
O01356,1,2,465.55,65.93,0.1584,1,debit_card,8,4,8,0,eletrodomesticos_2,0.3456521739130435
O02640,1,1,87.34,16.53,0.1893,2,credit_card,13,4,8,0,papelaria,0.5
O02190,0,3,1111.67,29.36,0.0267,1,credit_card,23,4,8,0,audio,0.4679793890320206
O02692,1,2,802.75,92.84,0.119,4,debit_card,24,4,8,0,cama_mesa_banho,0.6383928571428572
O01387,0,2,903.15,39.65,0.0445,2,voucher,24,5,8,0,alimentos_bebidas,0.52125
O00602,0,2,271.36,62.0,0.228,6,debit_card,22,5,8,0,dvds_blu_ray,0.5613810741687979
O01202,0,2,822.79,15.23,0.019,7,debit_card,8,5,8,0,casa_iluminacao,0.5481481481481482
O02938,1,1,192.39,9.17,0.0477,1,voucher,17,5,8,0,casa_iluminacao,0.1875
O04406,1,2,504.3,45.64,0.0907,3,credit_card,6,6,8,0,eletrodomesticos_2,0.5210084033613445
O02349,1,1,356.53,33.76,0.0947,10,boleto,18,6,8,0,esporte_lazer,0.5909090909090909
O01307,0,1,142.17,11.65,0.0819,9,debit_card,17,6,8,0,moveis_quarto,0.4444444444444444
O01336,1,1,226.06,46.61,0.2062,1,boleto,25,6,8,0,beleza_saude,0.7222222222222222
O00264,0,5,1494.03,44.85,0.0759,5,boleto,21,0,8,0,alimentos_bebidas,0.5422302737520128
O03845,1,1,44.46,22.78,0.5124,2,debit_card,18,0,8,0,casa_escritorio,0.5882352941176471
O01452,1,1,42.2,28.65,0.6789,1,debit_card,12,0,8,0,casa_cozinha,0.4666666666666667
O00916,1,2,389.02,33.16,0.1901,6,debit_card,11,0,8,0,beleza_saude,0.40476190476190477
O01414,1,1,250.51,44.89,0.1792,5,debit_card,11,0,8,0,papelaria,0.5714285714285714
O04371,0,1,462.2,33.99,0.0735,2,voucher,23,0,8,0,casa_conforto,0.4
O04303,0,1,348.27,13.69,0.0393,6,boleto,17,0,8,0,moveis_decoracao,0.4
O03613,1,2,621.8,58.51,0.1429,7,boleto,10,0,8,0,fashion_roupa_feminina,0.5844155844155844
O03838,1,3,683.88,71.83,0.4478,4,boleto,7,0,8,0,casa_construcao,0.47505224660397066
O00116,1,2,622.72,37.89,0.0648,5,boleto,23,1,8,0,casa_lavanderia,0.5291666666666667
O01935,0,1,186.75,36.13,0.1935,1,credit_card,20,1,8,0,telefonia,0.5333333333333333
O04353,1,1,344.61,6.75,0.0196,5,credit_card,13,1,8,0,perfumaria,0.6666666666666666
O00255,1,1,43.45,27.9,0.6421,2,credit_card,13,1,8,0,audio,0.6333333333333333
O02158,0,1,287.54,38.02,0.1322,4,voucher,16,1,8,0,fashion_bolsas,0.4074074074074074
O02030,0,1,283.11,42.2,0.1491,5,credit_card,14,1,8,0,cds_dvds_musicais,0.46153846153846156
O02577,1,3,938.66,101.78,0.1165,1,boleto,17,1,8,0,alimentos_bebidas,0.48748683302459045
O01175,0,1,47.61,40.95,0.8601,6,credit_card,19,1,8,0,seguros_servicos,0.4827586206896552
O00366,1,2,958.11,64.9,0.0678,3,credit_card,25,2,8,0,casa_limpeza,0.527536231884058
O03847,1,1,450.89,45.19,0.1002,2,credit_card,12,2,8,0,casa_sala,0.5416666666666666
O03614,1,1,445.49,23.93,0.0537,3,debit_card,9,3,8,0,perfumaria,0.5666666666666667
O03829,1,1,103.39,44.78,0.4331,1,debit_card,5,3,8,0,market_place,0.43478260869565216
O00247,0,1,62.24,40.29,0.6473,6,credit_card,12,4,8,0,moveis_escritorio,0.5454545454545454
O03657,0,1,396.22,41.07,0.1037,2,credit_card,9,4,8,0,livros_interesse,0.6
O03860,1,1,335.07,13.69,0.0409,7,boleto,23,4,8,0,eletroportateis,0.5454545454545454
O04087,0,1,288.15,16.22,0.0563,10,boleto,19,4,8,0,artes,0.42105263157894735
O00509,1,4,1181.86,122.96,0.104,1,voucher,13,4,8,0,casa_limpeza,0.5105994152046784
O01946,1,2,579.06,63.09,0.1515,3,boleto,6,4,8,0,moda_roupa,0.6770833333333333
O01309,1,2,215.66,65.68,0.375,2,boleto,9,4,8,0,cool_stuff,0.6344605475040257
O00517,0,1,358.7,35.0,0.0976,3,debit_card,24,4,8,0,construcao_ferramentas,0.2857142857142857
O04101,1,1,216.14,46.93,0.2171,5,boleto,11,4,8,0,seguros_servicos,0.5384615384615384
O01664,0,1,259.15,39.28,0.1516,5,credit_card,22,5,8,0,casa_limpeza,0.5263157894736842
O04717,0,3,1055.29,97.3,0.1007,1,debit_card,24,5,8,0,cool_stuff,0.39365079365079364
O04956,0,1,288.07,17.4,0.0604,1,voucher,22,5,8,0,casa_quarto,0.5517241379310345
O03699,1,1,497.92,5.8,0.0116,2,debit_card,7,6,8,0,moda_roupa,0.43333333333333335
O00561,1,2,678.02,44.75,0.0551,2,boleto,23,0,8,0,alimentos_bebidas,0.5303225806451612
O04341,0,1,130.42,38.64,0.2963,7,voucher,16,0,8,0,casa_cozinha,0.6086956521739131
O02185,0,2,273.02,54.97,0.1919,3,debit_card,22,0,8,0,alimentos_bebidas,0.49641577060931896
O01130,1,1,472.87,7.49,0.0158,3,boleto,11,0,8,0,la_cuisine,0.5
O02023,1,1,71.72,27.23,0.3797,12,boleto,16,0,8,0,market_place,0.8181818181818182
O02948,0,1,417.13,11.34,0.0272,3,voucher,18,0,8,0,fashion_roupa_feminina,0.5833333333333334
O03293,1,1,182.79,28.53,0.1561,3,debit_card,12,0,8,0,casa_escritorio,0.45454545454545453
O03217,0,1,224.45,15.52,0.0691,1,voucher,11,0,8,0,casa_construcao,0.42857142857142855
O00154,0,2,698.08,50.9,0.0816,7,voucher,16,1,8,0,casa_conforto,0.6830143540669856
O04221,0,1,456.3,28.97,0.0635,6,voucher,9,1,8,0,eletroportateis,0.45161290322580644
O01172,1,2,772.89,63.68,0.0834,5,credit_card,8,1,8,0,cama_mesa_banho,0.5909090909090908
O00315,0,2,794.84,72.89,0.099,1,boleto,23,1,8,0,beleza_saude,0.5538847117794485
O00978,0,1,434.56,43.0,0.099,3,credit_card,24,2,8,0,construcao_ferramentas,0.5416666666666666
O01901,0,1,265.97,20.55,0.0773,2,debit_card,24,2,8,0,papelaria,0.6190476190476191
O04479,1,2,850.77,66.15,0.0831,1,voucher,17,2,8,0,perfumaria,0.5137571157495255
O01783,1,1,449.17,25.18,0.0561,1,credit_card,6,2,8,0,market_place,0.45161290322580644
O04669,1,1,364.55,6.3,0.0173,5,credit_card,8,2,8,0,casa_sala,0.625
O03682,1,1,115.21,46.04,0.3996,9,boleto,12,2,8,0,audio,0.5263157894736842
O02681,1,3,1111.36,64.98,0.0608,1,credit_card,10,2,8,0,artes,0.5858029689608637
O02310,0,1,145.14,38.92,0.2682,3,boleto,17,3,8,0,cool_stuff,0.5
O03032,1,1,324.68,11.36,0.035,3,boleto,5,3,8,0,casa_lavanderia,0.5769230769230769
O02772,0,2,551.64,65.93,0.19,3,debit_card,25,3,8,0,consoles_games,0.5462962962962963
O01576,1,1,86.15,49.37,0.5731,1,boleto,25,3,8,0,dvds_blu_ray,0.7272727272727273
O04823,0,1,29.63,5.58,0.1883,2,voucher,25,4,8,0,perfumaria,0.4444444444444444
O04396,1,1,36.31,20.21,0.5566,5,debit_card,10,4,8,0,casa_garagem,0.65
O02857,0,4,1068.63,127.12,0.1412,2,boleto,14,4,8,0,automotivo,0.5769592619656558
O00380,0,2,888.31,34.77,0.0386,2,boleto,14,4,8,0,casa_escritorio,0.49689440993788814
O04991,1,1,494.87,45.99,0.0929,3,credit_card,5,4,8,0,moveis_decoracao,0.41379310344827586
O00451,1,5,1119.03,184.46,0.5302,4,debit_card,15,4,8,0,casa_conforto,0.49970959595959596
O03628,0,3,711.04,112.84,0.2578,4,boleto,11,4,8,0,cds_dvds_musicais,0.530989010989011
O01553,0,3,607.46,91.42,0.167,10,debit_card,7,4,8,0,casa_garagem,0.4947089947089947
O00798,1,1,313.02,18.08,0.0578,4,boleto,8,4,8,0,moveis_escritorio,0.56
O01848,1,1,287.92,37.14,0.129,1,credit_card,6,5,8,0,beleza_saude,0.631578947368421
O01704,1,1,343.9,40.05,0.1165,1,voucher,8,5,8,0,brinquedos,0.38461538461538464
O04366,0,2,378.97,44.24,0.1756,2,voucher,15,5,8,0,construcao_ferramentas,0.5354969574036511
O03933,1,4,1034.44,93.53,0.105,7,debit_card,13,5,8,0,alimentos_bebidas,0.4022335423197492
O00478,1,2,693.12,49.95,0.0866,1,debit_card,19,5,8,0,casa_outros,0.5
O01677,0,2,118.74,42.5,0.3912,6,debit_card,5,5,8,0,la_cuisine,0.33272058823529416
O00328,1,2,844.77,41.92,0.0512,1,boleto,7,5,8,0,casa_iluminacao,0.6233974358974359
O01388,1,1,99.43,18.22,0.1832,2,credit_card,17,5,8,0,artigos_nautica,0.4117647058823529
O01979,1,1,180.06,38.91,0.2161,3,debit_card,16,5,8,0,casa_conforto,0.4166666666666667
O03767,1,1,478.6,7.43,0.0155,1,debit_card,17,5,8,0,ferramentas_jardim,0.4
O04869,1,2,293.33,52.57,0.1753,3,boleto,11,5,8,0,construcao_ferramentas,0.5808823529411764
O03602,0,1,348.28,38.71,0.1111,1,debit_card,25,6,8,0,audio,0.7272727272727273
O01275,1,4,870.01,134.91,0.2368,5,voucher,22,6,8,0,alimentos_bebidas,0.41791294383172783
O04879,0,1,291.1,13.47,0.0463,3,boleto,23,6,8,0,alimentos_bebidas,0.6071428571428571
O00056,1,1,309.7,7.77,0.0251,6,credit_card,6,6,8,0,fashion_calcados,0.35714285714285715
O01256,0,1,269.66,42.94,0.1592,1,credit_card,25,6,8,0,casa_garagem,0.6
O04052,0,2,518.34,65.28,0.1236,9,debit_card,12,6,8,0,audio,0.5357142857142857
O00595,0,1,355.77,13.12,0.0369,6,credit_card,23,6,8,0,la_cuisine,0.6428571428571429
O04753,1,1,388.3,20.1,0.0518,8,debit_card,18,1,8,0,sinalizacao_seguranca,0.47368421052631576
O04288,0,1,66.11,49.83,0.7537,6,boleto,19,1,8,0,perfumaria,0.4090909090909091
O02446,1,1,365.88,10.04,0.0274,2,credit_card,13,1,8,0,moda_roupa,0.6666666666666666
O00411,0,3,1047.92,72.96,0.0791,3,voucher,17,1,8,0,casa_sala,0.4596491228070176
O00218,0,2,319.91,94.49,0.3588,12,debit_card,21,2,8,0,beleza_saude,0.6263736263736264
O01171,1,1,158.05,22.81,0.1443,1,voucher,6,2,8,0,informatica_acessorios,0.3548387096774194
O02364,1,1,372.23,12.2,0.0328,1,credit_card,18,2,8,0,market_place,0.5217391304347826
O00879,0,3,905.56,70.02,0.0832,5,debit_card,23,2,8,0,fashion_calcados,0.4739944245320589
O03054,0,1,468.78,35.04,0.0747,1,boleto,21,2,8,0,moveis_jardim,0.6818181818181818
O03362,1,5,1315.6,153.64,0.1424,6,debit_card,12,2,8,0,bebes,0.45578835978835974
O00470,0,1,458.29,28.69,0.0626,5,credit_card,17,2,8,0,alimentos_bebidas,0.5
O03093,0,3,597.55,55.33,0.1041,2,boleto,22,3,8,0,fashion_esporte,0.44805194805194803
O00820,1,1,190.44,24.04,0.1262,3,debit_card,17,3,8,0,perfumaria,0.6956521739130435
O02202,1,3,860.04,94.96,0.3814,1,credit_card,15,3,8,0,beleza_saude,0.5289173789173789
O03497,1,1,230.54,36.01,0.1562,3,boleto,6,4,8,0,casa_iluminacao,0.42857142857142855
O00849,0,1,167.27,25.47,0.1523,3,voucher,22,4,8,0,beleza_saude,0.6666666666666666
O04594,1,1,79.74,38.11,0.4779,3,credit_card,8,4,8,0,informatica_acessorios,0.3333333333333333
O04600,1,3,805.11,91.49,0.1013,3,voucher,12,4,8,0,consoles_games,0.45999999999999996
O04748,1,1,97.57,32.41,0.3322,7,voucher,9,5,8,0,casa_conforto,0.5454545454545454
O04129,0,3,1246.5,72.79,0.061,3,credit_card,16,6,8,0,bebes,0.5900974025974026
O02657,1,2,534.61,89.56,0.184,1,debit_card,7,6,8,0,casa_banheiro,0.5760869565217391
O01270,0,1,199.58,13.23,0.0663,4,boleto,22,6,8,0,fashion_esporte,0.5357142857142857
O04226,0,2,478.06,23.16,0.0496,9,boleto,17,6,8,0,audio,0.4642857142857143
O03068,1,1,121.55,7.65,0.0629,5,credit_card,24,6,8,0,casa_limpeza,0.5263157894736842
O01487,0,1,393.67,20.27,0.0515,1,debit_card,24,6,8,0,moveis_quarto,0.47058823529411764
O02963,1,1,388.1,19.87,0.0512,7,debit_card,7,6,8,0,fashion_bolsas,0.5
O02924,1,1,271.1,41.95,0.1547,3,credit_card,17,6,8,0,casa_iluminacao,0.4375
O02379,0,2,279.26,76.09,0.2857,5,credit_card,8,6,8,0,moveis_sala,0.4892857142857143
O03927,1,5,1129.1,135.79,0.3747,1,credit_card,14,6,8,0,fashion_calcados,0.5468616030641646
O04995,0,1,140.44,35.48,0.2526,3,boleto,13,0,8,0,casa_limpeza,0.4166666666666667
O01852,1,2,685.41,76.21,0.1326,5,debit_card,23,0,8,0,moveis_escritorio,0.49226006191950467
O04918,0,1,138.75,49.62,0.3576,5,credit_card,21,0,8,0,portateis_cozinha,0.375
O02563,1,1,384.43,22.07,0.0574,12,debit_card,13,1,8,0,portateis_cozinha,0.5806451612903226
O00391,0,1,286.36,37.65,0.1315,3,voucher,21,1,8,0,construcao_ferramentas,0.5217391304347826
O03399,1,1,434.81,20.97,0.0482,1,credit_card,15,1,8,0,beleza_saude,0.48148148148148145
O03929,0,2,638.7,62.14,0.1022,6,debit_card,17,1,8,0,eletrodomesticos,0.46739130434782605
O02387,1,1,471.79,24.43,0.0518,2,voucher,12,1,8,0,casa_construcao,0.42857142857142855
O03232,1,1,57.07,39.12,0.6855,2,credit_card,6,2,8,0,carnes,0.43333333333333335
O01730,1,2,596.97,39.22,0.0837,12,boleto,11,2,8,0,carnes,0.637218045112782
O00555,1,1,336.54,6.07,0.018,8,debit_card,7,2,8,0,casa_outros,0.6086956521739131
O00341,0,1,117.91,37.03,0.3141,3,credit_card,25,3,8,0,malas_acessorios,0.47619047619047616
O04556,0,1,496.4,38.29,0.0771,1,credit_card,24,3,8,0,portateis_cozinha,0.5882352941176471
O04325,0,1,67.22,38.68,0.5754,8,credit_card,22,3,8,0,casa_sala,0.5909090909090909
O02017,1,1,195.26,26.32,0.1348,4,credit_card,7,3,8,0,casa_garagem,0.4090909090909091
O03178,0,1,174.54,26.41,0.1513,8,boleto,21,3,8,0,moveis_escritorio,0.7037037037037037
O01692,0,4,1265.23,98.09,0.0823,3,credit_card,16,4,8,0,fashion_underwear,0.4194862155388471
O00838,0,1,291.2,14.76,0.0507,3,debit_card,17,4,8,0,livros_interesse,0.5
O04408,0,2,693.31,76.07,0.1179,4,debit_card,19,4,8,0,casa_banheiro,0.5603864734299517
O00256,1,1,97.43,24.44,0.2508,1,boleto,6,4,8,0,casa_conforto,0.625
O00539,0,1,159.26,36.26,0.2277,1,debit_card,20,4,8,0,eletroportateis,0.5769230769230769
O02838,1,1,485.64,25.63,0.0528,2,boleto,5,5,9,0,artes,0.4375
O01716,0,1,46.9,9.12,0.1945,1,credit_card,24,5,9,0,relogios_presentes,0.42857142857142855
O01016,1,1,302.58,18.96,0.0627,7,credit_card,5,5,9,0,casa_cozinha,0.35
O03537,0,1,181.93,47.25,0.2597,1,boleto,19,5,9,0,casa_escritorio,0.4
O02716,1,1,449.97,34.81,0.0774,12,debit_card,13,5,9,0,construcao_ferramentas,0.5652173913043478
O03015,0,2,174.7,76.19,0.4325,3,credit_card,24,5,9,0,cds_dvds_musicais,0.4962121212121212
O01357,0,4,1051.6,115.65,0.1578,6,boleto,19,5,9,0,casa_construcao,0.520460358056266
O03742,0,1,74.24,46.53,0.6268,5,credit_card,18,6,9,0,construcao_ferramentas,0.6111111111111112
O03153,1,1,74.04,43.06,0.5816,5,debit_card,7,6,9,0,eletronicos,0.6785714285714286
O02925,0,1,433.33,9.56,0.0221,4,boleto,8,6,9,0,fashion_bolsas,0.35714285714285715
O00183,0,1,65.64,42.62,0.6493,3,credit_card,15,6,9,0,casa_banheiro,0.5862068965517241
O03085,1,2,452.57,55.41,0.1226,2,voucher,11,6,9,0,brinquedos,0.6063492063492064
O03587,1,1,406.09,27.62,0.068,1,voucher,6,6,9,0,cool_stuff,0.6666666666666666
O04694,1,1,344.57,47.36,0.1374,3,credit_card,16,6,9,0,portateis_cozinha,0.7083333333333334
O04400,1,1,448.23,42.18,0.0941,3,voucher,17,6,9,0,eletrodomesticos,0.5625
O01981,1,2,199.87,63.74,0.3089,1,voucher,7,0,9,0,moda_roupa,0.5714285714285714
O03391,0,2,140.68,31.52,0.2268,4,voucher,17,0,9,0,automotivo,0.375
O04955,1,1,74.4,9.4,0.1263,4,credit_card,7,0,9,0,casa_outros,0.5833333333333334
O00352,1,3,412.92,77.96,0.4081,1,debit_card,8,0,9,0,casa_garagem,0.5720823798627003
O04762,0,3,713.21,95.12,0.2094,2,credit_card,19,0,9,0,casa_quarto,0.49210526315789477
O00542,0,4,1293.39,109.77,0.1006,5,debit_card,15,0,9,0,moveis_jardim,0.47705741626794257
O04552,0,1,296.51,8.28,0.0279,3,voucher,20,1,9,0,cama_mesa_banho,0.6551724137931034
O00526,1,3,695.54,69.15,0.1515,3,boleto,11,1,9,0,eletrodomesticos_2,0.46478159521637785
O00474,1,2,733.53,65.59,0.098,8,credit_card,5,1,9,0,flores,0.5313725490196078
O02400,1,1,35.83,22.13,0.6176,1,voucher,16,1,9,0,alimentos_bebidas,0.5
O01732,1,1,426.39,10.81,0.0254,2,credit_card,7,1,9,0,pc_gamer,0.36363636363636365
O02624,0,2,712.81,71.64,0.1016,1,voucher,22,1,9,0,cds_dvds_musicais,0.6222222222222222
O04574,1,1,290.81,9.4,0.0323,4,voucher,23,1,9,0,casa_lavanderia,0.39285714285714285
O04766,1,1,274.63,26.4,0.0961,1,voucher,11,2,9,0,moveis_quarto,0.4117647058823529
O04763,1,4,914.14,87.19,0.1361,2,debit_card,6,2,9,0,casa_conforto_2,0.511849957374254
O04330,0,2,826.59,57.84,0.0726,4,debit_card,25,3,9,0,flores,0.5833333333333334
O00833,0,3,1205.96,102.28,0.0831,3,boleto,18,3,9,0,moda_roupa,0.4172721365703822
O01922,0,2,323.2,84.01,0.525,2,voucher,15,3,9,0,construcao_ferramentas,0.49310344827586206
O00426,1,2,486.23,56.96,0.1813,2,voucher,16,3,9,0,perfumaria,0.5522727272727272
O01249,0,2,235.18,32.64,0.1409,1,voucher,21,3,9,0,cool_stuff,0.5192307692307692
O02872,0,1,32.36,13.61,0.4206,1,boleto,23,3,9,0,moveis_escritorio,0.42105263157894735
O00529,1,2,470.56,22.39,0.049,3,debit_card,13,3,9,0,eletrodomesticos,0.3621700879765396
O00338,0,1,466.6,44.81,0.096,7,credit_card,9,4,9,0,perfumaria,0.4375
O01629,1,4,1182.93,103.11,0.0783,2,voucher,15,4,9,0,casa_lavanderia,0.5177638453500523
O01658,0,1,62.66,20.97,0.3347,3,voucher,18,4,9,0,moveis_colchao_estofado,0.5185185185185185
O02205,1,1,230.65,5.2,0.0225,10,boleto,15,4,9,0,fashion_calcados,0.5
O02945,1,1,67.59,15.21,0.225,1,credit_card,9,4,9,0,audio,0.6842105263157895
O04974,0,3,648.17,128.98,0.3742,5,voucher,13,4,9,0,casa_conforto_2,0.46759259259259256
O02282,0,3,338.08,139.04,0.8688,5,credit_card,11,5,9,0,artes,0.46876750700280106
O00096,0,1,13.35,8.78,0.6577,12,credit_card,13,5,9,0,cool_stuff,0.4166666666666667
O02256,0,1,84.94,11.82,0.1392,5,boleto,23,5,9,0,livros_interesse,0.5384615384615384
O04582,0,1,220.45,21.11,0.0958,1,debit_card,15,5,9,0,moveis_decoracao,0.5
O01590,0,2,609.9,40.15,0.0664,1,voucher,15,6,9,0,casa_banheiro,0.5458333333333334
O01939,1,1,192.18,36.46,0.1897,8,credit_card,12,6,9,0,fashion_roupa_feminina,0.5
O03584,1,1,371.29,21.16,0.057,3,boleto,9,6,9,0,moda_roupa,0.8235294117647058
O02584,1,1,138.15,9.35,0.0677,1,credit_card,7,6,9,0,fraldas_higiene,0.47619047619047616
O03709,0,1,155.96,12.51,0.0802,12,voucher,13,6,9,0,audio,0.43478260869565216
O00395,0,1,379.47,24.45,0.0644,2,credit_card,10,6,9,0,alimentos_bebidas,0.43478260869565216
O00835,1,1,359.97,6.66,0.0185,2,debit_card,15,0,9,0,fashion_bolsas,0.5833333333333334
O02411,1,1,270.88,21.89,0.0808,5,debit_card,22,0,9,0,casa_quarto,0.4444444444444444
O03866,1,1,77.59,41.76,0.5382,7,credit_card,19,0,9,0,alimentos_bebidas,0.6060606060606061
O00163,1,1,438.52,29.21,0.0666,2,debit_card,12,1,9,0,moveis_sala,0.30434782608695654
O00747,0,2,470.17,52.67,0.2411,4,debit_card,24,1,9,0,construcao_ferramentas,0.532983508245877
O02551,1,2,559.88,44.9,0.0998,4,voucher,6,1,9,0,eletroportateis,0.6345238095238095
O03312,1,1,128.59,25.01,0.1945,2,voucher,15,1,9,0,utilidades_domesticas,0.6756756756756757
O00093,1,2,721.15,42.7,0.0589,1,boleto,12,1,9,0,casa_garagem,0.5345849802371542
O01234,1,1,376.84,41.98,0.1114,8,debit_card,7,1,9,0,consoles_games,0.4
O03155,1,2,668.33,72.95,0.1122,10,credit_card,7,1,9,0,casa_conforto_2,0.5086206896551724
O02092,1,2,656.77,69.68,0.1264,1,debit_card,5,1,9,0,alimentos_bebidas,0.5473145780051151
O00262,0,1,412.69,23.25,0.0563,4,debit_card,23,2,9,0,livros_interesse,0.5789473684210527
O03666,1,3,856.6,85.65,0.1134,1,boleto,17,2,9,0,cool_stuff,0.463768115942029
O01930,0,1,98.46,34.48,0.3502,7,boleto,13,2,9,0,malas_acessorios,0.5333333333333333
O02534,0,1,371.66,26.1,0.0702,10,voucher,12,2,9,0,relogios_presentes,0.47368421052631576
O00512,1,2,454.21,79.72,0.2725,3,boleto,6,2,9,0,casa_quarto,0.5833333333333333
O00409,0,1,287.7,46.06,0.1601,7,debit_card,22,2,9,0,papelaria,0.4166666666666667
O01285,1,1,78.07,32.0,0.4099,10,boleto,9,2,9,0,casa_utilidades,0.5333333333333333
O01709,0,1,444.32,20.75,0.0467,5,credit_card,19,2,9,0,fashion_calcados,0.391304347826087
O01386,1,1,198.48,43.61,0.2197,5,boleto,10,2,9,0,utilidades_domesticas,0.45454545454545453
O03729,0,1,296.85,43.38,0.1461,3,debit_card,17,3,9,0,casa_construcao,0.4444444444444444
O01609,1,1,462.06,29.21,0.0632,1,credit_card,6,3,9,0,moveis_escritorio,0.38095238095238093
O03158,1,2,851.24,44.53,0.0522,1,voucher,12,3,9,0,automotivo,0.5476190476190476
O03442,0,1,426.96,28.0,0.0656,3,boleto,10,3,9,0,casa_escritorio,0.4375
O00573,1,1,375.67,15.85,0.0422,8,boleto,5,3,9,0,cool_stuff,0.5483870967741935
O04453,1,1,482.32,5.0,0.0104,4,voucher,6,3,9,0,perfumaria,0.6111111111111112
O03502,1,1,116.87,26.01,0.2226,2,voucher,12,3,9,0,casa_jardim,0.38095238095238093
O02435,1,1,401.85,15.54,0.0387,1,voucher,11,3,9,0,dvds_blu_ray,0.4117647058823529
O04030,0,1,135.32,13.43,0.0992,2,credit_card,17,4,9,0,fashion_roupa_feminina,0.6956521739130435
O02173,1,1,47.7,27.11,0.5683,2,credit_card,17,4,9,0,relogios_presentes,0.6
O00924,0,3,845.94,77.86,0.1149,9,boleto,20,4,9,0,beleza_saude,0.4738512949039264
O03157,1,1,464.9,12.6,0.0271,12,boleto,5,4,9,0,cds_dvds_musicais,0.44
O01639,0,2,467.42,78.94,0.2115,5,debit_card,23,4,9,0,casa_escritorio,0.475
O00954,0,2,353.66,35.88,0.1733,1,credit_card,22,4,9,0,la_cuisine,0.6409090909090909
O00364,1,2,500.49,69.92,0.2254,3,credit_card,13,4,9,0,pc_gamer,0.40468227424749165
O01972,0,1,132.77,33.74,0.2541,3,boleto,21,4,9,0,cama_mesa_banho,0.4666666666666667
O01916,1,1,471.33,9.98,0.0212,2,debit_card,8,4,9,0,moveis_colchao_estofado,0.5416666666666666
O04774,1,2,331.16,61.74,0.4506,8,credit_card,16,4,9,0,fashion_roupa_feminina,0.5179900744416873
O04839,0,3,652.64,102.73,1.1931,5,credit_card,11,4,9,0,brinquedos,0.5102675102675103
O04151,0,1,301.51,27.2,0.0902,1,boleto,23,4,9,0,dvds_blu_ray,0.5
O03114,1,2,453.52,60.12,0.2202,6,voucher,10,4,9,0,casa_conforto,0.5595238095238095
O02291,1,1,387.36,46.94,0.1212,5,debit_card,18,5,9,0,casa_utilidades,0.5185185185185185
O03236,0,1,152.28,43.47,0.2855,6,credit_card,25,5,9,0,beleza_saude,0.59375
O02769,0,1,167.71,42.56,0.2538,5,debit_card,11,5,9,0,fashion_calcados,0.45
O04225,1,3,841.58,96.65,0.1526,6,debit_card,24,5,9,0,automotivo,0.6188309897987317
O04006,1,1,253.93,30.82,0.1214,3,credit_card,5,5,9,0,moveis_escritorio,0.4
O04505,1,1,421.4,40.1,0.0952,9,boleto,12,6,9,0,casa_quarto,0.4666666666666667
O02915,1,1,270.01,29.34,0.1087,1,credit_card,11,6,9,0,artes,0.42857142857142855
O03585,0,2,903.37,41.93,0.0469,2,voucher,14,6,9,0,la_cuisine,0.5446428571428572
O04286,1,2,303.87,77.89,0.2566,2,voucher,6,0,9,0,alimentos_bebidas,0.5587797619047619
O02143,0,1,477.44,44.43,0.0931,6,voucher,15,0,9,0,seguros_servicos,0.7391304347826086
O03731,1,1,276.87,30.8,0.1112,2,debit_card,23,0,9,0,moveis_cozinha,0.5625
O01434,0,1,332.43,28.82,0.0867,9,credit_card,25,0,9,0,carnes,0.4
O00419,1,1,479.09,32.87,0.0686,10,credit_card,10,0,9,0,sinalizacao_seguranca,0.5625
O04133,0,1,441.48,34.14,0.0773,1,credit_card,25,0,9,0,casa_escritorio,0.4
O04769,0,1,90.96,6.64,0.073,5,voucher,13,0,9,0,eletronicos,0.625
O04013,0,2,376.6,26.26,0.0698,1,boleto,17,0,9,0,informatica_acessorios,0.4423076923076923
O01678,0,2,619.41,45.92,0.0706,5,debit_card,22,0,9,0,casa_garagem,0.4675
O04876,1,2,546.16,22.63,0.0683,4,voucher,22,1,9,0,casa_quarto,0.46645021645021645
O04023,0,3,704.11,89.75,1.5262,3,boleto,18,1,9,0,artigos_nautica,0.5161842514783691
O01721,0,1,323.06,14.7,0.0455,4,debit_card,22,1,9,0,instrumentos_musicais,0.6538461538461539
O04257,0,1,110.52,17.72,0.1603,2,voucher,24,2,9,0,cama_mesa_banho,0.3157894736842105
O00938,0,2,670.72,62.23,0.0963,4,voucher,25,2,9,0,casa_limpeza,0.5267857142857143
O00193,1,4,1404.13,99.5,0.1126,9,boleto,9,3,9,0,automotivo,0.5700000000000001
O03837,0,3,470.84,125.81,0.4101,3,credit_card,15,3,9,0,casa_banheiro,0.4750308641975309
O02961,0,1,335.69,42.86,0.1277,4,boleto,9,3,9,0,artigos_nautica,0.3333333333333333
O02522,1,1,283.59,11.89,0.0419,3,debit_card,10,3,9,0,casa_garagem,0.4444444444444444
O02093,1,1,373.17,45.73,0.1225,1,voucher,6,3,9,0,perfumaria,0.6
O00843,0,2,605.72,55.88,0.1011,2,boleto,15,3,9,0,casa_conforto_2,0.6138888888888889
O00070,1,1,196.46,36.58,0.1862,8,voucher,14,3,9,0,fraldas_higiene,0.5
O03317,1,2,174.5,16.07,0.1603,10,voucher,7,4,9,0,automotivo,0.7
O02708,0,2,560.89,79.63,0.1418,1,credit_card,8,4,9,0,casa_outros,0.47523219814241485
O02581,1,1,431.55,48.32,0.112,1,voucher,5,4,9,0,fashion_calcados,0.6666666666666666
O02816,1,2,370.29,39.01,0.1036,4,voucher,14,4,9,0,la_cuisine,0.4882032667876588
O02514,0,1,319.67,10.59,0.0331,1,boleto,25,4,9,0,casa_escritorio,0.625
O02780,1,1,495.69,30.63,0.0618,3,credit_card,7,4,9,0,alimentos_bebidas,0.42105263157894735
O00664,0,3,542.39,116.59,0.4013,1,credit_card,23,4,9,0,artes,0.6304824561403509
O03919,1,1,43.16,27.48,0.6367,1,credit_card,9,4,9,0,la_cuisine,0.6086956521739131
O03249,1,1,407.27,36.95,0.0907,4,debit_card,8,4,9,0,telefonia,0.47368421052631576
O00145,1,1,174.75,20.03,0.1146,5,voucher,22,5,9,0,relogios_presentes,0.5172413793103449
O03397,1,2,649.41,58.94,0.1157,2,voucher,8,5,9,0,automotivo,0.39737274220032837
O00031,0,1,484.26,39.84,0.0823,2,credit_card,10,5,9,0,seguros_servicos,0.5555555555555556
O03405,1,1,286.05,43.62,0.1525,3,debit_card,9,5,9,0,flores,0.5625
O04357,1,1,138.47,18.45,0.1332,2,credit_card,24,6,9,0,livros_interesse,0.5625
O02801,1,1,347.77,36.47,0.1049,1,credit_card,13,6,9,0,papelaria,0.45454545454545453
O02666,1,2,715.78,51.27,0.0783,1,credit_card,8,6,9,0,alimentos_bebidas,0.5222222222222221
O01893,1,2,859.77,31.46,0.0383,2,debit_card,16,6,9,0,casa_utilidades,0.5897058823529412
O02845,0,2,673.0,53.73,0.0819,2,boleto,13,0,9,0,casa_cozinha,0.45566502463054187
O03234,0,1,417.59,42.06,0.1007,2,credit_card,11,0,9,0,portateis_cozinha,0.6296296296296297
O00141,0,4,1000.94,128.55,0.1233,10,debit_card,7,0,9,0,casa_garagem,0.5112942612942613
O01299,0,2,830.81,42.05,0.0497,1,debit_card,22,1,9,0,fashion_calcados,0.5
O04912,0,1,69.6,7.95,0.1142,2,voucher,23,1,9,0,casa_iluminacao,0.5769230769230769
O04747,1,1,228.01,9.75,0.0428,7,boleto,11,1,9,0,fashion_calcados,0.45
O01538,1,1,446.12,40.65,0.0911,1,voucher,6,1,9,0,relogios_presentes,0.5238095238095238
O04864,0,2,355.85,61.88,0.208,6,voucher,24,1,9,0,moveis_decoracao,0.42485119047619047
O03301,1,1,444.4,24.91,0.0561,2,boleto,8,1,9,0,construcao_ferramentas,0.7727272727272727
O03839,0,1,363.49,23.3,0.0641,8,boleto,16,1,9,0,casa_iluminacao,0.4
O02220,1,1,290.72,35.9,0.1235,5,boleto,10,2,9,0,cama_mesa_banho,0.41379310344827586
O03982,0,1,330.43,30.2,0.0914,4,debit_card,12,2,9,0,instrumentos_musicais,0.5
O00550,0,3,886.78,63.47,0.1089,7,debit_card,21,2,9,0,bebes,0.6497584541062802
O04545,1,1,121.63,45.96,0.3779,5,credit_card,6,2,9,0,casa_sala,0.5909090909090909
O00103,0,1,58.2,7.77,0.1335,1,debit_card,16,2,9,0,malas_acessorios,0.625
O03820,1,3,1026.11,90.48,0.1152,2,credit_card,9,2,9,0,casa_limpeza,0.5652665218849869
O01705,0,3,804.69,73.37,0.1778,3,voucher,9,2,9,0,dvds_blu_ray,0.5213989441930619
O02428,0,2,322.97,30.24,0.2185,1,credit_card,21,3,9,0,casa_jardim,0.5466666666666666
O00765,1,3,828.83,75.4,0.1119,3,boleto,24,3,9,0,carnes,0.5561237373737374
O02898,0,1,485.86,42.0,0.0864,3,credit_card,10,3,9,0,papelaria,0.3157894736842105
O00332,1,2,453.36,37.88,0.0854,3,debit_card,18,3,9,0,seguros_servicos,0.5013368983957219
O01993,0,1,385.29,31.8,0.0825,8,debit_card,19,3,9,0,relogios_presentes,0.5238095238095238
O00630,0,3,929.18,61.38,0.1331,4,voucher,7,4,9,0,casa_garagem,0.626031746031746
O00928,1,1,342.89,29.73,0.0867,3,voucher,7,4,9,0,eletronicos,0.3333333333333333
O02008,0,2,679.67,27.71,0.0475,1,boleto,13,4,9,0,beleza_saude,0.4203296703296703
O00074,1,1,325.18,17.27,0.0531,4,boleto,23,4,9,0,la_cuisine,0.6153846153846154
O03902,0,1,212.1,11.86,0.0559,2,debit_card,9,4,9,0,portateis_cozinha,0.5
O03753,1,1,365.81,7.07,0.0193,1,boleto,15,4,9,0,automotivo,0.3333333333333333
O00636,1,1,203.58,46.98,0.2308,4,credit_card,17,4,9,0,malas_acessorios,0.5
O03579,1,1,465.14,16.48,0.0354,6,boleto,16,5,9,0,casa_conforto,0.43478260869565216
O00726,1,2,486.75,38.63,0.3393,1,voucher,10,5,9,0,automotivo,0.3884803921568627
O04940,0,2,563.12,62.2,0.2169,5,voucher,23,5,9,0,eletrodomesticos,0.525
O00327,1,1,118.31,46.35,0.3918,3,credit_card,12,6,9,0,carnes,0.52
O01801,0,3,540.33,90.59,0.3736,3,credit_card,23,6,9,0,audio,0.5480952380952381
O01170,1,3,748.43,49.11,0.09,3,boleto,5,6,9,0,artes,0.446219715956558
O01472,1,3,752.56,65.77,0.08,2,credit_card,19,6,9,0,casa_construcao,0.42606837606837605
O04501,0,1,227.55,33.39,0.1467,1,boleto,25,6,9,0,casa_lavanderia,0.38461538461538464
O00817,1,1,478.23,23.58,0.0493,3,voucher,11,6,9,0,eletrodomesticos_2,0.3157894736842105
O04867,1,1,436.34,16.25,0.0372,6,voucher,22,6,9,0,construcao_ferramentas,0.4
O02475,0,1,177.95,17.38,0.0977,2,credit_card,23,0,10,0,casa_outros,0.5238095238095238
O04157,1,3,809.54,29.63,0.0393,6,voucher,19,0,10,0,moveis_decoracao,0.4096866096866097
O03356,1,1,84.1,8.55,0.1017,3,boleto,15,1,10,0,casa_jardim,0.5454545454545454
O00102,1,3,928.07,102.32,0.2616,6,voucher,13,2,10,0,eletrodomesticos,0.6118881118881119
O04492,1,3,320.65,123.3,1.705,2,debit_card,22,2,10,0,automotivo,0.5296296296296297
O02238,1,1,101.16,10.21,0.1009,5,voucher,5,2,10,0,market_place,0.47368421052631576
O04784,0,1,169.53,29.67,0.175,7,debit_card,11,2,10,0,moveis_presentes,0.5263157894736842
O00169,0,3,638.12,111.6,0.3586,1,voucher,11,2,10,0,brinquedos,0.48067632850241543
O03324,0,1,394.01,39.82,0.1011,3,credit_card,25,3,10,0,sinalizacao_seguranca,0.7058823529411765
O03550,1,1,153.94,19.18,0.1246,3,credit_card,10,3,10,0,relogios_presentes,0.6060606060606061
O04015,0,1,189.33,38.52,0.2035,10,boleto,16,3,10,0,livros_interesse,0.45
O00999,1,4,761.65,141.88,0.258,5,voucher,15,3,10,0,bebes,0.5746610845295056
O00489,0,3,628.18,64.08,0.2212,2,credit_card,14,3,10,0,cool_stuff,0.4545454545454546
O02814,1,3,516.4,93.86,0.2286,3,voucher,21,3,10,0,casa_conforto,0.5959013282732447
O00778,1,1,88.89,48.29,0.5433,4,voucher,7,3,10,0,eletrodomesticos_2,0.5294117647058824
O02453,0,1,164.91,6.62,0.0401,3,boleto,14,4,10,0,fashion_roupa_masculina,0.6153846153846154
O02694,1,4,1412.91,142.97,0.121,1,credit_card,5,4,10,0,artigos_nautica,0.41708270443902623
O04249,0,1,406.31,46.1,0.1135,9,boleto,23,4,10,0,moda_roupa,0.65
O03267,0,3,630.51,121.86,0.7391,2,credit_card,14,4,10,0,audio,0.48650793650793656
O03672,0,1,416.58,36.08,0.0866,9,credit_card,19,4,10,0,cool_stuff,0.3939393939393939
O03143,0,1,23.52,24.26,1.0315,1,debit_card,16,4,10,0,moveis_decoracao,0.45
O02029,0,1,439.15,28.31,0.0645,2,boleto,12,4,10,0,casa_conforto,0.2857142857142857
O04811,1,5,1359.67,163.22,0.5973,6,boleto,11,4,10,0,artes,0.5692564102564102
O04686,1,2,600.0,20.65,0.0487,9,credit_card,5,5,10,0,fashion_roupa_feminina,0.53
O03781,1,1,234.51,48.0,0.2047,2,voucher,12,5,10,0,papelaria,0.7
O04598,1,1,449.81,29.4,0.0654,4,debit_card,9,5,10,0,casa_sala,0.6666666666666666
O00518,0,1,379.68,27.04,0.0712,5,debit_card,20,5,10,0,informatica_acessorios,0.45454545454545453
O00149,0,2,532.25,63.62,0.1188,1,voucher,17,5,10,0,eletronicos,0.5541666666666667
O03702,0,1,153.09,15.98,0.1044,3,boleto,13,5,10,0,cds_dvds_musicais,0.5
O02363,0,1,349.95,21.34,0.061,1,voucher,21,5,10,0,casa_sala,0.47619047619047616
O02745,0,2,567.84,83.86,0.1525,1,voucher,18,6,10,0,casa_jardim,0.42760180995475117
O00940,1,1,283.28,16.44,0.058,2,credit_card,8,6,10,0,musica_arte,0.56
O03189,1,4,620.71,55.17,0.1468,9,boleto,5,6,10,0,beleza_saude,0.5423789173789173
O04935,1,1,30.99,16.94,0.5466,6,boleto,15,6,10,0,moveis_colchao_estofado,0.5294117647058824
O03489,0,1,256.87,35.01,0.1363,2,voucher,10,6,10,0,eletrodomesticos_2,0.6521739130434783
O00186,0,1,330.45,47.58,0.144,3,voucher,24,6,10,0,telefonia,0.5
O00087,1,1,372.7,5.02,0.0135,3,credit_card,6,6,10,0,artes,0.7368421052631579
O03478,1,2,343.42,11.37,0.0379,1,credit_card,10,0,10,0,casa_banheiro,0.5969696969696969
O04652,0,5,1724.16,140.91,0.0878,7,boleto,22,0,10,0,carnes,0.5559376702626131
O04757,0,3,708.47,55.56,0.139,8,voucher,14,0,10,0,carnes,0.6075174825174825
O03383,0,2,658.8,55.4,0.0687,1,voucher,15,0,10,0,fashion_roupa_masculina,0.5607142857142857
O00254,0,1,153.44,26.71,0.1741,2,debit_card,10,0,10,0,fashion_esporte,0.5238095238095238
O00829,0,1,329.45,14.04,0.0426,5,voucher,14,0,10,0,perfumaria,0.68
O03441,0,2,595.58,54.51,0.0965,6,debit_card,22,1,10,0,fashion_bolsas,0.525
O00661,0,1,350.55,18.17,0.0518,9,voucher,12,1,10,0,eletronicos,0.6363636363636364
O00905,0,2,305.12,39.79,0.1138,1,credit_card,18,1,10,0,instrumentos_musicais,0.5523627075351213
O04434,0,3,805.24,104.43,0.1618,3,credit_card,23,1,10,0,cool_stuff,0.4619829122871719
O00782,1,1,420.61,38.68,0.092,3,credit_card,18,1,10,0,casa_construcao,0.6153846153846154
O02763,1,2,202.27,65.28,0.3413,1,boleto,19,1,10,0,fraldas_higiene,0.48155467720685113
O00228,0,1,282.5,14.99,0.0531,1,boleto,9,1,10,0,fashion_esporte,0.42857142857142855
O00635,1,2,372.41,18.88,0.0543,4,credit_card,13,1,10,0,artes,0.5445454545454546
O03513,0,1,300.42,45.67,0.152,3,voucher,24,1,10,0,moveis_decoracao,0.56
O04848,0,1,62.93,33.7,0.5355,3,voucher,22,2,10,0,alimentos_bebidas,0.625
O03302,0,2,275.21,47.06,0.3165,8,boleto,21,2,10,0,moveis_quarto,0.5869047619047618
O02233,1,1,33.94,32.14,0.947,1,credit_card,24,2,10,0,fraldas_higiene,0.5925925925925926
O00803,1,2,686.51,74.76,0.1109,3,boleto,14,2,10,0,dvds_blu_ray,0.6025641025641025
O00139,0,1,159.23,36.79,0.231,3,credit_card,25,2,10,0,cool_stuff,0.6818181818181818
O04103,0,3,920.77,109.71,0.1553,1,debit_card,22,2,10,0,eletroportateis,0.4374236874236874
O04703,1,4,649.47,81.18,0.5362,1,voucher,6,2,10,0,audio,0.45633874981701067
O04500,0,2,814.67,23.04,0.0295,1,voucher,22,2,10,0,casa_banheiro,0.4180645161290323
O04478,1,2,779.3,80.25,0.1034,1,credit_card,9,3,10,0,casa_limpeza,0.5648275862068965
O04029,0,3,513.62,76.11,0.1384,7,credit_card,21,3,10,0,consoles_games,0.4067576348278103
O03313,1,3,620.87,57.84,0.1179,1,voucher,11,3,10,0,brinquedos,0.37222222222222223
O01932,1,2,421.47,77.24,0.1832,1,voucher,7,3,10,0,eletronicos,0.5456349206349207
O01530,1,1,236.02,26.67,0.113,4,boleto,5,3,10,0,casa_conforto,0.5
O00174,1,2,780.9,49.0,0.0634,2,boleto,20,3,10,0,casa_construcao,0.48846153846153845
O02558,0,3,415.3,64.96,0.1573,2,voucher,18,3,10,0,fashion_bolsas,0.4532828282828283
O04789,0,1,133.49,38.92,0.2916,5,debit_card,12,4,10,0,la_cuisine,0.5588235294117647
O02878,0,3,826.31,87.43,0.133,1,voucher,21,4,10,0,alimentos_bebidas,0.4563353617308992
O04037,0,1,142.42,48.62,0.3414,1,credit_card,21,4,10,0,beleza_saude,0.6363636363636364
O04810,0,3,609.47,61.85,0.1624,2,credit_card,18,4,10,0,fashion_esporte,0.5599999999999999
O03654,1,2,708.7,60.07,0.0871,3,credit_card,7,4,10,0,la_cuisine,0.6038647342995169
O00284,1,1,315.37,28.37,0.09,1,debit_card,7,4,10,0,perfumaria,0.42857142857142855
O03066,0,1,242.13,32.6,0.1346,3,voucher,5,4,10,0,brinquedos,0.48
O03169,0,1,339.85,46.54,0.1369,1,debit_card,15,4,10,0,fashion_roupa_feminina,0.4
O00977,1,1,71.43,7.72,0.1081,4,credit_card,13,4,10,0,eletrodomesticos_2,0.5217391304347826
O03019,1,1,433.6,17.87,0.0412,1,boleto,6,5,10,0,flores,0.4782608695652174
O03986,0,1,215.03,27.33,0.1271,3,boleto,17,5,10,0,casa_limpeza,0.5
O04481,0,1,99.46,28.68,0.2884,3,boleto,7,5,10,0,sinalizacao_seguranca,0.5263157894736842
O01617,1,1,233.62,49.11,0.2102,4,boleto,18,5,10,0,cool_stuff,0.3684210526315789
O01468,1,1,122.06,48.23,0.3951,4,boleto,15,6,10,0,fashion_esporte,0.6153846153846154
O00107,1,1,130.98,42.58,0.3251,4,credit_card,18,6,10,0,casa_escritorio,0.45
O00730,0,3,688.83,96.79,0.1689,4,credit_card,20,6,10,0,casa_garagem,0.4182121971595656
O03162,1,4,1045.67,122.8,0.2321,5,credit_card,9,6,10,0,eletrodomesticos,0.4864320462146549
O02043,0,3,513.19,110.0,0.2724,3,credit_card,10,6,10,0,brinquedos,0.4904953917050691
O02110,0,2,334.43,66.94,0.2264,8,boleto,24,6,10,0,casa_garagem,0.4666666666666667
O04586,0,2,695.3,53.92,0.0711,1,debit_card,6,0,10,0,instrumentos_musicais,0.5365384615384615
O04270,1,1,447.96,48.85,0.109,1,voucher,14,0,10,0,fashion_underwear,0.35
O03977,0,1,342.16,8.3,0.0243,7,credit_card,25,0,10,0,papelaria,0.6666666666666666
O02415,0,2,693.86,47.09,0.0653,7,credit_card,20,0,10,0,casa_garagem,0.46068548387096775
O00178,1,1,37.87,16.06,0.4241,7,credit_card,15,0,10,0,cool_stuff,0.47368421052631576
O00454,0,1,136.12,5.62,0.0413,3,credit_card,17,1,10,0,cama_mesa_banho,0.5333333333333333
O00826,1,2,431.44,57.21,0.1634,2,voucher,10,1,10,0,brinquedos,0.47377622377622375
O03060,0,2,650.3,90.94,0.1584,6,boleto,17,1,10,0,alimentos_bebidas,0.5168350168350169
O02059,0,1,216.07,28.39,0.1314,3,boleto,8,1,10,0,malas_acessorios,0.44
O01851,1,1,144.65,38.09,0.2633,1,boleto,13,1,10,0,beleza_saude,0.4074074074074074
O01358,1,3,617.02,49.27,0.089,4,voucher,7,2,10,0,casa_construcao,0.6120607787274454
O01568,1,1,152.97,36.41,0.238,3,debit_card,10,2,10,0,automotivo,0.36
O01030,1,2,644.55,57.14,0.0889,4,credit_card,7,2,10,0,casa_quarto,0.680921052631579
O00648,0,1,322.2,24.9,0.0773,8,voucher,22,2,10,0,pc_gamer,0.36363636363636365
O01484,0,4,1246.02,123.63,0.1145,3,boleto,9,2,10,0,artes,0.5394763729246488
O00925,0,1,34.96,31.08,0.889,4,voucher,20,2,10,0,casa_limpeza,0.45
O03017,1,1,275.48,15.58,0.0566,3,credit_card,21,2,10,0,casa_conforto_2,0.5294117647058824
O03916,1,2,470.24,52.49,0.1463,7,boleto,19,2,10,0,casa_garagem,0.5833333333333333
O01122,0,1,429.67,20.78,0.0484,1,debit_card,20,3,10,0,casa_banheiro,0.39285714285714285
O03751,0,2,723.29,46.06,0.066,1,debit_card,12,3,10,0,instrumentos_musicais,0.6504329004329004
O04765,1,1,454.85,47.85,0.1052,6,debit_card,9,3,10,0,casa_cozinha,0.4482758620689655
O04441,0,1,412.27,30.22,0.0733,4,credit_card,17,3,10,0,moveis_escritorio,0.4666666666666667
O03999,1,1,471.78,39.58,0.0839,5,voucher,11,4,10,0,consoles_games,0.4117647058823529
O01263,0,1,342.03,31.86,0.0931,1,debit_card,15,4,10,0,ferramentas_jardim,0.4230769230769231
O04654,0,1,282.47,9.32,0.033,5,debit_card,17,4,10,0,fashion_esporte,0.47058823529411764
O02637,1,1,185.85,30.93,0.1664,9,boleto,19,4,10,0,market_place,0.68
O03724,1,1,449.92,9.66,0.0215,4,debit_card,7,4,10,0,moveis_decoracao,0.5263157894736842
O00307,0,2,777.79,59.76,0.076,1,boleto,10,5,10,0,esporte_lazer,0.5277777777777778
O00446,1,1,195.03,43.92,0.2252,1,boleto,10,5,10,0,telefonia,0.391304347826087
O01111,1,1,89.46,18.83,0.2105,1,credit_card,14,5,10,0,casa_garagem,0.4666666666666667
O02978,1,2,499.05,62.07,0.127,2,credit_card,15,6,10,0,artes,0.509453781512605
O02036,0,2,507.76,75.68,0.1987,3,boleto,23,6,10,0,casa_garagem,0.42995169082125606
O04458,0,2,601.3,63.8,0.1114,2,debit_card,11,6,10,0,casa_escritorio,0.5822510822510822
O03581,1,1,337.09,30.63,0.0909,5,boleto,16,6,10,0,moveis_jardim,0.4782608695652174
O02063,0,2,324.6,55.22,0.146,8,credit_card,20,6,10,0,artes,0.5166028097062579
O02366,0,2,614.4,22.02,0.0355,7,credit_card,21,6,10,0,eletrodomesticos,0.5266203703703703
O01655,0,2,399.04,27.09,0.0604,9,debit_card,15,0,10,0,casa_escritorio,0.5230978260869565
O02097,1,1,72.83,18.75,0.2574,6,credit_card,18,0,10,0,consoles_games,0.4782608695652174
O00155,1,1,332.09,40.05,0.1206,5,credit_card,21,0,10,0,market_place,0.6071428571428571
O03402,1,1,104.45,9.39,0.0899,2,credit_card,9,1,10,0,casa_iluminacao,0.4166666666666667
O02791,1,2,417.99,56.1,0.2586,4,debit_card,7,1,10,0,casa_iluminacao,0.6119909502262444
O04365,0,1,372.62,11.83,0.0317,4,credit_card,23,1,10,0,papelaria,0.42857142857142855
O02519,1,2,671.62,77.4,0.1287,4,voucher,11,1,10,0,moveis_jardim,0.5961538461538461
O01473,1,3,689.55,34.83,0.05,5,boleto,16,1,10,0,beleza_saude,0.44719576719576715
O03831,1,2,384.02,64.53,0.1664,1,debit_card,24,1,10,0,casa_garagem,0.631578947368421
O02438,1,1,240.62,7.32,0.0304,6,credit_card,5,1,10,0,fashion_roupa_feminina,0.5483870967741935
O01232,0,1,280.9,26.33,0.0937,3,boleto,13,1,10,0,moda_roupa,0.42857142857142855
O02112,1,2,485.1,45.39,0.1223,1,boleto,12,2,10,0,bebes,0.6648148148148147
O00846,0,1,268.31,27.4,0.1021,4,credit_card,18,2,10,0,sinalizacao_seguranca,0.4090909090909091
O03707,0,1,344.66,32.14,0.0933,6,debit_card,17,2,10,0,casa_utilidades,0.6086956521739131
O01557,0,2,844.58,75.7,0.0914,3,debit_card,8,2,10,0,casa_limpeza,0.45588235294117646
O04426,1,3,966.95,103.05,0.1056,1,debit_card,17,2,10,0,casa_banheiro,0.44843863471314444
O00611,1,1,39.54,23.62,0.5974,10,boleto,11,3,10,0,fashion_calcados,0.3870967741935484
O04561,1,1,294.89,15.5,0.0526,4,debit_card,19,3,10,0,casa_lavanderia,0.5454545454545454
O01274,0,1,228.11,12.78,0.056,10,credit_card,17,3,10,0,dvds_blu_ray,0.43478260869565216
O03996,1,3,519.91,107.18,0.3554,3,boleto,6,3,10,0,casa_limpeza,0.5930526800092017
O03620,0,3,569.94,62.56,0.226,2,debit_card,16,4,10,0,casa_conforto,0.5091390091390092
O03030,1,1,103.33,13.12,0.127,1,debit_card,8,4,10,0,market_place,0.34782608695652173
O02089,0,1,202.61,12.64,0.0624,2,boleto,24,4,10,0,livros_interesse,0.5333333333333333
O01064,0,3,593.0,99.45,0.4277,1,credit_card,18,4,10,0,alimentos_bebidas,0.32079772079772084
O02167,1,3,293.67,89.95,0.3579,1,credit_card,22,5,10,0,eletrodomesticos,0.5785024154589372
O04892,1,2,573.65,67.68,0.1256,7,boleto,17,5,10,0,cool_stuff,0.6047008547008548
O00654,0,1,140.38,16.44,0.1171,4,credit_card,22,5,10,0,fashion_esporte,0.27586206896551724
O03713,1,3,406.29,59.5,0.2129,8,boleto,11,5,10,0,automotivo,0.5613403880070547
O00908,0,1,229.3,14.51,0.0633,1,voucher,22,5,10,0,moveis_cozinha,0.5333333333333333
O03790,1,2,315.72,29.18,0.1253,7,boleto,8,5,10,0,fraldas_higiene,0.5551948051948051
O02420,1,2,638.1,84.05,0.1344,3,debit_card,9,6,10,0,audio,0.4227941176470588
O00230,0,3,816.61,136.93,0.5432,4,voucher,22,6,10,0,fashion_bolsas,0.6389367816091954
O04136,0,5,1582.76,125.11,0.4405,3,credit_card,24,6,10,0,fashion_bolsas,0.5543636835428439
O04044,0,1,265.09,19.95,0.0753,3,boleto,17,6,10,0,moveis_escritorio,0.36363636363636365
O01563,0,1,381.07,10.77,0.0283,3,boleto,22,6,10,0,eletrodomesticos_2,0.48484848484848486
O00160,0,1,449.24,5.38,0.012,7,boleto,15,6,10,0,la_cuisine,0.45454545454545453
O02103,0,3,335.44,37.27,0.1312,3,debit_card,15,6,10,0,consoles_games,0.6416666666666667
O04146,0,1,126.22,17.54,0.139,8,voucher,7,0,10,0,ferramentas_jardim,0.6296296296296297
O04207,1,2,534.61,73.46,0.2659,8,boleto,20,0,10,0,casa_cozinha,0.5352941176470588
O04222,0,1,443.31,21.56,0.0486,6,boleto,23,0,10,0,perfumaria,0.6296296296296297
O00190,0,1,383.96,49.85,0.1298,2,boleto,20,0,10,0,fashion_bolsas,0.391304347826087
O04167,0,1,466.24,37.92,0.0813,7,boleto,25,1,10,0,casa_garagem,0.5161290322580645
O00240,0,1,175.66,49.59,0.2823,1,debit_card,17,1,10,0,perfumaria,0.6521739130434783
O00266,0,1,454.21,45.14,0.0994,12,voucher,15,1,10,0,consoles_games,0.56
