order_id,customer_id,customer_state,customer_city,order_status,order_purchase_timestamp,order_approved_at,order_delivered_customer_date,order_estimated_delivery_date,is_late,delivery_days,promised_days,n_items,total_price,total_freight,freight_to_price_ratio,cross_state,product_category,avg_review_score
O00015,C01033,RR,caracarai,delivered,2017-03-03 21:15:18,2017-03-05 14:15:18,2017-03-18 21:15:18,2017-03-28 21:15:18,0,15,25,4,1358.06,89.1,0.0978,1,alimentos_bebidas,5.0
O00037,C01050,ES,serra,delivered,2018-05-15 06:55:26,2018-05-15 19:55:26,2018-05-24 06:55:26,2018-05-28 06:55:26,0,9,13,2,310.27,74.3,0.7487,1,casa_escritorio,5.0
O00059,C00820,TO,porto nacional,delivered,2017-01-02 21:56:13,2017-01-04 09:56:13,2017-01-20 21:56:13,2017-01-26 21:56:13,0,18,24,4,983.31,66.77,0.0795,1,carnes,5.0
O00074,C00385,PE,jaboatao,delivered,2018-09-28 12:44:41,2018-09-28 19:44:41,2018-10-27 12:44:41,2018-10-21 12:44:41,1,29,23,1,325.18,17.27,0.0531,1,la_cuisine,3.0
O00091,C01015,MS,dourados,delivered,2017-07-17 13:15:08,2017-07-18 00:15:08,2017-07-31 13:15:08,2017-08-11 13:15:08,0,14,25,2,363.1,88.48,0.2443,1,casa_escritorio,4.0
O00092,C00590,ES,cariacica,delivered,2017-11-22 08:37:17,2017-11-24 07:37:17,2017-11-30 08:37:17,2017-12-13 08:37:17,0,8,21,2,733.79,61.12,0.0843,1,market_place,4.0
O00093,C01860,PR,maringa,delivered,2018-09-11 14:50:19,2018-09-13 14:50:19,2018-10-06 14:50:19,2018-09-23 14:50:19,1,25,12,2,721.15,42.7,0.0589,1,casa_garagem,1.0
O00099,C00968,AP,macapa,delivered,2017-02-17 22:12:20,2017-02-18 01:12:20,2017-03-10 22:12:20,2017-03-03 22:12:20,1,21,14,2,834.47,47.21,0.0583,1,alimentos_bebidas,3.0
O00103,C01359,GO,anapolis,delivered,2018-09-26 17:47:07,2018-09-27 10:47:07,2018-09-29 17:47:07,2018-10-12 17:47:07,0,3,16,1,58.2,7.77,0.1335,1,malas_acessorios,5.0
O00108,C00737,RN,mossoro,delivered,2017-07-18 11:42:06,2017-07-20 11:42:06,2017-08-02 11:42:06,2017-08-12 11:42:06,0,15,25,2,537.09,50.41,0.1259,1,eletrodomesticos_2,5.0
O00112,C01066,PE,jaboatao,delivered,2018-02-16 06:11:55,2018-02-17 22:11:55,2018-03-16 06:11:55,2018-03-07 06:11:55,1,28,19,1,46.77,25.2,0.5388,1,casa_garagem,1.0
O00131,C01961,RR,alto alegre,delivered,2018-06-16 20:59:01,2018-06-17 02:59:01,2018-07-08 20:59:01,2018-06-30 20:59:01,1,22,14,1,75.81,43.98,0.5801,1,casa_conforto,2.0
O00142,C00001,SE,aracaju,delivered,2017-04-26 17:04:36,2017-04-28 08:04:36,2017-05-15 17:04:36,2017-05-04 17:04:36,1,19,8,1,335.5,16.51,0.0492,1,relogios_presentes,2.0
O00151,C00058,SP,sao paulo,delivered,2017-11-15 06:44:46,2017-11-16 12:44:46,2017-11-30 06:44:46,2017-11-20 06:44:46,1,15,5,2,426.54,34.32,0.1213,1,casa_outros,2.0
O00165,C01890,RR,caracarai,delivered,2016-12-09 23:53:02,2016-12-10 03:53:02,2016-12-15 23:53:02,2016-12-15 23:53:02,0,6,6,1,342.78,5.41,0.0158,0,bebes,5.0
O00172,C00198,RR,boa vista,delivered,2017-07-14 04:30:24,2017-07-14 07:30:24,2017-07-17 04:30:24,2017-07-30 04:30:24,0,3,16,1,333.11,39.77,0.1194,1,livros_interesse,5.0
O00183,C01194,SE,aracaju,delivered,2018-09-02 15:21:31,2018-09-03 08:21:31,2018-09-06 15:21:31,2018-09-17 15:21:31,0,4,15,1,65.64,42.62,0.6493,1,casa_banheiro,5.0
O00185,C00286,RR,alto alegre,delivered,2017-07-15 06:22:10,2017-07-16 18:22:10,2017-07-28 06:22:10,2017-07-21 06:22:10,1,13,6,1,139.74,34.1,0.244,1,moveis_presentes,5.0
O00189,C00981,AC,sena madureira,delivered,2017-03-21 02:47:21,2017-03-21 20:47:21,2017-03-27 02:47:21,2017-03-27 02:47:21,0,6,6,2,641.56,66.89,0.1116,1,carnes,5.0
O00192,C01585,AL,rio largo,delivered,2017-07-02 17:54:26,2017-07-04 04:54:26,2017-07-17 17:54:26,2017-07-07 17:54:26,1,15,5,2,681.93,51.7,0.0737,1,casa_escritorio,2.0
O00198,C00157,PB,bayeux,delivered,2016-11-28 00:14:10,2016-11-28 09:14:10,2016-12-10 00:14:10,2016-12-04 00:14:10,1,12,6,1,219.3,41.3,0.1883,1,papelaria,3.0
O00202,C01839,MS,corumba,delivered,2017-08-09 04:54:19,2017-08-10 09:54:19,2017-08-23 04:54:19,2017-08-31 04:54:19,0,14,22,1,134.11,49.0,0.3654,1,flores,5.0
O00204,C01032,SC,joinville,delivered,2017-02-10 03:30:01,2017-02-10 07:30:01,2017-02-26 03:30:01,2017-03-06 03:30:01,0,16,24,5,1580.69,130.24,0.0968,1,artigos_nautica,5.0
O00205,C00996,ES,cariacica,delivered,2017-11-09 15:05:52,2017-11-09 21:05:52,2017-11-16 15:05:52,2017-11-30 15:05:52,0,7,21,1,377.26,49.03,0.13,1,perfumaria,5.0
O00211,C01015,MS,dourados,delivered,2016-09-30 06:43:19,2016-10-01 07:43:19,2016-10-04 06:43:19,2016-10-12 06:43:19,0,4,12,2,476.91,54.12,0.1098,1,casa_garagem,3.0
O00242,C00161,AM,parintins,delivered,2016-12-30 02:22:45,2016-12-30 17:22:45,2017-01-20 02:22:45,2017-01-24 02:22:45,0,21,25,2,438.04,26.92,0.0997,1,casa_utilidades,5.0
O00256,C01568,DF,brasilia,delivered,2018-08-31 21:39:37,2018-09-02 21:39:37,2018-09-30 21:39:37,2018-09-06 21:39:37,1,30,6,1,97.43,24.44,0.2508,1,casa_conforto,4.0
O00289,C01004,RS,canoas,delivered,2018-05-03 06:39:02,2018-05-04 21:39:02,2018-05-21 06:39:02,2018-05-17 06:39:02,1,18,14,1,109.06,6.68,0.0613,1,flores,3.0
O00294,C01444,ES,linhares,delivered,2017-03-18 22:20:35,2017-03-20 05:20:35,2017-04-17 22:20:35,2017-04-07 22:20:35,1,30,20,1,168.46,28.54,0.1694,1,cool_stuff,2.0
O00305,C00595,SP,sao paulo,delivered,2017-05-09 17:35:01,2017-05-10 17:35:01,2017-05-18 17:35:01,2017-05-31 17:35:01,0,9,22,1,429.47,38.35,0.0893,1,construcao_ferramentas,3.0
O00311,C00157,PB,bayeux,delivered,2016-12-24 18:49:40,2016-12-26 03:49:40,2017-01-20 18:49:40,2017-01-11 18:49:40,1,27,18,1,340.06,9.11,0.0268,1,informatica_acessorios,3.0
O00326,C01227,RS,canoas,delivered,2018-05-25 12:41:47,2018-05-25 13:41:47,2018-06-03 12:41:47,2018-06-16 12:41:47,0,9,22,1,355.38,42.45,0.1194,1,cool_stuff,3.0
O00335,C00340,AP,laranjal do jari,delivered,2017-04-08 20:09:30,2017-04-09 15:09:30,2017-04-17 20:09:30,2017-05-02 20:09:30,0,9,24,3,877.08,80.41,0.4365,1,casa_utilidades,3.0
O00358,C00365,RR,rorainopolis,delivered,2016-10-10 07:05:11,2016-10-11 07:05:11,2016-11-06 07:05:11,2016-10-26 07:05:11,1,27,16,5,1615.09,162.86,0.1171,1,casa_escritorio,2.0
O00365,C00562,RN,mossoro,delivered,2016-11-28 21:34:37,2016-11-30 10:34:37,2016-12-28 21:34:37,2016-12-18 21:34:37,1,30,20,3,637.87,73.35,0.1243,1,brinquedos,1.0
O00382,C00110,AP,laranjal do jari,delivered,2018-04-13 05:43:07,2018-04-15 03:43:07,2018-04-24 05:43:07,2018-04-22 05:43:07,1,11,9,2,427.93,64.79,0.3764,1,eletrodomesticos_2,2.0
O00390,C01700,AM,parintins,delivered,2017-10-23 19:11:13,2017-10-24 01:11:13,2017-11-01 19:11:13,2017-11-05 19:11:13,0,9,13,1,443.19,8.97,0.0202,1,moveis_escritorio,5.0
O00399,C00518,MA,sao jose de ribamar,delivered,2018-04-03 18:27:19,2018-04-05 09:27:19,2018-04-27 18:27:19,2018-04-20 18:27:19,1,24,17,2,439.45,25.54,0.2635,1,moveis_cozinha,3.0
O00402,C00821,MS,ponta pora,delivered,2016-10-15 08:36:50,2016-10-15 19:36:50,2016-10-27 08:36:50,2016-11-08 08:36:50,0,12,24,1,34.26,5.31,0.155,1,consoles_games,5.0
O00405,C01642,PA,belem,delivered,2018-02-20 15:38:04,2018-02-21 21:38:04,2018-03-09 15:38:04,2018-02-25 15:38:04,1,17,5,1,91.83,33.86,0.3687,1,casa_utilidades,4.0
O00415,C00756,SP,ribeirao preto,delivered,2018-03-17 18:47:37,2018-03-18 16:47:37,2018-03-20 18:47:37,2018-04-10 18:47:37,0,3,24,2,245.98,31.8,0.2502,1,casa_lavanderia,5.0
O00421,C01652,PR,maringa,delivered,2017-01-07 09:03:36,2017-01-08 08:03:36,2017-01-13 09:03:36,2017-02-01 09:03:36,0,6,25,1,161.08,22.29,0.1384,1,seguros_servicos,5.0
O00432,C00517,ES,linhares,delivered,2018-06-24 07:20:27,2018-06-25 05:20:27,2018-07-21 07:20:27,2018-06-29 07:20:27,1,27,5,3,638.33,116.93,0.264,1,casa_conforto,2.0
O00433,C01112,RO,vilhena,delivered,2017-10-21 03:15:44,2017-10-21 15:15:44,2017-11-06 03:15:44,2017-10-26 03:15:44,1,16,5,1,91.68,41.58,0.4535,1,construcao_ferramentas,2.0
O00468,C01760,AC,feijo,delivered,2018-05-21 12:56:34,2018-05-22 20:56:34,2018-06-02 12:56:34,2018-06-09 12:56:34,0,12,19,1,18.37,26.88,1.4633,1,cool_stuff,5.0
O00485,C01468,PB,bayeux,delivered,2018-07-16 14:05:48,2018-07-17 18:05:48,2018-07-22 14:05:48,2018-07-25 14:05:48,0,6,9,1,142.85,28.0,0.196,1,casa_conforto_2,3.0
O00490,C01412,SC,sao jose,delivered,2018-07-23 18:34:34,2018-07-24 16:34:34,2018-08-17 18:34:34,2018-08-05 18:34:34,1,25,13,5,816.77,179.44,0.4845,1,bebes,5.0
O00501,C00988,RN,natal,delivered,2017-05-31 10:54:52,2017-06-01 17:54:52,2017-06-03 10:54:52,2017-06-07 10:54:52,0,3,7,3,503.43,108.37,0.3976,1,casa_banheiro,4.0
O00506,C00817,AP,macapa,delivered,2017-02-01 13:01:22,2017-02-02 11:01:22,2017-02-12 13:01:22,2017-02-23 13:01:22,0,11,22,1,145.39,42.63,0.2932,1,casa_conforto,5.0
O00515,C00998,AP,porto grande,delivered,2017-12-10 23:21:18,2017-12-12 12:21:18,2017-12-26 23:21:18,2017-12-18 23:21:18,1,16,8,1,16.16,26.93,1.6665,1,casa_outros,2.0
O00519,C01054,SE,estancia,delivered,2017-11-15 19:10:45,2017-11-17 13:10:45,2017-12-15 19:10:45,2017-12-07 19:10:45,1,30,22,3,1119.39,73.4,0.0686,1,casa_jardim,3.0
O00539,C01929,AM,coari,delivered,2018-08-31 22:05:19,2018-09-01 01:05:19,2018-09-15 22:05:19,2018-09-20 22:05:19,0,15,20,1,159.26,36.26,0.2277,1,eletroportateis,5.0
O00541,C00115,AC,cruzeiro do sul,delivered,2018-02-15 08:28:52,2018-02-16 02:28:52,2018-03-04 08:28:52,2018-03-01 08:28:52,1,17,14,2,65.92,45.99,0.7916,1,alimentos_bebidas,2.0
O00554,C01599,RO,vilhena,delivered,2017-02-22 12:08:58,2017-02-23 23:08:58,2017-03-13 12:08:58,2017-03-01 12:08:58,1,19,7,1,63.18,30.54,0.4834,1,livros_interesse,1.0
O00566,C00335,MS,campo grande,delivered,2018-06-22 02:26:25,2018-06-22 20:26:25,2018-07-01 02:26:25,2018-07-08 02:26:25,0,9,16,1,312.72,22.82,0.073,1,casa_jardim,3.0
O00571,C00250,RN,mossoro,delivered,2017-05-12 00:43:05,2017-05-12 14:43:05,2017-05-30 00:43:05,2017-06-05 00:43:05,0,18,24,3,863.14,58.25,0.0822,1,brinquedos,5.0
O00573,C00737,RN,mossoro,delivered,2018-09-13 12:20:49,2018-09-14 05:20:49,2018-09-30 12:20:49,2018-09-18 12:20:49,1,17,5,1,375.67,15.85,0.0422,1,cool_stuff,4.0
O00582,C01977,PE,olinda,delivered,2017-04-24 03:52:26,2017-04-26 03:52:26,2017-05-18 03:52:26,2017-05-04 03:52:26,1,24,10,1,281.69,17.43,0.0619,1,papelaria,3.0
O00621,C00985,TO,gurupi,delivered,2017-05-07 22:39:47,2017-05-08 14:39:47,2017-05-15 22:39:47,2017-06-01 22:39:47,0,8,25,3,744.69,93.37,0.1499,1,cds_dvds_musicais,4.0
O00630,C00345,RS,caxias do sul,delivered,2018-09-28 00:00:50,2018-09-28 19:00:50,2018-10-04 00:00:50,2018-10-05 00:00:50,0,6,7,3,929.18,61.38,0.1331,1,casa_garagem,5.0
O00632,C01714,DF,brasilia,delivered,2018-07-04 19:55:22,2018-07-05 22:55:22,2018-07-10 19:55:22,2018-07-17 19:55:22,0,6,13,1,55.27,11.65,0.2108,1,construcao_ferramentas,5.0
O00633,C01726,RJ,niteroi,delivered,2017-11-03 13:00:58,2017-11-04 06:00:58,2017-11-16 13:00:58,2017-11-21 13:00:58,0,13,18,2,721.55,31.89,0.0449,1,casa_limpeza,5.0
O00634,C01366,SE,aracaju,delivered,2017-09-26 07:14:38,2017-09-27 06:14:38,2017-10-02 07:14:38,2017-10-16 07:14:38,0,6,20,1,156.05,22.4,0.1435,1,moveis_sala,5.0
O00639,C00739,AC,tarauaca,delivered,2018-06-18 06:56:13,2018-06-19 08:56:13,2018-06-22 06:56:13,2018-07-04 06:56:13,0,4,16,2,616.12,64.69,0.1118,1,casa_garagem,5.0
O00640,C01326,AL,maceio,delivered,2018-07-16 21:31:34,2018-07-18 03:31:34,2018-08-04 21:31:34,2018-07-22 21:31:34,1,19,6,2,553.27,24.41,0.0486,1,casa_garagem,4.0
O00641,C01926,RJ,campos,delivered,2018-05-13 08:20:33,2018-05-15 01:20:33,2018-05-29 08:20:33,2018-05-18 08:20:33,1,16,5,3,682.46,122.96,0.4888,1,casa_cozinha,2.0
O00648,C01730,AP,oida,delivered,2018-10-17 11:15:06,2018-10-17 17:15:06,2018-11-08 11:15:06,2018-11-08 11:15:06,0,22,22,1,322.2,24.9,0.0773,1,pc_gamer,5.0
O00657,C01746,MS,corumba,delivered,2017-10-15 03:08:49,2017-10-15 13:08:49,2017-11-04 03:08:49,2017-10-31 03:08:49,1,20,16,1,421.86,24.52,0.0581,1,casa_quarto,1.0
O00675,C01777,CE,sobral,delivered,2017-04-18 17:22:14,2017-04-18 22:22:14,2017-04-23 17:22:14,2017-05-01 17:22:14,0,5,13,1,62.54,8.23,0.1316,1,automotivo,5.0
O00679,C01938,SE,itabaiana,delivered,2018-05-26 11:21:14,2018-05-26 21:21:14,2018-06-19 11:21:14,2018-06-18 11:21:14,1,24,23,1,153.95,17.52,0.1138,1,portateis_cozinha,3.0
O00691,C00346,ES,cariacica,delivered,2016-09-03 16:27:28,2016-09-05 02:27:28,2016-09-16 16:27:28,2016-09-20 16:27:28,0,13,17,3,173.83,103.94,1.4588,1,fashion_roupa_feminina,5.0
O00692,C00628,SE,lagarto,delivered,2016-10-13 22:59:57,2016-10-15 11:59:57,2016-11-12 22:59:57,2016-10-20 22:59:57,1,30,7,5,932.66,179.45,0.2373,1,casa_garagem,2.0
O00705,C00278,ES,linhares,delivered,2018-07-28 19:05:33,2018-07-29 08:05:33,2018-08-20 19:05:33,2018-08-15 19:05:33,1,23,18,1,58.96,36.31,0.6158,1,relogios_presentes,4.0
O00714,C00937,AL,arapiraca,delivered,2017-06-16 11:35:55,2017-06-17 02:35:55,2017-06-21 11:35:55,2017-06-27 11:35:55,0,5,11,2,222.13,78.07,0.3879,1,casa_iluminacao,5.0
O00715,C01015,MS,dourados,delivered,2017-07-19 03:42:42,2017-07-20 16:42:42,2017-07-22 03:42:42,2017-07-25 03:42:42,0,3,6,1,449.1,21.87,0.0487,1,casa_banheiro,5.0
O00744,C00079,PR,londrina,delivered,2017-04-11 21:33:48,2017-04-12 04:33:48,2017-04-14 21:33:48,2017-04-28 21:33:48,0,3,17,3,623.65,109.41,0.4988,1,casa_garagem,2.0
O00752,C00885,TO,gurupi,delivered,2017-12-10 19:30:14,2017-12-11 05:30:14,2017-12-26 19:30:14,2018-01-01 19:30:14,0,16,22,3,1022.18,120.36,0.1255,1,carnes,4.0
O00779,C01816,BA,itabuna,delivered,2018-03-29 17:24:46,2018-03-29 22:24:46,2018-04-20 17:24:46,2018-04-12 17:24:46,1,22,14,3,775.34,59.64,0.1339,1,artes,2.0
O00787,C01351,CE,caucaia,delivered,2017-01-03 15:43:12,2017-01-04 13:43:12,2017-01-10 15:43:12,2017-01-27 15:43:12,0,7,24,1,75.63,10.77,0.1424,0,sinalizacao_seguranca,5.0
O00789,C00796,ES,cariacica,delivered,2016-10-26 21:32:57,2016-10-28 18:32:57,2016-11-20 21:32:57,2016-11-12 21:32:57,1,25,17,1,101.48,9.49,0.0935,1,portateis_cozinha,2.0
O00803,C01451,GO,rio verde,delivered,2018-10-10 10:08:11,2018-10-12 01:08:11,2018-10-28 10:08:11,2018-10-24 10:08:11,1,18,14,2,686.51,74.76,0.1109,1,dvds_blu_ray,3.0
O00805,C00361,RR,alto alegre,delivered,2017-07-05 03:33:16,2017-07-05 20:33:16,2017-07-25 03:33:16,2017-07-28 03:33:16,0,20,23,2,469.8,42.33,0.096,1,casa_garagem,5.0
O00814,C01382,SE,lagarto,delivered,2017-01-16 01:30:56,2017-01-16 22:30:56,2017-01-30 01:30:56,2017-02-09 01:30:56,0,14,24,2,569.7,53.92,0.0919,1,cool_stuff,5.0
O00834,C00505,MG,montes claros,delivered,2017-07-23 09:05:06,2017-07-24 06:05:06,2017-08-22 09:05:06,2017-08-07 09:05:06,1,30,15,2,534.29,37.24,0.0662,1,casa_lavanderia,2.0
O00842,C00971,PA,belem,delivered,2017-09-19 01:22:41,2017-09-19 16:22:41,2017-10-02 01:22:41,2017-10-05 01:22:41,0,13,16,1,267.89,12.78,0.0477,1,fashion_roupa_feminina,5.0
O00845,C00386,RO,vilhena,delivered,2017-03-06 23:26:10,2017-03-07 18:26:10,2017-04-01 23:26:10,2017-03-17 23:26:10,1,26,11,3,784.25,105.47,0.1976,1,dvds_blu_ray,4.0
O00856,C01319,SE,aracaju,delivered,2017-11-14 11:36:32,2017-11-15 08:36:32,2017-12-05 11:36:32,2017-11-20 11:36:32,1,21,6,4,1167.81,96.55,0.0925,1,cool_stuff,1.0
O00859,C01926,RJ,campos,delivered,2017-09-01 01:56:31,2017-09-01 07:56:31,2017-09-15 01:56:31,2017-09-16 01:56:31,0,14,15,1,166.55,33.5,0.2011,1,fashion_calcados,4.0
O00871,C00814,RN,caico,delivered,2017-07-28 12:57:04,2017-07-28 22:57:04,2017-08-20 12:57:04,2017-08-21 12:57:04,0,23,24,1,417.98,26.11,0.0625,1,moveis_decoracao,4.0
O00892,C00560,MS,corumba,delivered,2017-10-25 12:49:17,2017-10-25 14:49:17,2017-11-12 12:49:17,2017-11-01 12:49:17,1,18,7,2,394.61,33.81,0.0996,1,la_cuisine,3.0
O00914,C01124,SC,joinville,delivered,2018-05-07 13:11:43,2018-05-08 23:11:43,2018-05-22 13:11:43,2018-05-19 13:11:43,1,15,12,1,18.16,17.4,0.9581,1,audio,2.0
O00923,C00022,SC,criciuma,delivered,2017-12-11 08:50:39,2017-12-12 06:50:39,2017-12-20 08:50:39,2017-12-25 08:50:39,0,9,14,1,18.91,36.57,1.9339,1,la_cuisine,5.0
O00924,C00878,MS,três lagoas,delivered,2018-09-14 05:31:00,2018-09-15 22:31:00,2018-09-18 05:31:00,2018-10-04 05:31:00,0,4,20,3,845.94,77.86,0.1149,1,beleza_saude,2.0
O00932,C00444,MS,corumba,delivered,2018-05-31 20:32:31,2018-06-01 03:32:31,2018-06-07 20:32:31,2018-06-23 20:32:31,0,7,23,1,397.97,33.75,0.0848,1,moda_roupa,5.0
O00961,C00982,PB,campina grande,delivered,2018-05-25 12:36:18,2018-05-27 06:36:18,2018-06-17 12:36:18,2018-06-04 12:36:18,1,23,10,2,713.08,56.79,0.0935,1,casa_quarto,4.0
O00964,C01583,SE,nossa senhora do socorro,delivered,2016-11-02 01:23:23,2016-11-03 01:23:23,2016-11-13 01:23:23,2016-11-21 01:23:23,0,11,19,2,405.18,78.04,0.2105,1,casa_iluminacao,4.0
O00972,C01385,SE,aracaju,delivered,2018-06-02 07:17:42,2018-06-03 01:17:42,2018-06-18 07:17:42,2018-06-13 07:17:42,1,16,11,1,20.53,21.99,1.0711,1,casa_lavanderia,4.0
O00975,C00356,MG,uberlandia,delivered,2017-03-02 01:56:02,2017-03-04 00:56:02,2017-03-14 01:56:02,2017-03-27 01:56:02,0,12,25,1,406.77,18.99,0.0467,1,casa_limpeza,5.0
O00977,C00375,MG,belo horizonte,delivered,2018-10-12 23:51:03,2018-10-13 23:51:03,2018-10-30 23:51:03,2018-10-25 23:51:03,1,18,13,1,71.43,7.72,0.1081,1,eletrodomesticos_2,2.0
O00978,C01910,PA,maraba,delivered,2018-08-15 03:42:50,2018-08-16 14:42:50,2018-08-26 03:42:50,2018-09-08 03:42:50,0,11,24,1,434.56,43.0,0.099,1,construcao_ferramentas,5.0
O00986,C00085,RO,ji-parana,delivered,2016-12-19 04:13:39,2016-12-19 22:13:39,2017-01-08 04:13:39,2017-01-01 04:13:39,1,20,13,1,67.43,19.86,0.2945,1,moveis_quarto,3.0
O00987,C00261,AM,itacoatiara,delivered,2017-01-27 23:03:41,2017-01-29 23:03:41,2017-02-05 23:03:41,2017-02-02 23:03:41,1,9,6,1,94.73,30.87,0.3259,1,casa_iluminacao,3.0
O00999,C01806,TO,paraíso do tocantins,delivered,2018-10-04 13:11:14,2018-10-05 17:11:14,2018-10-23 13:11:14,2018-10-19 13:11:14,1,19,15,4,761.65,141.88,0.258,1,bebes,3.0
O01016,C00591,PA,castanhal,delivered,2018-09-01 12:07:46,2018-09-02 16:07:46,2018-09-11 12:07:46,2018-09-06 12:07:46,1,10,5,1,302.58,18.96,0.0627,1,casa_cozinha,3.0
O01018,C00552,RS,caxias do sul,delivered,2017-06-05 15:33:34,2017-06-07 02:33:34,2017-06-22 15:33:34,2017-06-27 15:33:34,0,17,22,3,535.96,93.09,0.2567,1,carnes,5.0
O01027,C01388,PI,teresina,delivered,2018-05-07 15:17:53,2018-05-09 03:17:53,2018-05-22 15:17:53,2018-05-28 15:17:53,0,15,21,1,294.44,19.15,0.065,1,utilidades_domesticas,4.0
O01030,C01031,RN,sao goncalo do amarante,delivered,2018-10-17 07:09:42,2018-10-17 16:09:42,2018-10-26 07:09:42,2018-10-24 07:09:42,1,9,7,2,644.55,57.14,0.0889,1,casa_quarto,3.0
O01034,C00922,AC,cruzeiro do sul,delivered,2017-04-06 05:48:13,2017-04-07 23:48:13,2017-04-21 05:48:13,2017-04-18 05:48:13,1,15,12,1,320.66,48.51,0.1513,1,cool_stuff,2.0
O01076,C01829,SE,itabaiana,delivered,2017-12-26 04:57:55,2017-12-27 02:57:55,2018-01-16 04:57:55,2018-01-02 04:57:55,1,21,7,1,23.44,29.99,1.2794,1,artigos_nautica,3.0
O01078,C00221,ES,serra,delivered,2017-10-21 06:47:44,2017-10-22 20:47:44,2017-11-19 06:47:44,2017-11-11 06:47:44,1,29,21,2,531.61,74.93,0.1533,1,casa_limpeza,1.0
O01097,C01961,RR,alto alegre,delivered,2017-11-06 15:27:27,2017-11-07 04:27:27,2017-11-22 15:27:27,2017-11-12 15:27:27,1,16,6,1,19.36,8.25,0.4261,1,perfumaria,2.0
O01108,C01369,MA,imperatriz,delivered,2017-09-30 19:05:50,2017-10-01 21:05:50,2017-10-19 19:05:50,2017-10-12 19:05:50,1,19,12,1,390.18,16.55,0.0424,0,automotivo,2.0
O01109,C00084,SC,florianopolis,delivered,2017-08-11 13:20:17,2017-08-12 18:20:17,2017-08-14 13:20:17,2017-08-29 13:20:17,0,3,18,2,685.97,83.02,0.1313,1,fashion_esporte,4.0
O01114,C01487,TO,palmas,delivered,2018-01-24 10:37:32,2018-01-24 22:37:32,2018-02-02 10:37:32,2018-01-29 10:37:32,1,9,5,1,133.13,18.87,0.1417,1,artes,2.0
O01125,C01866,RO,ji-parana,delivered,2017-01-13 06:07:39,2017-01-13 11:07:39,2017-01-26 06:07:39,2017-01-23 06:07:39,1,13,10,2,388.48,74.8,0.2907,1,casa_sala,2.0
O01134,C00175,MA,imperatriz,delivered,2017-03-28 06:51:01,2017-03-28 13:51:01,2017-04-17 06:51:01,2017-04-05 06:51:01,1,20,8,1,113.16,42.26,0.3735,1,moveis_decoracao,2.0
O01144,C01235,SC,criciuma,delivered,2017-02-03 12:50:30,2017-02-04 12:50:30,2017-02-14 12:50:30,2017-02-18 12:50:30,0,11,15,1,403.38,20.44,0.0507,1,moveis_quarto,5.0
O01147,C01546,BA,ilheus,delivered,2017-01-02 18:03:25,2017-01-04 16:03:25,2017-01-23 18:03:25,2017-01-24 18:03:25,0,21,22,1,338.25,5.95,0.0176,1,casa_banheiro,3.0
O01153,C00168,MT,sinop,delivered,2018-02-01 22:45:54,2018-02-02 09:45:54,2018-02-22 22:45:54,2018-02-09 22:45:54,1,21,8,1,23.47,13.49,0.5748,1,carnes,2.0
O01156,C01182,RS,canoas,delivered,2017-06-19 08:22:08,2017-06-20 16:22:08,2017-06-23 08:22:08,2017-07-07 08:22:08,0,4,18,1,415.28,30.09,0.0725,1,malas_acessorios,5.0
O01161,C00831,CE,maracanau,delivered,2017-06-24 23:08:43,2017-06-26 23:08:43,2017-07-01 23:08:43,2017-07-17 23:08:43,0,7,23,2,562.92,60.42,0.1393,1,casa_sala,2.0
O01183,C01753,SC,joinville,delivered,2017-06-12 04:46:03,2017-06-13 21:46:03,2017-07-01 04:46:03,2017-06-17 04:46:03,1,19,5,1,401.43,36.63,0.0912,1,moveis_jardim,5.0
O01185,C00860,MT,tangara da serra,delivered,2018-02-13 04:26:48,2018-02-13 05:26:48,2018-02-21 04:26:48,2018-02-21 04:26:48,0,8,8,1,135.77,27.61,0.2034,1,la_cuisine,4.0
O01187,C01201,RS,pelotas,delivered,2017-07-07 20:39:28,2017-07-09 13:39:28,2017-08-05 20:39:28,2017-07-31 20:39:28,1,29,24,3,476.84,66.5,0.1983,1,casa_limpeza,4.0
O01201,C01895,ES,cariacica,delivered,2017-11-06 08:17:11,2017-11-06 09:17:11,2017-11-20 08:17:11,2017-11-22 08:17:11,0,14,16,1,221.89,8.61,0.0388,1,sinalizacao_seguranca,5.0
O01205,C00405,PE,olinda,delivered,2017-03-26 00:44:11,2017-03-26 19:44:11,2017-04-19 00:44:11,2017-04-14 00:44:11,1,24,19,2,201.14,17.61,0.1144,1,fashion_roupa_feminina,3.0
O01206,C00463,TO,palmas,delivered,2017-03-28 23:05:03,2017-03-29 02:05:03,2017-04-23 23:05:03,2017-04-08 23:05:03,1,26,11,4,1247.02,98.29,0.1907,1,alimentos_bebidas,4.0
O01207,C00751,CE,fortaleza,delivered,2017-12-10 09:39:37,2017-12-12 05:39:37,2018-01-04 09:39:37,2017-12-17 09:39:37,1,25,7,1,406.12,41.37,0.1019,1,moveis_presentes,1.0
O01216,C01900,MS,três lagoas,delivered,2017-01-20 09:38:54,2017-01-21 23:38:54,2017-02-14 09:38:54,2017-01-29 09:38:54,1,25,9,1,497.14,46.12,0.0928,1,papelaria,3.0
O01224,C00287,ES,serra,delivered,2017-08-09 13:07:38,2017-08-11 10:07:38,2017-08-28 13:07:38,2017-08-18 13:07:38,1,19,9,1,442.95,48.99,0.1106,1,eletronicos,3.0
O01245,C01266,PB,patos,delivered,2018-03-06 14:13:57,2018-03-06 16:13:57,2018-04-02 14:13:57,2018-03-31 14:13:57,1,27,25,1,51.18,18.78,0.3669,1,moveis_colchao_estofado,5.0
O01246,C01952,SE,aracaju,delivered,2017-06-15 00:35:30,2017-06-15 09:35:30,2017-06-26 00:35:30,2017-06-21 00:35:30,1,11,6,2,383.09,62.87,0.1644,1,moveis_decoracao,1.0
O01256,C00169,MS,corumba,delivered,2018-08-19 15:18:50,2018-08-19 18:18:50,2018-08-31 15:18:50,2018-09-13 15:18:50,0,12,25,1,269.66,42.94,0.1592,0,casa_garagem,4.0
O01260,C00393,RN,caico,delivered,2016-10-07 03:20:54,2016-10-08 22:20:54,2016-10-22 03:20:54,2016-10-21 03:20:54,1,15,14,3,668.96,79.12,0.4033,1,artigos_nautica,1.0
O01295,C01676,RJ,duque de caxias,delivered,2016-10-13 08:40:53,2016-10-14 09:40:53,2016-10-30 08:40:53,2016-10-20 08:40:53,1,17,7,1,206.71,27.38,0.1325,1,moveis_quarto,5.0
O01307,C01464,MS,ponta pora,delivered,2018-08-05 21:05:17,2018-08-06 14:05:17,2018-08-13 21:05:17,2018-08-22 21:05:17,0,8,17,1,142.17,11.65,0.0819,1,moveis_quarto,4.0
O01311,C00301,PE,petrolina,delivered,2018-01-27 04:28:57,2018-01-28 17:28:57,2018-01-30 04:28:57,2018-02-17 04:28:57,0,3,21,1,86.91,21.83,0.2512,1,moveis_sala,5.0
O01312,C01818,RN,mossoro,delivered,2017-12-25 22:28:28,2017-12-27 11:28:28,2018-01-24 22:28:28,2018-01-05 22:28:28,1,30,11,1,361.35,49.2,0.1362,1,papelaria,3.0
O01315,C00836,RR,rorainopolis,delivered,2016-10-06 16:02:08,2016-10-08 04:02:08,2016-10-21 16:02:08,2016-10-31 16:02:08,0,15,25,2,551.73,67.4,0.116,1,eletronicos,5.0
O01324,C00192,PI,campo maior,delivered,2018-04-18 02:10:07,2018-04-19 15:10:07,2018-05-04 02:10:07,2018-05-13 02:10:07,0,16,25,4,902.11,112.59,0.2683,1,ferramentas_jardim,5.0
O01326,C00202,CE,maracanau,delivered,2017-04-15 08:44:39,2017-04-15 21:44:39,2017-04-28 08:44:39,2017-05-08 08:44:39,0,13,23,1,348.97,28.14,0.0806,1,pc_gamer,5.0
O01334,C00099,AP,porto grande,delivered,2016-12-12 20:57:04,2016-12-13 21:57:04,2017-01-03 20:57:04,2017-01-06 20:57:04,0,22,25,3,738.39,117.8,0.1756,1,beleza_saude,5.0
O01343,C01636,CE,sobral,delivered,2017-01-22 00:36:01,2017-01-24 00:36:01,2017-02-17 00:36:01,2017-02-16 00:36:01,1,26,25,2,583.89,35.47,0.0901,1,malas_acessorios,3.0
O01354,C01771,PI,campo maior,delivered,2018-01-15 19:09:28,2018-01-15 23:09:28,2018-01-30 19:09:28,2018-01-29 19:09:28,1,15,14,3,1118.53,58.45,0.0587,1,alimentos_bebidas,2.0
O01358,C01518,ES,serra,delivered,2018-10-17 04:36:42,2018-10-18 23:36:42,2018-10-25 04:36:42,2018-10-24 04:36:42,1,8,7,3,617.02,49.27,0.089,1,casa_construcao,3.0
O01361,C01906,BA,itabuna,delivered,2018-06-15 05:48:12,2018-06-15 16:48:12,2018-06-28 05:48:12,2018-07-05 05:48:12,0,13,20,1,212.98,47.81,0.2245,1,papelaria,1.0
O01369,C00748,AM,manaus,delivered,2016-09-04 11:56:26,2016-09-05 12:56:26,2016-09-09 11:56:26,2016-09-14 11:56:26,0,5,10,2,537.77,83.26,0.2293,1,carnes,5.0
O01376,C01956,ES,cariacica,delivered,2016-11-01 06:14:11,2016-11-02 18:14:11,2016-11-28 06:14:11,2016-11-14 06:14:11,1,27,13,1,288.18,32.99,0.1145,1,casa_garagem,2.0
O01377,C00482,RR,alto alegre,delivered,2018-06-30 22:06:38,2018-07-02 14:06:38,2018-07-12 22:06:38,2018-07-22 22:06:38,0,12,22,2,226.15,67.74,0.3468,1,fashion_bolsas,5.0
O01379,C01636,CE,sobral,delivered,2016-10-23 16:17:41,2016-10-25 07:17:41,2016-11-02 16:17:41,2016-11-14 16:17:41,0,10,22,1,231.64,30.34,0.131,1,moveis_presentes,1.0
O01403,C00365,RR,rorainopolis,delivered,2018-02-16 09:02:27,2018-02-17 10:02:27,2018-03-09 09:02:27,2018-02-26 09:02:27,1,21,10,1,123.88,16.81,0.1357,1,livros_interesse,2.0
O01410,C01277,TO,porto nacional,delivered,2017-03-06 09:05:44,2017-03-08 05:05:44,2017-04-04 09:05:44,2017-03-29 09:05:44,1,29,23,1,381.47,32.44,0.085,1,casa_limpeza,3.0
O01423,C01142,ES,linhares,delivered,2018-06-28 02:39:17,2018-06-29 05:39:17,2018-07-11 02:39:17,2018-07-21 02:39:17,0,13,23,1,376.16,49.47,0.1315,1,sinalizacao_seguranca,4.0
O01430,C00279,MT,cuiaba,delivered,2016-09-10 17:17:54,2016-09-10 20:17:54,2016-10-08 17:17:54,2016-09-24 17:17:54,1,28,14,1,394.61,39.72,0.1007,1,perfumaria,2.0
O01444,C01243,RS,canoas,delivered,2017-04-11 11:21:10,2017-04-13 05:21:10,2017-04-23 11:21:10,2017-05-05 11:21:10,0,12,24,1,301.96,12.85,0.0426,1,casa_cozinha,5.0
O01474,C01401,RN,natal,delivered,2017-07-25 03:12:18,2017-07-27 00:12:18,2017-08-19 03:12:18,2017-08-10 03:12:18,1,25,16,1,120.39,49.11,0.4079,1,casa_outros,5.0
O01475,C01367,PA,castanhal,delivered,2018-03-10 03:30:20,2018-03-10 15:30:20,2018-03-30 03:30:20,2018-03-27 03:30:20,1,20,17,4,1328.03,66.23,0.0601,1,cds_dvds_musicais,2.0
O01485,C00815,AM,coari,delivered,2016-11-15 05:05:47,2016-11-16 22:05:47,2016-11-22 05:05:47,2016-11-23 05:05:47,0,7,8,3,1092.82,100.96,0.1068,1,casa_conforto_2,2.0
O01496,C01281,AM,parintins,delivered,2017-04-07 10:21:57,2017-04-08 08:21:57,2017-04-28 10:21:57,2017-04-22 10:21:57,1,21,15,1,333.76,8.61,0.0258,1,informatica_acessorios,1.0
O01499,C01720,AC,sena madureira,delivered,2016-12-12 13:18:48,2016-12-14 13:18:48,2016-12-15 13:18:48,2016-12-23 13:18:48,0,3,11,1,57.15,16.13,0.2822,1,casa_construcao,1.0
O01503,C00669,RS,canoas,delivered,2018-03-24 15:13:00,2018-03-25 16:13:00,2018-03-31 15:13:00,2018-04-04 15:13:00,0,7,11,1,419.99,50.0,0.1191,1,moveis_jardim,4.0
O01511,C01696,PE,caruaru,delivered,2016-09-12 18:30:31,2016-09-13 09:30:31,2016-10-12 18:30:31,2016-09-26 18:30:31,1,30,14,1,431.94,30.33,0.0702,1,carnes,3.0
O01515,C00133,CE,maracanau,delivered,2018-03-31 03:42:25,2018-04-01 08:42:25,2018-04-27 03:42:25,2018-04-16 03:42:25,1,27,16,2,465.93,77.11,0.1836,1,fashion_esporte,2.0
O01518,C00890,PA,maraba,delivered,2016-09-05 05:51:26,2016-09-05 13:51:26,2016-09-09 05:51:26,2016-09-13 05:51:26,0,4,8,1,212.44,24.11,0.1135,1,portateis_casa_forno_cafe,4.0
O01553,C00105,MT,rondonopolis,delivered,2018-08-17 17:41:56,2018-08-19 04:41:56,2018-08-23 17:41:56,2018-08-24 17:41:56,0,6,7,3,607.46,91.42,0.167,1,casa_garagem,3.0
O01554,C00842,AL,arapiraca,delivered,2016-11-25 07:39:28,2016-11-25 18:39:28,2016-12-19 07:39:28,2016-11-30 07:39:28,1,24,5,1,11.86,36.27,3.0582,1,alimentos_bebidas,1.0
O01574,C01843,RR,mucajai,delivered,2017-09-21 10:16:04,2017-09-21 22:16:04,2017-10-15 10:16:04,2017-10-13 10:16:04,1,24,22,1,452.95,13.55,0.0299,1,moveis_cozinha,3.0
O01590,C00437,SC,sao jose,delivered,2018-09-09 01:23:56,2018-09-11 00:23:56,2018-09-12 01:23:56,2018-09-24 01:23:56,0,3,15,2,609.9,40.15,0.0664,1,casa_banheiro,5.0
O01594,C01537,SE,estancia,delivered,2017-12-14 06:39:47,2017-12-15 14:39:47,2017-12-20 06:39:47,2018-01-07 06:39:47,0,6,24,1,436.83,29.59,0.0677,1,fashion_esporte,5.0
O01596,C01428,AL,penedo,delivered,2017-11-24 04:22:27,2017-11-24 22:22:27,2017-12-15 04:22:27,2017-12-12 04:22:27,1,21,18,2,289.55,48.96,0.2524,1,fashion_bolsas,4.0
O01606,C01162,DF,ceilandia,delivered,2017-12-30 05:15:48,2018-01-01 02:15:48,2018-01-04 05:15:48,2018-01-14 05:15:48,0,5,15,2,810.7,59.62,0.0754,1,carnes,5.0
O01625,C00813,CE,fortaleza,delivered,2018-02-01 20:30:00,2018-02-03 11:30:00,2018-02-11 20:30:00,2018-02-07 20:30:00,1,10,6,1,68.5,5.47,0.0799,1,papelaria,3.0
O01635,C00402,RO,vilhena,delivered,2017-01-01 22:15:36,2017-01-02 10:15:36,2017-01-15 22:15:36,2017-01-20 22:15:36,0,14,19,1,223.59,42.86,0.1917,1,construcao_ferramentas,4.0
O01647,C01915,MT,tangara da serra,delivered,2018-07-28 02:07:22,2018-07-28 21:07:22,2018-08-19 02:07:22,2018-08-17 02:07:22,1,22,20,1,393.26,49.96,0.127,1,casa_escritorio,3.0
O01668,C01395,RN,mossoro,delivered,2017-04-02 15:30:03,2017-04-03 08:30:03,2017-04-06 15:30:03,2017-04-09 15:30:03,0,4,7,2,505.07,58.29,0.1577,1,instrumentos_musicais,2.0
O01674,C01776,MT,sinop,delivered,2016-11-16 16:52:28,2016-11-18 14:52:28,2016-11-25 16:52:28,2016-11-26 16:52:28,0,9,10,1,133.18,49.8,0.3739,1,artes,5.0
O01689,C01877,MA,imperatriz,delivered,2018-03-31 06:42:23,2018-04-01 02:42:23,2018-04-25 06:42:23,2018-04-07 06:42:23,1,25,7,2,677.07,62.66,0.0924,1,casa_limpeza,5.0
O01698,C00994,MS,três lagoas,delivered,2016-12-22 20:30:29,2016-12-23 20:30:29,2017-01-19 20:30:29,2017-01-14 20:30:29,1,28,23,1,269.21,20.37,0.0757,1,ferramentas_jardim,3.0
O01700,C00931,BA,ilheus,delivered,2018-04-09 17:36:47,2018-04-09 19:36:47,2018-04-19 17:36:47,2018-04-18 17:36:47,1,10,9,1,258.41,9.04,0.035,1,artes,2.0
O01702,C00931,BA,ilheus,delivered,2017-06-18 03:21:49,2017-06-19 04:21:49,2017-06-23 03:21:49,2017-07-10 03:21:49,0,5,22,2,553.44,84.91,0.1531,1,casa_conforto,5.0
O01709,C01236,SC,florianopolis,delivered,2018-09-12 19:31:55,2018-09-13 17:31:55,2018-09-17 19:31:55,2018-10-01 19:31:55,0,5,19,1,444.32,20.75,0.0467,1,fashion_calcados,3.0
O01714,C00037,PB,santa rita,delivered,2016-11-17 07:58:18,2016-11-17 12:58:18,2016-11-27 07:58:18,2016-12-02 07:58:18,0,10,15,3,891.62,124.02,0.1612,1,casa_construcao,4.0
O01723,C01251,RS,caxias do sul,delivered,2017-06-04 12:19:49,2017-06-05 18:19:49,2017-06-10 12:19:49,2017-06-11 12:19:49,0,6,7,2,205.45,35.62,0.2533,1,casa_escritorio,5.0
O01733,C01965,BA,itabuna,delivered,2017-04-08 10:12:24,2017-04-09 17:12:24,2017-04-20 10:12:24,2017-04-30 10:12:24,0,12,22,1,262.86,19.9,0.0757,1,consoles_games,3.0
O01736,C00826,PI,teresina,delivered,2017-08-11 12:31:18,2017-08-13 08:31:18,2017-08-28 12:31:18,2017-08-25 12:31:18,1,17,14,1,13.48,6.04,0.4481,1,moveis_sala,2.0
O01738,C00691,MT,varzea grande,delivered,2017-04-24 04:00:07,2017-04-25 07:00:07,2017-05-09 04:00:07,2017-05-07 04:00:07,1,15,13,1,66.37,29.55,0.4452,1,fashion_roupa_feminina,3.0
O01741,C01825,ES,serra,delivered,2017-12-10 08:59:32,2017-12-11 19:59:32,2017-12-30 08:59:32,2017-12-24 08:59:32,1,20,14,1,273.01,22.41,0.0821,1,casa_escritorio,2.0
O01753,C01397,RN,caico,delivered,2018-04-28 09:23:52,2018-04-28 13:23:52,2018-05-06 09:23:52,2018-05-08 09:23:52,0,8,10,1,323.58,29.98,0.0927,1,livros_interesse,4.0
O01764,C01319,SE,aracaju,delivered,2016-10-14 13:47:31,2016-10-15 04:47:31,2016-11-12 13:47:31,2016-10-21 13:47:31,1,29,7,2,634.39,24.51,0.0382,1,casa_limpeza,4.0
O01768,C00878,MS,três lagoas,delivered,2016-11-10 20:21:25,2016-11-12 05:21:25,2016-12-07 20:21:25,2016-11-24 20:21:25,1,27,14,1,249.24,14.36,0.0576,1,perfumaria,3.0
O01789,C01816,BA,itabuna,delivered,2017-03-01 04:57:44,2017-03-01 10:57:44,2017-03-18 04:57:44,2017-03-13 04:57:44,1,17,12,1,445.79,11.06,0.0248,1,casa_limpeza,4.0
O01801,C01070,TO,palmas,delivered,2018-09-30 09:00:54,2018-10-02 08:00:54,2018-10-14 09:00:54,2018-10-23 09:00:54,0,14,23,3,540.33,90.59,0.3736,1,audio,5.0
O01833,C01954,SE,nossa senhora do socorro,delivered,2016-11-03 00:54:31,2016-11-04 01:54:31,2016-11-18 00:54:31,2016-11-12 00:54:31,1,15,9,1,269.64,22.53,0.0836,0,cama_mesa_banho,1.0
O01846,C00540,RN,mossoro,delivered,2017-08-09 16:40:52,2017-08-10 05:40:52,2017-09-06 16:40:52,2017-08-21 16:40:52,1,28,12,1,229.32,47.22,0.2059,1,consoles_games,3.0
O01848,C00577,MA,imperatriz,delivered,2018-08-18 00:49:47,2018-08-18 12:49:47,2018-09-11 00:49:47,2018-08-24 00:49:47,1,24,6,1,287.92,37.14,0.129,0,beleza_saude,3.0
O01862,C01558,PR,ponta grossa,delivered,2018-05-13 23:33:43,2018-05-15 14:33:43,2018-06-10 23:33:43,2018-05-29 23:33:43,1,28,16,1,96.53,12.35,0.1279,1,alimentos_bebidas,5.0
O01863,C01180,RO,porto velho,delivered,2018-04-16 07:24:14,2018-04-17 09:24:14,2018-05-03 07:24:14,2018-04-26 07:24:14,1,17,10,1,80.83,35.67,0.4413,1,sinalizacao_seguranca,1.0
O01875,C01514,PR,londrina,delivered,2017-06-01 17:53:25,2017-06-02 21:53:25,2017-06-20 17:53:25,2017-06-20 17:53:25,0,19,19,1,202.97,25.54,0.1258,1,malas_acessorios,5.0
O01881,C00833,SP,santos,delivered,2017-06-20 12:20:35,2017-06-21 01:20:35,2017-06-26 12:20:35,2017-07-03 12:20:35,0,6,13,2,584.02,62.04,0.112,1,moveis_jardim,5.0
O01894,C01980,TO,gurupi,delivered,2018-03-02 04:47:25,2018-03-03 23:47:25,2018-03-12 04:47:25,2018-03-11 04:47:25,1,10,9,2,496.59,42.51,0.0776,1,casa_utilidades,2.0
O01897,C00589,MA,timon,delivered,2018-03-19 19:38:20,2018-03-21 02:38:20,2018-04-17 19:38:20,2018-03-31 19:38:20,1,29,12,2,76.64,23.72,0.3116,1,casa_conforto,2.0
O01913,C01762,PA,belem,delivered,2017-06-14 00:57:16,2017-06-14 12:57:16,2017-06-28 00:57:16,2017-07-01 00:57:16,0,14,17,1,370.34,32.59,0.088,1,casa_limpeza,4.0
O01940,C01722,PB,joao pessoa,delivered,2017-07-21 02:59:00,2017-07-22 19:59:00,2017-08-15 02:59:00,2017-08-04 02:59:00,1,25,14,1,308.91,6.9,0.0223,1,casa_escritorio,3.0
O01956,C00734,PB,patos,delivered,2017-04-02 08:53:52,2017-04-03 21:53:52,2017-04-12 08:53:52,2017-04-17 08:53:52,0,10,15,1,147.54,40.28,0.273,1,casa_construcao,4.0
O01973,C00713,AC,cruzeiro do sul,delivered,2017-06-27 08:59:16,2017-06-28 03:59:16,2017-07-25 08:59:16,2017-07-15 08:59:16,1,28,18,1,363.73,33.17,0.0912,1,market_place,3.0
O01977,C01482,DF,samambaia,delivered,2017-08-14 02:40:23,2017-08-15 15:40:23,2017-08-17 02:40:23,2017-08-23 02:40:23,0,3,9,3,682.01,114.2,0.8989,1,casa_garagem,3.0
O01978,C01838,SE,aracaju,delivered,2018-03-07 16:07:22,2018-03-07 23:07:22,2018-03-13 16:07:22,2018-03-18 16:07:22,0,6,11,3,541.85,85.01,0.5581,1,consoles_games,5.0
O01980,C01083,AL,penedo,delivered,2018-05-02 08:08:31,2018-05-02 21:08:31,2018-05-15 08:08:31,2018-05-27 08:08:31,0,13,25,1,284.43,9.86,0.0347,1,papelaria,5.0
O01989,C00476,AC,cruzeiro do sul,delivered,2018-08-02 05:38:04,2018-08-04 03:38:04,2018-08-21 05:38:04,2018-08-19 05:38:04,1,19,17,1,480.76,16.9,0.0352,1,artes,5.0
O01993,C01325,MG,belo horizonte,delivered,2018-09-27 23:41:41,2018-09-29 04:41:41,2018-10-02 23:41:41,2018-10-16 23:41:41,0,5,19,1,385.29,31.8,0.0825,1,relogios_presentes,3.0
O01998,C01540,GO,aparecida de goiania,delivered,2018-02-06 03:50:53,2018-02-08 02:50:53,2018-03-05 03:50:53,2018-02-16 03:50:53,1,27,10,1,178.83,44.87,0.2509,1,relogios_presentes,4.0
O02015,C01917,GO,luziania,delivered,2017-06-12 02:08:19,2017-06-12 19:08:19,2017-06-26 02:08:19,2017-07-07 02:08:19,0,14,25,2,575.17,58.91,0.1188,1,fashion_bolsas,4.0
O02058,C01457,RN,natal,delivered,2018-04-02 15:24:51,2018-04-04 02:24:51,2018-04-18 15:24:51,2018-04-24 15:24:51,0,16,22,5,1305.04,112.58,0.3023,1,artigos_nautica,4.0
O02066,C01534,TO,paraíso do tocantins,delivered,2017-12-27 19:10:24,2017-12-29 19:10:24,2018-01-12 19:10:24,2018-01-05 19:10:24,1,16,9,2,392.18,71.25,1.1451,1,eletrodomesticos_2,2.0
O02070,C01253,CE,fortaleza,delivered,2017-09-28 22:07:27,2017-09-30 09:07:27,2017-10-04 22:07:27,2017-10-12 22:07:27,0,6,14,2,432.78,82.3,0.3336,1,brinquedos,5.0
O02075,C00228,TO,paraíso do tocantins,delivered,2016-10-01 22:00:54,2016-10-02 02:00:54,2016-10-17 22:00:54,2016-10-19 22:00:54,0,16,18,1,487.78,37.53,0.0769,1,cool_stuff,5.0
O02078,C01105,PR,londrina,delivered,2018-02-05 23:36:55,2018-02-06 12:36:55,2018-02-14 23:36:55,2018-02-13 23:36:55,1,9,8,2,702.74,26.21,0.046,1,moveis_decoracao,4.0
O02080,C00554,AL,delmiro gouveia,delivered,2017-09-15 11:06:44,2017-09-16 21:06:44,2017-10-05 11:06:44,2017-09-20 11:06:44,1,20,5,1,165.98,44.78,0.2698,1,moveis_cozinha,1.0
O02081,C01916,PE,jaboatao,delivered,2018-03-06 21:43:33,2018-03-08 09:43:33,2018-03-22 21:43:33,2018-03-30 21:43:33,0,16,24,2,310.14,68.4,0.2294,1,beleza_saude,5.0
O02109,C01152,AC,rio branco,delivered,2016-09-06 23:26:07,2016-09-08 11:26:07,2016-09-23 23:26:07,2016-09-20 23:26:07,1,17,14,1,428.48,36.09,0.0842,1,fashion_roupa_masculina,3.0
O02129,C00794,CE,sobral,delivered,2017-11-29 19:46:22,2017-11-30 02:46:22,2017-12-26 19:46:22,2017-12-22 19:46:22,1,27,23,1,67.2,29.24,0.4351,1,fashion_esporte,1.0
O02145,C01737,TO,porto nacional,delivered,2017-08-27 00:38:55,2017-08-28 11:38:55,2017-08-30 00:38:55,2017-09-16 00:38:55,0,3,20,1,225.17,21.83,0.0969,1,carnes,5.0
O02152,C01118,AM,itacoatiara,delivered,2017-09-18 17:44:27,2017-09-20 09:44:27,2017-10-01 17:44:27,2017-10-03 17:44:27,0,13,15,2,444.93,74.77,0.1998,1,casa_limpeza,5.0
O02155,C00832,RN,caico,delivered,2017-02-27 15:58:26,2017-03-01 00:58:26,2017-03-13 15:58:26,2017-03-23 15:58:26,0,14,24,1,124.83,47.72,0.3823,1,moveis_jardim,5.0
O02158,C00918,AM,parintins,delivered,2018-08-07 10:22:26,2018-08-08 06:22:26,2018-08-17 10:22:26,2018-08-23 10:22:26,0,10,16,1,287.54,38.02,0.1322,1,fashion_bolsas,5.0
O02162,C00941,SE,estancia,delivered,2017-07-07 19:37:02,2017-07-08 12:37:02,2017-07-29 19:37:02,2017-07-18 19:37:02,1,22,11,1,38.1,9.67,0.2538,1,perfumaria,4.0
O02163,C00076,RJ,niteroi,delivered,2018-01-31 20:56:09,2018-02-01 11:56:09,2018-02-20 20:56:09,2018-02-05 20:56:09,1,20,5,2,363.86,68.42,0.289,1,casa_quarto,3.0
O02167,C00972,AM,itacoatiara,delivered,2018-10-27 02:04:34,2018-10-28 13:04:34,2018-11-24 02:04:34,2018-11-18 02:04:34,1,28,22,3,293.67,89.95,0.3579,1,eletrodomesticos,1.0
O02168,C00140,ES,cariacica,delivered,2018-03-02 18:51:50,2018-03-03 06:51:50,2018-03-20 18:51:50,2018-03-13 18:51:50,1,18,11,1,139.13,8.71,0.0626,1,casa_escritorio,5.0
O02170,C00642,DF,brasilia,delivered,2017-06-10 00:16:29,2017-06-10 08:16:29,2017-06-22 00:16:29,2017-06-28 00:16:29,0,12,18,3,346.19,61.84,0.5213,1,casa_quarto,5.0
O02178,C01990,TO,porto nacional,delivered,2018-02-13 10:22:01,2018-02-13 14:22:01,2018-03-06 10:22:01,2018-03-08 10:22:01,0,21,23,1,498.57,17.72,0.0355,1,fraldas_higiene,4.0
O02194,C01308,ES,vila velha,delivered,2016-10-17 02:44:01,2016-10-17 16:44:01,2016-10-30 02:44:01,2016-11-04 02:44:01,0,13,18,1,202.25,43.93,0.2172,1,telefonia,4.0
O02200,C01199,GO,luziania,delivered,2017-07-20 16:34:50,2017-07-21 07:34:50,2017-08-03 16:34:50,2017-07-27 16:34:50,1,14,7,4,751.36,90.12,0.275,1,carnes,3.0
O02202,C01546,BA,ilheus,delivered,2018-08-23 20:30:19,2018-08-25 20:30:19,2018-09-21 20:30:19,2018-09-07 20:30:19,1,29,15,3,860.04,94.96,0.3814,1,beleza_saude,4.0
O02207,C00121,CE,juazeiro do norte,delivered,2018-01-23 16:05:07,2018-01-25 03:05:07,2018-02-22 16:05:07,2018-02-13 16:05:07,1,30,21,1,220.61,10.38,0.0471,1,pc_gamer,3.0
O02208,C01469,DF,ceilandia,delivered,2017-03-11 02:24:14,2017-03-11 05:24:14,2017-03-15 02:24:14,2017-03-20 02:24:14,0,4,9,1,357.02,17.3,0.0485,1,alimentos_bebidas,4.0
O02212,C00445,CE,juazeiro do norte,delivered,2018-02-24 15:41:37,2018-02-26 00:41:37,2018-03-11 15:41:37,2018-03-19 15:41:37,0,15,23,1,274.82,37.79,0.1375,1,moda_roupa,5.0
O02222,C01873,MT,tangara da serra,delivered,2017-09-23 09:20:12,2017-09-24 04:20:12,2017-09-28 09:20:12,2017-10-10 09:20:12,0,5,17,1,302.49,13.8,0.0456,1,instrumentos_musicais,4.0
O02231,C00929,AM,manaus,delivered,2017-02-28 07:00:07,2017-03-01 17:00:07,2017-03-10 07:00:07,2017-03-23 07:00:07,0,10,23,3,608.44,26.95,0.0489,1,consoles_games,5.0
O02237,C01703,AP,santana,delivered,2018-01-24 13:00:27,2018-01-26 00:00:27,2018-02-10 13:00:27,2018-02-02 13:00:27,1,17,9,1,116.85,19.85,0.1699,1,moveis_cozinha,1.0
O02240,C00246,SP,santos,delivered,2017-02-12 03:13:41,2017-02-13 04:13:41,2017-03-13 03:13:41,2017-02-25 03:13:41,1,29,13,2,780.02,38.97,0.0469,1,cool_stuff,3.0
O02253,C00761,PA,maraba,delivered,2017-09-09 03:13:52,2017-09-10 15:13:52,2017-09-13 03:13:52,2017-10-03 03:13:52,0,4,24,4,1295.82,76.0,0.0605,1,artes,5.0
O02270,C00925,AC,tarauaca,delivered,2017-05-25 16:08:30,2017-05-26 03:08:30,2017-06-03 16:08:30,2017-06-16 16:08:30,0,9,22,1,42.84,46.79,1.0922,1,beleza_saude,5.0
O02282,C01634,PR,curitiba,delivered,2018-09-08 01:09:49,2018-09-08 13:09:49,2018-09-11 01:09:49,2018-09-19 01:09:49,0,3,11,3,338.08,139.04,0.8688,1,artes,4.0
O02283,C01382,SE,lagarto,delivered,2017-06-11 16:59:52,2017-06-12 19:59:52,2017-06-25 16:59:52,2017-06-26 16:59:52,0,14,15,2,567.2,29.96,0.052,1,construcao_ferramentas,4.0
O02291,C00523,SC,sao jose,delivered,2018-09-15 01:16:37,2018-09-16 13:16:37,2018-10-04 01:16:37,2018-10-03 01:16:37,1,19,18,1,387.36,46.94,0.1212,1,casa_utilidades,3.0
O02323,C00196,TO,araguaina,delivered,2016-11-30 23:16:55,2016-12-02 11:16:55,2016-12-23 23:16:55,2016-12-05 23:16:55,1,23,5,3,1089.04,105.84,0.0971,1,audio,4.0
O02329,C01305,SC,sao jose,delivered,2017-06-27 06:38:20,2017-06-28 09:38:20,2017-07-07 06:38:20,2017-07-13 06:38:20,0,10,16,1,253.69,10.6,0.0418,1,artes,5.0
O02344,C00485,MG,uberlandia,delivered,2016-09-11 15:08:49,2016-09-12 15:08:49,2016-10-07 15:08:49,2016-10-06 15:08:49,1,26,25,3,764.6,90.73,0.2518,1,eletrodomesticos_2,4.0
O02352,C01801,RR,mucajai,delivered,2018-07-19 12:20:12,2018-07-20 15:20:12,2018-08-05 12:20:12,2018-08-09 12:20:12,0,17,21,2,591.46,96.7,0.1642,1,casa_garagem,5.0
O02356,C00223,AC,feijo,delivered,2017-12-16 04:08:39,2017-12-17 13:08:39,2017-12-28 04:08:39,2017-12-25 04:08:39,1,12,9,1,445.43,19.97,0.0448,1,fashion_calcados,5.0
O02357,C00258,AC,sena madureira,delivered,2017-09-01 12:22:36,2017-09-02 09:22:36,2017-09-29 12:22:36,2017-09-12 12:22:36,1,28,11,2,402.98,52.52,0.1301,1,casa_utilidades,3.0
O02376,C01869,RO,ji-parana,delivered,2016-11-16 21:26:36,2016-11-17 03:26:36,2016-11-27 21:26:36,2016-11-22 21:26:36,1,11,6,1,286.32,36.01,0.1258,1,eletronicos,3.0
O02378,C00493,AM,manacapuru,delivered,2017-02-14 02:55:51,2017-02-15 23:55:51,2017-02-20 02:55:51,2017-03-09 02:55:51,0,6,23,2,224.08,21.47,0.0968,1,cool_stuff,5.0
O02383,C01777,CE,sobral,delivered,2018-03-21 11:27:25,2018-03-21 12:27:25,2018-03-26 11:27:25,2018-04-01 11:27:25,0,5,11,2,430.57,30.58,0.1051,1,casa_quarto,4.0
O02392,C01097,RJ,nova iguaçu,delivered,2017-07-05 12:41:17,2017-07-06 20:41:17,2017-07-15 12:41:17,2017-07-11 12:41:17,1,10,6,1,62.3,23.26,0.3734,1,moveis_escritorio,4.0
O02413,C01368,AL,rio largo,delivered,2018-01-26 15:05:58,2018-01-27 06:05:58,2018-01-31 15:05:58,2018-02-02 15:05:58,0,5,7,1,314.96,46.06,0.1462,1,casa_escritorio,5.0
O02414,C00007,TO,paraíso do tocantins,delivered,2018-01-20 04:37:46,2018-01-20 06:37:46,2018-02-16 04:37:46,2018-02-02 04:37:46,1,27,13,1,32.73,20.66,0.6312,1,casa_banheiro,4.0
O02416,C01036,AL,rio largo,delivered,2018-06-22 09:59:44,2018-06-22 17:59:44,2018-07-02 09:59:44,2018-07-14 09:59:44,0,10,22,3,738.42,95.34,0.6594,1,brinquedos,4.0
O02419,C01654,GO,goiania,delivered,2017-01-31 23:37:16,2017-02-01 08:37:16,2017-02-14 23:37:16,2017-02-23 23:37:16,0,14,23,1,369.49,46.49,0.1258,1,livros_interesse,5.0
O02429,C00033,PB,patos,delivered,2017-06-16 11:51:35,2017-06-17 16:51:35,2017-06-21 11:51:35,2017-06-30 11:51:35,0,5,14,1,41.9,19.03,0.4542,1,fashion_esporte,5.0
O02443,C01960,DF,guara,delivered,2018-01-22 13:18:30,2018-01-24 04:18:30,2018-02-07 13:18:30,2018-02-04 13:18:30,1,16,13,2,531.19,70.29,0.1769,1,carnes,5.0
O02465,C01154,PA,belem,delivered,2017-11-07 20:20:32,2017-11-09 01:20:32,2017-11-17 20:20:32,2017-11-29 20:20:32,0,10,22,1,311.32,6.98,0.0224,1,perfumaria,2.0
O02473,C00927,SE,aracaju,delivered,2018-05-07 19:37:13,2018-05-09 13:37:13,2018-05-15 19:37:13,2018-05-26 19:37:13,0,8,19,2,766.61,53.22,0.0695,1,casa_banheiro,4.0
O02474,C01768,AC,feijo,delivered,2017-05-17 04:33:02,2017-05-18 16:33:02,2017-05-31 04:33:02,2017-05-28 04:33:02,1,14,11,1,386.55,39.67,0.1026,1,alimentos_bebidas,2.0
O02475,C01205,RJ,campos,delivered,2018-10-01 00:38:08,2018-10-01 17:38:08,2018-10-24 00:38:08,2018-10-24 00:38:08,0,23,23,1,177.95,17.38,0.0977,1,casa_outros,5.0
O02497,C00762,TO,araguaina,delivered,2017-11-06 15:11:32,2017-11-07 02:11:32,2017-11-09 15:11:32,2017-11-23 15:11:32,0,3,17,4,1229.03,116.15,0.1183,1,alimentos_bebidas,5.0
O02519,C01304,SC,criciuma,delivered,2018-10-23 02:12:24,2018-10-24 01:12:24,2018-11-11 02:12:24,2018-11-03 02:12:24,1,19,11,2,671.62,77.4,0.1287,1,moveis_jardim,3.0
O02520,C01699,TO,paraíso do tocantins,delivered,2017-05-25 21:01:40,2017-05-26 18:01:40,2017-06-19 21:01:40,2017-06-14 21:01:40,1,25,20,1,395.17,13.96,0.0353,1,consoles_games,1.0
O02546,C00422,AC,rio branco,delivered,2017-07-05 22:27:09,2017-07-07 01:27:09,2017-07-28 22:27:09,2017-07-29 22:27:09,0,23,24,1,477.26,29.04,0.0608,1,seguros_servicos,4.0
O02553,C01997,MA,caxias,delivered,2016-11-09 21:49:46,2016-11-10 15:49:46,2016-12-07 21:49:46,2016-11-16 21:49:46,1,28,7,1,402.05,40.25,0.1001,1,carnes,2.0
O02556,C00354,AL,rio largo,delivered,2017-12-10 16:35:54,2017-12-12 13:35:54,2017-12-18 16:35:54,2017-12-24 16:35:54,0,8,14,2,157.08,23.95,0.1644,1,cool_stuff,1.0
O02559,C01600,PI,picos,delivered,2018-02-03 18:41:40,2018-02-04 07:41:40,2018-02-18 18:41:40,2018-02-26 18:41:40,0,15,23,2,445.75,44.25,0.0991,1,beleza_saude,5.0
O02569,C01001,PB,joao pessoa,delivered,2018-05-31 18:58:48,2018-06-02 18:58:48,2018-06-10 18:58:48,2018-06-19 18:58:48,0,10,19,3,1102.52,95.44,0.0892,1,consoles_games,4.0
O02582,C01675,PB,joao pessoa,delivered,2018-05-22 10:46:25,2018-05-23 17:46:25,2018-05-28 10:46:25,2018-06-13 10:46:25,0,6,22,2,956.11,61.95,0.0649,1,fashion_esporte,4.0
O02587,C01656,AL,arapiraca,delivered,2016-11-12 12:45:37,2016-11-13 13:45:37,2016-11-21 12:45:37,2016-12-05 12:45:37,0,9,23,2,357.14,84.88,0.2553,1,livros_interesse,5.0
O02591,C00620,BA,salvador,delivered,2017-04-03 10:53:24,2017-04-03 19:53:24,2017-04-28 10:53:24,2017-04-22 10:53:24,1,25,19,2,413.71,89.41,0.2551,1,fashion_esporte,2.0
O02606,C00368,AC,rio branco,delivered,2016-12-08 15:48:07,2016-12-10 07:48:07,2016-12-28 15:48:07,2016-12-27 15:48:07,1,20,19,2,383.55,80.33,0.4451,1,carnes,1.0
O02615,C00320,DF,guara,delivered,2018-06-03 10:24:04,2018-06-05 03:24:04,2018-06-20 10:24:04,2018-06-09 10:24:04,1,17,6,1,83.55,20.57,0.2462,1,casa_outros,1.0
O02669,C00758,PB,campina grande,delivered,2018-05-18 22:45:55,2018-05-20 09:45:55,2018-05-21 22:45:55,2018-05-25 22:45:55,0,3,7,3,821.14,28.21,0.0341,1,ferramentas_jardim,4.0
O02679,C01979,GO,aparecida de goiania,delivered,2016-11-09 21:17:35,2016-11-10 07:17:35,2016-12-08 21:17:35,2016-12-03 21:17:35,1,29,24,1,446.74,14.57,0.0326,1,casa_garagem,3.0
O02692,C01834,CE,maracanau,delivered,2018-08-03 23:44:41,2018-08-04 16:44:41,2018-08-31 23:44:41,2018-08-27 23:44:41,1,28,24,2,802.75,92.84,0.119,1,cama_mesa_banho,2.0
O02724,C01535,PI,floriano,delivered,2018-04-21 02:15:06,2018-04-21 07:15:06,2018-05-03 02:15:06,2018-04-26 02:15:06,1,12,5,1,64.53,21.85,0.3386,1,eletroportateis,2.0
O02733,C00538,PI,parnaiba,delivered,2018-02-09 13:35:02,2018-02-10 00:35:02,2018-03-08 13:35:02,2018-02-28 13:35:02,1,27,19,1,127.19,49.76,0.3912,1,relogios_presentes,3.0
O02735,C00474,AP,porto grande,delivered,2017-02-22 03:54:33,2017-02-23 16:54:33,2017-03-02 03:54:33,2017-03-11 03:54:33,0,8,17,1,459.23,22.36,0.0487,1,portateis_cozinha,5.0
O02741,C01053,PI,picos,delivered,2017-01-19 16:25:52,2017-01-20 00:25:52,2017-02-11 16:25:52,2017-02-10 16:25:52,1,23,22,1,320.39,42.08,0.1313,1,malas_acessorios,1.0
O02747,C00837,CE,maracanau,delivered,2017-02-07 07:18:03,2017-02-08 10:18:03,2017-02-19 07:18:03,2017-03-01 07:18:03,0,12,22,2,430.81,76.28,0.1994,1,cds_dvds_musicais,5.0
O02752,C01392,TO,palmas,delivered,2017-01-19 01:38:13,2017-01-20 05:38:13,2017-01-25 01:38:13,2017-02-03 01:38:13,0,6,15,1,272.67,24.27,0.089,1,construcao_ferramentas,5.0
O02762,C00677,MS,ponta pora,delivered,2018-04-27 06:29:09,2018-04-27 14:29:09,2018-05-06 06:29:09,2018-05-12 06:29:09,0,9,15,1,335.59,8.46,0.0252,1,ferramentas_jardim,4.0
O02764,C00811,ES,cariacica,delivered,2016-09-11 17:49:52,2016-09-12 17:49:52,2016-09-15 17:49:52,2016-09-21 17:49:52,0,4,10,1,431.48,23.79,0.0551,1,construcao_ferramentas,5.0
O02769,C01414,MG,juiz de fora,delivered,2018-09-15 04:34:34,2018-09-15 18:34:34,2018-09-22 04:34:34,2018-09-26 04:34:34,0,7,11,1,167.71,42.56,0.2538,0,fashion_calcados,4.0
O02792,C01491,GO,rio verde,delivered,2016-10-29 09:35:22,2016-10-31 02:35:22,2016-11-23 09:35:22,2016-11-12 09:35:22,1,25,14,1,466.8,35.61,0.0763,1,casa_conforto,1.0
O02812,C01992,SP,ribeirao preto,delivered,2017-12-17 12:52:04,2017-12-18 20:52:04,2018-01-15 12:52:04,2018-01-11 12:52:04,1,29,25,1,122.9,15.22,0.1238,1,casa_cozinha,3.0
O02837,C00873,AL,delmiro gouveia,delivered,2016-09-27 09:22:46,2016-09-28 18:22:46,2016-10-26 09:22:46,2016-10-12 09:22:46,1,29,15,1,205.18,41.86,0.204,1,eletroportateis,1.0
O02842,C01498,PR,londrina,delivered,2016-11-15 08:38:02,2016-11-16 19:38:02,2016-12-05 08:38:02,2016-11-27 08:38:02,1,20,12,3,823.93,72.06,0.1149,1,automotivo,3.0
O02846,C00690,MG,juiz de fora,delivered,2017-04-26 10:54:21,2017-04-27 22:54:21,2017-05-05 10:54:21,2017-05-12 10:54:21,0,9,16,2,366.54,49.74,0.1724,1,fashion_roupa_masculina,4.0
O02852,C00346,ES,cariacica,delivered,2017-09-25 21:00:48,2017-09-26 15:00:48,2017-10-25 21:00:48,2017-10-01 21:00:48,1,30,6,1,86.06,6.05,0.0703,1,portateis_casa_forno_cafe,2.0
O02853,C01642,PA,belem,delivered,2017-08-29 08:52:18,2017-08-29 14:52:18,2017-09-17 08:52:18,2017-09-22 08:52:18,0,19,24,1,321.62,41.43,0.1288,1,cool_stuff,3.0
O02869,C01596,CE,sobral,delivered,2017-04-16 20:40:45,2017-04-17 21:40:45,2017-05-15 20:40:45,2017-05-01 20:40:45,1,29,15,1,390.26,44.93,0.1151,1,casa_escritorio,2.0
O02897,C01996,BA,salvador,delivered,2017-06-24 17:19:43,2017-06-25 15:19:43,2017-07-11 17:19:43,2017-06-29 17:19:43,1,17,5,3,440.65,81.82,0.2477,1,fashion_calcados,2.0
O02898,C01640,MA,timon,delivered,2018-09-27 06:39:02,2018-09-28 11:39:02,2018-10-03 06:39:02,2018-10-07 06:39:02,0,6,10,1,485.86,42.0,0.0864,1,papelaria,5.0
O02899,C01721,AC,feijo,delivered,2017-08-05 16:23:25,2017-08-05 23:23:25,2017-08-18 16:23:25,2017-08-30 16:23:25,0,13,25,1,18.8,28.5,1.516,1,dvds_blu_ray,5.0
O02904,C00638,BA,itabuna,delivered,2016-12-09 06:02:38,2016-12-10 02:02:38,2016-12-13 06:02:38,2017-01-03 06:02:38,0,4,25,2,629.76,48.85,0.0868,1,papelaria,4.0
O02908,C01233,RO,vilhena,delivered,2016-12-25 23:04:15,2016-12-27 23:04:15,2017-01-17 23:04:15,2017-01-13 23:04:15,1,23,19,1,13.61,16.13,1.1852,1,casa_limpeza,5.0
O02910,C00476,AC,cruzeiro do sul,delivered,2017-12-14 23:59:57,2017-12-16 16:59:57,2017-12-30 23:59:57,2018-01-04 23:59:57,0,16,21,1,418.7,25.25,0.0603,1,ferramentas_jardim,5.0
O02926,C00708,ES,vila velha,delivered,2018-03-09 04:06:13,2018-03-10 15:06:13,2018-03-14 04:06:13,2018-04-03 04:06:13,0,5,25,3,549.78,50.22,0.3402,1,cama_mesa_banho,4.0
O02934,C01212,MS,campo grande,delivered,2017-03-14 18:18:58,2017-03-16 05:18:58,2017-04-07 18:18:58,2017-04-08 18:18:58,0,24,25,1,285.44,9.58,0.0336,1,moveis_jardim,5.0
O02969,C00665,PA,anamideua,delivered,2017-01-22 01:42:26,2017-01-22 06:42:26,2017-02-07 01:42:26,2017-02-11 01:42:26,0,16,20,1,191.1,44.02,0.2304,1,casa_limpeza,4.0
O02978,C01964,RR,boa vista,delivered,2018-10-21 03:27:59,2018-10-22 07:27:59,2018-11-13 03:27:59,2018-11-05 03:27:59,1,23,15,2,499.05,62.07,0.127,1,artes,2.0
O02984,C01739,PI,parnaiba,delivered,2017-04-07 11:47:39,2017-04-07 20:47:39,2017-04-14 11:47:39,2017-04-20 11:47:39,0,7,13,1,461.78,31.56,0.0683,1,flores,5.0
O02988,C01742,SC,florianopolis,delivered,2016-12-27 07:48:01,2016-12-27 15:48:01,2017-01-07 07:48:01,2017-01-18 07:48:01,0,11,22,2,542.33,56.29,0.2645,1,instrumentos_musicais,3.0
O02995,C01196,AL,rio largo,delivered,2018-07-01 01:22:03,2018-07-02 05:22:03,2018-07-09 01:22:03,2018-07-07 01:22:03,1,8,6,2,399.35,47.08,0.1691,1,moveis_decoracao,2.0
O03007,C01189,BA,salvador,delivered,2018-05-27 08:58:58,2018-05-27 17:58:58,2018-06-23 08:58:58,2018-06-19 08:58:58,1,27,23,1,114.73,9.48,0.0826,1,casa_outros,1.0
O03010,C00610,RN,parnamirim,delivered,2017-02-08 09:43:41,2017-02-09 07:43:41,2017-02-16 09:43:41,2017-03-05 09:43:41,0,8,25,1,200.55,13.29,0.0663,1,relogios_presentes,5.0
O03033,C00844,SE,nossa senhora do socorro,delivered,2017-08-15 06:38:50,2017-08-15 20:38:50,2017-09-06 06:38:50,2017-08-23 06:38:50,1,22,8,5,551.61,115.43,0.4732,1,casa_escritorio,3.0
O03042,C00187,AM,manaus,delivered,2017-02-09 03:18:56,2017-02-10 05:18:56,2017-02-21 03:18:56,2017-03-04 03:18:56,0,12,23,1,189.77,49.46,0.2606,1,casa_jardim,5.0
O03069,C00566,ES,vitoria,delivered,2018-03-12 12:18:57,2018-03-13 16:18:57,2018-03-24 12:18:57,2018-04-02 12:18:57,0,12,21,2,498.58,22.79,0.0438,1,consoles_games,1.0
O03074,C00320,DF,guara,delivered,2018-04-29 09:40:33,2018-04-30 11:40:33,2018-05-22 09:40:33,2018-05-15 09:40:33,1,23,16,2,671.76,64.39,0.1074,1,casa_cozinha,2.0
O03083,C01783,AP,santana,delivered,2017-05-09 15:06:28,2017-05-10 00:06:28,2017-05-29 15:06:28,2017-05-18 15:06:28,1,20,9,1,266.99,13.65,0.0511,1,moveis_cozinha,3.0
O03084,C00371,PI,teresina,delivered,2017-05-30 20:04:16,2017-06-01 08:04:16,2017-06-02 20:04:16,2017-06-21 20:04:16,0,3,22,2,271.88,85.29,0.3174,1,bebes,5.0
O03093,C01227,RS,canoas,delivered,2018-08-23 08:38:33,2018-08-24 18:38:33,2018-08-30 08:38:33,2018-09-14 08:38:33,0,7,22,3,597.55,55.33,0.1041,1,fashion_esporte,1.0
O03097,C00538,PI,parnaiba,delivered,2017-11-22 06:06:28,2017-11-23 13:06:28,2017-12-20 06:06:28,2017-12-11 06:06:28,1,28,19,1,79.91,9.55,0.1195,1,fraldas_higiene,3.0
O03099,C01045,PE,jaboatao,delivered,2017-08-13 20:12:28,2017-08-13 22:12:28,2017-09-09 20:12:28,2017-08-29 20:12:28,1,27,16,2,816.98,51.02,0.058,1,cool_stuff,4.0
O03101,C00952,TO,araguaina,delivered,2017-02-27 06:44:52,2017-03-01 01:44:52,2017-03-09 06:44:52,2017-03-23 06:44:52,0,10,24,1,327.45,6.46,0.0197,1,eletrodomesticos_2,5.0
O03125,C00437,SC,sao jose,delivered,2017-08-11 06:42:47,2017-08-13 01:42:47,2017-09-08 06:42:47,2017-08-26 06:42:47,1,28,15,2,585.78,30.56,0.0724,1,casa_iluminacao,3.0
O03129,C01229,SP,ribeirao preto,delivered,2017-01-19 19:31:23,2017-01-21 00:31:23,2017-02-06 19:31:23,2017-02-02 19:31:23,1,18,14,1,152.21,22.38,0.147,1,carnes,1.0
O03145,C01663,PI,teresina,delivered,2017-04-10 13:30:06,2017-04-11 04:30:06,2017-05-08 13:30:06,2017-04-26 13:30:06,1,28,16,1,105.64,42.47,0.402,1,malas_acessorios,1.0
O03150,C01260,MS,ponta pora,delivered,2017-12-04 08:48:20,2017-12-05 07:48:20,2017-12-26 08:48:20,2017-12-12 08:48:20,1,22,8,3,689.31,70.9,1.0586,1,casa_lavanderia,3.0
O03157,C00801,SC,sao jose,delivered,2018-09-14 06:17:51,2018-09-15 23:17:51,2018-10-01 06:17:51,2018-09-19 06:17:51,1,17,5,1,464.9,12.6,0.0271,1,cds_dvds_musicais,1.0
O03165,C01860,PR,maringa,delivered,2017-04-19 16:34:48,2017-04-20 08:34:48,2017-04-24 16:34:48,2017-04-30 16:34:48,0,5,11,1,351.48,32.62,0.0928,1,casa_garagem,5.0
O03174,C00131,TO,porto nacional,delivered,2017-04-13 11:20:50,2017-04-14 19:20:50,2017-04-24 11:20:50,2017-04-28 11:20:50,0,11,15,4,1286.55,95.27,0.0806,1,casa_garagem,5.0
O03202,C00867,AL,delmiro gouveia,delivered,2018-08-03 03:52:40,2018-08-04 23:52:40,2018-08-06 03:52:40,2018-08-24 03:52:40,0,3,21,1,170.26,46.3,0.2719,1,esporte_lazer,5.0
O03219,C01908,SC,sao jose,delivered,2018-01-07 14:59:40,2018-01-08 15:59:40,2018-01-13 14:59:40,2018-01-27 14:59:40,0,6,20,1,235.17,39.38,0.1675,1,casa_escritorio,5.0
O03230,C01118,AM,itacoatiara,delivered,2018-03-29 04:20:23,2018-03-29 20:20:23,2018-04-08 04:20:23,2018-04-10 04:20:23,0,10,12,1,476.11,26.01,0.0546,1,pc_gamer,4.0
O03237,C00455,CE,juazeiro do norte,delivered,2017-10-02 04:48:50,2017-10-03 01:48:50,2017-10-16 04:48:50,2017-10-08 04:48:50,1,14,6,1,300.52,18.69,0.0622,1,carnes,3.0
O03242,C01138,SC,criciuma,delivered,2017-05-18 07:07:30,2017-05-19 14:07:30,2017-06-05 07:07:30,2017-06-06 07:07:30,0,18,19,1,370.62,43.36,0.117,1,casa_jardim,5.0
O03290,C01094,PB,bayeux,delivered,2016-10-09 10:05:45,2016-10-10 19:05:45,2016-10-14 10:05:45,2016-10-18 10:05:45,0,5,9,3,572.97,63.59,0.5745,1,casa_outros,3.0
O03293,C01576,SE,itabaiana,delivered,2018-08-13 11:25:21,2018-08-13 12:25:21,2018-09-07 11:25:21,2018-08-25 11:25:21,1,25,12,1,182.79,28.53,0.1561,1,casa_escritorio,5.0
O03307,C01055,PR,maringa,delivered,2016-09-18 09:18:27,2016-09-19 22:18:27,2016-09-27 09:18:27,2016-10-07 09:18:27,0,9,19,2,243.96,57.51,0.2078,1,consoles_games,1.0
O03311,C01656,AL,arapiraca,delivered,2018-01-07 23:34:03,2018-01-09 12:34:03,2018-01-14 23:34:03,2018-01-22 23:34:03,0,7,15,2,408.23,68.91,0.1681,1,consoles_games,4.0
O03313,C01996,BA,salvador,delivered,2018-10-11 12:25:41,2018-10-12 13:25:41,2018-10-31 12:25:41,2018-10-22 12:25:41,1,20,11,3,620.87,57.84,0.1179,1,brinquedos,1.0
O03321,C01077,CE,fortaleza,delivered,2018-06-28 16:46:33,2018-06-28 19:46:33,2018-07-21 16:46:33,2018-07-14 16:46:33,1,23,16,2,232.08,31.04,0.1444,1,cama_mesa_banho,3.0
O03325,C00478,DF,ceilandia,delivered,2016-09-26 21:08:29,2016-09-27 07:08:29,2016-09-29 21:08:29,2016-10-04 21:08:29,0,3,8,2,799.08,64.78,0.0915,1,alimentos_bebidas,5.0
O03327,C01039,MA,sao luis,delivered,2018-05-02 01:22:57,2018-05-03 18:22:57,2018-05-13 01:22:57,2018-05-12 01:22:57,1,11,10,1,347.22,47.95,0.1381,1,construcao_ferramentas,4.0
O03344,C01342,AL,maceio,delivered,2018-06-29 08:46:12,2018-07-01 01:46:12,2018-07-15 08:46:12,2018-07-19 08:46:12,0,16,20,1,228.83,11.94,0.0522,1,casa_conforto_2,5.0
O03353,C00066,AC,rio branco,delivered,2017-05-30 15:34:07,2017-06-01 02:34:07,2017-06-16 15:34:07,2017-06-09 15:34:07,1,17,10,3,1212.03,45.74,0.0401,1,casa_conforto,1.0
O03355,C01880,TO,gurupi,delivered,2017-07-02 17:02:24,2017-07-04 06:02:24,2017-07-19 17:02:24,2017-07-21 17:02:24,0,17,19,2,258.93,44.78,0.2256,1,alimentos_bebidas,5.0
O03377,C01973,RS,canoas,delivered,2018-06-20 09:14:04,2018-06-22 08:14:04,2018-07-20 09:14:04,2018-06-30 09:14:04,1,30,10,2,497.28,43.36,0.0881,1,cama_mesa_banho,3.0
O03379,C00059,DF,brasilia,delivered,2017-10-06 01:44:01,2017-10-07 11:44:01,2017-11-03 01:44:01,2017-10-31 01:44:01,1,28,25,1,150.35,39.18,0.2606,1,artigos_nautica,3.0
O03382,C00042,AM,parintins,delivered,2017-08-31 20:38:21,2017-09-02 12:38:21,2017-09-05 20:38:21,2017-09-18 20:38:21,0,5,18,1,310.98,30.42,0.0978,1,construcao_ferramentas,4.0
O03392,C00956,PE,caruaru,delivered,2017-06-15 02:02:35,2017-06-16 17:02:35,2017-06-21 02:02:35,2017-06-30 02:02:35,0,6,15,2,177.78,70.86,0.4358,1,cool_stuff,1.0
O03407,C00710,DF,ceilandia,delivered,2017-01-04 18:58:21,2017-01-05 18:58:21,2017-01-08 18:58:21,2017-01-17 18:58:21,0,4,13,1,152.11,35.75,0.235,1,instrumentos_musicais,5.0
O03414,C00560,MS,corumba,delivered,2018-05-27 22:35:02,2018-05-29 18:35:02,2018-06-20 22:35:02,2018-06-12 22:35:02,1,24,16,1,336.81,28.41,0.0844,1,relogios_presentes,3.0
O03427,C00095,PB,santa rita,delivered,2016-11-06 09:31:40,2016-11-06 11:31:40,2016-11-11 09:31:40,2016-11-19 09:31:40,0,5,13,4,879.7,80.43,0.1195,1,casa_conforto,5.0
O03440,C01892,GO,goiania,delivered,2018-07-17 11:28:43,2018-07-18 22:28:43,2018-07-20 11:28:43,2018-08-02 11:28:43,0,3,16,3,563.14,82.74,0.6024,1,construcao_ferramentas,1.0
O03444,C01367,PA,castanhal,delivered,2018-04-15 12:32:07,2018-04-15 17:32:07,2018-05-13 12:32:07,2018-05-02 12:32:07,1,28,17,1,458.9,39.6,0.0863,1,consoles_games,3.0
O03448,C00768,RN,natal,delivered,2017-06-16 06:30:26,2017-06-17 01:30:26,2017-06-22 06:30:26,2017-07-10 06:30:26,0,6,24,2,847.59,41.5,0.0489,1,la_cuisine,4.0
O03453,C00058,SP,sao paulo,delivered,2017-11-07 07:55:23,2017-11-08 18:55:23,2017-12-01 07:55:23,2017-12-01 07:55:23,0,24,24,1,140.01,10.27,0.0734,1,perfumaria,5.0
O03457,C01217,MS,ponta pora,delivered,2017-02-24 11:52:00,2017-02-26 06:52:00,2017-03-14 11:52:00,2017-03-02 11:52:00,1,18,6,1,231.74,9.71,0.0419,1,livros_interesse,2.0
O03459,C01860,PR,maringa,delivered,2017-10-16 10:55:33,2017-10-16 14:55:33,2017-11-09 10:55:33,2017-10-25 10:55:33,1,24,9,1,284.26,46.35,0.1631,1,fashion_esporte,2.0
O03481,C00675,RR,rorainopolis,delivered,2017-10-21 22:50:56,2017-10-23 12:50:56,2017-11-20 22:50:56,2017-10-27 22:50:56,1,30,6,1,448.74,15.43,0.0344,1,casa_limpeza,2.0
O03494,C01236,SC,florianopolis,delivered,2017-09-12 11:53:21,2017-09-12 12:53:21,2017-10-10 11:53:21,2017-10-02 11:53:21,1,28,20,1,81.75,21.18,0.2591,1,eletronicos,3.0
O03552,C01818,RN,mossoro,delivered,2018-07-08 15:38:20,2018-07-10 04:38:20,2018-07-11 15:38:20,2018-07-21 15:38:20,0,3,13,1,294.96,44.23,0.15,1,fashion_underwear,4.0
O03561,C01060,RJ,nova iguaçu,delivered,2017-11-21 15:36:03,2017-11-23 04:36:03,2017-12-17 15:36:03,2017-12-09 15:36:03,1,26,18,1,248.6,6.64,0.0267,1,sinalizacao_seguranca,2.0
O03592,C01341,RN,caico,delivered,2018-06-19 14:08:48,2018-06-20 14:08:48,2018-06-27 14:08:48,2018-06-30 14:08:48,0,8,11,2,505.28,28.83,0.0569,1,casa_conforto_2,4.0
O03594,C01400,SC,criciuma,delivered,2016-09-21 22:31:28,2016-09-22 01:31:28,2016-09-24 22:31:28,2016-10-14 22:31:28,0,3,23,5,1216.25,159.13,0.2076,1,alimentos_bebidas,2.0
O03596,C01198,RO,porto velho,delivered,2018-03-16 20:09:03,2018-03-17 23:09:03,2018-04-07 20:09:03,2018-04-09 20:09:03,0,22,24,3,909.73,73.5,0.1096,1,alimentos_bebidas,5.0
O03645,C01224,RO,vilhena,delivered,2017-01-31 16:09:48,2017-02-01 02:09:48,2017-02-22 16:09:48,2017-02-24 16:09:48,0,22,24,1,448.0,47.24,0.1054,1,portateis_casa_forno_cafe,5.0
O03663,C01941,RS,porto alegre,delivered,2018-05-14 11:57:58,2018-05-14 13:57:58,2018-05-18 11:57:58,2018-05-28 11:57:58,0,4,14,2,773.04,76.76,0.1137,1,artes,5.0
O03684,C01808,PE,caruaru,delivered,2017-01-23 10:23:12,2017-01-25 10:23:12,2017-02-01 10:23:12,2017-02-17 10:23:12,0,9,25,1,39.67,32.43,0.8175,1,informatica_acessorios,5.0
O03690,C01846,RS,santa maria,delivered,2016-09-03 12:02:25,2016-09-03 20:02:25,2016-09-10 12:02:25,2016-09-15 12:02:25,0,7,12,2,286.31,39.89,0.49,1,casa_construcao,3.0
O03701,C00909,SE,lagarto,delivered,2018-01-16 02:54:28,2018-01-16 10:54:28,2018-02-08 02:54:28,2018-01-24 02:54:28,1,23,8,1,193.15,47.66,0.2468,1,perfumaria,2.0
O03714,C00403,AC,rio branco,delivered,2017-12-11 01:15:42,2017-12-12 13:15:42,2018-01-09 01:15:42,2017-12-26 01:15:42,1,29,15,1,465.6,38.06,0.0817,1,eletronicos,1.0
O03715,C01783,AP,santana,delivered,2017-08-07 11:22:57,2017-08-08 16:22:57,2017-08-21 11:22:57,2017-08-28 11:22:57,0,14,21,1,42.0,9.15,0.2179,1,portateis_cozinha,5.0
O03744,C00545,BA,itabuna,delivered,2016-11-23 12:37:22,2016-11-24 20:37:22,2016-12-18 12:37:22,2016-12-05 12:37:22,1,25,12,1,169.62,26.28,0.1549,1,carnes,1.0
O03745,C00612,MA,sao luis,delivered,2017-02-22 20:17:28,2017-02-23 19:17:28,2017-03-15 20:17:28,2017-03-13 20:17:28,1,21,19,2,388.9,77.08,0.1957,1,eletrodomesticos_2,1.0
O03756,C01132,AP,laranjal do jari,delivered,2016-09-28 10:08:58,2016-09-30 06:08:58,2016-10-26 10:08:58,2016-10-14 10:08:58,1,28,16,1,330.76,23.06,0.0697,1,brinquedos,1.0
O03758,C01339,CE,fortaleza,delivered,2018-05-29 00:34:41,2018-05-30 02:34:41,2018-06-26 00:34:41,2018-06-19 00:34:41,1,28,21,2,235.22,65.45,0.4213,1,beleza_saude,5.0
O03760,C00841,AC,cruzeiro do sul,delivered,2017-05-19 10:13:53,2017-05-20 02:13:53,2017-06-14 10:13:53,2017-06-13 10:13:53,1,26,25,1,117.94,18.64,0.158,1,casa_banheiro,3.0
O03767,C00252,GO,aparecida de goiania,delivered,2018-08-18 21:12:08,2018-08-18 23:12:08,2018-09-16 21:12:08,2018-09-04 21:12:08,1,29,17,1,478.6,7.43,0.0155,1,ferramentas_jardim,3.0
O03774,C00869,MA,imperatriz,delivered,2018-07-24 13:07:35,2018-07-25 15:07:35,2018-08-07 13:07:35,2018-08-04 13:07:35,1,14,11,2,516.06,70.01,0.9413,1,moveis_decoracao,4.0
O03780,C00153,SE,aracaju,delivered,2017-10-28 16:48:29,2017-10-29 05:48:29,2017-11-14 16:48:29,2017-11-11 16:48:29,1,17,14,1,433.63,12.99,0.03,1,moda_roupa,2.0
O03802,C01051,AC,rio branco,delivered,2017-12-12 10:40:19,2017-12-12 17:40:19,2017-12-23 10:40:19,2018-01-01 10:40:19,0,11,20,3,1074.35,64.67,0.056,1,casa_construcao,5.0
O03814,C00809,PE,petrolina,delivered,2016-11-16 14:59:48,2016-11-18 09:59:48,2016-12-05 14:59:48,2016-12-03 14:59:48,1,19,17,1,461.41,11.3,0.0245,0,casa_conforto_2,2.0
O03835,C01795,RS,pelotas,delivered,2017-05-12 02:15:39,2017-05-14 02:15:39,2017-05-16 02:15:39,2017-05-19 02:15:39,0,4,7,1,221.61,33.2,0.1498,1,moveis_sala,5.0
O03843,C00519,BA,vitoria da conquista,delivered,2017-08-27 04:19:54,2017-08-28 21:19:54,2017-09-17 04:19:54,2017-09-11 04:19:54,1,21,15,1,368.99,7.62,0.0207,1,fashion_calcados,4.0
O03844,C00428,RS,caxias do sul,delivered,2017-09-07 09:05:36,2017-09-08 14:05:36,2017-09-18 09:05:36,2017-09-15 09:05:36,1,11,8,1,81.77,35.48,0.4339,1,casa_banheiro,5.0
O03855,C01731,RS,caxias do sul,delivered,2017-11-24 17:43:05,2017-11-25 04:43:05,2017-12-11 17:43:05,2017-12-18 17:43:05,0,17,24,1,283.92,26.25,0.0925,1,casa_jardim,1.0
O03881,C00186,CE,caucaia,delivered,2017-04-01 02:35:10,2017-04-02 11:35:10,2017-04-19 02:35:10,2017-04-07 02:35:10,1,18,6,1,339.16,21.65,0.0638,1,portateis_casa_forno_cafe,1.0
O03887,C01996,BA,salvador,delivered,2018-07-22 19:59:41,2018-07-23 22:59:41,2018-08-03 19:59:41,2018-07-31 19:59:41,1,12,9,1,282.39,45.98,0.1628,1,fashion_roupa_feminina,3.0
O03890,C00087,RJ,campos,delivered,2017-08-22 05:59:25,2017-08-24 04:59:25,2017-08-29 05:59:25,2017-09-01 05:59:25,0,7,10,1,62.11,18.66,0.3004,1,flores,5.0
O03906,C01021,RR,alto alegre,delivered,2017-04-02 13:57:51,2017-04-04 08:57:51,2017-04-07 13:57:51,2017-04-08 13:57:51,0,5,6,1,107.73,30.4,0.2822,1,portateis_cozinha,5.0
O03917,C00015,ES,linhares,delivered,2017-01-27 14:13:53,2017-01-28 14:13:53,2017-02-02 14:13:53,2017-02-19 14:13:53,0,6,23,1,113.33,17.84,0.1574,1,market_place,4.0
O03924,C01216,RO,ji-parana,delivered,2017-02-08 05:21:40,2017-02-09 03:21:40,2017-03-03 05:21:40,2017-02-24 05:21:40,1,23,16,1,209.12,23.68,0.1132,1,casa_limpeza,3.0
O03944,C00831,CE,maracanau,delivered,2018-04-17 07:52:00,2018-04-19 04:52:00,2018-05-12 07:52:00,2018-04-26 07:52:00,1,25,9,1,399.71,36.88,0.0923,1,papelaria,4.0
O03955,C01402,MG,uberlandia,delivered,2018-06-08 08:40:11,2018-06-10 05:40:11,2018-06-26 08:40:11,2018-06-15 08:40:11,1,18,7,3,517.12,76.82,0.449,1,eletrodomesticos,5.0
O03960,C00886,GO,luziania,delivered,2017-12-11 23:42:07,2017-12-13 05:42:07,2018-01-10 23:42:07,2018-01-05 23:42:07,1,30,25,1,230.71,25.76,0.1117,1,construcao_ferramentas,1.0
O03973,C01298,SC,criciuma,delivered,2018-04-05 11:13:16,2018-04-06 00:13:16,2018-04-22 11:13:16,2018-04-15 11:13:16,1,17,10,2,514.15,30.18,0.0573,1,informatica_acessorios,3.0
O03974,C00113,BA,feira de santana,delivered,2017-09-11 12:15:18,2017-09-12 03:15:18,2017-09-24 12:15:18,2017-09-18 12:15:18,1,13,7,2,509.17,83.71,0.3315,1,moveis_presentes,4.0
O03980,C01272,PI,picos,delivered,2017-05-01 18:08:48,2017-05-02 18:08:48,2017-05-31 18:08:48,2017-05-08 18:08:48,1,30,7,3,1031.09,90.67,0.2124,1,casa_escritorio,5.0
O03998,C01501,RR,mucajai,delivered,2017-01-28 04:53:27,2017-01-28 08:53:27,2017-02-19 04:53:27,2017-02-06 04:53:27,1,22,9,1,277.09,24.33,0.0878,1,fashion_calcados,2.0
O04007,C01483,PB,patos,delivered,2017-02-22 09:21:01,2017-02-24 05:21:01,2017-03-24 09:21:01,2017-03-08 09:21:01,1,30,14,1,67.72,30.12,0.4448,1,fraldas_higiene,3.0
O04015,C00692,AC,tarauaca,delivered,2018-10-04 09:35:39,2018-10-04 16:35:39,2018-10-16 09:35:39,2018-10-20 09:35:39,0,12,16,1,189.33,38.52,0.2035,1,livros_interesse,5.0
O04023,C01015,MS,dourados,delivered,2018-09-18 06:08:56,2018-09-18 13:08:56,2018-09-26 06:08:56,2018-10-06 06:08:56,0,8,18,3,704.11,89.75,1.5262,1,artigos_nautica,5.0
O04025,C00026,RR,caracarai,delivered,2017-02-08 18:37:34,2017-02-09 04:37:34,2017-02-12 18:37:34,2017-02-17 18:37:34,0,4,9,2,212.5,53.26,0.6413,1,casa_quarto,5.0
O04030,C01045,PE,jaboatao,delivered,2018-09-14 00:42:11,2018-09-14 09:42:11,2018-09-20 00:42:11,2018-10-01 00:42:11,0,6,17,1,135.32,13.43,0.0992,1,fashion_roupa_feminina,5.0
O04034,C01267,TO,araguaina,delivered,2017-08-18 02:50:16,2017-08-18 04:50:16,2017-09-12 02:50:16,2017-08-31 02:50:16,1,25,13,1,58.78,14.54,0.2474,1,moveis_decoracao,3.0
O04041,C00763,AP,macapa,delivered,2018-04-17 19:00:04,2018-04-19 19:00:04,2018-05-17 19:00:04,2018-04-25 19:00:04,1,30,8,1,157.12,11.94,0.076,1,moveis_presentes,2.0
O04045,C00884,PI,campo maior,delivered,2016-11-07 11:43:44,2016-11-09 09:43:44,2016-11-13 11:43:44,2016-11-17 11:43:44,0,6,10,1,449.53,34.71,0.0772,1,casa_conforto_2,5.0
O04047,C00996,ES,cariacica,delivered,2016-10-23 06:23:38,2016-10-24 20:23:38,2016-11-20 06:23:38,2016-11-03 06:23:38,1,28,11,2,550.35,58.58,0.1117,1,casa_quarto,4.0
O04054,C01425,SE,nossa senhora do socorro,delivered,2017-04-25 21:35:47,2017-04-26 22:35:47,2017-05-18 21:35:47,2017-05-18 21:35:47,0,23,23,1,161.85,10.59,0.0654,1,construcao_ferramentas,4.0
O04066,C01790,SP,campinas,delivered,2016-09-04 11:00:29,2016-09-05 07:00:29,2016-09-08 11:00:29,2016-09-25 11:00:29,0,4,21,1,27.29,5.49,0.2012,0,portateis_cozinha,4.0
O04068,C01653,RN,natal,delivered,2018-04-24 05:44:08,2018-04-25 11:44:08,2018-05-18 05:44:08,2018-05-15 05:44:08,1,24,21,1,56.63,29.47,0.5204,1,livros_interesse,2.0
O04104,C01685,PB,santa rita,delivered,2018-02-25 03:30:47,2018-02-26 13:30:47,2018-03-10 03:30:47,2018-03-09 03:30:47,1,13,12,1,49.86,17.69,0.3548,1,casa_garagem,3.0
O04121,C01367,PA,castanhal,delivered,2016-11-26 00:49:10,2016-11-26 06:49:10,2016-12-12 00:49:10,2016-12-03 00:49:10,1,16,7,1,289.96,18.07,0.0623,1,fashion_underwear,4.0
O04131,C00259,SP,sao paulo,delivered,2016-12-21 13:42:24,2016-12-22 23:42:24,2016-12-28 13:42:24,2016-12-26 13:42:24,1,7,5,1,107.65,37.21,0.3457,1,seguros_servicos,2.0
O04135,C01566,AP,oida,delivered,2017-02-28 18:31:51,2017-03-02 15:31:51,2017-03-22 18:31:51,2017-03-12 18:31:51,1,22,12,1,241.6,16.49,0.0683,1,casa_garagem,1.0
O04139,C01461,AP,porto grande,delivered,2017-08-21 08:46:47,2017-08-23 03:46:47,2017-09-03 08:46:47,2017-08-30 08:46:47,1,13,9,1,349.48,28.88,0.0826,1,ferramentas_jardim,2.0
O04154,C01816,BA,itabuna,delivered,2018-05-10 11:09:17,2018-05-11 13:09:17,2018-05-19 11:09:17,2018-05-19 11:09:17,0,9,9,1,410.17,5.37,0.0131,1,utilidades_domesticas,5.0
O04156,C00359,MG,montes claros,delivered,2018-01-10 06:53:19,2018-01-11 05:53:19,2018-01-31 06:53:19,2018-02-02 06:53:19,0,21,23,2,430.41,63.46,0.1471,1,fashion_roupa_masculina,2.0
O04166,C01113,PE,olinda,delivered,2016-11-06 17:42:36,2016-11-07 17:42:36,2016-11-16 17:42:36,2016-11-12 17:42:36,1,10,6,3,791.0,37.26,0.0621,1,casa_garagem,1.0
O04167,C01522,PR,londrina,delivered,2018-10-30 09:42:28,2018-11-01 06:42:28,2018-11-07 09:42:28,2018-11-24 09:42:28,0,8,25,1,466.24,37.92,0.0813,1,casa_garagem,4.0
O04168,C00518,MA,sao jose de ribamar,delivered,2017-04-05 10:03:14,2017-04-06 19:03:14,2017-05-04 10:03:14,2017-04-15 10:03:14,1,29,10,1,336.83,35.59,0.1057,1,moveis_escritorio,4.0
O04197,C00763,AP,macapa,delivered,2017-05-07 05:40:20,2017-05-09 02:40:20,2017-05-15 05:40:20,2017-05-16 05:40:20,0,8,9,1,457.38,8.15,0.0178,1,instrumentos_musicais,3.0
O04206,C00566,ES,vitoria,delivered,2016-09-30 00:28:42,2016-09-30 16:28:42,2016-10-14 00:28:42,2016-10-22 00:28:42,0,14,22,3,673.1,67.69,0.0986,1,audio,2.0
O04214,C01214,PE,caruaru,delivered,2017-08-14 04:40:19,2017-08-14 06:40:19,2017-09-10 04:40:19,2017-08-29 04:40:19,1,27,15,2,337.25,67.3,0.2115,1,moveis_cozinha,3.0
O04219,C00372,ES,cariacica,delivered,2017-02-28 15:26:43,2017-03-01 05:26:43,2017-03-25 15:26:43,2017-03-21 15:26:43,1,25,21,1,50.92,13.86,0.2722,1,casa_limpeza,3.0
O04236,C01524,PA,belem,delivered,2018-06-24 20:02:34,2018-06-25 05:02:34,2018-07-21 20:02:34,2018-07-09 20:02:34,1,27,15,5,1238.08,130.34,0.4021,1,casa_garagem,2.0
O04245,C00628,SE,lagarto,delivered,2016-10-31 11:54:30,2016-11-01 19:54:30,2016-11-25 11:54:30,2016-11-11 11:54:30,1,25,11,1,124.15,39.44,0.3177,1,dvds_blu_ray,2.0
O04277,C00821,MS,ponta pora,delivered,2017-02-09 20:14:23,2017-02-11 02:14:23,2017-02-13 20:14:23,2017-02-27 20:14:23,0,4,18,1,29.94,32.91,1.0992,1,casa_escritorio,4.0
O04288,C00478,DF,ceilandia,delivered,2018-08-21 17:06:51,2018-08-22 22:06:51,2018-08-29 17:06:51,2018-09-09 17:06:51,0,8,19,1,66.11,49.83,0.7537,1,perfumaria,5.0
O04304,C01070,TO,palmas,delivered,2016-12-05 05:18:26,2016-12-06 20:18:26,2017-01-02 05:18:26,2016-12-14 05:18:26,1,28,9,1,430.44,31.12,0.0723,1,market_place,3.0
O04312,C01073,BA,ilheus,delivered,2017-06-24 13:34:19,2017-06-24 21:34:19,2017-07-21 13:34:19,2017-07-07 13:34:19,1,27,13,1,244.47,16.23,0.0664,1,moveis_presentes,1.0
O04320,C01694,DF,guara,delivered,2017-11-18 02:13:00,2017-11-18 06:13:00,2017-11-28 02:13:00,2017-12-06 02:13:00,0,10,18,1,244.4,19.64,0.0804,1,informatica_acessorios,5.0
O04339,C01519,PA,santarem,delivered,2018-07-27 20:07:49,2018-07-28 21:07:49,2018-08-22 20:07:49,2018-08-13 20:07:49,1,26,17,1,158.81,48.58,0.3059,1,artes,1.0
O04341,C01656,AL,arapiraca,delivered,2018-08-13 04:12:38,2018-08-14 00:12:38,2018-08-17 04:12:38,2018-08-29 04:12:38,0,4,16,1,130.42,38.64,0.2963,1,casa_cozinha,5.0
O04344,C00120,MA,imperatriz,delivered,2017-07-26 11:00:46,2017-07-27 09:00:46,2017-08-03 11:00:46,2017-08-09 11:00:46,0,8,14,1,27.11,48.6,1.7927,1,sinalizacao_seguranca,4.0
O04350,C01971,ES,vitoria,delivered,2017-09-24 19:18:45,2017-09-25 22:18:45,2017-10-13 19:18:45,2017-10-18 19:18:45,0,19,24,2,921.08,83.84,0.0919,1,eletronicos,1.0
O04353,C00108,AL,maceio,delivered,2018-08-07 04:50:50,2018-08-09 03:50:50,2018-08-30 04:50:50,2018-08-20 04:50:50,1,23,13,1,344.61,6.75,0.0196,1,perfumaria,3.0
O04354,C01420,PR,maringa,delivered,2016-09-13 21:58:22,2016-09-14 00:58:22,2016-09-20 21:58:22,2016-10-01 21:58:22,0,7,18,1,298.8,32.09,0.1074,1,moveis_decoracao,4.0
O04371,C00373,RJ,nova iguaçu,delivered,2018-08-06 18:21:28,2018-08-07 16:21:28,2018-08-11 18:21:28,2018-08-29 18:21:28,0,5,23,1,462.2,33.99,0.0735,1,casa_conforto,5.0
O04373,C00056,MG,contagem,delivered,2017-02-20 05:54:10,2017-02-20 15:54:10,2017-03-21 05:54:10,2017-03-13 05:54:10,1,29,21,1,87.67,13.98,0.1595,1,brinquedos,4.0
O04396,C01138,SC,criciuma,delivered,2018-08-17 00:10:04,2018-08-17 06:10:04,2018-09-13 00:10:04,2018-08-27 00:10:04,1,27,10,1,36.31,20.21,0.5566,1,casa_garagem,3.0
O04404,C00545,BA,itabuna,delivered,2018-02-21 23:33:32,2018-02-23 16:33:32,2018-03-11 23:33:32,2018-03-05 23:33:32,1,18,12,1,346.92,17.66,0.0509,1,papelaria,1.0
O04407,C00115,AC,cruzeiro do sul,delivered,2017-10-01 15:30:51,2017-10-02 13:30:51,2017-10-20 15:30:51,2017-10-17 15:30:51,1,19,16,2,617.25,66.81,0.1205,1,eletronicos,2.0
O04422,C01388,PI,teresina,delivered,2017-10-12 15:30:26,2017-10-13 12:30:26,2017-11-02 15:30:26,2017-10-25 15:30:26,1,21,13,2,483.24,73.27,0.1518,1,casa_iluminacao,1.0
O04424,C00050,AM,coari,delivered,2018-01-15 19:28:00,2018-01-16 09:28:00,2018-01-22 19:28:00,2018-01-21 19:28:00,1,7,6,4,1037.59,140.25,0.1385,1,artigos_nautica,2.0
O04440,C00294,RO,ji-parana,delivered,2016-12-05 20:27:13,2016-12-07 02:27:13,2017-01-01 20:27:13,2016-12-26 20:27:13,1,27,21,1,161.31,32.72,0.2028,0,perfumaria,3.0
O04449,C01512,MA,caxias,delivered,2017-11-16 23:25:37,2017-11-17 18:25:37,2017-12-11 23:25:37,2017-11-26 23:25:37,1,25,10,1,129.91,13.76,0.1059,1,malas_acessorios,5.0
O04450,C01194,SE,aracaju,delivered,2017-07-09 02:47:37,2017-07-10 06:47:37,2017-08-01 02:47:37,2017-07-14 02:47:37,1,23,5,2,580.38,60.3,0.1646,1,casa_garagem,1.0
O04455,C01245,RR,alto alegre,delivered,2017-09-28 20:04:27,2017-09-29 02:04:27,2017-10-21 20:04:27,2017-10-10 20:04:27,1,23,12,2,768.89,47.53,0.059,1,fashion_underwear,3.0
O04458,C00537,CE,maracanau,delivered,2018-10-21 08:34:27,2018-10-23 06:34:27,2018-10-26 08:34:27,2018-11-01 08:34:27,0,5,11,2,601.3,63.8,0.1114,1,casa_escritorio,5.0
O04461,C01679,GO,anapolis,delivered,2017-03-19 11:55:29,2017-03-19 19:55:29,2017-03-26 11:55:29,2017-03-24 11:55:29,1,7,5,1,486.89,32.45,0.0666,1,eletroportateis,3.0
O04466,C01185,PI,campo maior,delivered,2018-04-14 01:41:26,2018-04-15 21:41:26,2018-05-12 01:41:26,2018-04-30 01:41:26,1,28,16,1,232.76,6.96,0.0299,1,perfumaria,2.0
O04470,C01490,SC,criciuma,delivered,2017-07-19 09:41:03,2017-07-19 16:41:03,2017-07-26 09:41:03,2017-07-31 09:41:03,0,7,12,5,992.45,71.58,0.096,1,fashion_calcados,3.0
O04483,C02000,GO,anapolis,delivered,2016-10-19 02:54:13,2016-10-19 15:54:13,2016-11-09 02:54:13,2016-11-12 02:54:13,0,21,24,1,154.02,17.14,0.1113,1,moveis_jardim,5.0
O04488,C01010,AP,laranjal do jari,delivered,2017-02-15 22:04:18,2017-02-17 22:04:18,2017-03-06 22:04:18,2017-02-20 22:04:18,1,19,5,1,486.5,28.92,0.0594,1,papelaria,4.0
O04490,C01344,SE,estancia,delivered,2016-11-15 10:18:18,2016-11-16 22:18:18,2016-11-25 10:18:18,2016-11-25 10:18:18,0,10,10,3,722.46,84.48,0.1311,1,moveis_escritorio,2.0
O04503,C01424,RS,santa maria,delivered,2017-09-01 15:48:49,2017-09-02 18:48:49,2017-09-15 15:48:49,2017-09-22 15:48:49,0,14,21,2,280.23,65.9,0.4437,1,artigos_nautica,5.0
O04508,C00985,TO,gurupi,delivered,2018-05-14 19:30:16,2018-05-14 22:30:16,2018-05-28 19:30:16,2018-06-04 19:30:16,0,14,21,2,561.64,40.67,0.1205,1,automotivo,4.0
O04526,C01415,PI,campo maior,delivered,2017-02-01 18:24:56,2017-02-03 12:24:56,2017-02-28 18:24:56,2017-02-20 18:24:56,1,27,19,3,716.22,92.75,0.2028,1,casa_garagem,5.0
O04528,C00753,MA,sao luis,delivered,2016-11-25 23:46:34,2016-11-27 13:46:34,2016-12-19 23:46:34,2016-12-20 23:46:34,0,24,25,1,288.36,15.35,0.0532,1,casa_conforto_2,4.0
O04534,C00070,PR,ponta grossa,delivered,2016-09-25 05:27:03,2016-09-27 02:27:03,2016-10-23 05:27:03,2016-10-15 05:27:03,1,28,20,1,223.37,44.56,0.1995,1,cama_mesa_banho,1.0
O04560,C00522,AC,tarauaca,delivered,2018-04-17 03:27:21,2018-04-19 01:27:21,2018-04-23 03:27:21,2018-05-10 03:27:21,0,6,23,2,408.6,56.68,0.1605,1,casa_escritorio,5.0
O04567,C00322,AP,oida,delivered,2017-01-13 10:40:30,2017-01-15 04:40:30,2017-02-02 10:40:30,2017-01-18 10:40:30,1,20,5,1,432.25,36.69,0.0849,1,casa_outros,2.0
O04571,C01125,DF,brasilia,delivered,2017-08-01 00:04:13,2017-08-02 13:04:13,2017-08-15 00:04:13,2017-08-20 00:04:13,0,14,19,5,1104.9,175.4,0.1891,1,automotivo,4.0
O04576,C01066,PE,jaboatao,delivered,2016-12-04 09:41:50,2016-12-05 19:41:50,2016-12-31 09:41:50,2016-12-22 09:41:50,1,27,18,2,836.65,50.86,0.0566,1,casa_conforto,3.0
O04593,C00178,PR,cascavel,delivered,2018-07-05 03:29:58,2018-07-06 12:29:58,2018-07-28 03:29:58,2018-07-14 03:29:58,1,23,9,1,311.58,13.93,0.0447,1,papelaria,5.0
O04599,C00307,RJ,duque de caxias,delivered,2018-03-06 09:35:04,2018-03-08 06:35:04,2018-04-02 09:35:04,2018-03-27 09:35:04,1,27,21,1,193.6,18.74,0.0968,1,eletronicos,4.0
O04606,C01817,PE,jaboatao,delivered,2017-07-03 11:45:06,2017-07-05 07:45:06,2017-07-26 11:45:06,2017-07-25 11:45:06,1,23,22,1,124.48,32.46,0.2608,1,casa_escritorio,4.0
O04607,C01818,RN,mossoro,delivered,2017-07-25 01:34:44,2017-07-26 12:34:44,2017-08-09 01:34:44,2017-08-19 01:34:44,0,15,25,1,55.6,26.44,0.4755,1,casa_escritorio,5.0
O04610,C01214,PE,caruaru,delivered,2018-04-01 09:24:11,2018-04-03 05:24:11,2018-04-19 09:24:11,2018-04-19 09:24:11,0,18,18,1,498.87,21.77,0.0436,1,moveis_escritorio,4.0
O04611,C01171,AM,manaus,delivered,2018-04-23 01:47:25,2018-04-24 12:47:25,2018-05-16 01:47:25,2018-05-18 01:47:25,0,23,25,3,1010.16,94.48,0.1102,1,casa_conforto,5.0
O04631,C00496,PB,patos,delivered,2018-07-19 06:14:16,2018-07-20 01:14:16,2018-08-12 06:14:16,2018-08-06 06:14:16,1,24,18,3,577.92,73.7,0.1369,1,construcao_ferramentas,3.0
O04633,C00015,ES,linhares,delivered,2017-07-10 08:09:26,2017-07-11 20:09:26,2017-07-23 08:09:26,2017-07-24 08:09:26,0,13,14,2,410.18,57.06,0.1882,1,fashion_underwear,5.0
O04634,C00850,RR,alto alegre,delivered,2018-03-17 19:17:38,2018-03-18 23:17:38,2018-04-09 19:17:38,2018-04-02 19:17:38,1,23,16,1,462.15,17.85,0.0386,1,livros_interesse,2.0
O04635,C00407,MG,belo horizonte,delivered,2016-12-25 17:03:17,2016-12-27 00:03:17,2017-01-12 17:03:17,2017-01-05 17:03:17,1,18,11,1,347.7,26.88,0.0773,1,casa_sala,5.0
O04652,C00523,SC,sao jose,delivered,2018-10-08 00:36:57,2018-10-08 14:36:57,2018-10-18 00:36:57,2018-10-30 00:36:57,0,10,22,5,1724.16,140.91,0.0878,1,carnes,5.0
O04655,C00895,MA,sao jose de ribamar,delivered,2018-02-18 13:58:35,2018-02-18 19:58:35,2018-03-07 13:58:35,2018-03-12 13:58:35,0,17,22,1,12.98,32.68,2.5177,1,casa_limpeza,3.0
O04656,C01637,GO,anapolis,delivered,2017-12-15 14:31:49,2017-12-17 14:31:49,2017-12-20 14:31:49,2018-01-07 14:31:49,0,5,23,1,226.29,34.56,0.1527,1,papelaria,5.0
O04658,C00561,CE,caucaia,delivered,2017-09-17 09:20:07,2017-09-18 02:20:07,2017-10-09 09:20:07,2017-10-04 09:20:07,1,22,17,1,216.32,14.66,0.0678,1,casa_limpeza,4.0
O04664,C00230,TO,araguaina,delivered,2017-06-17 23:21:50,2017-06-18 06:21:50,2017-07-02 23:21:50,2017-06-23 23:21:50,1,15,6,2,452.2,67.06,0.3998,1,artigos_nautica,1.0
O04668,C01644,AM,parintins,delivered,2016-12-01 00:42:01,2016-12-01 14:42:01,2016-12-12 00:42:01,2016-12-20 00:42:01,0,11,19,1,127.79,40.11,0.3139,1,cds_dvds_musicais,5.0
O04670,C01346,BA,salvador,delivered,2017-01-06 06:08:45,2017-01-07 10:08:45,2017-01-14 06:08:45,2017-01-14 06:08:45,0,8,8,3,1067.42,66.48,0.0594,1,carnes,5.0
O04672,C00487,DF,guara,delivered,2018-05-23 05:44:50,2018-05-25 02:44:50,2018-06-06 05:44:50,2018-06-14 05:44:50,0,14,22,1,324.75,28.68,0.0883,1,moveis_jardim,2.0
O04701,C01598,AP,oida,delivered,2017-08-24 07:51:15,2017-08-26 03:51:15,2017-09-15 07:51:15,2017-09-05 07:51:15,1,22,12,2,169.95,54.32,0.4864,1,casa_quarto,4.0
O04703,C01575,RO,ji-parana,delivered,2018-10-10 10:55:06,2018-10-12 00:55:06,2018-10-17 10:55:06,2018-10-16 10:55:06,1,7,6,4,649.47,81.18,0.5362,1,audio,1.0
O04707,C01297,GO,luziania,delivered,2017-02-15 08:44:32,2017-02-16 21:44:32,2017-03-17 08:44:32,2017-03-09 08:44:32,1,30,22,2,417.07,63.67,0.4463,1,casa_iluminacao,3.0
O04715,C00575,PI,teresina,delivered,2018-03-02 10:18:34,2018-03-02 12:18:34,2018-03-05 10:18:34,2018-03-25 10:18:34,0,3,23,1,22.72,49.87,2.195,1,consoles_games,5.0
O04722,C00908,CE,caucaia,delivered,2018-07-02 15:46:10,2018-07-03 03:46:10,2018-07-11 15:46:10,2018-07-27 15:46:10,0,9,25,1,171.04,15.1,0.0883,1,la_cuisine,5.0
O04728,C01979,GO,aparecida de goiania,delivered,2018-04-25 20:05:00,2018-04-26 05:05:00,2018-05-12 20:05:00,2018-05-12 20:05:00,0,17,17,1,82.99,29.21,0.352,1,moveis_jardim,3.0
O04738,C00002,DF,taguatinga,delivered,2018-01-12 16:49:54,2018-01-14 16:49:54,2018-02-10 16:49:54,2018-02-05 16:49:54,1,29,24,4,1184.15,90.13,0.0743,1,carnes,2.0
O04743,C00675,RR,rorainopolis,delivered,2017-08-24 04:37:05,2017-08-24 23:37:05,2017-09-03 04:37:05,2017-09-02 04:37:05,1,10,9,1,366.6,16.11,0.0439,1,construcao_ferramentas,3.0
O04757,C00401,SP,campinas,delivered,2018-10-08 09:17:49,2018-10-10 02:17:49,2018-10-20 09:17:49,2018-10-22 09:17:49,0,12,14,3,708.47,55.56,0.139,1,carnes,5.0
O04765,C00658,TO,araguaina,delivered,2018-10-18 14:00:14,2018-10-19 19:00:14,2018-11-11 14:00:14,2018-10-27 14:00:14,1,24,9,1,454.85,47.85,0.1052,1,casa_cozinha,3.0
O04766,C00114,CE,sobral,delivered,2018-09-05 05:13:23,2018-09-06 02:13:23,2018-09-29 05:13:23,2018-09-16 05:13:23,1,24,11,1,274.63,26.4,0.0961,1,moveis_quarto,1.0
O04773,C00556,MG,belo horizonte,delivered,2017-07-16 01:19:24,2017-07-16 15:19:24,2017-08-13 01:19:24,2017-08-09 01:19:24,1,28,24,1,292.99,29.79,0.1017,1,carnes,3.0
O04779,C01017,ES,cariacica,delivered,2018-03-20 21:57:38,2018-03-22 21:57:38,2018-04-14 21:57:38,2018-04-05 21:57:38,1,25,16,1,465.84,24.77,0.0532,1,alimentos_bebidas,2.0
O04800,C00373,RJ,nova iguaçu,delivered,2017-07-12 09:26:37,2017-07-13 02:26:37,2017-07-23 09:26:37,2017-07-23 09:26:37,0,11,11,2,622.12,57.03,0.0982,1,consoles_games,3.0
O04802,C00231,RS,porto alegre,delivered,2017-12-25 11:03:04,2017-12-26 15:03:04,2018-01-01 11:03:04,2018-01-07 11:03:04,0,7,13,2,610.71,65.01,0.1566,1,casa_conforto_2,3.0
O04808,C00151,MT,tangara da serra,delivered,2017-09-19 07:16:50,2017-09-20 15:16:50,2017-09-28 07:16:50,2017-09-27 07:16:50,1,9,8,2,334.51,49.75,0.153,1,casa_garagem,3.0
O04818,C00193,ES,vitoria,delivered,2016-12-26 12:02:56,2016-12-26 18:02:56,2017-01-01 12:02:56,2017-01-10 12:02:56,0,6,15,2,575.99,70.48,0.1525,1,brinquedos,5.0
O04827,C00372,ES,cariacica,delivered,2016-10-27 19:23:43,2016-10-29 09:23:43,2016-11-02 19:23:43,2016-11-02 19:23:43,0,6,6,2,221.81,56.78,0.2401,1,moveis_jardim,5.0
O04828,C01641,SE,lagarto,delivered,2017-06-09 12:34:26,2017-06-10 01:34:26,2017-06-25 12:34:26,2017-06-23 12:34:26,1,16,14,1,126.71,23.94,0.1889,1,alimentos_bebidas,4.0
O04834,C01389,MS,dourados,delivered,2017-01-27 22:28:34,2017-01-29 04:28:34,2017-02-05 22:28:34,2017-02-21 22:28:34,0,9,25,2,82.31,85.7,1.0872,1,casa_garagem,5.0
O04844,C00789,RS,porto alegre,delivered,2017-10-08 18:46:08,2017-10-10 08:46:08,2017-10-25 18:46:08,2017-10-15 18:46:08,1,17,7,1,288.8,42.06,0.1456,1,ferramentas_jardim,1.0
O04860,C00835,CE,juazeiro do norte,delivered,2018-03-15 17:43:08,2018-03-17 03:43:08,2018-04-04 17:43:08,2018-04-03 17:43:08,1,20,19,2,467.05,14.39,0.0446,1,fashion_calcados,3.0
O04867,C00367,PR,ponta grossa,delivered,2018-09-30 23:55:46,2018-10-02 03:55:46,2018-10-28 23:55:46,2018-10-22 23:55:46,1,28,22,1,436.34,16.25,0.0372,1,construcao_ferramentas,3.0
O04877,C01394,RO,vilhena,delivered,2017-03-06 00:36:29,2017-03-06 11:36:29,2017-03-16 00:36:29,2017-03-23 00:36:29,0,10,17,1,223.35,25.2,0.1128,1,audio,5.0
O04878,C01890,RR,caracarai,delivered,2017-01-26 08:22:10,2017-01-26 22:22:10,2017-02-02 08:22:10,2017-02-06 08:22:10,0,7,11,2,625.51,21.62,0.0353,1,casa_outros,5.0
O04883,C01186,RO,ji-parana,delivered,2016-12-12 17:48:35,2016-12-12 20:48:35,2017-01-08 17:48:35,2016-12-29 17:48:35,1,27,17,3,777.33,80.06,0.1039,1,artes,2.0
O04890,C01798,BA,itabuna,delivered,2017-10-13 12:00:12,2017-10-15 04:00:12,2017-10-21 12:00:12,2017-11-03 12:00:12,0,8,21,1,397.42,44.41,0.1117,1,perfumaria,3.0
O04912,C00909,SE,lagarto,delivered,2018-09-25 01:31:33,2018-09-26 16:31:33,2018-10-04 01:31:33,2018-10-18 01:31:33,0,9,23,1,69.6,7.95,0.1142,1,casa_iluminacao,5.0
O04917,C01202,MA,imperatriz,delivered,2018-03-06 12:41:39,2018-03-06 19:41:39,2018-03-14 12:41:39,2018-03-22 12:41:39,0,8,16,3,677.34,42.5,0.1024,1,cool_stuff,3.0
O04923,C00212,SP,ribeirao preto,delivered,2018-02-08 23:19:58,2018-02-09 00:19:58,2018-03-07 23:19:58,2018-02-22 23:19:58,1,27,14,4,942.72,78.86,0.1655,1,casa_quarto,3.0
O04983,C00373,RJ,nova iguaçu,delivered,2017-04-05 02:13:03,2017-04-06 15:13:03,2017-04-12 02:13:03,2017-04-17 02:13:03,0,7,12,2,652.2,29.78,0.0417,1,artigos_nautica,1.0
O04994,C00535,PI,floriano,delivered,2017-10-02 19:48:04,2017-10-04 10:48:04,2017-10-18 19:48:04,2017-10-14 19:48:04,1,16,12,2,620.04,55.13,0.0797,1,brinquedos,2.0
O00180,C00800,GO,rio verde,delivered,2018-03-10 23:40:22,2018-03-11 04:40:22,2018-03-18 23:40:22,2018-03-24 23:40:22,0,8,14,1,404.97,26.1,0.0644,1,casa_jardim,0.0
O01428,C00590,ES,cariacica,delivered,2017-06-04 03:56:11,2017-06-05 12:56:11,2017-06-26 03:56:11,2017-06-12 03:56:11,1,22,8,2,570.9,34.63,0.0634,1,casa_escritorio,0.0
O01602,C01613,RJ,rio de janeiro,delivered,2017-08-18 19:34:07,2017-08-19 16:34:07,2017-09-02 19:34:07,2017-09-12 19:34:07,0,15,25,1,247.71,47.23,0.1907,1,perfumaria,0.0
O02150,C00486,PB,campina grande,canceled,2017-04-11 10:22:31,2017-04-13 03:22:31,,,0,,,1,294.38,16.9,0.0574,1,brinquedos,0.0
O02484,C00423,MS,campo grande,canceled,2017-05-28 05:34:58,2017-05-28 06:34:58,,,0,,,1,376.86,28.77,0.0763,1,casa_limpeza,0.0
O04839,C00776,AL,rio largo,delivered,2018-09-14 20:47:56,2018-09-16 10:47:56,2018-09-23 20:47:56,2018-09-25 20:47:56,0,9,11,3,652.64,102.73,1.1931,1,brinquedos,0.0
O00022,C01578,PA,anamideua,delivered,2017-10-10 15:23:16,2017-10-12 10:23:16,2017-10-15 15:23:16,2017-10-19 15:23:16,0,5,9,1,364.47,15.09,0.0414,1,fashion_roupa_feminina,0.0
O00215,C01551,ES,linhares,delivered,2016-10-13 11:30:02,2016-10-14 09:30:02,2016-11-04 11:30:02,2016-10-31 11:30:02,1,22,18,1,489.46,17.52,0.0358,1,livros_interesse,0.0
O00425,C00530,CE,maracanau,delivered,2017-02-28 03:14:35,2017-03-01 18:14:35,2017-03-17 03:14:35,2017-03-21 03:14:35,0,17,21,1,486.92,43.99,0.0903,1,casa_banheiro,0.0
O01032,C00770,GO,goiania,delivered,2017-12-10 06:50:20,2017-12-11 06:50:20,2017-12-28 06:50:20,2017-12-21 06:50:20,1,18,11,2,668.91,43.21,0.071,1,carnes,0.0
O01731,C01772,AC,tarauaca,delivered,2018-06-03 05:08:03,2018-06-04 04:08:03,2018-06-14 05:08:03,2018-06-16 05:08:03,0,11,13,1,138.01,49.43,0.3582,1,casa_garagem,0.0
O01831,C00998,AP,porto grande,delivered,2016-09-22 17:39:48,2016-09-24 02:39:48,2016-10-07 17:39:48,2016-10-14 17:39:48,0,15,22,1,191.61,29.97,0.1564,1,construcao_ferramentas,0.0
O02010,C00140,ES,cariacica,delivered,2016-09-26 10:53:47,2016-09-26 16:53:47,2016-10-04 10:53:47,2016-10-06 10:53:47,0,8,10,2,472.39,57.83,0.9693,1,casa_construcao,0.0
O02547,C00531,PI,floriano,delivered,2017-11-14 19:15:56,2017-11-16 17:15:56,2017-11-30 19:15:56,2017-11-28 19:15:56,1,16,14,3,906.8,36.42,0.0344,1,cds_dvds_musicais,0.0
O02549,C01844,AL,arapiraca,shipped,2017-11-21 22:26:09,2017-11-22 06:26:09,,2017-12-02 22:26:09,0,,11,2,245.37,46.78,0.1793,1,casa_conforto,0.0
O03754,C01794,PI,floriano,delivered,2018-04-05 03:10:53,2018-04-06 09:10:53,2018-04-29 03:10:53,2018-04-20 03:10:53,1,24,15,3,672.1,62.7,0.1676,1,consoles_games,0.0
O03776,C00754,AL,penedo,delivered,2018-03-08 02:21:03,2018-03-10 00:21:03,2018-03-24 02:21:03,2018-03-14 02:21:03,1,16,6,1,156.2,12.52,0.0802,1,market_place,0.0
O03782,C00886,GO,luziania,shipped,2018-05-23 10:31:30,2018-05-25 06:31:30,,2018-06-07 10:31:30,0,,15,1,495.44,25.81,0.0521,1,papelaria,0.0
O04247,C00954,RR,caracarai,delivered,2018-04-26 15:03:32,2018-04-26 22:03:32,2018-05-20 15:03:32,2018-05-21 15:03:32,0,24,25,2,694.12,53.62,0.0805,1,flores,0.0
O00361,C00402,RO,vilhena,delivered,2018-07-19 17:57:29,2018-07-20 17:57:29,2018-07-22 17:57:29,2018-08-11 17:57:29,0,3,23,1,194.73,30.45,0.1564,1,casa_utilidades,0.0
O01411,C00153,SE,aracaju,delivered,2017-02-23 20:17:09,2017-02-25 03:17:09,2017-03-03 20:17:09,2017-03-01 20:17:09,1,8,6,1,449.64,41.71,0.0928,1,carnes,0.0
O02243,C00908,CE,caucaia,delivered,2018-03-12 21:52:02,2018-03-14 06:52:02,2018-03-22 21:52:02,2018-03-23 21:52:02,0,10,11,1,256.27,9.36,0.0365,1,brinquedos,0.0
O02827,C01402,MG,uberlandia,canceled,2018-10-27 22:12:08,2018-10-29 01:12:08,,,0,,,1,320.85,48.14,0.15,1,casa_conforto_2,0.0
O02880,C00136,RO,vilhena,delivered,2018-03-02 23:11:18,2018-03-04 13:11:18,2018-03-20 23:11:18,2018-03-26 23:11:18,0,18,24,3,866.92,88.23,0.1663,1,alimentos_bebidas,0.0
O03127,C00660,AM,parintins,delivered,2017-04-05 09:27:41,2017-04-06 19:27:41,2017-04-09 09:27:41,2017-04-18 09:27:41,0,4,13,2,679.51,47.0,0.0647,1,moda_roupa,0.0
O03891,C00251,AL,arapiraca,shipped,2017-09-22 23:21:39,2017-09-23 04:21:39,,2017-09-28 23:21:39,0,,6,1,499.29,47.63,0.0954,1,carnes,0.0
O03942,C00588,AC,sena madureira,delivered,2016-09-15 17:34:49,2016-09-17 08:34:49,2016-10-10 17:34:49,2016-10-01 17:34:49,1,25,16,2,788.26,52.64,0.0673,1,papelaria,0.0
O00005,C00719,TO,araguaina,shipped,2018-08-22 17:12:09,2018-08-23 20:12:09,,2018-09-16 17:12:09,0,,25,2,467.93,50.47,0.0987,1,cds_dvds_musicais,0.0
O01244,C00493,AM,manacapuru,delivered,2018-05-31 04:44:52,2018-06-01 19:44:52,2018-06-20 04:44:52,2018-06-19 04:44:52,1,20,19,1,221.03,14.34,0.0649,1,perfumaria,0.0
O02351,C01952,SE,aracaju,delivered,2017-04-26 02:56:03,2017-04-26 11:56:03,2017-05-01 02:56:03,2017-05-20 02:56:03,0,5,24,1,382.43,7.11,0.0186,0,cool_stuff,0.0
O03305,C01801,RR,mucajai,shipped,2017-05-09 19:51:08,2017-05-11 01:51:08,,2017-05-19 19:51:08,0,,10,2,574.88,28.57,0.0485,1,flores,0.0
O03795,C00808,MT,tangara da serra,canceled,2018-01-08 17:32:29,2018-01-09 22:32:29,,,0,,,4,1016.63,161.83,0.2355,1,eletroportateis,0.0
O04729,C00174,AC,feijo,delivered,2017-03-07 21:42:15,2017-03-08 22:42:15,2017-04-03 21:42:15,2017-03-29 21:42:15,1,27,22,2,482.94,78.61,0.7392,1,cds_dvds_musicais,0.0
O01372,C01592,MG,montes claros,unavailable,2018-02-03 11:36:26,2018-02-04 22:36:26,,,0,,,1,117.92,43.13,0.3658,1,brinquedos,0.0
O02422,C00466,RO,vilhena,delivered,2018-04-19 12:24:47,2018-04-19 14:24:47,2018-05-17 12:24:47,2018-05-03 12:24:47,1,28,14,2,837.64,89.37,0.1068,1,fashion_bolsas,0.0
O04551,C01613,RJ,rio de janeiro,delivered,2017-07-11 18:51:08,2017-07-13 11:51:08,2017-07-19 18:51:08,2017-08-02 18:51:08,0,8,22,1,317.96,34.66,0.109,1,market_place,0.0
O05000,C00190,RS,santa maria,shipped,2018-02-22 23:31:18,2018-02-24 18:31:18,,2018-02-27 23:31:18,0,,5,1,195.0,46.02,0.236,1,eletroportateis,0.0
O00773,C00325,RR,caracarai,unavailable,2018-08-31 10:45:06,2018-09-02 07:45:06,,,0,,,1,196.64,13.83,0.0703,1,portateis_casa_forno_cafe,0.0
O01399,C00381,AM,coari,canceled,2017-09-19 02:50:19,2017-09-20 19:50:19,,,0,,,3,1157.05,32.37,0.0294,1,casa_garagem,0.0
O01420,C00785,MG,montes claros,delivered,2017-03-09 13:00:01,2017-03-11 10:00:01,2017-03-27 13:00:01,2017-03-31 13:00:01,0,18,22,1,414.95,11.11,0.0268,1,artigos_nautica,0.0
O01605,C00811,ES,cariacica,shipped,2018-07-17 01:18:44,2018-07-17 21:18:44,,2018-08-03 01:18:44,0,,17,1,307.04,41.2,0.1342,1,flores,0.0
O02045,C01815,PI,campo maior,delivered,2018-05-14 09:29:54,2018-05-15 08:29:54,2018-05-21 09:29:54,2018-06-07 09:29:54,0,7,24,1,324.73,40.62,0.1251,1,eletrodomesticos_2,0.0
O02678,C00128,MT,rondonopolis,delivered,2017-08-17 16:47:03,2017-08-18 19:47:03,2017-09-07 16:47:03,2017-08-27 16:47:03,1,21,10,1,325.52,36.33,0.1116,1,eletrodomesticos_2,0.0
O02958,C01793,SE,estancia,delivered,2018-05-14 08:06:31,2018-05-15 15:06:31,2018-06-03 08:06:31,2018-06-05 08:06:31,0,20,22,1,228.43,37.45,0.1639,1,alimentos_bebidas,0.0
O00362,C00636,ES,vitoria,shipped,2018-01-24 05:33:40,2018-01-24 12:33:40,,2018-02-06 05:33:40,0,,13,3,762.18,127.5,0.2265,1,fashion_bolsas,0.0
O00864,C00466,RO,vilhena,delivered,2017-09-07 16:27:35,2017-09-07 20:27:35,2017-09-27 16:27:35,2017-09-12 16:27:35,1,20,5,1,405.06,27.77,0.0686,1,artes,0.0
O00877,C01648,TO,araguaina,shipped,2017-02-13 19:10:07,2017-02-15 19:10:07,,2017-02-24 19:10:07,0,,11,2,191.55,55.81,0.2621,1,consoles_games,0.0
O00885,C01269,PR,ponta grossa,shipped,2016-11-17 17:10:49,2016-11-17 18:10:49,,2016-11-22 17:10:49,0,,5,2,802.31,46.85,0.0548,1,bebes,0.0
O01462,C00856,AP,laranjal do jari,delivered,2017-03-09 18:19:34,2017-03-11 02:19:34,2017-03-26 18:19:34,2017-03-29 18:19:34,0,17,20,2,541.5,52.37,0.2343,1,casa_escritorio,0.0
O02142,C00442,RR,caracarai,delivered,2017-12-03 02:29:25,2017-12-04 07:29:25,2017-12-14 02:29:25,2017-12-23 02:29:25,0,11,20,1,30.56,12.29,0.4022,1,portateis_cozinha,0.0
O02592,C00121,CE,juazeiro do norte,delivered,2017-10-13 13:33:17,2017-10-15 07:33:17,2017-10-29 13:33:17,2017-10-20 13:33:17,1,16,7,1,25.62,39.47,1.5406,1,casa_jardim,0.0
O02649,C01250,MA,sao jose de ribamar,shipped,2017-04-28 17:27:50,2017-04-30 07:27:50,,2017-05-22 17:27:50,0,,24,1,220.08,45.47,0.2066,1,beleza_saude,0.0
O02957,C01704,MT,sinop,shipped,2017-10-27 02:49:31,2017-10-27 21:49:31,,2017-11-09 02:49:31,0,,13,4,635.95,101.67,0.219,1,casa_conforto_2,0.0
O03035,C00057,AL,arapiraca,delivered,2017-02-24 10:53:20,2017-02-25 12:53:20,2017-03-06 10:53:20,2017-03-19 10:53:20,0,10,23,2,574.36,64.16,0.1124,1,alimentos_bebidas,0.0
O03109,C00796,ES,cariacica,delivered,2018-01-29 01:25:57,2018-01-30 04:25:57,2018-02-08 01:25:57,2018-02-17 01:25:57,0,10,19,1,112.31,13.07,0.1164,1,casa_escritorio,0.0
O03493,C00479,CE,sobral,delivered,2017-01-24 17:42:53,2017-01-25 14:42:53,2017-02-20 17:42:53,2017-01-30 17:42:53,1,27,6,1,95.95,27.22,0.2837,1,casa_conforto_2,0.0
O03566,C01251,RS,caxias do sul,delivered,2017-07-21 17:34:29,2017-07-21 18:34:29,2017-08-13 17:34:29,2017-08-11 17:34:29,1,23,21,2,883.93,72.83,0.0825,1,audio,0.0
O04049,C00662,PE,recife,delivered,2017-11-12 20:03:45,2017-11-13 16:03:45,2017-11-15 20:03:45,2017-11-21 20:03:45,0,3,9,2,91.07,50.76,0.9529,1,beleza_saude,0.0
O04900,C01842,PE,olinda,shipped,2017-03-22 11:00:07,2017-03-24 02:00:07,,2017-04-15 11:00:07,0,,24,1,75.91,23.55,0.3102,1,construcao_ferramentas,0.0
O00250,C01611,AC,tarauaca,delivered,2018-06-13 15:52:06,2018-06-14 06:52:06,2018-07-12 15:52:06,2018-06-22 15:52:06,1,29,9,1,256.96,33.12,0.1289,1,carnes,0.0
O00315,C00562,RN,mossoro,delivered,2018-08-14 21:14:32,2018-08-15 10:14:32,2018-09-06 21:14:32,2018-09-06 21:14:32,0,23,23,2,794.84,72.89,0.099,1,beleza_saude,0.0
O00735,C01574,ES,vila velha,delivered,2017-07-24 21:26:58,2017-07-26 20:26:58,2017-08-14 21:26:58,2017-07-29 21:26:58,1,21,5,2,536.37,66.02,0.1247,1,perfumaria,0.0
O01593,C01864,PA,santarem,shipped,2017-05-16 05:01:20,2017-05-17 05:01:20,,2017-05-29 05:01:20,0,,13,1,389.66,13.13,0.0337,1,consoles_games,0.0
O01712,C00654,AL,delmiro gouveia,delivered,2018-07-08 22:21:43,2018-07-10 07:21:43,2018-08-07 22:21:43,2018-07-31 22:21:43,1,30,23,2,554.77,63.97,0.1155,1,casa_outros,0.0
O03923,C01743,ES,cariacica,delivered,2017-07-05 02:56:41,2017-07-06 09:56:41,2017-07-24 02:56:41,2017-07-15 02:56:41,1,19,10,1,405.21,32.17,0.0794,1,moda_roupa,0.0
O00231,C01470,RO,ariquemes,canceled,2017-08-21 02:40:56,2017-08-21 06:40:56,,,0,,,1,338.22,49.9,0.1475,1,eletroportateis,0.0
O01194,C01472,BA,itabuna,delivered,2017-03-30 20:03:17,2017-03-31 11:03:17,2017-04-08 20:03:17,2017-04-15 20:03:17,0,9,16,1,489.93,44.69,0.0912,1,sinalizacao_seguranca,0.0
O01314,C00603,AL,rio largo,delivered,2017-04-08 11:45:20,2017-04-09 15:45:20,2017-04-28 11:45:20,2017-04-14 11:45:20,1,20,6,2,589.41,54.6,0.1246,1,casa_garagem,0.0
O01954,C01997,MA,caxias,delivered,2017-10-29 03:47:36,2017-10-30 16:47:36,2017-11-06 03:47:36,2017-11-17 03:47:36,0,8,19,1,292.63,20.64,0.0705,1,casa_iluminacao,0.0
O02077,C00128,MT,rondonopolis,shipped,2016-09-09 08:40:46,2016-09-10 07:40:46,,2016-09-19 08:40:46,0,,10,1,59.48,36.97,0.6216,1,relogios_presentes,0.0
O02213,C00503,CE,caucaia,delivered,2017-07-22 15:33:18,2017-07-23 14:33:18,2017-08-13 15:33:18,2017-07-28 15:33:18,1,22,6,1,125.22,26.33,0.2103,1,market_place,0.0
O03369,C00395,CE,sobral,delivered,2018-02-26 20:34:29,2018-02-27 19:34:29,2018-03-03 20:34:29,2018-03-11 20:34:29,0,5,13,2,310.58,93.79,1.0254,1,pc_gamer,0.0
O03984,C01494,PA,santarem,canceled,2017-12-26 15:53:19,2017-12-28 07:53:19,,,0,,,3,936.16,78.78,0.0811,1,casa_cozinha,0.0
O04370,C01878,MT,tangara da serra,delivered,2016-09-06 01:34:55,2016-09-07 22:34:55,2016-09-28 01:34:55,2016-09-24 01:34:55,1,22,18,2,606.89,52.87,0.0868,1,eletrodomesticos_2,0.0
O01273,C00081,AC,sena madureira,delivered,2018-05-25 16:53:46,2018-05-25 19:53:46,2018-05-30 16:53:46,2018-06-18 16:53:46,0,5,24,2,513.79,73.39,0.143,1,casa_outros,0.0
O02353,C01754,CE,fortaleza,delivered,2017-10-24 18:01:05,2017-10-26 10:01:05,2017-11-10 18:01:05,2017-10-31 18:01:05,1,17,7,1,198.83,25.33,0.1274,1,moveis_escritorio,0.0
O02760,C01179,PE,petrolina,canceled,2018-05-12 01:16:55,2018-05-13 05:16:55,,,0,,,2,850.98,50.32,0.0633,1,cool_stuff,0.0
O03821,C00689,TO,palmas,canceled,2017-02-25 20:35:45,2017-02-27 18:35:45,,,0,,,2,53.04,20.35,0.5385,1,cds_dvds_musicais,0.0
O00812,C01849,PI,teresina,delivered,2016-12-03 20:01:24,2016-12-05 12:01:24,2016-12-19 20:01:24,2016-12-10 20:01:24,1,16,7,1,98.22,14.77,0.1504,1,malas_acessorios,0.0
O03018,C01344,SE,estancia,delivered,2017-07-03 14:46:57,2017-07-05 11:46:57,2017-07-06 14:46:57,2017-07-15 14:46:57,0,3,12,2,466.94,72.0,0.1628,1,bebes,0.0
O00743,C01476,CE,caucaia,shipped,2017-05-22 22:53:57,2017-05-24 21:53:57,,2017-06-07 22:53:57,0,,16,1,350.45,21.35,0.0609,1,consoles_games,0.0
O02670,C00971,PA,belem,delivered,2018-03-21 05:22:17,2018-03-21 21:22:17,2018-03-24 05:22:17,2018-04-09 05:22:17,0,3,19,1,329.78,7.4,0.0224,1,casa_lavanderia,0.0
O03003,C00853,PE,petrolina,delivered,2017-12-11 06:15:55,2017-12-11 13:15:55,2018-01-08 06:15:55,2017-12-27 06:15:55,1,28,16,3,610.69,100.49,0.1652,1,cool_stuff,0.0
O03100,C01020,SE,estancia,unavailable,2016-10-09 17:44:12,2016-10-11 13:44:12,,,0,,,1,83.43,8.54,0.1024,1,papelaria,0.0
O02350,C01441,MG,contagem,shipped,2018-04-25 20:19:11,2018-04-26 19:19:11,,2018-05-12 20:19:11,0,,17,1,461.65,28.43,0.0616,1,audio,0.0
O02434,C00279,MT,cuiaba,delivered,2016-09-16 23:28:29,2016-09-18 04:28:29,2016-10-01 23:28:29,2016-09-27 23:28:29,1,15,11,2,235.63,51.35,0.6027,1,carnes,0.0
O03111,C00818,MA,imperatriz,delivered,2018-01-08 12:51:04,2018-01-08 22:51:04,2018-01-13 12:51:04,2018-01-20 12:51:04,0,5,12,1,310.53,42.99,0.1384,1,casa_conforto,0.0
O03315,C01893,RN,mossoro,shipped,2016-12-22 12:45:10,2016-12-24 10:45:10,,2017-01-05 12:45:10,0,,14,1,70.05,8.68,0.1239,0,portateis_casa_forno_cafe,0.0
O04797,C01319,SE,aracaju,delivered,2018-07-02 08:41:38,2018-07-03 21:41:38,2018-07-29 08:41:38,2018-07-08 08:41:38,1,27,6,2,592.66,44.79,0.1025,1,construcao_ferramentas,0.0
O00043,C00921,MS,três lagoas,canceled,2017-05-18 19:29:47,2017-05-18 22:29:47,,,0,,,1,330.3,7.2,0.0218,1,eletrodomesticos_2,0.0
O00770,C01853,RR,boa vista,delivered,2018-07-26 19:05:22,2018-07-28 02:05:22,2018-08-03 19:05:22,2018-08-09 19:05:22,0,8,14,2,507.05,25.03,0.0497,1,brinquedos,0.0
O01116,C00043,SE,lagarto,shipped,2017-02-02 12:08:07,2017-02-02 21:08:07,,2017-02-15 12:08:07,0,,13,2,778.8,72.6,0.0935,1,casa_garagem,0.0
O02216,C00923,RO,vilhena,delivered,2017-09-18 15:06:43,2017-09-18 21:06:43,2017-10-18 15:06:43,2017-10-05 15:06:43,1,30,17,3,1044.11,110.73,0.1377,1,alimentos_bebidas,0.0
O02439,C01633,PB,bayeux,shipped,2017-10-14 22:31:52,2017-10-16 08:31:52,,2017-11-04 22:31:52,0,,21,1,40.86,14.69,0.3595,1,carnes,0.0
O03191,C00766,RJ,rio de janeiro,delivered,2017-02-28 12:53:54,2017-03-01 22:53:54,2017-03-23 12:53:54,2017-03-06 12:53:54,1,23,6,1,146.26,28.22,0.1929,1,portateis_casa_forno_cafe,0.0
O03384,C01477,MG,juiz de fora,shipped,2017-04-10 21:24:41,2017-04-11 06:24:41,,2017-04-28 21:24:41,0,,18,3,713.81,87.51,0.4841,1,dvds_blu_ray,0.0
O04433,C00754,AL,penedo,shipped,2018-08-20 17:57:31,2018-08-22 14:57:31,,2018-09-03 17:57:31,0,,14,1,484.65,43.9,0.0906,1,fashion_bolsas,0.0
O04645,C00847,RN,sao goncalo do amarante,shipped,2017-12-25 20:33:15,2017-12-26 16:33:15,,2018-01-13 20:33:15,0,,19,3,405.62,66.58,0.1965,1,moveis_decoracao,0.0
O04784,C00262,AM,parintins,delivered,2018-10-03 19:27:17,2018-10-04 14:27:17,2018-10-07 19:27:17,2018-10-14 19:27:17,0,4,11,1,169.53,29.67,0.175,1,moveis_presentes,0.0
O00229,C01785,MA,sao luis,delivered,2016-11-17 00:27:51,2016-11-17 15:27:51,2016-11-21 00:27:51,2016-11-27 00:27:51,0,4,10,2,274.22,76.27,0.5576,1,dvds_blu_ray,0.0
O02085,C00440,PE,olinda,shipped,2018-09-22 07:51:37,2018-09-23 10:51:37,,2018-09-29 07:51:37,0,,7,1,303.47,38.73,0.1276,1,relogios_presentes,0.0
O02140,C01224,RO,vilhena,delivered,2018-07-10 14:15:56,2018-07-11 21:15:56,2018-07-26 14:15:56,2018-07-20 14:15:56,1,16,10,1,160.94,12.01,0.0746,1,casa_escritorio,0.0
O02387,C01597,AC,rio branco,delivered,2018-08-28 23:38:01,2018-08-30 14:38:01,2018-09-22 23:38:01,2018-09-09 23:38:01,1,25,12,1,471.79,24.43,0.0518,1,casa_construcao,0.0
O02424,C00290,AL,delmiro gouveia,delivered,2016-10-27 23:28:20,2016-10-28 22:28:20,2016-11-02 23:28:20,2016-11-01 23:28:20,1,6,5,2,535.7,53.38,0.089,1,casa_escritorio,0.0
O02798,C01300,PR,maringa,shipped,2018-05-20 21:03:41,2018-05-21 14:03:41,,2018-05-27 21:03:41,0,,7,1,180.84,34.94,0.1932,1,moveis_colchao_estofado,0.0
O02927,C00998,AP,porto grande,shipped,2017-10-21 21:52:32,2017-10-23 21:52:32,,2017-11-14 21:52:32,0,,24,2,708.11,53.92,0.0879,1,casa_jardim,0.0
O03386,C00575,PI,teresina,shipped,2017-08-22 23:23:45,2017-08-24 09:23:45,,2017-09-12 23:23:45,0,,21,2,510.0,27.32,0.1454,1,fashion_calcados,0.0
O03558,C01104,RR,mucajai,unavailable,2018-01-16 21:23:04,2018-01-18 19:23:04,,,0,,,3,825.01,110.07,0.1636,1,brinquedos,0.0
O04739,C00633,ES,vitoria,delivered,2018-04-30 14:06:35,2018-04-30 19:06:35,2018-05-06 14:06:35,2018-05-16 14:06:35,0,6,16,1,140.36,7.62,0.0543,1,utilidades_domesticas,0.0
O00053,C01022,RR,caracarai,delivered,2016-11-12 16:31:34,2016-11-13 10:31:34,2016-11-18 16:31:34,2016-12-01 16:31:34,0,6,19,1,366.2,16.8,0.0459,1,portateis_casa_forno_cafe,0.0
O01541,C00649,SC,sao jose,delivered,2017-05-26 09:07:12,2017-05-26 12:07:12,2017-06-17 09:07:12,2017-06-16 09:07:12,1,22,21,1,234.18,39.38,0.1682,1,telefonia,0.0
O01628,C01635,CE,caucaia,canceled,2018-08-04 01:02:07,2018-08-05 05:02:07,,,0,,,1,120.25,18.36,0.1527,0,livros_interesse,0.0
O01843,C01304,SC,criciuma,delivered,2016-11-01 00:52:00,2016-11-02 11:52:00,2016-11-23 00:52:00,2016-11-25 00:52:00,0,22,24,2,423.44,72.78,0.1942,1,cool_stuff,0.0
O01941,C00416,BA,vitoria da conquista,delivered,2017-02-27 02:15:11,2017-02-28 17:15:11,2017-03-26 02:15:11,2017-03-16 02:15:11,1,27,17,1,383.54,27.71,0.0722,1,papelaria,0.0
O02554,C00970,SC,joinville,delivered,2018-01-23 05:02:18,2018-01-24 03:02:18,2018-02-12 05:02:18,2018-02-11 05:02:18,1,20,19,1,476.7,24.04,0.0504,1,cds_dvds_musicais,0.0
O02882,C00800,GO,rio verde,delivered,2017-05-19 10:22:49,2017-05-20 12:22:49,2017-05-28 10:22:49,2017-06-09 10:22:49,0,9,21,1,81.88,19.74,0.2411,1,seguros_servicos,0.0
O03996,C00050,AM,coari,delivered,2018-10-25 18:42:48,2018-10-25 21:42:48,2018-11-15 18:42:48,2018-10-31 18:42:48,1,21,6,3,519.91,107.18,0.3554,1,casa_limpeza,0.0
O04274,C00820,TO,porto nacional,delivered,2018-04-09 16:41:04,2018-04-11 15:41:04,2018-05-08 16:41:04,2018-04-18 16:41:04,1,29,9,2,559.46,13.15,0.0244,1,casa_banheiro,0.0
O04290,C01006,PR,londrina,delivered,2018-07-24 03:14:26,2018-07-24 14:14:26,2018-07-31 03:14:26,2018-07-30 03:14:26,1,7,6,5,1167.2,75.64,0.1107,1,audio,0.0
O04392,C00559,PR,maringa,shipped,2018-04-30 00:28:37,2018-05-01 14:28:37,,2018-05-24 00:28:37,0,,24,1,321.31,46.01,0.1432,1,moveis_sala,0.0
O00007,C01040,BA,feira de santana,delivered,2017-11-15 13:32:21,2017-11-16 07:32:21,2017-11-26 13:32:21,2017-11-29 13:32:21,0,11,14,4,462.86,145.23,0.5403,1,alimentos_bebidas,4.0
O00008,C01718,MS,dourados,delivered,2018-06-07 05:45:09,2018-06-09 01:45:09,2018-06-23 05:45:09,2018-06-13 05:45:09,1,16,6,1,449.59,49.03,0.1091,1,casa_lavanderia,5.0
O00010,C01680,ES,cariacica,delivered,2018-01-07 04:10:31,2018-01-08 02:10:31,2018-01-28 04:10:31,2018-01-25 04:10:31,1,21,18,1,148.43,25.12,0.1692,1,audio,3.0
O00017,C00191,TO,gurupi,delivered,2017-01-23 21:11:11,2017-01-23 23:11:11,2017-02-15 21:11:11,2017-02-15 21:11:11,0,23,23,2,688.23,58.22,0.0834,1,automotivo,5.0
O00027,C00801,SC,sao jose,delivered,2017-02-04 09:18:49,2017-02-05 17:18:49,2017-02-20 09:18:49,2017-02-11 09:18:49,1,16,7,2,580.85,54.33,0.0846,1,artes,3.0
O00032,C01069,PE,petrolina,delivered,2017-10-01 08:29:08,2017-10-01 16:29:08,2017-10-04 08:29:08,2017-10-23 08:29:08,0,3,22,1,490.71,35.85,0.0731,1,fashion_roupa_feminina,5.0
O00045,C00722,GO,aparecida de goiania,delivered,2018-05-12 17:56:56,2018-05-12 19:56:56,2018-06-09 17:56:56,2018-05-27 17:56:56,1,28,15,3,464.86,83.1,0.3632,1,artes,3.0
O00060,C00097,SC,sao jose,delivered,2018-05-05 00:18:42,2018-05-05 20:18:42,2018-05-22 00:18:42,2018-05-25 00:18:42,0,17,20,2,290.41,51.62,0.2257,1,artes,5.0
O00062,C00060,MG,montes claros,delivered,2017-08-14 23:51:38,2017-08-15 03:51:38,2017-08-21 23:51:38,2017-08-22 23:51:38,0,7,8,1,65.73,30.13,0.4584,1,moveis_decoracao,5.0
O00080,C01795,RS,pelotas,delivered,2017-02-14 11:42:48,2017-02-16 11:42:48,2017-02-17 11:42:48,2017-03-05 11:42:48,0,3,19,1,361.15,6.69,0.0185,1,automotivo,5.0
O00087,C01245,RR,alto alegre,delivered,2018-10-07 19:20:48,2018-10-09 05:20:48,2018-10-31 19:20:48,2018-10-13 19:20:48,1,24,6,1,372.7,5.02,0.0135,1,artes,5.0
O00114,C01899,SC,criciuma,delivered,2017-04-17 13:26:40,2017-04-18 19:26:40,2017-05-06 13:26:40,2017-05-01 13:26:40,1,19,14,1,442.41,21.67,0.049,1,casa_jardim,2.0
O00141,C01650,RN,caico,delivered,2018-09-24 08:26:17,2018-09-26 00:26:17,2018-09-30 08:26:17,2018-10-01 08:26:17,0,6,7,4,1000.94,128.55,0.1233,1,casa_garagem,4.0
O00155,C01026,DF,brasilia,delivered,2018-10-22 16:51:55,2018-10-23 06:51:55,2018-11-16 16:51:55,2018-11-12 16:51:55,1,25,21,1,332.09,40.05,0.1206,1,market_place,1.0
O00170,C01520,AC,feijo,delivered,2017-05-10 19:08:15,2017-05-11 23:08:15,2017-06-07 19:08:15,2017-05-21 19:08:15,1,28,11,1,236.99,7.12,0.03,1,la_cuisine,4.0
O00176,C01642,PA,belem,delivered,2016-12-14 07:42:28,2016-12-15 12:42:28,2016-12-29 07:42:28,2016-12-21 07:42:28,1,15,7,2,424.37,50.47,0.1172,1,casa_conforto,2.0
O00188,C01946,RN,natal,delivered,2018-06-09 14:33:30,2018-06-11 05:33:30,2018-06-14 14:33:30,2018-07-01 14:33:30,0,5,22,1,337.36,32.95,0.0977,1,fashion_esporte,3.0
O00193,C01132,AP,laranjal do jari,delivered,2018-09-20 00:43:30,2018-09-20 04:43:30,2018-10-05 00:43:30,2018-09-29 00:43:30,1,15,9,4,1404.13,99.5,0.1126,1,automotivo,2.0
O00219,C00533,SE,itabaiana,delivered,2017-05-11 12:15:39,2017-05-12 13:15:39,2017-05-21 12:15:39,2017-05-20 12:15:39,1,10,9,1,99.45,33.12,0.333,1,casa_utilidades,1.0
O00223,C01660,RO,cacoal,delivered,2016-09-20 04:02:08,2016-09-20 12:02:08,2016-10-14 04:02:08,2016-10-05 04:02:08,1,24,15,1,77.6,5.06,0.0652,1,fashion_roupa_feminina,5.0
O00235,C00668,TO,araguaina,delivered,2018-03-31 21:16:49,2018-04-02 17:16:49,2018-04-23 21:16:49,2018-04-18 21:16:49,1,23,18,1,408.3,41.48,0.1016,1,fashion_bolsas,1.0
O00244,C01635,CE,caucaia,delivered,2016-11-19 21:30:19,2016-11-21 12:30:19,2016-12-08 21:30:19,2016-12-10 21:30:19,0,19,21,1,29.29,40.7,1.3896,1,eletroportateis,1.0
O00271,C01544,SP,santos,delivered,2017-02-12 20:25:11,2017-02-13 11:25:11,2017-02-19 20:25:11,2017-02-20 20:25:11,0,7,8,1,214.95,36.9,0.1717,1,eletronicos,4.0
O00295,C01231,TO,paraíso do tocantins,delivered,2018-06-03 00:34:55,2018-06-04 20:34:55,2018-06-15 00:34:55,2018-06-16 00:34:55,0,12,13,1,184.18,30.63,0.1663,1,livros_interesse,4.0
O00313,C00196,TO,araguaina,delivered,2018-05-01 14:09:21,2018-05-02 03:09:21,2018-05-31 14:09:21,2018-05-15 14:09:21,1,30,14,3,563.66,100.4,0.5336,1,casa_construcao,1.0
O00322,C01999,CE,juazeiro do norte,delivered,2017-01-08 22:07:18,2017-01-09 05:07:18,2017-01-17 22:07:18,2017-01-28 22:07:18,0,9,20,1,219.72,20.28,0.0923,1,audio,2.0
O00328,C00660,AM,parintins,delivered,2018-08-18 17:11:45,2018-08-20 15:11:45,2018-09-07 17:11:45,2018-08-25 17:11:45,1,20,7,2,844.77,41.92,0.0512,1,casa_iluminacao,4.0
O00389,C00711,PB,campina grande,delivered,2017-11-23 11:06:22,2017-11-24 01:06:22,2017-12-12 11:06:22,2017-12-15 11:06:22,0,19,22,1,101.58,25.29,0.249,1,casa_escritorio,4.0
O00392,C01349,RO,porto velho,delivered,2017-06-17 14:26:48,2017-06-18 21:26:48,2017-07-08 14:26:48,2017-07-02 14:26:48,1,21,15,1,92.06,22.38,0.2431,1,casa_escritorio,1.0
O00395,C00864,PR,londrina,delivered,2018-09-09 15:46:22,2018-09-10 13:46:22,2018-09-15 15:46:22,2018-09-19 15:46:22,0,6,10,1,379.47,24.45,0.0644,1,alimentos_bebidas,5.0
O00406,C01349,RO,porto velho,delivered,2017-04-18 02:51:48,2017-04-18 15:51:48,2017-04-30 02:51:48,2017-05-02 02:51:48,0,12,14,5,1194.66,85.87,0.1132,1,alimentos_bebidas,4.0
O00435,C00732,PA,maraba,delivered,2016-10-27 21:00:26,2016-10-29 08:00:26,2016-11-06 21:00:26,2016-11-06 21:00:26,0,10,10,1,70.28,45.94,0.6537,1,perfumaria,3.0
O00438,C01412,SC,sao jose,delivered,2017-09-15 04:44:01,2017-09-17 03:44:01,2017-10-06 04:44:01,2017-10-04 04:44:01,1,21,19,1,115.06,45.83,0.3983,1,casa_conforto,4.0
O00440,C01483,PB,patos,delivered,2017-02-05 02:07:41,2017-02-06 03:07:41,2017-03-03 02:07:41,2017-02-12 02:07:41,1,26,7,1,137.93,49.17,0.3565,1,moveis_decoracao,3.0
O00444,C01053,PI,picos,delivered,2017-09-14 15:44:53,2017-09-16 12:44:53,2017-09-28 15:44:53,2017-10-07 15:44:53,0,14,23,1,208.21,18.49,0.0888,1,casa_escritorio,3.0
O00447,C01389,MS,dourados,delivered,2017-11-17 14:18:29,2017-11-18 08:18:29,2017-11-26 14:18:29,2017-11-22 14:18:29,1,9,5,2,858.94,73.13,0.0861,1,artes,1.0
O00476,C00938,SP,ribeirao preto,delivered,2018-03-28 07:42:54,2018-03-30 06:42:54,2018-04-05 07:42:54,2018-04-17 07:42:54,0,8,20,2,731.86,84.3,0.1159,1,pc_gamer,5.0
O00477,C01920,RO,ji-parana,delivered,2017-07-08 08:32:09,2017-07-09 05:32:09,2017-07-13 08:32:09,2017-07-13 08:32:09,0,5,5,2,741.81,61.82,0.0851,1,artigos_nautica,4.0
O00478,C00424,MT,tangara da serra,delivered,2018-08-18 10:01:16,2018-08-19 16:01:16,2018-09-09 10:01:16,2018-09-06 10:01:16,1,22,19,2,693.12,49.95,0.0866,1,casa_outros,3.0
O00487,C00751,CE,fortaleza,delivered,2018-06-04 09:46:07,2018-06-06 04:46:07,2018-06-14 09:46:07,2018-06-24 09:46:07,0,10,20,1,267.53,13.5,0.0505,1,casa_outros,1.0
O00491,C01164,MS,campo grande,delivered,2017-11-02 15:53:23,2017-11-04 06:53:23,2017-11-09 15:53:23,2017-11-11 15:53:23,0,7,9,1,345.24,8.01,0.0232,1,fashion_calcados,2.0
O00495,C00317,CE,sobral,delivered,2017-03-19 16:48:23,2017-03-20 02:48:23,2017-04-18 16:48:23,2017-04-05 16:48:23,1,30,17,1,62.86,7.27,0.1157,1,automotivo,2.0
O00510,C01131,AL,rio largo,delivered,2017-11-06 01:04:33,2017-11-06 07:04:33,2017-12-02 01:04:33,2017-11-13 01:04:33,1,26,7,1,71.22,35.82,0.5029,1,eletronicos,2.0
O00517,C01259,AP,porto grande,delivered,2018-08-10 18:23:53,2018-08-10 19:23:53,2018-08-26 18:23:53,2018-09-03 18:23:53,0,16,24,1,358.7,35.0,0.0976,1,construcao_ferramentas,4.0
O00520,C00510,AC,rio branco,delivered,2018-02-12 22:42:22,2018-02-13 16:42:22,2018-03-03 22:42:22,2018-02-26 22:42:22,1,19,14,1,341.9,8.64,0.0253,0,audio,4.0
O00529,C01960,DF,guara,delivered,2018-09-06 23:37:10,2018-09-08 17:37:10,2018-09-22 23:37:10,2018-09-19 23:37:10,1,16,13,2,470.56,22.39,0.049,1,eletrodomesticos,1.0
O00534,C00725,PA,castanhal,delivered,2017-04-06 08:58:44,2017-04-07 14:58:44,2017-04-09 08:58:44,2017-04-17 08:58:44,0,3,11,1,102.4,23.77,0.2321,1,moveis_escritorio,5.0
O00538,C00219,PB,santa rita,delivered,2016-12-25 14:50:11,2016-12-26 06:50:11,2017-01-20 14:50:11,2017-01-14 14:50:11,1,26,20,1,378.67,18.88,0.0499,1,cool_stuff,3.0
O00540,C00512,PE,olinda,delivered,2017-11-10 04:28:24,2017-11-11 19:28:24,2017-11-14 04:28:24,2017-11-18 04:28:24,0,4,8,1,72.39,37.61,0.5195,1,casa_conforto,4.0
O00546,C00288,RO,vilhena,delivered,2016-12-15 15:22:09,2016-12-17 12:22:09,2016-12-28 15:22:09,2016-12-31 15:22:09,0,13,16,1,337.24,32.05,0.095,1,livros_interesse,3.0
O00547,C01854,PR,ponta grossa,delivered,2018-07-25 14:08:01,2018-07-27 14:08:01,2018-08-02 14:08:01,2018-08-09 14:08:01,0,8,15,5,1717.1,103.21,0.0612,1,artigos_nautica,3.0
O00556,C01572,AC,rio branco,delivered,2018-07-02 10:51:30,2018-07-03 04:51:30,2018-07-28 10:51:30,2018-07-11 10:51:30,1,26,9,3,635.14,106.26,0.2487,1,carnes,1.0
O00565,C01783,AP,santana,delivered,2018-01-03 20:35:14,2018-01-04 11:35:14,2018-01-12 20:35:14,2018-01-17 20:35:14,0,9,14,3,860.82,51.35,0.078,1,eletrodomesticos_2,4.0
O00578,C00563,PB,joao pessoa,delivered,2018-01-16 04:24:50,2018-01-16 07:24:50,2018-01-26 04:24:50,2018-01-26 04:24:50,0,10,10,1,426.21,40.08,0.094,1,casa_sala,5.0
O00584,C00827,RO,vilhena,delivered,2018-04-03 17:18:44,2018-04-04 10:18:44,2018-04-06 17:18:44,2018-04-08 17:18:44,0,3,5,1,80.29,14.05,0.175,1,artes,5.0
O00593,C00462,SE,itabaiana,delivered,2017-01-06 16:13:38,2017-01-08 16:13:38,2017-01-21 16:13:38,2017-01-20 16:13:38,1,15,14,1,20.46,9.5,0.4643,1,papelaria,1.0
O00613,C01077,CE,fortaleza,delivered,2017-04-24 18:26:24,2017-04-26 07:26:24,2017-05-13 18:26:24,2017-04-30 18:26:24,1,19,6,1,259.48,24.27,0.0935,1,casa_garagem,5.0
O00622,C00859,CE,caucaia,delivered,2018-05-01 09:31:26,2018-05-02 23:31:26,2018-05-30 09:31:26,2018-05-17 09:31:26,1,29,16,1,378.53,36.28,0.0958,1,fashion_calcados,4.0
O00638,C01954,SE,nossa senhora do socorro,delivered,2017-02-01 03:12:24,2017-02-02 16:12:24,2017-02-28 03:12:24,2017-02-13 03:12:24,1,27,12,1,484.05,11.85,0.0245,1,eletroportateis,4.0
O00649,C01516,MG,belo horizonte,delivered,2017-08-20 12:27:32,2017-08-21 09:27:32,2017-08-26 12:27:32,2017-08-27 12:27:32,0,6,7,2,707.14,44.57,0.0767,1,casa_garagem,1.0
O00656,C00192,PI,campo maior,delivered,2017-01-19 15:39:30,2017-01-21 13:39:30,2017-02-12 15:39:30,2017-02-05 15:39:30,1,24,17,1,334.0,6.15,0.0184,1,casa_limpeza,3.0
O00669,C00276,MS,corumba,delivered,2018-01-13 16:26:56,2018-01-15 13:26:56,2018-02-02 16:26:56,2018-02-05 16:26:56,0,20,23,1,266.14,33.83,0.1271,1,moda_roupa,5.0
O00674,C00046,SP,ribeirao preto,delivered,2018-07-29 16:06:32,2018-07-31 04:06:32,2018-08-12 16:06:32,2018-08-18 16:06:32,0,14,20,1,134.04,16.57,0.1236,1,sinalizacao_seguranca,5.0
O00690,C00042,AM,parintins,delivered,2016-12-04 14:32:58,2016-12-06 02:32:58,2016-12-18 14:32:58,2016-12-12 14:32:58,1,14,8,1,86.8,42.35,0.4879,1,casa_quarto,5.0
O00693,C01958,SE,itabaiana,delivered,2017-05-26 19:16:31,2017-05-27 08:16:31,2017-06-13 19:16:31,2017-06-05 19:16:31,1,18,10,1,144.98,31.48,0.2171,1,casa_banheiro,2.0
O00694,C01097,RJ,nova iguaçu,delivered,2017-08-06 05:34:02,2017-08-07 04:34:02,2017-08-30 05:34:02,2017-08-15 05:34:02,1,24,9,2,648.03,30.57,0.0444,1,carnes,3.0
O00704,C01178,AL,arapiraca,delivered,2018-05-06 08:16:43,2018-05-07 19:16:43,2018-05-18 08:16:43,2018-05-21 08:16:43,0,12,15,2,498.13,56.97,0.5524,1,alimentos_bebidas,3.0
O00718,C00363,RR,rorainopolis,delivered,2018-04-29 17:06:48,2018-04-30 08:06:48,2018-05-28 17:06:48,2018-05-16 17:06:48,1,29,17,4,945.08,148.37,0.1732,1,beleza_saude,2.0
O00722,C01414,MG,juiz de fora,delivered,2016-09-16 21:18:18,2016-09-18 00:18:18,2016-10-01 21:18:18,2016-09-29 21:18:18,1,15,13,2,433.97,51.91,0.2358,1,construcao_ferramentas,4.0
O00727,C01933,GO,aparecida de goiania,delivered,2017-10-04 10:58:54,2017-10-06 06:58:54,2017-10-29 10:58:54,2017-10-21 10:58:54,1,25,17,1,198.14,26.03,0.1314,1,malas_acessorios,5.0
O00747,C01688,ES,vila velha,delivered,2018-09-11 02:31:55,2018-09-12 15:31:55,2018-09-23 02:31:55,2018-10-05 02:31:55,0,12,24,2,470.17,52.67,0.2411,1,construcao_ferramentas,4.0
O00749,C00513,TO,porto nacional,delivered,2018-02-19 03:59:05,2018-02-20 20:59:05,2018-02-26 03:59:05,2018-03-10 03:59:05,0,7,19,1,92.23,37.42,0.4057,1,casa_construcao,5.0
O00755,C00910,SE,aracaju,delivered,2018-04-27 10:11:57,2018-04-28 16:11:57,2018-05-10 10:11:57,2018-05-14 10:11:57,0,13,17,1,359.08,6.13,0.0171,1,fraldas_higiene,3.0
O00756,C00273,PB,santa rita,delivered,2017-07-17 21:04:14,2017-07-18 13:04:14,2017-07-26 21:04:14,2017-08-09 21:04:14,0,9,23,5,2025.12,174.36,0.0937,1,casa_jardim,2.0
O00763,C01528,MG,juiz de fora,delivered,2017-05-01 02:43:15,2017-05-02 20:43:15,2017-05-29 02:43:15,2017-05-12 02:43:15,1,28,11,3,757.75,75.75,0.1013,1,artes,1.0
O00775,C00199,MT,rondonopolis,delivered,2016-11-01 04:07:52,2016-11-01 13:07:52,2016-11-19 04:07:52,2016-11-18 04:07:52,1,18,17,1,127.6,29.25,0.2292,1,casa_utilidades,1.0
O00783,C00347,DF,samambaia,delivered,2018-03-22 08:14:18,2018-03-23 01:14:18,2018-04-02 08:14:18,2018-04-12 08:14:18,0,11,21,4,1514.84,106.38,0.0738,1,casa_lavanderia,3.0
O00816,C00924,RS,caxias do sul,delivered,2018-03-11 07:24:09,2018-03-13 07:24:09,2018-03-25 07:24:09,2018-03-31 07:24:09,0,14,20,1,318.48,35.86,0.1126,1,casa_utilidades,5.0
O00821,C00860,MT,tangara da serra,delivered,2016-10-09 00:40:25,2016-10-09 09:40:25,2016-10-24 00:40:25,2016-11-03 00:40:25,0,15,25,2,582.65,63.81,0.1348,1,alimentos_bebidas,3.0
O00830,C01294,ES,cariacica,delivered,2017-05-05 09:07:33,2017-05-06 07:07:33,2017-05-29 09:07:33,2017-05-29 09:07:33,0,24,24,1,398.35,7.42,0.0186,1,casa_iluminacao,4.0
O00849,C00755,PB,santa rita,delivered,2018-08-24 06:12:00,2018-08-24 16:12:00,2018-09-08 06:12:00,2018-09-15 06:12:00,0,15,22,1,167.27,25.47,0.1523,1,beleza_saude,5.0
O00850,C00322,AP,oida,delivered,2018-07-22 22:42:44,2018-07-23 19:42:44,2018-08-02 22:42:44,2018-08-10 22:42:44,0,11,19,1,60.33,5.44,0.0902,1,audio,5.0
O00855,C00664,PE,olinda,delivered,2018-05-08 10:42:51,2018-05-08 22:42:51,2018-06-06 10:42:51,2018-05-14 10:42:51,1,29,6,1,407.55,37.84,0.0928,1,casa_garagem,5.0
O00866,C01946,RN,natal,delivered,2017-04-26 02:29:11,2017-04-26 11:29:11,2017-05-09 02:29:11,2017-05-13 02:29:11,0,13,17,1,401.9,32.54,0.081,1,casa_jardim,5.0
O00878,C00410,MT,sinop,delivered,2017-12-08 20:58:46,2017-12-10 17:58:46,2017-12-29 20:58:46,2017-12-22 20:58:46,1,21,14,1,174.76,14.1,0.0807,1,fashion_roupa_feminina,1.0
O00893,C01498,PR,londrina,delivered,2017-04-27 03:14:47,2017-04-27 17:14:47,2017-05-21 03:14:47,2017-05-14 03:14:47,1,24,17,2,721.84,61.53,0.0864,1,alimentos_bebidas,2.0
O00894,C00062,PR,cascavel,delivered,2016-10-28 17:28:07,2016-10-30 01:28:07,2016-11-14 17:28:07,2016-11-15 17:28:07,0,17,18,2,291.86,69.57,0.5662,1,casa_conforto_2,5.0
O00902,C01116,AP,oida,delivered,2017-05-13 14:26:16,2017-05-14 14:26:16,2017-05-27 14:26:16,2017-06-04 14:26:16,0,14,22,1,218.53,35.0,0.1602,1,carnes,5.0
O00904,C00357,PI,teresina,delivered,2018-05-18 03:24:50,2018-05-19 03:24:50,2018-06-01 03:24:50,2018-06-01 03:24:50,0,14,14,1,394.48,38.08,0.0965,1,casa_limpeza,5.0
O00905,C00303,PI,teresina,delivered,2018-10-09 04:41:39,2018-10-11 00:41:39,2018-10-23 04:41:39,2018-10-27 04:41:39,0,14,18,2,305.12,39.79,0.1138,1,instrumentos_musicais,4.0
O00910,C01689,RR,boa vista,delivered,2018-05-09 17:00:20,2018-05-09 23:00:20,2018-05-15 17:00:20,2018-05-30 17:00:20,0,6,21,1,151.18,10.14,0.0671,1,fashion_calcados,5.0
O00917,C01467,RR,caracarai,delivered,2016-09-01 22:13:29,2016-09-03 07:13:29,2016-09-19 22:13:29,2016-09-10 22:13:29,1,18,9,2,687.83,63.29,0.0898,1,cool_stuff,1.0
O00928,C00080,RJ,campos,delivered,2018-09-28 05:23:36,2018-09-28 11:23:36,2018-10-18 05:23:36,2018-10-05 05:23:36,1,20,7,1,342.89,29.73,0.0867,1,eletronicos,3.0
O00929,C00170,AP,oida,delivered,2017-09-17 04:47:03,2017-09-19 03:47:03,2017-10-10 04:47:03,2017-09-25 04:47:03,1,23,8,1,133.67,16.75,0.1253,1,fashion_underwear,1.0
O00930,C00932,RJ,niteroi,delivered,2018-04-14 01:52:33,2018-04-16 01:52:33,2018-05-06 01:52:33,2018-05-04 01:52:33,1,22,20,1,225.2,10.03,0.0445,1,casa_garagem,3.0
O00943,C00043,SE,lagarto,delivered,2018-03-27 02:46:58,2018-03-28 19:46:58,2018-04-12 02:46:58,2018-04-16 02:46:58,0,16,20,1,11.19,41.07,3.6702,1,musica_arte,3.0
O00955,C01298,SC,criciuma,delivered,2016-12-20 04:02:05,2016-12-20 14:02:05,2017-01-19 04:02:05,2017-01-10 04:02:05,1,30,21,1,440.42,10.64,0.0242,1,casa_iluminacao,4.0
O00962,C00495,BA,feira de santana,delivered,2017-11-21 19:32:13,2017-11-23 03:32:13,2017-12-07 19:32:13,2017-12-15 19:32:13,0,16,24,1,326.62,14.42,0.0441,1,casa_quarto,5.0
O00990,C01169,BA,vitoria da conquista,delivered,2017-10-20 08:37:49,2017-10-21 20:37:49,2017-10-30 08:37:49,2017-10-29 08:37:49,1,10,9,1,95.11,49.21,0.5174,1,perfumaria,4.0
O00991,C00048,DF,brasilia,delivered,2018-01-06 00:05:42,2018-01-06 15:05:42,2018-02-04 00:05:42,2018-01-23 00:05:42,1,29,17,2,455.67,52.71,0.1181,1,flores,2.0
O00993,C01995,MS,dourados,delivered,2017-10-25 00:13:54,2017-10-26 08:13:54,2017-11-04 00:13:54,2017-11-12 00:13:54,0,10,18,1,227.46,11.52,0.0506,1,cool_stuff,5.0
O01004,C01841,SC,sao jose,delivered,2017-08-25 16:24:26,2017-08-26 17:24:26,2017-09-12 16:24:26,2017-08-30 16:24:26,1,18,5,2,804.24,65.37,0.0812,1,moveis_jardim,5.0
O01005,C01406,RO,cacoal,delivered,2017-09-15 03:41:49,2017-09-16 21:41:49,2017-10-02 03:41:49,2017-09-20 03:41:49,1,17,5,1,241.2,24.45,0.1014,1,casa_escritorio,3.0
O01045,C00050,AM,coari,delivered,2018-07-29 12:01:20,2018-07-30 14:01:20,2018-08-20 12:01:20,2018-08-17 12:01:20,1,22,19,1,480.41,41.98,0.0874,1,relogios_presentes,4.0
O01056,C00234,RS,porto alegre,delivered,2017-01-03 05:28:48,2017-01-05 00:28:48,2017-01-16 05:28:48,2017-01-27 05:28:48,0,13,24,3,630.58,123.18,0.3551,1,bebes,5.0
O01062,C00106,PE,olinda,delivered,2017-12-11 13:34:46,2017-12-12 06:34:46,2017-12-18 13:34:46,2018-01-02 13:34:46,0,7,22,2,626.27,72.51,0.124,1,casa_escritorio,5.0
O01073,C01009,BA,ilheus,delivered,2017-01-22 09:45:15,2017-01-24 06:45:15,2017-01-26 09:45:15,2017-01-27 09:45:15,0,4,5,1,442.34,5.69,0.0129,1,fashion_esporte,4.0
O01102,C01255,GO,luziania,delivered,2017-07-03 12:03:14,2017-07-04 16:03:14,2017-07-29 12:03:14,2017-07-09 12:03:14,1,26,6,1,496.83,29.82,0.06,1,cool_stuff,4.0
O01123,C01369,MA,imperatriz,delivered,2017-11-07 07:47:49,2017-11-07 13:47:49,2017-11-12 07:47:49,2017-11-23 07:47:49,0,5,16,1,232.74,24.06,0.1034,1,sinalizacao_seguranca,4.0
O01124,C00362,PR,londrina,delivered,2018-04-26 13:14:23,2018-04-27 02:14:23,2018-05-07 13:14:23,2018-05-01 13:14:23,1,11,5,2,378.54,72.35,0.1861,1,moveis_quarto,3.0
O01127,C01551,ES,linhares,delivered,2018-02-28 20:29:32,2018-02-28 22:29:32,2018-03-15 20:29:32,2018-03-18 20:29:32,0,15,18,1,270.16,20.98,0.0777,1,moveis_sala,4.0
O01143,C00672,DF,taguatinga,delivered,2017-06-15 00:57:14,2017-06-16 22:57:14,2017-06-22 00:57:14,2017-07-06 00:57:14,0,7,21,1,104.59,35.62,0.3406,1,portateis_casa_forno_cafe,5.0
O01152,C00832,RN,caico,delivered,2017-02-14 01:10:58,2017-02-14 18:10:58,2017-03-06 01:10:58,2017-02-26 01:10:58,1,20,12,1,222.98,21.08,0.0945,1,casa_quarto,4.0
O01171,C00888,SE,nossa senhora do socorro,delivered,2018-08-22 03:36:31,2018-08-22 14:36:31,2018-09-20 03:36:31,2018-08-28 03:36:31,1,29,6,1,158.05,22.81,0.1443,1,informatica_acessorios,1.0
O01179,C01044,TO,porto nacional,delivered,2017-04-13 18:30:54,2017-04-14 02:30:54,2017-04-27 18:30:54,2017-05-04 18:30:54,0,14,21,1,363.71,42.55,0.117,1,instrumentos_musicais,5.0
O01195,C00199,MT,rondonopolis,delivered,2016-10-27 21:08:18,2016-10-28 14:08:18,2016-11-17 21:08:18,2016-11-14 21:08:18,1,21,18,1,31.07,11.43,0.3679,1,pc_gamer,5.0
O01208,C01708,PI,campo maior,delivered,2017-05-06 02:31:02,2017-05-07 09:31:02,2017-05-14 02:31:02,2017-05-22 02:31:02,0,8,16,2,323.88,56.07,0.3378,1,casa_conforto_2,2.0
O01223,C01696,PE,caruaru,delivered,2017-06-04 23:52:51,2017-06-05 02:52:51,2017-07-04 23:52:51,2017-06-15 23:52:51,1,30,11,1,240.45,33.07,0.1375,1,flores,4.0
O01250,C00398,PI,campo maior,delivered,2018-04-11 08:08:21,2018-04-13 06:08:21,2018-04-30 08:08:21,2018-05-06 08:08:21,0,19,25,1,60.79,30.65,0.5042,1,papelaria,4.0
O01268,C00646,MA,imperatriz,delivered,2017-03-09 19:12:58,2017-03-10 21:12:58,2017-04-06 19:12:58,2017-03-18 19:12:58,1,28,9,1,449.72,29.03,0.0646,1,fraldas_higiene,5.0
O01282,C01249,PE,petrolina,delivered,2018-02-20 04:04:53,2018-02-20 13:04:53,2018-02-25 04:04:53,2018-03-06 04:04:53,0,5,14,1,25.69,18.9,0.7357,1,casa_jardim,5.0
O01285,C01086,GO,aparecida de goiania,delivered,2018-09-12 12:46:54,2018-09-13 10:46:54,2018-10-03 12:46:54,2018-09-21 12:46:54,1,21,9,1,78.07,32.0,0.4099,1,casa_utilidades,2.0
O01287,C01929,AM,coari,delivered,2017-08-01 21:36:49,2017-08-03 12:36:49,2017-08-08 21:36:49,2017-08-08 21:36:49,0,7,7,1,285.49,23.99,0.084,1,carnes,1.0
O01294,C01066,PE,jaboatao,delivered,2017-07-13 15:10:54,2017-07-14 15:10:54,2017-08-04 15:10:54,2017-07-20 15:10:54,1,22,7,2,540.12,62.66,0.1158,1,consoles_games,1.0
O01305,C01416,SE,itabaiana,delivered,2016-09-29 01:06:30,2016-09-30 16:06:30,2016-10-18 01:06:30,2016-10-15 01:06:30,1,19,16,2,776.21,64.8,0.0818,1,artigos_nautica,3.0
O01323,C00832,RN,caico,delivered,2018-03-12 06:07:57,2018-03-13 17:07:57,2018-03-28 06:07:57,2018-03-25 06:07:57,1,16,13,1,180.84,32.2,0.1781,1,casa_limpeza,4.0
O01328,C00817,AP,macapa,delivered,2017-04-20 09:20:04,2017-04-21 01:20:04,2017-05-17 09:20:04,2017-05-04 09:20:04,1,27,14,1,126.94,46.98,0.3701,1,consoles_games,3.0
O01329,C01741,RN,mossoro,delivered,2017-10-28 09:13:15,2017-10-30 02:13:15,2017-11-27 09:13:15,2017-11-02 09:13:15,1,30,5,1,429.87,32.87,0.0765,1,eletrodomesticos_2,2.0
O01346,C00539,CE,juazeiro do norte,delivered,2016-12-14 07:50:06,2016-12-14 20:50:06,2016-12-31 07:50:06,2016-12-26 07:50:06,1,17,12,1,184.82,41.74,0.2258,1,consoles_games,1.0
O01348,C00707,BA,salvador,delivered,2018-05-17 10:00:25,2018-05-17 17:00:25,2018-05-22 10:00:25,2018-06-05 10:00:25,0,5,19,1,121.38,45.39,0.3739,1,informatica_acessorios,2.0
O01378,C01778,SP,campinas,delivered,2016-09-26 02:43:21,2016-09-26 13:43:21,2016-09-30 02:43:21,2016-10-11 02:43:21,0,4,15,1,338.07,27.05,0.08,1,cool_stuff,5.0
O01381,C01328,SE,itabaiana,delivered,2017-03-21 22:18:37,2017-03-22 18:18:37,2017-04-03 22:18:37,2017-04-14 22:18:37,0,13,24,1,373.0,29.21,0.0783,1,instrumentos_musicais,5.0
O01386,C00800,GO,rio verde,delivered,2018-09-12 22:16:19,2018-09-13 11:16:19,2018-10-06 22:16:19,2018-09-22 22:16:19,1,24,10,1,198.48,43.61,0.2197,1,utilidades_domesticas,1.0
O01394,C01548,PA,maraba,delivered,2018-04-30 02:00:41,2018-05-01 03:00:41,2018-05-13 02:00:41,2018-05-19 02:00:41,0,13,19,2,81.2,30.04,0.3744,1,eletronicos,5.0
O01400,C01400,SC,criciuma,delivered,2017-10-24 06:27:34,2017-10-25 08:27:34,2017-11-03 06:27:34,2017-11-04 06:27:34,0,10,11,2,712.55,44.47,0.0622,1,dvds_blu_ray,5.0
O01402,C01402,MG,uberlandia,delivered,2018-01-23 08:16:38,2018-01-23 20:16:38,2018-02-05 08:16:38,2018-02-12 08:16:38,0,13,20,2,480.17,77.72,0.3823,1,cds_dvds_musicais,5.0
O01408,C00665,PA,anamideua,delivered,2016-09-25 06:49:06,2016-09-26 22:49:06,2016-10-13 06:49:06,2016-10-09 06:49:06,1,18,14,3,1125.12,70.97,0.0696,1,beleza_saude,2.0
O01415,C00220,PE,jaboatao,delivered,2017-08-03 11:16:45,2017-08-05 10:16:45,2017-08-25 11:16:45,2017-08-14 11:16:45,1,22,11,1,357.63,43.55,0.1218,1,moveis_escritorio,5.0
O01416,C01675,PB,joao pessoa,delivered,2018-06-14 15:29:11,2018-06-15 22:29:11,2018-07-03 15:29:11,2018-06-22 15:29:11,1,19,8,1,31.71,45.2,1.4254,1,moveis_cozinha,1.0
O01436,C01744,SC,florianopolis,delivered,2018-04-19 01:47:37,2018-04-20 02:47:37,2018-05-14 01:47:37,2018-05-09 01:47:37,1,25,20,1,17.21,36.23,2.1052,1,moveis_cozinha,3.0
O01445,C00190,RS,santa maria,delivered,2016-12-01 15:06:04,2016-12-02 16:06:04,2016-12-06 15:06:04,2016-12-22 15:06:04,0,5,21,4,600.29,141.51,0.8789,1,cama_mesa_banho,4.0
O01454,C01472,BA,itabuna,delivered,2018-07-15 19:06:32,2018-07-16 03:06:32,2018-07-23 19:06:32,2018-07-22 19:06:32,1,8,7,1,161.49,5.33,0.033,1,fashion_underwear,4.0
O01458,C01501,RR,mucajai,delivered,2018-06-26 11:26:38,2018-06-27 08:26:38,2018-07-17 11:26:38,2018-07-03 11:26:38,1,21,7,1,73.84,25.41,0.3441,1,telefonia,1.0
O01477,C00484,RS,santa maria,delivered,2018-04-26 12:08:15,2018-04-28 06:08:15,2018-05-17 12:08:15,2018-05-19 12:08:15,0,21,23,1,12.67,42.37,3.3441,1,fashion_roupa_feminina,5.0
O01482,C00979,AL,rio largo,delivered,2017-11-05 14:10:31,2017-11-07 08:10:31,2017-11-24 14:10:31,2017-11-16 14:10:31,1,19,11,1,208.92,5.71,0.0273,1,casa_quarto,3.0
O01489,C00266,PE,jaboatao,delivered,2017-06-08 17:14:40,2017-06-08 20:14:40,2017-07-04 17:14:40,2017-06-14 17:14:40,1,26,6,1,66.35,45.81,0.6904,1,esporte_lazer,2.0
O01490,C00915,MA,sao luis,delivered,2017-03-31 05:57:15,2017-04-02 04:57:15,2017-04-26 05:57:15,2017-04-21 05:57:15,1,26,21,3,950.48,36.12,0.0438,1,alimentos_bebidas,1.0
O01497,C00276,MS,corumba,delivered,2017-04-22 05:10:49,2017-04-23 20:10:49,2017-04-29 05:10:49,2017-04-27 05:10:49,1,7,5,1,216.42,49.73,0.2298,1,moda_roupa,3.0
O01500,C01466,SE,nossa senhora do socorro,delivered,2018-02-19 07:26:04,2018-02-19 16:26:04,2018-03-12 07:26:04,2018-03-11 07:26:04,1,21,20,4,889.87,143.59,0.1946,1,casa_banheiro,1.0
O01508,C00908,CE,caucaia,delivered,2017-01-11 14:57:29,2017-01-12 18:57:29,2017-02-01 14:57:29,2017-01-16 14:57:29,1,21,5,1,265.27,33.29,0.1255,1,casa_outros,3.0
O01514,C00925,AC,tarauaca,delivered,2018-03-27 13:08:24,2018-03-28 17:08:24,2018-04-08 13:08:24,2018-04-20 13:08:24,0,12,24,1,397.96,31.66,0.0796,1,musica_arte,4.0
O01520,C01135,DF,taguatinga,delivered,2017-08-24 01:27:50,2017-08-24 08:27:50,2017-09-04 01:27:50,2017-08-31 01:27:50,1,11,7,1,90.39,26.41,0.2922,1,casa_cozinha,1.0
O01523,C00304,RO,ariquemes,delivered,2016-10-18 08:27:11,2016-10-20 07:27:11,2016-10-31 08:27:11,2016-10-24 08:27:11,1,13,6,2,488.28,38.38,0.2155,1,casa_banheiro,2.0
O01526,C00164,TO,gurupi,delivered,2016-11-14 06:03:10,2016-11-15 01:03:10,2016-12-03 06:03:10,2016-11-27 06:03:10,1,19,13,1,101.18,15.7,0.1552,1,casa_garagem,2.0
O01532,C01244,AL,delmiro gouveia,delivered,2018-05-19 09:15:53,2018-05-19 20:15:53,2018-06-05 09:15:53,2018-06-01 09:15:53,1,17,13,1,452.33,49.54,0.1095,1,casa_sala,2.0
O01551,C00914,AP,macapa,delivered,2016-09-23 18:34:56,2016-09-23 23:34:56,2016-10-04 18:34:56,2016-10-03 18:34:56,1,11,10,1,53.3,22.89,0.4295,1,papelaria,2.0
O01579,C01476,CE,caucaia,delivered,2017-10-17 09:37:44,2017-10-19 01:37:44,2017-10-28 09:37:44,2017-11-05 09:37:44,0,11,19,2,383.12,72.23,0.1859,1,alimentos_bebidas,3.0
O01601,C00557,TO,porto nacional,delivered,2017-01-02 16:25:42,2017-01-03 21:25:42,2017-01-21 16:25:42,2017-01-10 16:25:42,1,19,8,2,878.04,58.7,0.0673,1,casa_iluminacao,2.0
O01619,C00868,MT,sinop,delivered,2018-03-20 17:53:41,2018-03-22 01:53:41,2018-04-02 17:53:41,2018-04-11 17:53:41,0,13,22,3,798.87,42.23,0.0559,1,fashion_roupa_feminina,5.0
O01620,C01828,RS,canoas,delivered,2016-10-16 08:03:57,2016-10-17 21:03:57,2016-10-28 08:03:57,2016-10-31 08:03:57,0,12,15,1,420.64,32.03,0.0761,1,cool_stuff,2.0
O01621,C01976,RO,cacoal,delivered,2017-08-09 21:30:38,2017-08-10 10:30:38,2017-09-06 21:30:38,2017-09-02 21:30:38,1,28,24,1,484.52,25.33,0.0523,1,informatica_acessorios,5.0
O01631,C00576,AL,rio largo,delivered,2017-02-03 05:05:24,2017-02-03 11:05:24,2017-03-05 05:05:24,2017-02-24 05:05:24,1,30,21,3,769.38,97.35,0.1288,1,artes,4.0
O01657,C01517,DF,ceilandia,delivered,2017-02-09 07:19:21,2017-02-10 16:19:21,2017-03-11 07:19:21,2017-02-26 07:19:21,1,30,17,1,134.55,5.76,0.0428,1,perfumaria,5.0
O01665,C01506,CE,juazeiro do norte,delivered,2018-04-23 14:59:42,2018-04-25 06:59:42,2018-05-09 14:59:42,2018-05-16 14:59:42,0,16,23,1,394.75,28.82,0.073,1,relogios_presentes,5.0
O01669,C01766,PI,teresina,delivered,2018-04-16 09:19:48,2018-04-18 07:19:48,2018-04-27 09:19:48,2018-04-25 09:19:48,1,11,9,2,70.45,43.45,0.861,1,dvds_blu_ray,2.0
O01671,C00334,RR,caracarai,delivered,2017-09-01 18:48:08,2017-09-02 10:48:08,2017-09-07 18:48:08,2017-09-10 18:48:08,0,6,9,1,444.17,34.84,0.0784,1,casa_garagem,3.0
O01672,C01999,CE,juazeiro do norte,delivered,2017-02-23 02:51:52,2017-02-24 20:51:52,2017-03-13 02:51:52,2017-02-28 02:51:52,1,18,5,1,398.64,31.34,0.0786,1,pc_gamer,1.0
O01677,C00791,PR,curitiba,delivered,2018-08-18 14:51:03,2018-08-19 18:51:03,2018-08-22 14:51:03,2018-08-23 14:51:03,0,4,5,2,118.74,42.5,0.3912,1,la_cuisine,1.0
O01678,C01041,RR,caracarai,delivered,2018-09-17 23:15:17,2018-09-19 21:15:17,2018-09-20 23:15:17,2018-10-09 23:15:17,0,3,22,2,619.41,45.92,0.0706,1,casa_garagem,5.0
O01686,C01933,GO,aparecida de goiania,delivered,2018-01-25 17:48:57,2018-01-27 17:48:57,2018-02-11 17:48:57,2018-02-01 17:48:57,1,17,7,5,789.14,106.86,0.2146,1,casa_conforto,5.0
O01695,C01274,PB,bayeux,delivered,2018-05-23 13:03:15,2018-05-24 00:03:15,2018-06-09 13:03:15,2018-05-28 13:03:15,1,17,5,1,425.84,5.1,0.012,1,cds_dvds_musicais,2.0
O01704,C01606,PB,bayeux,delivered,2018-08-18 02:47:08,2018-08-19 02:47:08,2018-08-31 02:47:08,2018-08-26 02:47:08,1,13,8,1,343.9,40.05,0.1165,1,brinquedos,1.0
O01707,C00198,RR,boa vista,delivered,2017-04-13 17:04:14,2017-04-14 11:04:14,2017-05-08 17:04:14,2017-05-06 17:04:14,1,25,23,1,468.64,29.04,0.062,1,fashion_bolsas,3.0
O01715,C00840,PE,recife,delivered,2017-11-02 08:48:22,2017-11-02 12:48:22,2017-11-11 08:48:22,2017-11-11 08:48:22,0,9,9,1,328.75,26.94,0.0819,1,audio,4.0
O01725,C00466,RO,vilhena,delivered,2018-07-17 10:20:43,2018-07-17 14:20:43,2018-07-24 10:20:43,2018-07-28 10:20:43,0,7,11,1,254.89,10.87,0.0426,1,casa_utilidades,5.0
O01757,C01608,TO,palmas,delivered,2018-03-10 02:45:52,2018-03-10 06:45:52,2018-04-09 02:45:52,2018-03-28 02:45:52,1,30,18,1,433.98,38.13,0.0879,1,casa_outros,5.0
O01760,C01341,RN,caico,delivered,2017-10-09 07:41:44,2017-10-10 12:41:44,2017-10-31 07:41:44,2017-10-24 07:41:44,1,22,15,1,488.01,49.65,0.1017,1,artes,2.0
O01773,C00741,RN,mossoro,delivered,2018-04-26 14:47:36,2018-04-26 19:47:36,2018-05-12 14:47:36,2018-05-16 14:47:36,0,16,20,1,157.42,38.24,0.2429,1,la_cuisine,5.0
O01776,C00978,SP,santos,delivered,2017-10-14 04:41:55,2017-10-14 07:41:55,2017-10-24 04:41:55,2017-11-03 04:41:55,0,10,20,1,421.74,49.1,0.1164,1,fashion_esporte,4.0
O01780,C00939,GO,aparecida de goiania,delivered,2018-04-09 14:43:09,2018-04-10 01:43:09,2018-04-12 14:43:09,2018-04-20 14:43:09,0,3,11,3,590.17,86.07,0.7485,1,casa_escritorio,3.0
O01792,C01618,AL,delmiro gouveia,delivered,2018-08-02 20:00:07,2018-08-03 17:00:07,2018-09-01 20:00:07,2018-08-12 20:00:07,1,30,10,2,612.36,43.1,0.0824,1,casa_quarto,4.0
O01796,C00758,PB,campina grande,delivered,2018-03-04 11:45:13,2018-03-05 21:45:13,2018-03-15 11:45:13,2018-03-23 11:45:13,0,11,19,2,498.04,44.49,0.1121,1,casa_limpeza,4.0
O01804,C01804,AP,porto grande,delivered,2017-12-31 03:31:22,2018-01-01 16:31:22,2018-01-25 03:31:22,2018-01-20 03:31:22,1,25,20,1,434.37,28.39,0.0654,1,casa_outros,2.0
O01809,C01842,PE,olinda,delivered,2017-05-26 18:43:36,2017-05-28 03:43:36,2017-06-07 18:43:36,2017-06-01 18:43:36,1,12,6,5,1187.76,165.35,0.1969,1,casa_garagem,2.0
O01821,C01031,RN,sao goncalo do amarante,delivered,2017-01-24 07:18:50,2017-01-25 10:18:50,2017-01-28 07:18:50,2017-02-11 07:18:50,0,4,18,2,198.17,71.24,0.4513,1,malas_acessorios,5.0
O01844,C00201,AP,oida,delivered,2018-05-27 03:05:01,2018-05-27 13:05:01,2018-06-22 03:05:01,2018-06-10 03:05:01,1,26,14,1,155.99,11.55,0.074,1,perfumaria,1.0
O01860,C01429,PI,picos,delivered,2016-09-13 07:15:15,2016-09-14 20:15:15,2016-10-12 07:15:15,2016-10-07 07:15:15,1,29,24,1,101.18,12.23,0.1209,1,moveis_decoracao,5.0
O01861,C01879,RJ,rio de janeiro,delivered,2017-12-20 21:32:13,2017-12-22 06:32:13,2018-01-02 21:32:13,2017-12-30 21:32:13,1,13,10,1,265.8,40.39,0.152,1,audio,1.0
O01864,C00232,MA,caxias,delivered,2017-09-08 02:17:35,2017-09-08 03:17:35,2017-09-19 02:17:35,2017-09-17 02:17:35,1,11,9,2,959.84,60.29,0.0639,1,casa_garagem,5.0
O01870,C01161,PE,recife,delivered,2018-06-04 00:40:44,2018-06-04 15:40:44,2018-06-21 00:40:44,2018-06-16 00:40:44,1,17,12,2,300.49,61.59,0.2153,1,alimentos_bebidas,1.0
O01880,C00928,PI,campo maior,delivered,2017-03-25 03:26:14,2017-03-26 16:26:14,2017-04-18 03:26:14,2017-04-09 03:26:14,1,24,15,1,403.4,33.58,0.0832,1,perfumaria,1.0
O01888,C00465,TO,paraíso do tocantins,delivered,2017-03-11 17:21:09,2017-03-12 07:21:09,2017-03-30 17:21:09,2017-04-05 17:21:09,0,19,25,3,521.79,73.88,0.1438,1,fashion_roupa_feminina,4.0
O01890,C01861,AL,maceio,delivered,2016-10-25 11:57:50,2016-10-26 00:57:50,2016-11-09 11:57:50,2016-11-18 11:57:50,0,15,24,1,376.25,13.39,0.0356,1,la_cuisine,4.0
O01902,C01020,SE,estancia,delivered,2017-03-07 15:29:44,2017-03-09 00:29:44,2017-04-05 15:29:44,2017-03-18 15:29:44,1,29,11,1,287.74,10.42,0.0362,1,instrumentos_musicais,2.0
O01934,C00499,MS,campo grande,delivered,2018-06-30 23:25:48,2018-07-02 15:25:48,2018-07-20 23:25:48,2018-07-23 23:25:48,0,20,23,1,342.6,7.4,0.0216,1,eletronicos,3.0
O01948,C00951,RO,ji-parana,delivered,2018-05-08 14:38:54,2018-05-09 10:38:54,2018-06-01 14:38:54,2018-05-26 14:38:54,1,24,18,1,426.66,44.71,0.1048,1,casa_outros,4.0
O01962,C01347,RR,alto alegre,delivered,2018-07-08 03:58:37,2018-07-08 19:58:37,2018-07-21 03:58:37,2018-07-21 03:58:37,0,13,13,2,453.42,57.39,0.1456,1,casa_banheiro,3.0
O01967,C00541,PA,santarem,delivered,2016-09-27 16:22:30,2016-09-29 02:22:30,2016-10-26 16:22:30,2016-10-19 16:22:30,1,29,22,2,709.76,22.8,0.0326,1,casa_garagem,3.0
O01974,C00759,PI,campo maior,delivered,2018-02-06 00:16:12,2018-02-07 07:16:12,2018-02-13 00:16:12,2018-02-15 00:16:12,0,7,9,1,279.76,13.71,0.049,1,papelaria,4.0
O01975,C00077,PA,santarem,delivered,2017-09-15 17:09:16,2017-09-15 18:09:16,2017-09-26 17:09:16,2017-10-08 17:09:16,0,11,23,3,662.84,104.59,0.1556,1,alimentos_bebidas,1.0
O01990,C01601,SE,lagarto,delivered,2016-10-14 12:40:35,2016-10-14 15:40:35,2016-11-06 12:40:35,2016-10-29 12:40:35,1,23,15,1,177.59,24.96,0.1405,1,casa_conforto_2,1.0
O01991,C01456,PI,parnaiba,delivered,2017-04-07 19:57:02,2017-04-09 08:57:02,2017-04-22 19:57:02,2017-04-30 19:57:02,0,15,23,1,374.84,26.33,0.0702,1,casa_banheiro,4.0
O02001,C00822,PA,castanhal,delivered,2017-02-15 11:20:28,2017-02-16 01:20:28,2017-02-18 11:20:28,2017-02-27 11:20:28,0,3,12,2,377.47,67.56,0.1824,1,fashion_roupa_masculina,5.0
O02008,C01672,AL,delmiro gouveia,delivered,2018-09-28 12:23:49,2018-09-28 23:23:49,2018-10-07 12:23:49,2018-10-11 12:23:49,0,9,13,2,679.67,27.71,0.0475,1,beleza_saude,4.0
O02032,C01404,AP,oida,delivered,2017-10-10 22:35:48,2017-10-12 12:35:48,2017-10-25 22:35:48,2017-10-21 22:35:48,1,15,11,1,233.54,34.39,0.1473,1,malas_acessorios,3.0
O02039,C01402,MG,uberlandia,delivered,2018-02-25 17:07:02,2018-02-25 22:07:02,2018-03-27 17:07:02,2018-03-12 17:07:02,1,30,15,2,555.19,66.85,0.1263,1,fraldas_higiene,3.0
O02043,C01887,RJ,duque de caxias,delivered,2018-10-14 15:05:20,2018-10-15 22:05:20,2018-10-22 15:05:20,2018-10-24 15:05:20,0,8,10,3,513.19,110.0,0.2724,1,brinquedos,5.0
O02044,C01868,AP,oida,delivered,2018-03-12 05:02:02,2018-03-13 18:02:02,2018-03-28 05:02:02,2018-03-19 05:02:02,1,16,7,1,310.96,12.87,0.0414,1,construcao_ferramentas,3.0
O02048,C00448,RR,boa vista,delivered,2016-11-05 07:25:16,2016-11-05 17:25:16,2016-11-18 07:25:16,2016-11-28 07:25:16,0,13,23,1,115.61,11.8,0.1021,1,utilidades_domesticas,5.0
O02073,C00315,SP,santos,delivered,2018-05-25 02:08:42,2018-05-26 16:08:42,2018-06-16 02:08:42,2018-06-07 02:08:42,1,22,13,1,397.15,23.43,0.059,1,moveis_decoracao,2.0
O02082,C00351,MT,rondonopolis,delivered,2016-12-07 00:13:17,2016-12-07 04:13:17,2016-12-27 00:13:17,2016-12-25 00:13:17,1,20,18,2,585.57,42.52,0.0702,1,pc_gamer,2.0
O02091,C00716,TO,porto nacional,delivered,2017-06-18 05:42:44,2017-06-19 11:42:44,2017-07-14 05:42:44,2017-06-25 05:42:44,1,26,7,5,868.88,99.53,0.6824,1,construcao_ferramentas,3.0
O02097,C00944,GO,goiania,delivered,2018-10-22 15:27:42,2018-10-24 12:27:42,2018-11-12 15:27:42,2018-11-09 15:27:42,1,21,18,1,72.83,18.75,0.2574,1,consoles_games,1.0
O02102,C01699,TO,paraíso do tocantins,delivered,2017-01-25 08:03:36,2017-01-25 17:03:36,2017-02-03 08:03:36,2017-02-08 08:03:36,0,9,14,1,152.59,48.15,0.3156,1,casa_jardim,4.0
O02111,C01743,ES,cariacica,delivered,2017-11-16 12:44:12,2017-11-17 14:44:12,2017-12-05 12:44:12,2017-11-27 12:44:12,1,19,11,1,227.02,45.98,0.2025,1,portateis_casa_forno_cafe,1.0
O02124,C01707,AM,coari,delivered,2017-02-12 15:27:21,2017-02-14 03:27:21,2017-03-14 15:27:21,2017-02-24 15:27:21,1,30,12,1,338.33,21.06,0.0622,0,malas_acessorios,3.0
O02133,C01646,PB,joao pessoa,delivered,2016-10-25 05:53:32,2016-10-25 07:53:32,2016-11-21 05:53:32,2016-11-05 05:53:32,1,27,11,1,348.89,15.91,0.0456,1,flores,1.0
O02159,C01308,ES,vila velha,delivered,2017-07-31 17:13:01,2017-08-01 16:13:01,2017-08-12 17:13:01,2017-08-19 17:13:01,0,12,19,1,274.96,22.89,0.0832,1,casa_escritorio,5.0
O02160,C01790,SP,campinas,delivered,2017-12-04 12:05:47,2017-12-04 20:05:47,2018-01-03 12:05:47,2017-12-23 12:05:47,1,30,19,1,492.39,36.09,0.0733,1,instrumentos_musicais,3.0
O02161,C00244,GO,goiania,delivered,2018-03-08 15:49:13,2018-03-10 05:49:13,2018-04-05 15:49:13,2018-03-31 15:49:13,1,28,23,1,230.61,14.6,0.0633,1,cool_stuff,1.0
O02171,C00670,PA,castanhal,delivered,2017-07-28 10:17:15,2017-07-29 07:17:15,2017-08-15 10:17:15,2017-08-18 10:17:15,0,18,21,1,14.71,29.18,1.9837,1,perfumaria,5.0
O02172,C00103,BA,vitoria da conquista,delivered,2017-02-05 17:12:25,2017-02-07 02:12:25,2017-02-11 17:12:25,2017-02-21 17:12:25,0,6,16,3,650.69,89.67,0.277,1,casa_garagem,1.0
O02174,C01017,ES,cariacica,delivered,2017-01-15 02:47:51,2017-01-17 02:47:51,2017-02-10 02:47:51,2017-02-01 02:47:51,1,26,17,1,305.36,12.71,0.0416,1,cds_dvds_musicais,2.0
O02176,C00636,ES,vitoria,delivered,2017-08-15 17:21:58,2017-08-16 07:21:58,2017-08-22 17:21:58,2017-09-07 17:21:58,0,7,23,3,376.84,103.49,0.3213,1,casa_conforto_2,4.0
O02185,C01484,RJ,campos,delivered,2018-08-13 04:48:38,2018-08-14 18:48:38,2018-08-21 04:48:38,2018-09-04 04:48:38,0,8,22,2,273.02,54.97,0.1919,1,alimentos_bebidas,4.0
O02192,C01618,AL,delmiro gouveia,delivered,2017-10-19 00:34:16,2017-10-19 14:34:16,2017-11-15 00:34:16,2017-10-29 00:34:16,1,27,10,1,76.68,26.98,0.3519,1,eletronicos,2.0
O02206,C00716,TO,porto nacional,delivered,2017-03-08 08:59:48,2017-03-09 00:59:48,2017-03-12 08:59:48,2017-03-31 08:59:48,0,4,23,1,487.18,18.35,0.0377,1,casa_jardim,5.0
O02214,C01443,PA,castanhal,delivered,2016-09-12 01:14:38,2016-09-13 18:14:38,2016-09-25 01:14:38,2016-09-30 01:14:38,0,13,18,1,370.66,19.52,0.0527,1,flores,5.0
O02229,C00017,DF,ceilandia,delivered,2017-10-16 04:49:27,2017-10-16 14:49:27,2017-10-25 04:49:27,2017-11-03 04:49:27,0,9,18,2,489.61,81.03,0.1791,1,casa_conforto,5.0
O02230,C00276,MS,corumba,delivered,2017-02-07 03:33:37,2017-02-07 20:33:37,2017-03-03 03:33:37,2017-02-20 03:33:37,1,24,13,1,250.79,16.63,0.0663,1,eletroportateis,5.0
O02234,C01284,AP,oida,delivered,2016-09-06 13:59:09,2016-09-08 02:59:09,2016-09-25 13:59:09,2016-09-28 13:59:09,0,19,22,1,243.62,17.66,0.0725,1,moveis_sala,5.0
O02246,C01871,RO,vilhena,delivered,2017-02-23 02:23:50,2017-02-24 01:23:50,2017-03-24 02:23:50,2017-03-20 02:23:50,1,29,25,1,256.25,34.58,0.1349,1,cds_dvds_musicais,1.0
O02248,C00273,PB,santa rita,delivered,2018-02-24 15:45:47,2018-02-25 08:45:47,2018-02-28 15:45:47,2018-03-09 15:45:47,0,4,13,1,69.49,31.12,0.4478,1,moveis_cozinha,5.0
O02252,C01413,RJ,campos,delivered,2017-10-28 17:02:53,2017-10-29 00:02:53,2017-11-05 17:02:53,2017-11-10 17:02:53,0,8,13,1,34.5,25.37,0.7354,0,casa_construcao,5.0
O02257,C00834,MT,cuiaba,delivered,2017-07-15 23:15:03,2017-07-16 11:15:03,2017-07-20 23:15:03,2017-08-04 23:15:03,0,5,20,1,53.14,36.5,0.6869,1,seguros_servicos,5.0
O02272,C01812,GO,luziania,delivered,2016-12-27 09:28:21,2016-12-29 03:28:21,2017-01-03 09:28:21,2017-01-06 09:28:21,0,7,10,2,863.21,76.88,0.0907,1,casa_garagem,4.0
O02294,C01535,PI,floriano,delivered,2017-08-25 09:54:45,2017-08-26 14:54:45,2017-09-14 09:54:45,2017-09-01 09:54:45,1,20,7,1,428.11,14.63,0.0342,1,perfumaria,3.0
O02300,C01033,RR,caracarai,delivered,2017-05-04 00:14:25,2017-05-04 08:14:25,2017-05-23 00:14:25,2017-05-22 00:14:25,1,19,18,2,457.54,26.64,0.0617,1,beleza_saude,1.0
O02308,C00048,DF,brasilia,delivered,2017-01-22 10:52:53,2017-01-23 11:52:53,2017-02-17 10:52:53,2017-02-16 10:52:53,1,26,25,1,444.56,18.21,0.041,1,seguros_servicos,2.0
O02313,C00796,ES,cariacica,delivered,2017-09-16 12:10:07,2017-09-16 15:10:07,2017-10-08 12:10:07,2017-10-09 12:10:07,0,22,23,1,278.62,27.34,0.0981,1,moveis_quarto,4.0
O02322,C01192,GO,luziania,delivered,2017-10-30 14:47:17,2017-10-31 16:47:17,2017-11-06 14:47:17,2017-11-05 14:47:17,1,7,6,1,162.31,20.06,0.1236,1,casa_garagem,4.0
O02327,C00069,BA,feira de santana,delivered,2018-02-21 12:04:18,2018-02-22 21:04:18,2018-03-11 12:04:18,2018-03-06 12:04:18,1,18,13,1,298.1,21.4,0.0718,1,telefonia,4.0
O02331,C00194,ES,linhares,delivered,2017-04-05 16:32:07,2017-04-07 04:32:07,2017-04-11 16:32:07,2017-04-27 16:32:07,0,6,22,1,189.07,31.39,0.166,1,la_cuisine,4.0
O02345,C00420,TO,araguaina,delivered,2017-12-25 05:06:50,2017-12-26 13:06:50,2018-01-05 05:06:50,2018-01-06 05:06:50,0,11,12,1,17.28,40.18,2.3252,1,beleza_saude,5.0
O02359,C01122,MG,contagem,delivered,2017-04-25 16:24:23,2017-04-26 00:24:23,2017-05-08 16:24:23,2017-05-20 16:24:23,0,13,25,1,332.77,39.36,0.1183,1,dvds_blu_ray,3.0
O02373,C00292,PA,anamideua,delivered,2017-02-04 02:10:12,2017-02-06 00:10:12,2017-03-06 02:10:12,2017-02-25 02:10:12,1,30,21,1,120.8,21.78,0.1803,1,casa_garagem,2.0
O02384,C01963,RJ,duque de caxias,delivered,2018-07-12 17:01:41,2018-07-13 15:01:41,2018-07-31 17:01:41,2018-07-22 17:01:41,1,19,10,1,11.86,28.21,2.3786,1,casa_escritorio,2.0
O02397,C00398,PI,campo maior,delivered,2017-03-29 15:25:44,2017-03-30 05:25:44,2017-04-06 15:25:44,2017-04-08 15:25:44,0,8,10,5,1646.68,140.62,0.0956,1,casa_banheiro,2.0
O02400,C00816,TO,araguaina,delivered,2018-09-04 11:23:36,2018-09-04 13:23:36,2018-09-21 11:23:36,2018-09-20 11:23:36,1,17,16,1,35.83,22.13,0.6176,1,alimentos_bebidas,3.0
O02410,C00648,RN,mossoro,delivered,2017-08-22 04:03:43,2017-08-22 07:03:43,2017-09-05 04:03:43,2017-08-29 04:03:43,1,14,7,1,137.75,49.44,0.3589,1,casa_iluminacao,2.0
O02433,C01058,GO,aparecida de goiania,delivered,2017-12-11 10:24:23,2017-12-11 13:24:23,2017-12-27 10:24:23,2017-12-24 10:24:23,1,16,13,2,447.41,93.02,0.8707,1,artes,3.0
O02450,C00370,RS,canoas,delivered,2016-12-02 15:24:08,2016-12-04 13:24:08,2016-12-25 15:24:08,2016-12-11 15:24:08,1,23,9,1,258.37,22.38,0.0866,1,livros_interesse,2.0
O02472,C01674,SP,santos,delivered,2018-06-29 19:09:04,2018-06-29 23:09:04,2018-07-15 19:09:04,2018-07-17 19:09:04,0,16,18,1,387.18,11.57,0.0299,1,flores,5.0
O02487,C01267,TO,araguaina,delivered,2017-08-18 10:54:58,2017-08-19 08:54:58,2017-09-15 10:54:58,2017-08-24 10:54:58,1,28,6,1,441.44,21.39,0.0485,1,casa_quarto,1.0
O02496,C00823,AL,maceio,delivered,2017-07-05 17:15:10,2017-07-05 22:15:10,2017-07-17 17:15:10,2017-07-28 17:15:10,0,12,23,1,63.3,43.27,0.6836,1,casa_limpeza,5.0
O02501,C00263,SE,itabaiana,delivered,2018-06-20 23:10:13,2018-06-21 17:10:13,2018-06-27 23:10:13,2018-07-11 23:10:13,0,7,21,1,329.33,20.02,0.0608,1,portateis_casa_forno_cafe,5.0
O02505,C01849,PI,teresina,delivered,2017-10-23 05:22:36,2017-10-24 02:22:36,2017-11-03 05:22:36,2017-10-29 05:22:36,1,11,6,2,550.56,60.25,0.1082,1,casa_garagem,2.0
O02527,C00831,CE,maracanau,delivered,2017-05-19 23:35:33,2017-05-20 19:35:33,2017-06-08 23:35:33,2017-06-06 23:35:33,1,20,18,1,52.7,22.17,0.4207,1,utilidades_domesticas,3.0
O02528,C00387,AP,macapa,delivered,2017-09-27 09:27:09,2017-09-27 21:27:09,2017-10-02 09:27:09,2017-10-07 09:27:09,0,5,10,2,221.67,13.14,0.0777,1,moveis_cozinha,5.0
O02542,C01783,AP,santana,delivered,2017-03-21 15:15:40,2017-03-22 17:15:40,2017-04-15 15:15:40,2017-04-11 15:15:40,1,25,21,1,442.11,29.85,0.0675,1,ferramentas_jardim,4.0
O02558,C00160,AC,tarauaca,delivered,2018-10-11 20:03:33,2018-10-12 07:03:33,2018-10-25 20:03:33,2018-10-29 20:03:33,0,14,18,3,415.3,64.96,0.1573,1,fashion_bolsas,1.0
O02562,C01725,AL,penedo,delivered,2017-04-01 12:51:02,2017-04-02 15:51:02,2017-04-05 12:51:02,2017-04-14 12:51:02,0,4,13,1,38.46,39.63,1.0304,1,market_place,5.0
O02568,C01093,TO,palmas,delivered,2016-12-30 15:05:52,2016-12-31 08:05:52,2017-01-03 15:05:52,2017-01-13 15:05:52,0,4,14,2,329.81,68.05,0.2196,1,casa_escritorio,5.0
O02573,C00270,PE,recife,delivered,2018-04-26 06:28:58,2018-04-26 21:28:58,2018-05-24 06:28:58,2018-05-03 06:28:58,1,28,7,1,174.31,38.99,0.2237,1,fashion_esporte,4.0
O02584,C01819,ES,linhares,delivered,2018-09-09 11:15:37,2018-09-11 00:15:37,2018-10-06 11:15:37,2018-09-16 11:15:37,1,27,7,1,138.15,9.35,0.0677,1,fraldas_higiene,5.0
O02586,C00883,RN,parnamirim,delivered,2018-01-25 05:37:08,2018-01-25 19:37:08,2018-02-07 05:37:08,2018-02-18 05:37:08,0,13,24,1,243.43,7.39,0.0304,1,moveis_jardim,5.0
O02594,C00801,SC,sao jose,delivered,2017-07-17 21:43:45,2017-07-18 09:43:45,2017-08-13 21:43:45,2017-07-24 21:43:45,1,27,7,3,1213.98,53.35,0.043,1,casa_iluminacao,1.0
O02601,C01094,PB,bayeux,delivered,2018-06-19 22:25:52,2018-06-20 18:25:52,2018-06-27 22:25:52,2018-07-06 22:25:52,0,8,17,1,346.84,34.81,0.1004,1,seguros_servicos,1.0
O02608,C00333,AP,santana,delivered,2017-10-27 20:16:51,2017-10-28 11:16:51,2017-11-15 20:16:51,2017-11-09 20:16:51,1,19,13,2,574.7,32.76,0.1445,1,casa_sala,4.0
O02618,C00340,AP,laranjal do jari,delivered,2018-06-07 02:07:12,2018-06-08 14:07:12,2018-07-07 02:07:12,2018-06-21 02:07:12,1,30,14,2,544.65,37.07,0.095,1,moveis_decoracao,5.0
O02621,C01949,TO,porto nacional,delivered,2017-06-13 14:27:05,2017-06-15 08:27:05,2017-07-06 14:27:05,2017-06-26 14:27:05,1,23,13,1,39.82,11.5,0.2888,1,beleza_saude,1.0
O02635,C01881,MA,sao luis,delivered,2017-12-01 03:50:27,2017-12-01 19:50:27,2017-12-08 03:50:27,2017-12-15 03:50:27,0,7,14,1,230.27,24.82,0.1078,1,automotivo,3.0
O02638,C01618,AL,delmiro gouveia,delivered,2018-03-25 10:49:55,2018-03-26 04:49:55,2018-04-04 10:49:55,2018-04-11 10:49:55,0,10,17,1,475.31,30.84,0.0649,1,moveis_jardim,5.0
O02644,C01191,RR,boa vista,delivered,2017-12-27 04:59:45,2017-12-28 17:59:45,2018-01-26 04:59:45,2018-01-06 04:59:45,1,30,10,2,551.96,67.28,0.1686,1,market_place,1.0
O02656,C00021,TO,palmas,delivered,2016-10-16 13:32:15,2016-10-16 14:32:15,2016-10-28 13:32:15,2016-10-30 13:32:15,0,12,14,1,384.35,36.18,0.0941,1,alimentos_bebidas,4.0
O02663,C01320,SE,nossa senhora do socorro,delivered,2018-01-22 07:49:54,2018-01-24 02:49:54,2018-01-30 07:49:54,2018-01-31 07:49:54,0,8,9,2,498.54,66.51,0.1365,1,casa_utilidades,5.0
O02675,C01976,RO,cacoal,delivered,2016-12-22 16:35:03,2016-12-24 11:35:03,2017-01-15 16:35:03,2017-01-15 16:35:03,0,24,24,1,430.37,46.7,0.1085,1,moda_roupa,5.0
O02676,C00647,ES,vitoria,delivered,2018-05-22 16:27:57,2018-05-22 23:27:57,2018-06-09 16:27:57,2018-06-11 16:27:57,0,18,20,1,498.33,31.3,0.0628,0,casa_outros,5.0
O02682,C01660,RO,cacoal,delivered,2017-12-01 14:15:05,2017-12-02 10:15:05,2017-12-18 14:15:05,2017-12-15 14:15:05,1,17,14,1,217.07,40.18,0.1851,1,utilidades_domesticas,2.0
O02690,C01628,MS,corumba,delivered,2018-03-04 22:44:16,2018-03-06 07:44:16,2018-03-18 22:44:16,2018-03-26 22:44:16,0,14,22,3,1298.12,44.27,0.0333,1,casa_conforto,5.0
O02695,C01204,CE,maracanau,delivered,2017-09-17 21:12:17,2017-09-17 22:12:17,2017-09-30 21:12:17,2017-10-01 21:12:17,0,13,14,1,133.74,25.44,0.1902,1,casa_jardim,5.0
O02706,C00960,SC,blumenau,delivered,2017-12-11 00:06:15,2017-12-11 17:06:15,2017-12-30 00:06:15,2018-01-01 00:06:15,0,19,21,1,233.56,42.37,0.1814,1,eletrodomesticos,5.0
O02709,C01228,MG,contagem,delivered,2017-01-22 22:28:54,2017-01-24 09:28:54,2017-02-20 22:28:54,2017-02-16 22:28:54,1,29,25,1,334.15,10.41,0.0312,1,malas_acessorios,2.0
O02715,C01636,CE,sobral,delivered,2017-05-05 21:25:21,2017-05-06 07:25:21,2017-05-15 21:25:21,2017-05-29 21:25:21,0,10,24,1,28.41,19.23,0.6769,1,portateis_casa_forno_cafe,5.0
O02718,C01769,PI,picos,delivered,2017-04-02 17:36:05,2017-04-04 10:36:05,2017-04-07 17:36:05,2017-04-21 17:36:05,0,5,19,1,42.67,24.17,0.5664,1,portateis_casa_forno_cafe,4.0
O02739,C01291,AM,manacapuru,delivered,2017-04-01 22:02:57,2017-04-02 01:02:57,2017-04-27 22:02:57,2017-04-23 22:02:57,1,26,22,1,386.75,42.96,0.1111,1,casa_jardim,1.0
O02742,C00248,ES,serra,delivered,2018-04-28 17:46:12,2018-04-29 16:46:12,2018-05-17 17:46:12,2018-05-09 17:46:12,1,19,11,2,757.27,62.16,0.082,1,consoles_games,5.0
O02744,C01776,MT,sinop,delivered,2017-05-19 18:47:44,2017-05-21 09:47:44,2017-06-02 18:47:44,2017-05-28 18:47:44,1,14,9,1,307.93,43.46,0.1411,1,papelaria,1.0
O02751,C00767,MA,caxias,delivered,2017-07-07 05:02:20,2017-07-09 01:02:20,2017-07-24 05:02:20,2017-07-19 05:02:20,1,17,12,1,339.86,32.81,0.0965,1,telefonia,3.0
O02756,C01454,AL,rio largo,delivered,2018-04-07 03:02:16,2018-04-07 20:02:16,2018-04-21 03:02:16,2018-04-18 03:02:16,1,14,11,2,302.76,67.69,0.2236,1,brinquedos,3.0
O02763,C01462,PA,castanhal,delivered,2018-10-09 19:03:57,2018-10-10 12:03:57,2018-10-29 19:03:57,2018-10-28 19:03:57,1,20,19,2,202.27,65.28,0.3413,1,fraldas_higiene,2.0
O02768,C00738,GO,luziania,delivered,2018-07-04 20:16:15,2018-07-06 04:16:15,2018-07-13 20:16:15,2018-07-13 20:16:15,0,9,9,1,109.43,26.37,0.241,1,casa_conforto,5.0
O02777,C00867,AL,delmiro gouveia,delivered,2017-06-21 10:39:37,2017-06-22 01:39:37,2017-06-29 10:39:37,2017-07-12 10:39:37,0,8,21,1,440.63,19.84,0.045,1,moveis_cozinha,5.0
O02820,C01099,AP,porto grande,delivered,2017-10-27 00:18:23,2017-10-28 02:18:23,2017-11-20 00:18:23,2017-11-11 00:18:23,1,24,15,1,169.16,13.27,0.0784,1,casa_limpeza,3.0
O02826,C00016,BA,salvador,delivered,2017-02-01 17:21:50,2017-02-02 20:21:50,2017-02-14 17:21:50,2017-02-20 17:21:50,0,13,19,3,1104.77,40.13,0.0365,1,casa_outros,5.0
O02843,C00063,DF,guara,delivered,2017-11-06 19:44:03,2017-11-08 19:44:03,2017-11-17 19:44:03,2017-11-29 19:44:03,0,11,23,1,48.39,7.22,0.1492,1,utilidades_domesticas,4.0
O02844,C00025,PE,recife,delivered,2018-07-06 01:02:32,2018-07-07 18:02:32,2018-07-28 01:02:32,2018-07-26 01:02:32,1,22,20,1,452.94,44.3,0.0978,1,consoles_games,3.0
O02850,C01953,PE,recife,delivered,2017-08-13 01:32:33,2017-08-14 14:32:33,2017-08-16 01:32:33,2017-08-28 01:32:33,0,3,15,1,406.81,39.11,0.0961,1,moda_roupa,5.0
O02857,C00895,MA,sao jose de ribamar,delivered,2018-08-17 00:19:41,2018-08-18 00:19:41,2018-08-23 00:19:41,2018-08-31 00:19:41,0,6,14,4,1068.63,127.12,0.1412,1,automotivo,2.0
O02883,C00540,RN,mossoro,delivered,2018-07-21 15:11:36,2018-07-22 18:11:36,2018-07-24 15:11:36,2018-07-30 15:11:36,0,3,9,1,466.7,38.78,0.0831,1,fashion_roupa_feminina,4.0
O02893,C01243,RS,canoas,delivered,2017-08-25 19:06:09,2017-08-26 10:06:09,2017-09-19 19:06:09,2017-09-15 19:06:09,1,25,21,2,499.01,57.01,0.5666,1,casa_quarto,4.0
O02945,C00193,ES,vitoria,delivered,2018-09-07 21:09:39,2018-09-09 02:09:39,2018-09-20 21:09:39,2018-09-16 21:09:39,1,13,9,1,67.59,15.21,0.225,1,audio,3.0
O02946,C01302,MA,timon,delivered,2017-12-17 21:56:20,2017-12-18 15:56:20,2017-12-23 21:56:20,2017-12-30 21:56:20,0,6,13,1,483.65,34.93,0.0722,1,fashion_roupa_feminina,4.0
O02952,C01506,CE,juazeiro do norte,delivered,2018-04-16 11:19:52,2018-04-18 03:19:52,2018-04-30 11:19:52,2018-05-09 11:19:52,0,14,23,2,610.17,78.45,0.1301,1,casa_outros,4.0
O02998,C00567,SE,estancia,delivered,2018-03-15 01:16:44,2018-03-15 13:16:44,2018-04-13 01:16:44,2018-03-27 01:16:44,1,29,12,1,471.61,27.58,0.0585,1,seguros_servicos,4.0
O03013,C00842,AL,arapiraca,delivered,2018-01-24 08:14:53,2018-01-25 17:14:53,2018-02-03 08:14:53,2018-02-16 08:14:53,0,10,23,2,776.13,39.8,0.0632,1,livros_interesse,2.0
O03029,C01292,TO,gurupi,delivered,2017-12-11 22:15:21,2017-12-11 23:15:21,2018-01-09 22:15:21,2018-01-03 22:15:21,1,29,23,3,927.51,40.85,0.0734,1,audio,3.0
O03040,C01633,PB,bayeux,delivered,2017-10-18 03:10:58,2017-10-18 09:10:58,2017-10-23 03:10:58,2017-11-05 03:10:58,0,5,18,1,370.35,29.82,0.0805,1,fashion_roupa_feminina,1.0
O03043,C01341,RN,caico,delivered,2017-01-07 23:52:48,2017-01-08 01:52:48,2017-01-19 23:52:48,2017-02-01 23:52:48,0,12,25,2,367.9,42.02,0.1641,1,cds_dvds_musicais,4.0
O03046,C01532,PE,caruaru,delivered,2016-12-22 09:32:31,2016-12-24 01:32:31,2017-01-01 09:32:31,2017-01-05 09:32:31,0,10,14,1,154.31,37.59,0.2436,1,moveis_quarto,4.0
O03058,C01006,PR,londrina,delivered,2018-04-15 04:28:08,2018-04-15 23:28:08,2018-04-24 04:28:08,2018-05-09 04:28:08,0,9,24,1,258.41,20.66,0.08,1,seguros_servicos,5.0
O03060,C01881,MA,sao luis,delivered,2018-10-16 15:53:17,2018-10-17 11:53:17,2018-10-22 15:53:17,2018-11-02 15:53:17,0,6,17,2,650.3,90.94,0.1584,1,alimentos_bebidas,3.0
O03063,C01885,RO,porto velho,delivered,2018-02-04 04:55:19,2018-02-04 18:55:19,2018-02-20 04:55:19,2018-02-28 04:55:19,0,16,24,1,231.44,9.22,0.0398,1,market_place,4.0
O03065,C01123,PR,cascavel,delivered,2017-09-29 10:37:24,2017-09-30 09:37:24,2017-10-12 10:37:24,2017-10-09 10:37:24,1,13,10,1,42.36,18.99,0.4483,1,moveis_decoracao,2.0
O03073,C01745,SP,ribeirao preto,delivered,2017-06-14 04:38:41,2017-06-15 09:38:41,2017-06-19 04:38:41,2017-07-03 04:38:41,0,5,19,1,167.93,8.4,0.05,1,malas_acessorios,5.0
O03076,C00976,CE,sobral,delivered,2016-10-06 00:55:27,2016-10-07 19:55:27,2016-10-18 00:55:27,2016-10-31 00:55:27,0,12,25,3,892.64,102.62,0.1269,1,fashion_roupa_feminina,4.0
O03118,C01846,RS,santa maria,delivered,2017-09-25 04:31:08,2017-09-25 16:31:08,2017-10-14 04:31:08,2017-09-30 04:31:08,1,19,5,2,870.44,52.61,0.0645,1,artes,3.0
O03121,C01230,DF,ceilandia,delivered,2017-02-15 18:59:34,2017-02-16 15:59:34,2017-02-28 18:59:34,2017-03-06 18:59:34,0,13,19,3,1319.54,108.65,0.084,1,casa_escritorio,5.0
O03126,C01384,SE,itabaiana,delivered,2017-11-27 05:36:56,2017-11-28 04:36:56,2017-12-07 05:36:56,2017-12-04 05:36:56,1,10,7,1,430.54,37.38,0.0868,1,moveis_presentes,3.0
O03133,C01843,RR,mucajai,delivered,2018-05-24 21:15:31,2018-05-25 22:15:31,2018-06-11 21:15:31,2018-05-29 21:15:31,1,18,5,2,587.4,65.67,0.2454,1,casa_jardim,4.0
O03139,C00766,RJ,rio de janeiro,delivered,2017-08-17 14:26:31,2017-08-18 22:26:31,2017-08-22 14:26:31,2017-09-10 14:26:31,0,5,24,1,199.49,19.48,0.0976,1,fashion_roupa_feminina,3.0
O03142,C01724,PB,bayeux,delivered,2018-02-11 23:12:31,2018-02-13 00:12:31,2018-03-07 23:12:31,2018-02-24 23:12:31,1,24,13,2,323.36,75.96,0.2862,1,casa_conforto,5.0
O03152,C01985,MG,montes claros,delivered,2018-06-16 13:35:05,2018-06-18 11:35:05,2018-06-20 13:35:05,2018-07-02 13:35:05,0,4,16,1,113.67,37.84,0.3329,1,moveis_quarto,4.0
O03160,C00729,BA,salvador,delivered,2017-04-30 06:27:52,2017-04-30 11:27:52,2017-05-15 06:27:52,2017-05-25 06:27:52,0,15,25,1,153.91,5.61,0.0364,1,instrumentos_musicais,5.0
O03185,C00368,AC,rio branco,delivered,2017-08-26 11:46:41,2017-08-28 11:46:41,2017-08-29 11:46:41,2017-09-19 11:46:41,0,3,24,2,556.54,68.97,0.1253,1,beleza_saude,5.0
O03198,C01739,PI,parnaiba,delivered,2018-06-25 07:03:06,2018-06-25 20:03:06,2018-06-30 07:03:06,2018-07-04 07:03:06,0,5,9,1,278.67,37.94,0.1361,1,moveis_sala,5.0
O03211,C00802,ES,cariacica,delivered,2017-02-18 10:49:25,2017-02-19 17:49:25,2017-03-09 10:49:25,2017-03-15 10:49:25,0,19,25,1,217.16,34.21,0.1575,1,seguros_servicos,1.0
O03226,C00414,RO,ariquemes,delivered,2017-07-07 10:56:46,2017-07-07 21:56:46,2017-07-25 10:56:46,2017-07-13 10:56:46,1,18,6,2,580.65,59.6,0.0963,1,automotivo,1.0
O03232,C00194,ES,linhares,delivered,2018-08-29 04:56:56,2018-08-31 01:56:56,2018-09-18 04:56:56,2018-09-04 04:56:56,1,20,6,1,57.07,39.12,0.6855,1,carnes,2.0
O03239,C00874,RS,pelotas,delivered,2017-02-13 10:26:02,2017-02-14 02:26:02,2017-03-05 10:26:02,2017-03-04 10:26:02,1,20,19,2,266.36,98.16,0.4762,1,fashion_roupa_masculina,3.0
O03240,C01676,RJ,duque de caxias,delivered,2017-06-23 20:14:42,2017-06-23 21:14:42,2017-07-14 20:14:42,2017-07-13 20:14:42,1,21,20,2,212.62,54.27,0.267,1,casa_garagem,1.0
O03241,C00257,MG,montes claros,delivered,2016-09-13 09:14:45,2016-09-15 02:14:45,2016-10-12 09:14:45,2016-09-25 09:14:45,1,29,12,1,54.87,49.61,0.9041,1,moveis_decoracao,2.0
O03244,C00288,RO,vilhena,delivered,2018-01-09 14:39:06,2018-01-09 23:39:06,2018-01-27 14:39:06,2018-02-03 14:39:06,0,18,25,1,226.55,43.01,0.1898,1,perfumaria,5.0
O03246,C00018,RS,canoas,delivered,2018-07-20 12:46:43,2018-07-20 18:46:43,2018-07-24 12:46:43,2018-07-29 12:46:43,0,4,9,1,366.57,9.2,0.0251,1,seguros_servicos,4.0
O03252,C00717,ES,cariacica,delivered,2018-05-13 10:53:09,2018-05-14 12:53:09,2018-05-29 10:53:09,2018-05-27 10:53:09,1,16,14,2,630.72,52.85,0.0835,1,casa_outros,1.0
O03253,C00084,SC,florianopolis,delivered,2018-04-10 14:58:47,2018-04-12 00:58:47,2018-04-19 14:58:47,2018-04-24 14:58:47,0,9,14,1,276.75,46.79,0.1691,1,casa_construcao,5.0
O03259,C01441,MG,contagem,delivered,2016-09-21 15:18:28,2016-09-22 21:18:28,2016-10-16 15:18:28,2016-10-05 15:18:28,1,25,14,1,184.0,34.92,0.1898,1,fashion_roupa_masculina,1.0
O03264,C00715,CE,maracanau,delivered,2017-07-22 13:39:28,2017-07-24 08:39:28,2017-08-08 13:39:28,2017-08-06 13:39:28,1,17,15,1,471.49,10.95,0.0232,1,brinquedos,1.0
O03274,C01758,ES,linhares,delivered,2017-05-17 13:33:51,2017-05-19 12:33:51,2017-05-24 13:33:51,2017-05-31 13:33:51,0,7,14,1,173.5,39.63,0.2284,0,audio,5.0
O03278,C01569,AC,rio branco,delivered,2018-02-07 22:35:12,2018-02-08 16:35:12,2018-02-14 22:35:12,2018-02-27 22:35:12,0,7,20,1,377.3,15.99,0.0424,1,artes,3.0
O03284,C01206,TO,porto nacional,delivered,2017-08-31 17:50:04,2017-08-31 22:50:04,2017-09-19 17:50:04,2017-09-08 17:50:04,1,19,8,1,436.69,14.06,0.0322,1,casa_sala,2.0
O03295,C01395,RN,mossoro,delivered,2017-07-27 11:19:24,2017-07-29 07:19:24,2017-08-06 11:19:24,2017-08-01 11:19:24,1,10,5,1,292.54,48.24,0.1649,1,eletronicos,4.0
O03312,C00700,CE,caucaia,delivered,2018-09-11 09:43:33,2018-09-12 16:43:33,2018-09-27 09:43:33,2018-09-26 09:43:33,1,16,15,1,128.59,25.01,0.1945,1,utilidades_domesticas,5.0
O03314,C01869,RO,ji-parana,delivered,2018-03-28 18:38:45,2018-03-30 18:38:45,2018-04-10 18:38:45,2018-04-02 18:38:45,1,13,5,5,1464.2,138.38,0.173,1,casa_conforto_2,2.0
O03333,C01853,RR,boa vista,delivered,2018-04-21 21:54:53,2018-04-23 15:54:53,2018-04-28 21:54:53,2018-05-04 21:54:53,0,7,13,1,216.41,26.68,0.1233,1,carnes,5.0
O03345,C00443,CE,sobral,delivered,2018-07-07 11:16:34,2018-07-08 13:16:34,2018-07-26 11:16:34,2018-07-22 11:16:34,1,19,15,1,495.36,45.87,0.0926,1,sinalizacao_seguranca,5.0
O03347,C00969,RS,santa maria,delivered,2018-03-21 21:09:04,2018-03-23 07:09:04,2018-04-09 21:09:04,2018-04-14 21:09:04,0,19,24,1,327.4,28.61,0.0874,1,flores,5.0
O03361,C00193,ES,vitoria,delivered,2017-12-29 03:13:27,2017-12-29 17:13:27,2018-01-03 03:13:27,2018-01-07 03:13:27,0,5,9,1,406.95,48.97,0.1203,1,casa_garagem,5.0
O03363,C01689,RR,boa vista,delivered,2017-08-14 15:45:13,2017-08-15 23:45:13,2017-09-12 15:45:13,2017-08-29 15:45:13,1,29,15,2,614.21,56.86,0.0842,1,consoles_games,3.0
O03364,C00386,RO,vilhena,delivered,2017-01-01 05:00:22,2017-01-03 04:00:22,2017-01-07 05:00:22,2017-01-09 05:00:22,0,6,8,3,743.52,81.4,0.2849,1,fashion_esporte,5.0
O03371,C00166,PR,londrina,delivered,2017-08-27 15:11:27,2017-08-28 12:11:27,2017-09-14 15:11:27,2017-09-10 15:11:27,1,18,14,1,377.39,43.1,0.1142,1,casa_iluminacao,3.0
O03393,C00600,MS,ponta pora,delivered,2016-10-08 17:19:50,2016-10-10 17:19:50,2016-10-19 17:19:50,2016-10-19 17:19:50,0,11,11,2,743.09,61.51,0.0882,1,fashion_roupa_feminina,5.0
O03417,C01820,MS,campo grande,delivered,2017-09-14 09:34:43,2017-09-15 21:34:43,2017-10-01 09:34:43,2017-09-24 09:34:43,1,17,10,1,16.38,36.25,2.2131,1,la_cuisine,4.0
O03418,C00147,PI,picos,delivered,2016-11-15 07:01:29,2016-11-16 04:01:29,2016-11-25 07:01:29,2016-11-28 07:01:29,0,10,13,2,547.37,63.58,0.1155,1,casa_cozinha,5.0
O03421,C00741,RN,mossoro,delivered,2017-09-02 16:25:45,2017-09-03 04:25:45,2017-09-22 16:25:45,2017-09-13 16:25:45,1,20,11,2,476.77,74.81,1.1216,1,casa_lavanderia,5.0
O03434,C00741,RN,mossoro,delivered,2017-10-09 04:24:58,2017-10-10 04:24:58,2017-10-27 04:24:58,2017-10-18 04:24:58,1,18,9,1,465.13,43.41,0.0933,1,moda_roupa,4.0
O03435,C01264,AC,cruzeiro do sul,delivered,2018-05-08 06:37:12,2018-05-09 05:37:12,2018-06-06 06:37:12,2018-05-16 06:37:12,1,29,8,2,705.96,19.96,0.0353,1,livros_interesse,3.0
O03438,C01025,SC,florianopolis,delivered,2018-06-08 02:31:30,2018-06-08 12:31:30,2018-06-18 02:31:30,2018-07-01 02:31:30,0,10,23,1,283.55,16.47,0.0581,1,malas_acessorios,3.0
O03442,C01733,MS,campo grande,delivered,2018-09-13 06:41:43,2018-09-15 06:41:43,2018-09-17 06:41:43,2018-09-23 06:41:43,0,4,10,1,426.96,28.0,0.0656,1,casa_escritorio,5.0
O03458,C00786,TO,palmas,delivered,2018-01-26 08:58:27,2018-01-27 23:58:27,2018-01-31 08:58:27,2018-02-01 08:58:27,0,5,6,1,369.09,23.38,0.0633,1,portateis_cozinha,5.0
O03464,C00686,RO,ariquemes,delivered,2018-07-29 06:05:30,2018-07-30 16:05:30,2018-08-26 06:05:30,2018-08-19 06:05:30,1,28,21,1,199.94,17.22,0.0861,1,instrumentos_musicais,2.0
O03469,C00729,BA,salvador,delivered,2017-01-26 10:54:17,2017-01-27 22:54:17,2017-02-19 10:54:17,2017-02-03 10:54:17,1,24,8,1,471.8,8.0,0.017,1,flores,2.0
O03495,C01225,PA,santarem,delivered,2018-05-15 06:56:56,2018-05-16 16:56:56,2018-05-28 06:56:56,2018-06-08 06:56:56,0,13,24,2,546.84,30.36,0.0706,1,eletrodomesticos_2,5.0
O03511,C00242,PI,teresina,delivered,2018-06-24 10:51:03,2018-06-26 05:51:03,2018-07-07 10:51:03,2018-07-12 10:51:03,0,13,18,3,1074.2,80.89,0.0842,1,casa_quarto,5.0
O03519,C00372,ES,cariacica,delivered,2017-05-31 12:26:40,2017-05-31 15:26:40,2017-06-08 12:26:40,2017-06-12 12:26:40,0,8,12,1,176.64,25.32,0.1433,1,moveis_colchao_estofado,5.0
O03526,C01050,ES,serra,delivered,2017-06-19 18:27:43,2017-06-20 12:27:43,2017-06-28 18:27:43,2017-07-03 18:27:43,0,9,14,1,11.75,46.88,3.9898,1,casa_escritorio,5.0
O03527,C01382,SE,lagarto,delivered,2017-08-24 09:42:42,2017-08-25 01:42:42,2017-09-11 09:42:42,2017-09-09 09:42:42,1,18,16,1,413.31,15.62,0.0378,1,fashion_bolsas,3.0
O03530,C01663,PI,teresina,delivered,2017-11-22 08:18:14,2017-11-22 20:18:14,2017-12-18 08:18:14,2017-12-14 08:18:14,1,26,22,1,102.83,18.3,0.178,1,eletroportateis,1.0
O03538,C00256,PB,bayeux,delivered,2017-07-10 21:04:39,2017-07-10 22:04:39,2017-07-31 21:04:39,2017-08-02 21:04:39,0,21,23,2,250.76,69.55,0.571,1,construcao_ferramentas,5.0
O03545,C01273,RO,ji-parana,delivered,2018-07-17 00:07:22,2018-07-17 06:07:22,2018-08-13 00:07:22,2018-07-28 00:07:22,1,27,11,4,669.27,106.73,0.2703,1,casa_banheiro,2.0
O03575,C00977,AC,feijo,delivered,2016-11-14 06:45:11,2016-11-15 11:45:11,2016-12-13 06:45:11,2016-11-22 06:45:11,1,29,8,1,162.04,18.35,0.1132,1,construcao_ferramentas,1.0
O03593,C01772,AC,tarauaca,delivered,2017-03-22 03:44:06,2017-03-23 06:44:06,2017-03-26 03:44:06,2017-04-16 03:44:06,0,4,25,2,443.78,38.45,0.0837,1,beleza_saude,1.0
O03595,C01510,SE,estancia,delivered,2017-01-01 05:27:15,2017-01-01 10:27:15,2017-01-11 05:27:15,2017-01-15 05:27:15,0,10,14,1,30.19,33.86,1.1216,1,fraldas_higiene,4.0
O03609,C01394,RO,vilhena,delivered,2017-09-11 21:15:48,2017-09-13 13:15:48,2017-09-19 21:15:48,2017-09-20 21:15:48,0,8,9,1,442.35,37.11,0.0839,1,consoles_games,4.0
O03612,C00924,RS,caxias do sul,delivered,2017-09-14 11:24:28,2017-09-15 01:24:28,2017-10-13 11:24:28,2017-09-21 11:24:28,1,29,7,2,930.17,69.02,0.0743,1,seguros_servicos,2.0
O03624,C01128,SE,aracaju,delivered,2018-01-23 07:49:05,2018-01-24 05:49:05,2018-02-20 07:49:05,2018-02-16 07:49:05,1,28,24,3,1164.17,96.63,0.0827,1,eletrodomesticos_2,3.0
O03639,C00401,SP,campinas,delivered,2016-11-23 20:17:25,2016-11-24 01:17:25,2016-11-27 20:17:25,2016-12-04 20:17:25,0,4,11,1,332.51,8.92,0.0268,1,relogios_presentes,5.0
O03641,C00181,PR,ponta grossa,delivered,2017-02-03 01:07:19,2017-02-03 05:07:19,2017-03-01 01:07:19,2017-02-21 01:07:19,1,26,18,1,276.09,24.86,0.09,1,fashion_esporte,1.0
O03642,C00739,AC,tarauaca,delivered,2017-12-15 19:36:37,2017-12-17 14:36:37,2017-12-28 19:36:37,2018-01-03 19:36:37,0,13,19,3,411.32,94.06,0.2675,1,beleza_saude,2.0
O03646,C00547,MS,dourados,delivered,2018-02-13 02:28:07,2018-02-13 12:28:07,2018-02-25 02:28:07,2018-02-20 02:28:07,1,12,7,3,408.72,89.49,0.2664,1,carnes,2.0
O03649,C01834,CE,maracanau,delivered,2017-03-25 16:46:46,2017-03-26 03:46:46,2017-04-01 16:46:46,2017-04-02 16:46:46,0,7,8,1,116.33,44.59,0.3833,1,eletrodomesticos,2.0
O03651,C01408,RN,natal,delivered,2017-01-09 01:15:30,2017-01-10 18:15:30,2017-01-23 01:15:30,2017-02-03 01:15:30,0,14,25,1,71.46,11.84,0.1657,1,moveis_jardim,4.0
O03656,C01356,RN,parnamirim,delivered,2018-03-01 08:08:30,2018-03-02 16:08:30,2018-03-08 08:08:30,2018-03-23 08:08:30,0,7,22,3,1056.04,57.5,0.0684,1,casa_cozinha,1.0
O03660,C01649,RO,vilhena,delivered,2017-06-25 06:57:43,2017-06-26 18:57:43,2017-07-01 06:57:43,2017-07-04 06:57:43,0,6,9,1,190.36,14.97,0.0786,1,sinalizacao_seguranca,5.0
O03666,C01816,BA,itabuna,delivered,2018-09-12 03:48:15,2018-09-12 20:48:15,2018-10-10 03:48:15,2018-09-29 03:48:15,1,28,17,3,856.6,85.65,0.1134,1,cool_stuff,1.0
O03668,C01784,AP,laranjal do jari,delivered,2017-01-08 14:33:16,2017-01-10 07:33:16,2017-02-03 14:33:16,2017-01-31 14:33:16,1,26,23,2,560.26,76.6,0.1364,1,casa_iluminacao,2.0
O03682,C00532,RR,boa vista,delivered,2018-08-15 23:11:01,2018-08-17 12:11:01,2018-08-29 23:11:01,2018-08-27 23:11:01,1,14,12,1,115.21,46.04,0.3996,1,audio,2.0
O03695,C00983,RJ,niteroi,delivered,2017-10-23 13:37:15,2017-10-25 12:37:15,2017-11-05 13:37:15,2017-11-15 13:37:15,0,13,23,3,350.89,89.52,0.429,1,audio,4.0
O03696,C00973,AL,penedo,delivered,2018-02-02 23:22:34,2018-02-03 09:22:34,2018-02-16 23:22:34,2018-02-27 23:22:34,0,14,25,2,584.22,45.76,0.0784,1,consoles_games,4.0
O03704,C01595,PA,anamideua,delivered,2018-07-10 00:55:51,2018-07-10 20:55:51,2018-08-01 00:55:51,2018-07-27 00:55:51,1,22,17,1,94.14,38.8,0.4122,1,fashion_calcados,5.0
O03713,C01648,TO,araguaina,delivered,2018-10-27 06:40:07,2018-10-27 09:40:07,2018-11-24 06:40:07,2018-11-07 06:40:07,1,28,11,3,406.29,59.5,0.2129,1,automotivo,2.0
O03719,C01753,SC,joinville,delivered,2017-10-21 06:32:30,2017-10-23 06:32:30,2017-11-05 06:32:30,2017-11-15 06:32:30,0,15,25,2,749.16,28.49,0.0377,1,casa_garagem,4.0
O03722,C01279,RS,porto alegre,delivered,2016-12-07 19:33:42,2016-12-08 02:33:42,2016-12-14 19:33:42,2016-12-28 19:33:42,0,7,21,2,674.92,43.32,0.0602,1,cool_stuff,5.0
O03731,C01703,AP,santana,delivered,2018-09-17 10:15:02,2018-09-18 08:15:02,2018-10-15 10:15:02,2018-10-10 10:15:02,1,28,23,1,276.87,30.8,0.1112,1,moveis_cozinha,3.0
O03737,C01060,RJ,nova iguaçu,delivered,2018-02-05 11:49:01,2018-02-07 06:49:01,2018-02-16 11:49:01,2018-02-24 11:49:01,0,11,19,1,398.98,34.06,0.0854,1,cool_stuff,4.0
O03761,C01612,AP,porto grande,delivered,2017-12-14 01:34:30,2017-12-15 06:34:30,2017-12-17 01:34:30,2018-01-02 01:34:30,0,3,19,2,498.26,81.21,0.3255,1,dvds_blu_ray,5.0
O03762,C00209,MA,sao jose de ribamar,delivered,2017-09-26 21:10:23,2017-09-27 23:10:23,2017-10-13 21:10:23,2017-10-21 21:10:23,0,17,25,2,443.49,58.05,0.2997,1,automotivo,3.0
O03768,C00207,DF,guara,delivered,2016-09-30 23:22:09,2016-10-01 04:22:09,2016-10-22 23:22:09,2016-10-05 23:22:09,1,22,5,4,1553.97,71.94,0.0468,1,eletroportateis,4.0
O03779,C00473,PA,anamideua,delivered,2018-02-19 13:40:02,2018-02-19 20:40:02,2018-03-13 13:40:02,2018-02-24 13:40:02,1,22,5,1,63.41,44.72,0.7053,0,casa_conforto_2,1.0
O03797,C00371,PI,teresina,delivered,2018-04-06 04:59:08,2018-04-08 00:59:08,2018-04-17 04:59:08,2018-04-20 04:59:08,0,11,14,2,356.15,88.83,0.6096,1,fashion_esporte,5.0
O03799,C01364,AL,arapiraca,delivered,2018-02-15 05:23:03,2018-02-15 11:23:03,2018-03-04 05:23:03,2018-02-26 05:23:03,1,17,11,1,317.06,16.41,0.0518,1,perfumaria,4.0
O03817,C01260,MS,ponta pora,delivered,2018-06-30 01:10:55,2018-07-01 07:10:55,2018-07-21 01:10:55,2018-07-24 01:10:55,0,21,24,1,53.27,42.81,0.8036,1,fashion_roupa_feminina,4.0
O03833,C01814,SC,blumenau,delivered,2018-01-20 20:16:48,2018-01-21 02:16:48,2018-02-02 20:16:48,2018-02-02 20:16:48,0,13,13,1,388.1,27.87,0.0718,1,la_cuisine,5.0
O03869,C00296,RS,canoas,delivered,2018-04-08 11:33:41,2018-04-09 02:33:41,2018-04-29 11:33:41,2018-04-18 11:33:41,1,21,10,1,86.63,16.75,0.1934,1,moveis_decoracao,2.0
O03927,C01852,AP,santana,delivered,2018-08-26 21:48:22,2018-08-27 19:48:22,2018-09-12 21:48:22,2018-09-09 21:48:22,1,17,14,5,1129.1,135.79,0.3747,1,fashion_calcados,4.0
O03934,C00609,SC,sao jose,delivered,2017-06-25 03:02:17,2017-06-26 20:02:17,2017-07-18 03:02:17,2017-07-10 03:02:17,1,23,15,1,332.8,37.82,0.1136,1,cama_mesa_banho,3.0
O03948,C00496,PB,patos,delivered,2017-02-16 21:52:00,2017-02-18 19:52:00,2017-03-05 21:52:00,2017-02-26 21:52:00,1,17,10,1,176.67,48.26,0.2732,1,cool_stuff,2.0
O03966,C00820,TO,porto nacional,delivered,2016-09-30 20:44:58,2016-10-01 14:44:58,2016-10-09 20:44:58,2016-10-23 20:44:58,0,9,23,3,652.88,100.18,0.2272,1,audio,5.0
O03970,C00568,SE,lagarto,delivered,2018-02-11 18:32:39,2018-02-12 10:32:39,2018-03-12 18:32:39,2018-02-22 18:32:39,1,29,11,3,599.71,95.1,0.1749,1,casa_construcao,3.0
O03971,C00104,GO,goiania,delivered,2017-06-08 20:17:03,2017-06-09 11:17:03,2017-06-14 20:17:03,2017-06-18 20:17:03,0,6,10,2,598.14,69.42,0.1149,1,casa_jardim,2.0
O03977,C00665,PA,anamideua,delivered,2018-10-15 15:15:15,2018-10-15 19:15:15,2018-10-26 15:15:15,2018-11-09 15:15:15,0,11,25,1,342.16,8.3,0.0243,1,papelaria,5.0
O03981,C00270,PE,recife,delivered,2018-01-12 06:07:29,2018-01-12 21:07:29,2018-02-10 06:07:29,2018-01-18 06:07:29,1,29,6,3,504.73,70.56,0.5305,1,alimentos_bebidas,3.0
O03986,C00683,PB,patos,delivered,2018-10-13 09:25:16,2018-10-14 06:25:16,2018-10-19 09:25:16,2018-10-30 09:25:16,0,6,17,1,215.03,27.33,0.1271,1,casa_limpeza,5.0
O04011,C01951,ES,cariacica,delivered,2018-03-31 16:23:46,2018-03-31 23:23:46,2018-04-14 16:23:46,2018-04-14 16:23:46,0,14,14,1,207.95,28.19,0.1356,1,casa_jardim,5.0
O04021,C00878,MS,três lagoas,delivered,2018-01-28 14:52:58,2018-01-29 04:52:58,2018-02-15 14:52:58,2018-02-17 14:52:58,0,18,20,1,431.42,20.82,0.0483,0,casa_cozinha,4.0
O04033,C00163,DF,ceilandia,delivered,2017-11-27 03:07:09,2017-11-27 18:07:09,2017-12-19 03:07:09,2017-12-11 03:07:09,1,22,14,1,111.88,37.29,0.3333,1,casa_garagem,1.0
O04038,C01241,MG,juiz de fora,delivered,2018-04-10 13:39:15,2018-04-11 00:39:15,2018-04-17 13:39:15,2018-04-29 13:39:15,0,7,19,1,151.58,29.64,0.1955,1,moda_roupa,5.0
O04056,C01372,PA,santarem,delivered,2018-05-28 23:50:03,2018-05-29 00:50:03,2018-05-31 23:50:03,2018-06-10 23:50:03,0,3,13,4,284.38,115.16,0.4405,1,artes,5.0
O04075,C01247,SE,itabaiana,delivered,2017-02-13 12:11:48,2017-02-15 10:11:48,2017-03-11 12:11:48,2017-03-09 12:11:48,1,26,24,2,944.02,50.8,0.0542,1,beleza_saude,1.0
O04087,C01887,RJ,duque de caxias,delivered,2018-08-10 08:43:19,2018-08-11 14:43:19,2018-08-15 08:43:19,2018-08-29 08:43:19,0,5,19,1,288.15,16.22,0.0563,1,artes,4.0
O04115,C00672,DF,taguatinga,delivered,2018-03-15 04:51:32,2018-03-16 12:51:32,2018-04-14 04:51:32,2018-03-27 04:51:32,1,30,12,1,239.37,18.45,0.0771,1,fashion_bolsas,5.0
O04125,C01049,RO,cacoal,delivered,2017-04-06 09:01:48,2017-04-08 03:01:48,2017-04-25 09:01:48,2017-04-20 09:01:48,1,19,14,1,42.2,11.56,0.2739,1,bebes,3.0
O04128,C00151,MT,tangara da serra,delivered,2016-12-05 07:42:56,2016-12-06 00:42:56,2016-12-24 07:42:56,2016-12-13 07:42:56,1,19,8,1,144.73,30.82,0.2129,1,malas_acessorios,5.0
O04133,C00249,RO,ji-parana,delivered,2018-09-17 17:30:22,2018-09-18 18:30:22,2018-10-10 17:30:22,2018-10-12 17:30:22,0,23,25,1,441.48,34.14,0.0773,1,casa_escritorio,3.0
O04137,C01211,DF,guara,delivered,2016-12-12 17:02:35,2016-12-13 20:02:35,2016-12-28 17:02:35,2016-12-25 17:02:35,1,16,13,1,362.86,39.42,0.1086,1,livros_interesse,4.0
O04143,C01732,PR,ponta grossa,delivered,2017-05-15 23:08:57,2017-05-16 11:08:57,2017-06-06 23:08:57,2017-06-02 23:08:57,1,22,18,1,407.51,9.26,0.0227,0,moveis_escritorio,4.0
O04147,C00634,AL,penedo,delivered,2017-08-12 17:44:40,2017-08-13 08:44:40,2017-08-23 17:44:40,2017-08-17 17:44:40,1,11,5,1,157.87,29.36,0.186,1,casa_garagem,3.0
O04149,C01723,MS,corumba,delivered,2018-02-01 18:19:22,2018-02-02 15:19:22,2018-02-23 18:19:22,2018-02-07 18:19:22,1,22,6,1,74.69,27.23,0.3646,1,consoles_games,2.0
O04183,C01653,RN,natal,delivered,2017-07-16 00:11:36,2017-07-17 13:11:36,2017-08-01 00:11:36,2017-08-08 00:11:36,0,16,23,2,914.95,53.96,0.0589,1,eletrodomesticos_2,5.0
O04194,C00735,RR,mucajai,delivered,2016-09-10 10:21:01,2016-09-11 07:21:01,2016-10-03 10:21:01,2016-10-04 10:21:01,0,23,24,4,1642.27,123.27,0.0775,1,cool_stuff,4.0
O04196,C00203,SC,criciuma,delivered,2017-07-01 03:25:15,2017-07-01 11:25:15,2017-07-09 03:25:15,2017-07-16 03:25:15,0,8,15,2,497.31,92.06,0.1975,1,casa_limpeza,2.0
O04200,C01516,MG,belo horizonte,delivered,2016-11-28 23:01:47,2016-11-30 20:01:47,2016-12-10 23:01:47,2016-12-18 23:01:47,0,12,20,1,84.06,20.98,0.2496,1,moveis_escritorio,4.0
O04225,C01238,PB,campina grande,delivered,2018-09-15 08:32:33,2018-09-16 21:32:33,2018-10-15 08:32:33,2018-10-09 08:32:33,1,30,24,3,841.58,96.65,0.1526,1,automotivo,2.0
O04250,C00321,RN,parnamirim,delivered,2017-04-19 20:39:55,2017-04-20 09:39:55,2017-05-14 20:39:55,2017-05-10 20:39:55,1,25,21,2,787.64,44.81,0.0577,1,livros_interesse,4.0
O04257,C00549,TO,palmas,delivered,2018-09-19 20:55:29,2018-09-21 04:55:29,2018-10-05 20:55:29,2018-10-13 20:55:29,0,16,24,1,110.52,17.72,0.1603,1,cama_mesa_banho,3.0
O04259,C00754,AL,penedo,delivered,2018-02-18 10:28:14,2018-02-20 07:28:14,2018-02-22 10:28:14,2018-02-27 10:28:14,0,4,9,4,1211.81,82.81,0.0953,1,beleza_saude,3.0
O04267,C01142,ES,linhares,delivered,2018-03-02 21:39:07,2018-03-03 13:39:07,2018-03-13 21:39:07,2018-03-18 21:39:07,0,11,16,2,405.59,34.91,0.1802,1,perfumaria,1.0
O04295,C01517,DF,ceilandia,delivered,2017-10-26 14:21:22,2017-10-27 22:21:22,2017-11-25 14:21:22,2017-11-18 14:21:22,1,30,23,1,13.71,17.26,1.2589,1,artes,2.0
O04303,C01025,SC,florianopolis,delivered,2018-08-06 21:24:32,2018-08-07 07:24:32,2018-08-13 21:24:32,2018-08-23 21:24:32,0,7,17,1,348.27,13.69,0.0393,1,moveis_decoracao,3.0
O04305,C01831,CE,maracanau,delivered,2018-05-17 00:21:57,2018-05-18 20:21:57,2018-06-11 00:21:57,2018-06-11 00:21:57,0,25,25,1,163.71,36.26,0.2215,1,alimentos_bebidas,4.0
O04317,C00966,RR,mucajai,delivered,2016-09-02 19:47:42,2016-09-04 16:47:42,2016-09-28 19:47:42,2016-09-19 19:47:42,1,26,17,2,912.42,62.09,0.0691,1,fashion_calcados,4.0
O04318,C00996,ES,cariacica,delivered,2017-02-07 15:36:27,2017-02-08 15:36:27,2017-02-25 15:36:27,2017-02-26 15:36:27,0,18,19,1,492.16,8.16,0.0166,1,market_place,4.0
O04337,C00191,TO,gurupi,delivered,2017-06-19 12:15:20,2017-06-20 04:15:20,2017-07-16 12:15:20,2017-07-13 12:15:20,1,27,24,1,275.23,44.44,0.1615,1,construcao_ferramentas,1.0
O04364,C01705,AC,sena madureira,delivered,2017-06-09 01:31:45,2017-06-10 05:31:45,2017-07-08 01:31:45,2017-06-27 01:31:45,1,29,18,1,473.17,38.36,0.0811,1,cds_dvds_musicais,5.0
O04383,C00936,AP,porto grande,delivered,2018-03-02 00:52:36,2018-03-03 03:52:36,2018-03-07 00:52:36,2018-03-10 00:52:36,0,5,8,3,706.84,80.04,0.1109,1,casa_conforto_2,3.0
O04388,C00887,PR,ponta grossa,delivered,2018-01-20 14:01:05,2018-01-22 12:01:05,2018-01-25 14:01:05,2018-02-10 14:01:05,0,5,21,3,506.26,125.61,0.6775,1,beleza_saude,1.0
O04418,C01023,RR,mucajai,delivered,2017-08-21 14:18:08,2017-08-22 04:18:08,2017-08-29 14:18:08,2017-09-14 14:18:08,0,8,24,2,413.66,35.41,0.0849,1,fraldas_higiene,4.0
O04429,C01108,CE,maracanau,delivered,2016-09-27 06:23:52,2016-09-27 14:23:52,2016-10-06 06:23:52,2016-10-08 06:23:52,0,9,11,3,472.77,96.63,0.4768,1,fashion_esporte,4.0
O04437,C00908,CE,caucaia,delivered,2017-02-26 05:33:13,2017-02-27 01:33:13,2017-03-27 05:33:13,2017-03-12 05:33:13,1,29,14,2,882.27,24.83,0.0292,1,casa_banheiro,3.0
O04472,C01995,MS,dourados,delivered,2016-12-17 12:08:18,2016-12-18 19:08:18,2017-01-16 12:08:18,2017-01-11 12:08:18,1,30,25,2,412.52,65.96,0.2256,1,casa_conforto_2,2.0
O04475,C00490,CE,caucaia,delivered,2017-07-17 22:09:29,2017-07-18 09:09:29,2017-07-27 22:09:29,2017-07-30 22:09:29,0,10,13,2,417.26,35.0,0.0778,1,malas_acessorios,1.0
O04477,C00157,PB,bayeux,delivered,2017-10-03 20:10:00,2017-10-05 06:10:00,2017-10-18 20:10:00,2017-10-19 20:10:00,0,15,16,1,135.17,20.33,0.1504,1,cool_stuff,3.0
O04485,C00047,SP,sao paulo,delivered,2016-09-22 05:26:27,2016-09-23 04:26:27,2016-10-03 05:26:27,2016-10-09 05:26:27,0,11,17,1,446.18,49.54,0.111,1,casa_garagem,3.0
O04489,C01601,SE,lagarto,delivered,2016-10-12 01:18:27,2016-10-13 15:18:27,2016-10-17 01:18:27,2016-10-25 01:18:27,0,5,13,2,460.51,52.32,0.3193,1,eletroportateis,5.0
O04502,C00395,CE,sobral,delivered,2017-04-14 19:47:29,2017-04-15 11:47:29,2017-04-18 19:47:29,2017-04-27 19:47:29,0,4,13,1,119.46,16.13,0.135,1,beleza_saude,2.0
O04506,C01006,PR,londrina,delivered,2017-01-16 05:25:28,2017-01-16 14:25:28,2017-01-26 05:25:28,2017-01-24 05:25:28,1,10,8,1,461.1,32.49,0.0705,1,cool_stuff,3.0
O04513,C00792,MS,ponta pora,delivered,2016-10-19 05:32:31,2016-10-19 18:32:31,2016-10-24 05:32:31,2016-10-26 05:32:31,0,5,7,1,211.95,47.42,0.2237,1,moveis_presentes,5.0
O04546,C00109,TO,araguaina,delivered,2017-01-19 13:59:19,2017-01-20 18:59:19,2017-02-08 13:59:19,2017-01-27 13:59:19,1,20,8,5,1207.39,151.36,0.5187,1,beleza_saude,2.0
O04549,C01790,SP,campinas,delivered,2017-12-13 17:31:03,2017-12-15 05:31:03,2018-01-07 17:31:03,2017-12-27 17:31:03,1,25,14,1,275.82,23.5,0.0852,1,fashion_underwear,5.0
O04550,C00356,MG,uberlandia,delivered,2017-09-16 22:35:31,2017-09-17 19:35:31,2017-10-13 22:35:31,2017-09-25 22:35:31,1,27,9,4,576.44,135.22,0.5867,1,alimentos_bebidas,1.0
O04555,C00197,RO,cacoal,delivered,2017-01-07 14:32:44,2017-01-08 12:32:44,2017-01-14 14:32:44,2017-01-14 14:32:44,0,7,7,2,662.24,69.62,0.1439,1,casa_conforto,2.0
O04589,C00814,RN,caico,delivered,2017-08-17 17:14:40,2017-08-17 21:14:40,2017-09-16 17:14:40,2017-09-03 17:14:40,1,30,17,1,356.97,16.05,0.045,1,cool_stuff,3.0
O04591,C00457,RJ,duque de caxias,delivered,2017-09-11 04:35:46,2017-09-11 05:35:46,2017-10-06 04:35:46,2017-09-17 04:35:46,1,25,6,1,471.26,27.66,0.0587,1,eletronicos,2.0
O04600,C00473,PA,anamideua,delivered,2018-08-24 21:37:11,2018-08-25 06:37:11,2018-09-22 21:37:11,2018-09-05 21:37:11,1,29,12,3,805.11,91.49,0.1013,1,consoles_games,3.0
O04612,C00791,PR,curitiba,delivered,2017-12-04 11:56:23,2017-12-05 11:56:23,2017-12-18 11:56:23,2017-12-18 11:56:23,0,14,14,2,677.16,91.23,0.1556,1,brinquedos,5.0
O04630,C00313,PR,londrina,delivered,2017-02-08 06:12:33,2017-02-09 03:12:33,2017-03-07 06:12:33,2017-02-25 06:12:33,1,27,17,5,1026.0,119.48,0.1377,1,alimentos_bebidas,1.0
O04644,C01475,DF,taguatinga,delivered,2016-10-06 13:58:24,2016-10-08 13:58:24,2016-11-05 13:58:24,2016-10-15 13:58:24,1,30,9,3,487.64,50.22,0.1112,1,carnes,5.0
O04650,C00030,DF,samambaia,delivered,2017-11-18 14:36:08,2017-11-19 13:36:08,2017-12-17 14:36:08,2017-11-30 14:36:08,1,29,12,2,658.39,27.39,0.0373,1,casa_outros,5.0
O04654,C00268,ES,cariacica,delivered,2018-10-19 13:06:01,2018-10-21 02:06:01,2018-11-01 13:06:01,2018-11-05 13:06:01,0,13,17,1,282.47,9.32,0.033,1,fashion_esporte,4.0
O04665,C01685,PB,santa rita,delivered,2017-09-01 06:26:59,2017-09-02 15:26:59,2017-09-04 06:26:59,2017-09-22 06:26:59,0,3,21,1,195.98,43.69,0.2229,1,perfumaria,5.0
O04675,C00643,PE,caruaru,delivered,2017-08-11 06:15:11,2017-08-11 20:15:11,2017-08-18 06:15:11,2017-09-02 06:15:11,0,7,22,1,422.56,11.23,0.0266,1,moveis_decoracao,5.0
O04679,C00217,TO,araguaina,delivered,2016-10-19 09:58:31,2016-10-19 14:58:31,2016-10-31 09:58:31,2016-11-04 09:58:31,0,12,16,1,52.78,16.88,0.3198,1,casa_conforto_2,5.0
O04684,C00075,MA,caxias,delivered,2018-03-08 09:39:04,2018-03-09 07:39:04,2018-03-14 09:39:04,2018-03-31 09:39:04,0,6,23,1,420.18,43.35,0.1032,1,casa_outros,3.0
O04689,C01858,MT,rondonopolis,delivered,2018-03-23 00:03:33,2018-03-23 02:03:33,2018-04-17 00:03:33,2018-03-31 00:03:33,1,25,8,1,145.17,9.99,0.0688,1,moda_roupa,4.0
O04692,C00723,MG,juiz de fora,delivered,2017-05-12 12:17:24,2017-05-12 21:17:24,2017-06-11 12:17:24,2017-05-25 12:17:24,1,30,13,2,890.77,64.57,0.0718,1,casa_jardim,1.0
O04700,C00130,RN,mossoro,delivered,2017-01-06 04:17:22,2017-01-06 12:17:22,2017-01-13 04:17:22,2017-01-31 04:17:22,0,7,25,1,44.95,43.29,0.9631,1,perfumaria,5.0
O04732,C01218,CE,juazeiro do norte,delivered,2018-06-04 16:09:08,2018-06-05 23:09:08,2018-06-10 16:09:08,2018-06-21 16:09:08,0,6,17,2,505.19,31.69,0.0666,1,malas_acessorios,4.0
O04735,C01950,AL,rio largo,delivered,2017-03-25 06:25:11,2017-03-25 20:25:11,2017-04-01 06:25:11,2017-04-09 06:25:11,0,7,15,3,1000.59,54.71,0.2062,1,alimentos_bebidas,2.0
O04745,C00555,RR,alto alegre,delivered,2017-10-07 00:16:19,2017-10-09 00:16:19,2017-10-13 00:16:19,2017-10-20 00:16:19,0,6,13,1,108.92,7.74,0.0711,1,utilidades_domesticas,5.0
O04770,C01619,AM,coari,delivered,2017-10-15 01:34:54,2017-10-15 16:34:54,2017-11-13 01:34:54,2017-10-23 01:34:54,1,29,8,1,197.61,6.92,0.035,1,beleza_saude,1.0
O04778,C01622,PB,santa rita,delivered,2017-12-14 23:40:45,2017-12-15 14:40:45,2018-01-05 23:40:45,2018-01-07 23:40:45,0,22,24,1,45.74,39.23,0.8577,1,construcao_ferramentas,5.0
O04780,C01667,RS,porto alegre,delivered,2018-06-05 03:01:07,2018-06-06 20:01:07,2018-06-24 03:01:07,2018-06-26 03:01:07,0,19,21,1,284.9,11.16,0.0392,1,casa_outros,5.0
O04781,C01038,PI,parnaiba,delivered,2017-01-22 09:56:59,2017-01-23 16:56:59,2017-01-26 09:56:59,2017-01-31 09:56:59,0,4,9,1,32.55,17.69,0.5435,1,casa_banheiro,5.0
O04787,C00594,AP,oida,delivered,2018-08-01 18:41:59,2018-08-02 08:41:59,2018-08-13 18:41:59,2018-08-22 18:41:59,0,12,21,1,301.16,45.88,0.1523,1,moveis_sala,5.0
O04790,C00825,RO,ariquemes,delivered,2018-04-22 01:41:19,2018-04-23 04:41:19,2018-05-19 01:41:19,2018-05-08 01:41:19,1,27,16,1,113.87,48.16,0.4229,1,carnes,3.0
O04793,C00247,MA,sao jose de ribamar,delivered,2017-06-09 03:37:28,2017-06-10 23:37:28,2017-06-16 03:37:28,2017-06-17 03:37:28,0,7,8,3,562.54,63.46,0.1579,1,casa_limpeza,5.0
O04798,C01844,AL,arapiraca,delivered,2018-05-18 22:41:37,2018-05-20 00:41:37,2018-06-02 22:41:37,2018-05-24 22:41:37,1,15,6,1,351.05,15.25,0.0434,1,utilidades_domesticas,2.0
O04805,C01146,RO,porto velho,delivered,2017-08-17 08:10:19,2017-08-18 09:10:19,2017-09-05 08:10:19,2017-08-25 08:10:19,1,19,8,3,837.76,33.99,0.0545,1,casa_lavanderia,1.0
O04841,C00345,RS,caxias do sul,delivered,2018-04-18 11:18:01,2018-04-19 00:18:01,2018-05-03 11:18:01,2018-05-08 11:18:01,0,15,20,2,460.29,89.52,0.3018,1,papelaria,2.0
O04862,C00957,MG,contagem,delivered,2017-11-11 17:23:06,2017-11-13 11:23:06,2017-12-06 17:23:06,2017-11-28 17:23:06,1,25,17,1,130.6,29.45,0.2255,1,fashion_esporte,2.0
O04871,C00179,PA,castanhal,delivered,2017-10-15 11:11:20,2017-10-16 04:11:20,2017-10-28 11:11:20,2017-11-03 11:11:20,0,13,19,1,37.44,33.67,0.8993,1,cama_mesa_banho,5.0
O04875,C00060,MG,montes claros,delivered,2018-05-20 19:06:39,2018-05-22 05:06:39,2018-06-05 19:06:39,2018-06-09 19:06:39,0,16,20,1,73.43,41.13,0.5601,1,seguros_servicos,4.0
O04885,C00548,RR,caracarai,delivered,2016-11-03 10:13:21,2016-11-04 18:13:21,2016-11-20 10:13:21,2016-11-24 10:13:21,0,17,21,1,456.27,30.46,0.0668,1,casa_limpeza,5.0
O04894,C01009,BA,ilheus,delivered,2018-01-19 20:04:08,2018-01-21 20:04:08,2018-02-17 20:04:08,2018-02-01 20:04:08,1,29,13,1,351.08,28.89,0.0823,1,livros_interesse,3.0
O04899,C00255,TO,gurupi,delivered,2018-03-16 17:32:18,2018-03-17 04:32:18,2018-04-08 17:32:18,2018-03-22 17:32:18,1,23,6,3,714.3,80.39,0.1307,1,alimentos_bebidas,5.0
O04908,C00161,AM,parintins,delivered,2017-04-06 12:45:10,2017-04-08 09:45:10,2017-05-01 12:45:10,2017-04-23 12:45:10,1,25,17,1,152.75,31.26,0.2046,1,musica_arte,3.0
O04911,C00609,SC,sao jose,delivered,2017-11-22 05:07:47,2017-11-24 03:07:47,2017-12-11 05:07:47,2017-12-08 05:07:47,1,19,16,2,749.22,67.24,0.0864,1,casa_banheiro,2.0
O04924,C01050,ES,serra,delivered,2017-11-12 15:27:58,2017-11-14 05:27:58,2017-12-07 15:27:58,2017-11-27 15:27:58,1,25,15,1,325.08,34.88,0.1073,1,portateis_casa_forno_cafe,1.0
O04931,C00615,GO,luziania,delivered,2018-07-27 10:24:59,2018-07-28 15:24:59,2018-08-14 10:24:59,2018-08-09 10:24:59,1,18,13,1,390.22,10.24,0.0262,1,livros_interesse,2.0
O04935,C00035,RR,mucajai,delivered,2018-10-07 13:30:55,2018-10-07 17:30:55,2018-11-06 13:30:55,2018-10-22 13:30:55,1,30,15,1,30.99,16.94,0.5466,1,moveis_colchao_estofado,4.0
O04966,C01147,PE,jaboatao,delivered,2017-07-26 04:09:32,2017-07-27 14:09:32,2017-08-12 04:09:32,2017-08-16 04:09:32,0,17,21,1,444.68,33.03,0.0743,1,perfumaria,4.0
O04971,C00629,BA,feira de santana,delivered,2017-11-01 21:48:16,2017-11-01 23:48:16,2017-11-24 21:48:16,2017-11-23 21:48:16,1,23,22,1,423.17,12.9,0.0305,1,utilidades_domesticas,1.0
O04981,C00550,ES,serra,delivered,2018-04-27 16:05:37,2018-04-28 17:05:37,2018-05-25 16:05:37,2018-05-18 16:05:37,1,28,21,2,441.59,56.85,0.4033,1,casa_quarto,1.0
O04995,C00340,AP,laranjal do jari,delivered,2018-08-27 07:00:03,2018-08-27 10:00:03,2018-09-02 07:00:03,2018-09-09 07:00:03,0,6,13,1,140.44,35.48,0.2526,1,casa_limpeza,5.0
O00257,C01708,PI,campo maior,delivered,2018-07-03 04:29:54,2018-07-03 06:29:54,2018-07-08 04:29:54,2018-07-12 04:29:54,0,5,9,2,718.29,90.2,0.1265,1,instrumentos_musicais,0.0
O00387,C01408,RN,natal,shipped,2017-05-23 19:45:19,2017-05-23 22:45:19,,2017-06-15 19:45:19,0,,23,2,433.94,19.79,0.0812,1,dvds_blu_ray,0.0
O01117,C00347,DF,samambaia,delivered,2017-11-29 02:21:13,2017-11-30 21:21:13,2017-12-07 02:21:13,2017-12-17 02:21:13,0,8,18,2,847.61,62.91,0.0707,1,audio,0.0
O01542,C00078,MT,tangara da serra,delivered,2017-12-07 08:24:29,2017-12-09 02:24:29,2018-01-05 08:24:29,2017-12-27 08:24:29,1,29,20,1,138.33,13.78,0.0996,1,casa_quarto,0.0
O02005,C01249,PE,petrolina,delivered,2018-02-22 15:01:16,2018-02-23 12:01:16,2018-03-20 15:01:16,2018-02-28 15:01:16,1,26,6,1,172.53,44.84,0.2599,1,cama_mesa_banho,0.0
O02143,C00630,ES,vila velha,delivered,2018-09-17 06:37:18,2018-09-18 07:37:18,2018-09-29 06:37:18,2018-10-02 06:37:18,0,12,15,1,477.44,44.43,0.0931,1,seguros_servicos,0.0
O02325,C00312,RO,ji-parana,delivered,2017-04-03 00:32:28,2017-04-04 18:32:28,2017-04-20 00:32:28,2017-04-27 00:32:28,0,17,24,1,297.61,10.07,0.0338,1,moveis_escritorio,0.0
O02912,C01177,MA,caxias,shipped,2017-11-30 20:24:08,2017-11-30 22:24:08,,2017-12-12 20:24:08,0,,12,1,370.37,30.36,0.082,1,cool_stuff,0.0
O04619,C01236,SC,florianopolis,shipped,2018-08-11 15:16:04,2018-08-13 07:16:04,,2018-08-30 15:16:04,0,,19,1,238.58,17.03,0.0714,1,eletronicos,0.0
O04730,C00818,MA,imperatriz,delivered,2018-07-09 08:22:33,2018-07-09 09:22:33,2018-07-21 08:22:33,2018-08-02 08:22:33,0,12,24,1,33.52,34.67,1.0343,1,seguros_servicos,0.0
O02354,C01357,SC,florianopolis,delivered,2017-05-06 23:56:53,2017-05-08 13:56:53,2017-05-15 23:56:53,2017-05-22 23:56:53,0,9,16,2,172.58,36.73,0.2686,1,casa_limpeza,0.0
O04019,C00899,MA,sao jose de ribamar,shipped,2017-07-23 11:03:51,2017-07-25 01:03:51,,2017-07-28 11:03:51,0,,5,2,430.14,50.93,0.1184,1,casa_cozinha,0.0
O01321,C01818,RN,mossoro,shipped,2017-03-03 00:05:56,2017-03-03 10:05:56,,2017-03-26 00:05:56,0,,23,2,173.54,81.13,0.9314,1,casa_garagem,0.0
O02341,C00640,PI,campo maior,delivered,2018-04-17 03:51:55,2018-04-19 02:51:55,2018-04-29 03:51:55,2018-05-12 03:51:55,0,12,25,1,469.73,13.15,0.028,1,livros_interesse,0.0
O03541,C00824,PI,teresina,canceled,2018-04-10 02:26:23,2018-04-11 12:26:23,,,0,,,5,1004.35,132.78,0.1763,1,alimentos_bebidas,0.0
O03972,C00313,PR,londrina,shipped,2017-11-30 08:18:55,2017-12-01 15:18:55,,2017-12-05 08:18:55,0,,5,1,381.69,29.62,0.0776,1,casa_garagem,0.0
O04482,C01336,AL,arapiraca,delivered,2016-11-25 05:42:42,2016-11-26 02:42:42,2016-12-20 05:42:42,2016-12-14 05:42:42,1,25,19,1,445.5,30.66,0.0688,1,casa_cozinha,0.0
O04657,C01083,AL,penedo,canceled,2018-10-21 12:56:57,2018-10-22 04:56:57,,,0,,,1,187.64,43.63,0.2325,1,casa_garagem,0.0
O00530,C00469,DF,taguatinga,shipped,2017-10-14 07:57:36,2017-10-15 14:57:36,,2017-10-28 07:57:36,0,,14,2,847.49,87.45,0.1028,1,audio,0.0
O01002,C01715,GO,rio verde,delivered,2018-04-10 16:20:40,2018-04-11 03:20:40,2018-04-19 16:20:40,2018-04-21 16:20:40,0,9,11,2,570.95,62.1,0.1218,1,consoles_games,0.0
O02021,C00995,AL,rio largo,delivered,2017-09-22 23:15:42,2017-09-24 16:15:42,2017-10-13 23:15:42,2017-09-29 23:15:42,1,21,7,2,511.09,77.48,0.1531,1,fashion_underwear,0.0
O02460,C00923,RO,vilhena,shipped,2018-08-23 15:47:43,2018-08-23 17:47:43,,2018-08-30 15:47:43,0,,7,1,256.56,27.4,0.1068,1,moveis_decoracao,0.0
O03122,C00578,ES,cariacica,delivered,2016-10-15 17:31:40,2016-10-16 18:31:40,2016-11-02 17:31:40,2016-11-07 17:31:40,0,18,23,3,260.4,50.01,0.255,1,casa_escritorio,0.0
O04972,C00398,PI,campo maior,delivered,2017-05-17 13:50:47,2017-05-18 21:50:47,2017-06-02 13:50:47,2017-06-04 13:50:47,0,16,18,2,455.18,68.43,0.1491,1,papelaria,0.0
O00713,C01042,PR,cascavel,delivered,2018-03-31 01:19:04,2018-04-01 21:19:04,2018-04-09 01:19:04,2018-04-08 01:19:04,1,9,8,2,184.33,53.78,0.2907,1,casa_utilidades,0.0
O01588,C00152,MA,caxias,delivered,2017-07-31 03:20:32,2017-07-31 11:20:32,2017-08-27 03:20:32,2017-08-12 03:20:32,1,27,12,2,442.46,77.51,0.2926,1,alimentos_bebidas,0.0
O01899,C00179,PA,castanhal,canceled,2018-10-29 00:36:59,2018-10-29 23:36:59,,,0,,,1,165.08,22.42,0.1358,1,casa_garagem,0.0
O02086,C01036,AL,rio largo,delivered,2018-02-05 07:16:58,2018-02-07 00:16:58,2018-02-28 07:16:58,2018-02-27 07:16:58,1,23,22,3,1365.98,84.33,0.0605,1,fashion_bolsas,0.0
O04323,C00171,TO,palmas,canceled,2016-11-23 10:24:02,2016-11-24 07:24:02,,,0,,,3,788.39,62.99,0.12,1,casa_escritorio,0.0
O04559,C00245,SC,criciuma,shipped,2016-12-28 03:58:04,2016-12-28 23:58:04,,2017-01-10 03:58:04,0,,13,1,25.0,16.95,0.678,1,cool_stuff,0.0
O04651,C01466,SE,nossa senhora do socorro,delivered,2017-10-28 09:10:21,2017-10-29 12:10:21,2017-11-18 09:10:21,2017-11-11 09:10:21,1,21,14,2,455.35,78.26,0.3957,1,casa_escritorio,0.0
O00527,C01170,MS,dourados,delivered,2017-04-29 03:49:05,2017-04-30 00:49:05,2017-05-26 03:49:05,2017-05-16 03:49:05,1,27,17,2,669.54,55.18,0.081,1,carnes,0.0
O00767,C00044,PI,parnaiba,delivered,2016-09-14 11:11:30,2016-09-14 15:11:30,2016-09-19 11:11:30,2016-09-29 11:11:30,0,5,15,1,439.98,13.55,0.0308,1,perfumaria,0.0
O02196,C01709,PI,parnaiba,shipped,2017-01-02 22:39:05,2017-01-03 16:39:05,,2017-01-17 22:39:05,0,,15,1,355.26,22.76,0.0641,1,casa_lavanderia,0.0
O02405,C00446,MG,montes claros,delivered,2017-07-04 23:59:31,2017-07-05 23:59:31,2017-08-02 23:59:31,2017-07-29 23:59:31,1,29,25,1,87.69,46.91,0.535,1,casa_limpeza,0.0
O02507,C01762,PA,belem,delivered,2018-01-29 12:49:12,2018-01-30 11:49:12,2018-02-04 12:49:12,2018-02-11 12:49:12,0,6,13,2,893.72,63.61,0.0696,1,flores,0.0
O03262,C00077,PA,santarem,delivered,2017-01-28 09:57:07,2017-01-28 12:57:07,2017-02-22 09:57:07,2017-02-06 09:57:07,1,25,9,1,109.46,31.07,0.2838,1,moda_roupa,0.0
O03296,C01766,PI,teresina,shipped,2018-07-05 02:22:32,2018-07-06 10:22:32,,2018-07-29 02:22:32,0,,24,1,320.79,30.16,0.094,1,informatica_acessorios,0.0
O03462,C00042,AM,parintins,delivered,2017-01-14 22:25:37,2017-01-16 09:25:37,2017-02-08 22:25:37,2017-02-06 22:25:37,1,25,23,1,406.42,16.81,0.0414,1,casa_conforto,0.0
O03670,C00419,SC,joinville,shipped,2016-10-25 19:13:40,2016-10-26 02:13:40,,2016-11-09 19:13:40,0,,15,2,383.76,31.7,0.661,1,moda_roupa,0.0
O04004,C00073,SE,estancia,unavailable,2018-04-17 02:53:17,2018-04-18 00:53:17,,,0,,,1,412.54,15.36,0.0372,1,seguros_servicos,0.0
O04188,C00571,RO,cacoal,shipped,2017-09-28 14:07:13,2017-09-28 19:07:13,,2017-10-15 14:07:13,0,,17,2,277.86,49.06,0.1825,1,alimentos_bebidas,0.0
O04491,C00443,CE,sobral,delivered,2017-12-08 07:21:38,2017-12-08 21:21:38,2018-01-05 07:21:38,2017-12-25 07:21:38,1,28,17,1,481.2,24.53,0.051,1,casa_jardim,0.0
O00013,C01492,CE,caucaia,shipped,2017-05-28 20:38:57,2017-05-29 22:38:57,,2017-06-18 20:38:57,0,,21,2,640.36,65.47,0.1077,1,malas_acessorios,0.0
O01449,C01843,RR,mucajai,delivered,2018-02-26 20:12:56,2018-02-28 03:12:56,2018-03-09 20:12:56,2018-03-14 20:12:56,0,11,16,1,32.86,31.61,0.962,1,eletrodomesticos,0.0
O03176,C01863,SP,campinas,canceled,2017-09-22 15:55:50,2017-09-23 23:55:50,,,0,,,1,382.33,32.93,0.0861,1,moveis_sala,0.0
O03424,C01158,SC,criciuma,shipped,2017-01-12 12:35:10,2017-01-14 06:35:10,,2017-02-01 12:35:10,0,,20,2,892.59,58.33,0.066,1,eletroportateis,0.0
O03496,C00095,PB,santa rita,delivered,2018-06-28 21:11:35,2018-06-30 18:11:35,2018-07-12 21:11:35,2018-07-21 21:11:35,0,14,23,1,95.6,27.91,0.2919,1,casa_construcao,0.0
O04385,C01116,AP,oida,shipped,2017-06-16 22:52:58,2017-06-18 10:52:58,,2017-07-08 22:52:58,0,,22,1,135.85,5.64,0.0415,1,papelaria,0.0
O04598,C00279,MT,cuiaba,delivered,2018-10-06 04:13:35,2018-10-07 08:13:35,2018-10-17 04:13:35,2018-10-15 04:13:35,1,11,9,1,449.81,29.4,0.0654,1,casa_sala,0.0
O00089,C01179,PE,petrolina,delivered,2017-10-19 11:50:39,2017-10-20 03:50:39,2017-10-25 11:50:39,2017-11-01 11:50:39,0,6,13,1,223.7,34.9,0.156,1,fashion_roupa_feminina,0.0
O01042,C00139,RO,ji-parana,delivered,2018-03-02 13:29:51,2018-03-03 11:29:51,2018-03-21 13:29:51,2018-03-12 13:29:51,1,19,10,1,151.13,24.17,0.1599,1,casa_iluminacao,0.0
O01896,C00465,TO,paraíso do tocantins,delivered,2017-06-23 07:35:41,2017-06-24 17:35:41,2017-07-01 07:35:41,2017-06-28 07:35:41,1,8,5,2,748.12,27.14,0.0388,1,livros_interesse,0.0
O02128,C00729,BA,salvador,shipped,2017-07-13 19:47:17,2017-07-13 21:47:17,,2017-07-29 19:47:17,0,,16,1,150.43,29.24,0.1944,1,eletrodomesticos_2,0.0
O03544,C00046,SP,ribeirao preto,delivered,2018-07-05 23:59:42,2018-07-07 13:59:42,2018-08-04 23:59:42,2018-07-18 23:59:42,1,30,13,1,320.61,14.67,0.0458,1,casa_sala,0.0
O04112,C01142,ES,linhares,delivered,2017-06-20 00:19:45,2017-06-21 00:19:45,2017-07-05 00:19:45,2017-07-04 00:19:45,1,15,14,1,220.9,41.54,0.188,1,esporte_lazer,0.0
O04325,C01386,PA,anamideua,delivered,2018-08-30 12:54:36,2018-08-30 16:54:36,2018-09-17 12:54:36,2018-09-21 12:54:36,0,18,22,1,67.22,38.68,0.5754,1,casa_sala,0.0
O00003,C01368,AL,rio largo,delivered,2017-11-25 08:25:17,2017-11-26 11:25:17,2017-12-22 08:25:17,2017-12-14 08:25:17,1,27,19,5,962.14,126.57,0.2474,1,casa_banheiro,0.0
O00061,C01739,PI,parnaiba,shipped,2017-03-08 14:36:09,2017-03-09 14:36:09,,2017-03-16 14:36:09,0,,8,1,390.02,48.02,0.1231,1,la_cuisine,0.0
O00126,C00176,MA,sao luis,shipped,2017-12-06 21:25:13,2017-12-08 10:25:13,,2017-12-25 21:25:13,0,,19,1,146.17,12.71,0.087,1,portateis_cozinha,0.0
O00298,C00817,AP,macapa,delivered,2017-10-10 23:34:38,2017-10-11 03:34:38,2017-11-05 23:34:38,2017-10-22 23:34:38,1,26,12,2,628.61,73.04,0.169,1,automotivo,0.0
O00381,C01715,GO,rio verde,delivered,2017-06-24 20:12:16,2017-06-26 20:12:16,2017-07-01 20:12:16,2017-07-08 20:12:16,0,7,14,1,126.84,49.6,0.391,1,cool_stuff,0.0
O00597,C01187,CE,caucaia,shipped,2016-10-24 04:00:43,2016-10-26 04:00:43,,2016-11-10 04:00:43,0,,17,1,119.4,44.02,0.3687,1,moveis_presentes,0.0
O00738,C00802,ES,cariacica,shipped,2018-04-14 08:42:26,2018-04-14 18:42:26,,2018-05-05 08:42:26,0,,21,1,315.22,21.81,0.0692,1,esporte_lazer,0.0
O01937,C00164,TO,gurupi,delivered,2017-06-15 23:15:15,2017-06-16 08:15:15,2017-06-30 23:15:15,2017-06-20 23:15:15,1,15,5,1,162.7,8.5,0.0522,1,moveis_jardim,0.0
O02259,C01705,AC,sena madureira,delivered,2017-07-30 09:56:10,2017-07-30 21:56:10,2017-08-05 09:56:10,2017-08-21 09:56:10,0,6,22,2,596.1,50.24,0.1789,1,la_cuisine,0.0
O03094,C00036,PA,maraba,delivered,2016-12-23 01:43:49,2016-12-23 03:43:49,2016-12-29 01:43:49,2017-01-16 01:43:49,0,6,24,1,485.26,16.28,0.0335,1,telefonia,0.0
O03851,C01836,PR,cascavel,delivered,2017-10-16 03:38:52,2017-10-17 01:38:52,2017-10-19 03:38:52,2017-10-30 03:38:52,0,3,14,1,88.14,42.55,0.4828,1,casa_limpeza,0.0
O03871,C01939,AL,penedo,unavailable,2018-07-13 02:32:51,2018-07-13 18:32:51,,,0,,,2,178.67,31.69,0.1801,1,casa_garagem,0.0
O04625,C01324,TO,gurupi,unavailable,2018-08-13 01:52:58,2018-08-13 16:52:58,,,0,,,3,391.67,84.15,0.2972,1,artigos_nautica,0.0
O04641,C00549,TO,palmas,canceled,2017-07-30 04:03:04,2017-07-31 19:03:04,,,0,,,1,377.92,18.67,0.0494,1,moveis_decoracao,0.0
O00766,C01087,RJ,niteroi,delivered,2016-10-25 20:08:24,2016-10-27 16:08:24,2016-10-30 20:08:24,2016-11-01 20:08:24,0,5,7,1,142.63,6.78,0.0475,1,fashion_underwear,0.0
O01587,C00871,GO,aparecida de goiania,delivered,2016-10-05 06:15:49,2016-10-06 22:15:49,2016-10-10 06:15:49,2016-10-19 06:15:49,0,5,14,1,112.99,37.27,0.3299,1,moveis_decoracao,0.0
O01746,C01270,ES,linhares,delivered,2018-02-04 06:42:56,2018-02-05 05:42:56,2018-02-19 06:42:56,2018-02-14 06:42:56,1,15,10,2,789.3,61.37,0.0867,1,casa_jardim,0.0
O01893,C01753,SC,joinville,delivered,2018-09-23 20:40:36,2018-09-24 12:40:36,2018-10-19 20:40:36,2018-10-09 20:40:36,1,26,16,2,859.77,31.46,0.0383,1,casa_utilidades,0.0
O02399,C01234,PI,teresina,delivered,2018-04-18 01:54:00,2018-04-19 13:54:00,2018-05-05 01:54:00,2018-05-01 01:54:00,1,17,13,1,467.77,38.48,0.0823,1,casa_escritorio,0.0
O02401,C00136,RO,vilhena,delivered,2018-07-11 17:57:20,2018-07-13 09:57:20,2018-07-21 17:57:20,2018-08-03 17:57:20,0,10,23,1,28.16,40.2,1.4276,1,consoles_games,0.0
O02864,C00772,RJ,niteroi,delivered,2017-11-09 21:19:31,2017-11-10 08:19:31,2017-12-08 21:19:31,2017-11-29 21:19:31,1,29,20,1,213.05,37.82,0.1775,1,moveis_decoracao,0.0
O04161,C00982,PB,campina grande,canceled,2017-08-03 10:22:06,2017-08-04 12:22:06,,,0,,,1,394.03,8.05,0.0204,1,fashion_esporte,0.0
O04975,C01249,PE,petrolina,delivered,2017-05-21 04:00:19,2017-05-22 00:00:19,2017-06-07 04:00:19,2017-05-28 04:00:19,1,17,7,1,163.62,22.22,0.1358,1,la_cuisine,0.0
O00737,C00718,MA,imperatriz,shipped,2018-08-19 17:55:45,2018-08-20 06:55:45,,2018-08-25 17:55:45,0,,6,1,336.14,49.18,0.1463,1,fashion_esporte,0.0
O00769,C01722,PB,joao pessoa,delivered,2016-12-12 13:31:08,2016-12-13 13:31:08,2016-12-25 13:31:08,2017-01-04 13:31:08,0,13,23,1,338.06,30.58,0.0905,1,casa_cozinha,0.0
O01178,C01600,PI,picos,delivered,2017-08-31 03:50:49,2017-09-01 21:50:49,2017-09-10 03:50:49,2017-09-22 03:50:49,0,10,22,2,893.03,56.3,0.065,1,la_cuisine,0.0
O01337,C01069,PE,petrolina,shipped,2017-07-02 07:39:47,2017-07-03 21:39:47,,2017-07-27 07:39:47,0,,25,1,89.91,48.67,0.5413,1,moveis_escritorio,0.0
O01512,C00067,SE,aracaju,delivered,2017-09-23 21:23:43,2017-09-24 01:23:43,2017-10-15 21:23:43,2017-10-09 21:23:43,1,22,16,3,777.18,108.81,0.2197,1,casa_limpeza,0.0
O02035,C00603,AL,rio largo,delivered,2017-12-14 04:56:20,2017-12-15 09:56:20,2018-01-12 04:56:20,2017-12-19 04:56:20,1,29,5,1,153.19,31.49,0.2056,1,instrumentos_musicais,0.0
O02312,C01931,MS,campo grande,unavailable,2018-06-23 14:44:42,2018-06-24 21:44:42,,,0,,,5,1068.24,168.77,0.3382,1,moveis_jardim,0.0
O02737,C00273,PB,santa rita,shipped,2018-08-21 23:21:33,2018-08-22 22:21:33,,2018-09-10 23:21:33,0,,20,1,90.51,39.09,0.4319,1,artes,0.0
O03271,C00047,SP,sao paulo,shipped,2017-07-20 14:26:25,2017-07-20 20:26:25,,2017-08-09 14:26:25,0,,20,2,276.39,53.09,0.5471,1,casa_banheiro,0.0
O03603,C01759,RN,caico,delivered,2018-04-19 14:11:04,2018-04-21 02:11:04,2018-05-14 14:11:04,2018-05-13 14:11:04,1,25,24,1,336.98,10.1,0.03,1,fashion_esporte,0.0
O03916,C00701,AC,rio branco,delivered,2018-10-17 23:36:00,2018-10-19 21:36:00,2018-11-09 23:36:00,2018-11-05 23:36:00,1,23,19,2,470.24,52.49,0.1463,1,casa_garagem,0.0
O04725,C01015,MS,dourados,unavailable,2017-04-04 21:41:49,2017-04-06 07:41:49,,,0,,,2,467.65,58.93,0.1333,1,casa_banheiro,0.0
O04982,C00131,TO,porto nacional,unavailable,2017-03-09 02:37:01,2017-03-10 21:37:01,,,0,,,3,1093.42,74.18,0.0631,1,casa_garagem,0.0
O00394,C01437,RR,caracarai,delivered,2017-02-10 12:15:14,2017-02-12 05:15:14,2017-02-13 12:15:14,2017-02-20 12:15:14,0,3,10,2,537.79,67.88,0.1245,1,carnes,0.0
O00689,C00168,MT,sinop,delivered,2018-02-10 17:41:09,2018-02-11 22:41:09,2018-03-01 17:41:09,2018-02-23 17:41:09,1,19,13,1,42.86,20.22,0.4718,1,audio,0.0
O01057,C01491,GO,rio verde,canceled,2018-04-02 01:30:15,2018-04-03 08:30:15,,,0,,,1,250.93,32.35,0.1289,1,flores,0.0
O01666,C01081,RS,pelotas,delivered,2017-04-29 18:57:04,2017-05-01 15:57:04,2017-05-11 18:57:04,2017-05-14 18:57:04,0,12,15,3,649.59,46.36,0.0976,1,alimentos_bebidas,0.0
O02404,C01687,RO,ariquemes,delivered,2017-04-14 13:08:09,2017-04-15 14:08:09,2017-05-02 13:08:09,2017-04-19 13:08:09,1,18,5,1,111.09,20.22,0.182,1,casa_lavanderia,0.0
O02821,C01056,CE,juazeiro do norte,delivered,2018-06-28 11:12:50,2018-06-30 07:12:50,2018-07-09 11:12:50,2018-07-21 11:12:50,0,11,23,2,338.85,39.07,0.1628,1,fraldas_higiene,0.0
O03105,C01214,PE,caruaru,delivered,2017-12-20 10:46:59,2017-12-22 07:46:59,2018-01-09 10:46:59,2018-01-02 10:46:59,1,20,13,1,213.36,49.44,0.2317,1,beleza_saude,0.0
O03338,C00102,ES,linhares,shipped,2018-04-14 23:26:11,2018-04-16 10:26:11,,2018-04-25 23:26:11,0,,11,1,134.6,29.45,0.2188,1,moveis_jardim,0.0
O03922,C01986,TO,porto nacional,delivered,2018-07-31 23:50:48,2018-08-01 00:50:48,2018-08-21 23:50:48,2018-08-25 23:50:48,0,21,25,1,29.95,22.53,0.7523,1,moveis_escritorio,0.0
O02113,C00592,BA,itabuna,shipped,2018-08-13 23:59:15,2018-08-15 09:59:15,,2018-08-28 23:59:15,0,,15,1,409.13,48.79,0.1193,1,seguros_servicos,0.0
O03796,C01289,PE,petrolina,shipped,2017-10-29 20:31:30,2017-10-30 21:31:30,,2017-11-09 20:31:30,0,,11,3,753.84,55.22,0.1125,1,cool_stuff,0.0
O04558,C01491,GO,rio verde,unavailable,2017-03-07 16:32:30,2017-03-08 00:32:30,,,0,,,2,444.27,45.41,0.7955,1,fashion_calcados,0.0
O04588,C00125,AP,porto grande,canceled,2017-06-16 18:57:06,2017-06-17 22:57:06,,,0,,,1,106.69,36.06,0.338,1,market_place,0.0
O00608,C00259,SP,sao paulo,canceled,2017-01-25 22:19:45,2017-01-26 13:19:45,,,0,,,1,411.28,19.16,0.0466,1,casa_iluminacao,0.0
O00614,C01639,AC,sena madureira,delivered,2018-03-18 08:48:04,2018-03-19 19:48:04,2018-04-06 08:48:04,2018-03-28 08:48:04,1,19,10,1,375.81,45.5,0.1211,1,moveis_sala,0.0
O02597,C01719,AM,manaus,unavailable,2017-01-03 10:03:01,2017-01-05 06:03:01,,,0,,,1,306.72,46.72,0.1523,1,artes,0.0
O02818,C01498,PR,londrina,delivered,2017-07-08 13:52:30,2017-07-10 10:52:30,2017-07-29 13:52:30,2017-08-02 13:52:30,0,21,25,2,391.46,22.24,0.0836,1,carnes,0.0
O03031,C00372,ES,cariacica,shipped,2018-06-05 12:33:08,2018-06-07 09:33:08,,2018-06-19 12:33:08,0,,14,1,348.0,15.04,0.0432,1,beleza_saude,0.0
O03200,C01826,RR,alto alegre,shipped,2017-11-28 21:10:57,2017-11-30 06:10:57,,2017-12-07 21:10:57,0,,9,2,413.97,23.45,0.0682,1,casa_banheiro,0.0
O03830,C00290,AL,delmiro gouveia,delivered,2017-08-27 06:02:44,2017-08-27 19:02:44,2017-09-10 06:02:44,2017-09-18 06:02:44,0,14,22,3,630.08,93.28,0.2374,1,casa_construcao,0.0
O00266,C00099,AP,porto grande,delivered,2018-10-30 12:06:32,2018-10-31 16:06:32,2018-11-14 12:06:32,2018-11-14 12:06:32,0,15,15,1,454.21,45.14,0.0994,1,consoles_games,0.0
O02100,C00772,RJ,niteroi,canceled,2018-03-27 15:52:29,2018-03-29 12:52:29,,,0,,,1,494.6,22.28,0.045,1,moda_roupa,0.0
O02298,C00262,AM,parintins,canceled,2017-07-04 14:52:41,2017-07-05 11:52:41,,,0,,,2,364.35,48.06,0.1319,1,artigos_nautica,0.0
O02839,C01963,RJ,duque de caxias,delivered,2017-09-16 19:52:10,2017-09-17 22:52:10,2017-10-08 19:52:10,2017-09-30 19:52:10,1,22,14,1,160.36,8.81,0.0549,1,instrumentos_musicais,0.0
O04099,C01196,AL,rio largo,delivered,2017-06-07 19:04:26,2017-06-08 20:04:26,2017-06-21 19:04:26,2017-06-18 19:04:26,1,14,11,2,995.36,64.0,0.0643,1,casa_garagem,0.0
O04829,C00459,ES,serra,delivered,2017-05-28 10:43:22,2017-05-28 14:43:22,2017-06-25 10:43:22,2017-06-14 10:43:22,1,28,17,1,20.22,48.62,2.4045,1,alimentos_bebidas,0.0
O04842,C01348,MS,ponta pora,delivered,2018-06-22 02:56:30,2018-06-23 01:56:30,2018-07-20 02:56:30,2018-07-05 02:56:30,1,28,13,2,581.03,53.86,0.0932,1,casa_utilidades,0.0
O04855,C00834,MT,cuiaba,canceled,2018-04-13 23:01:59,2018-04-14 19:01:59,,,0,,,1,352.16,23.48,0.0667,1,sinalizacao_seguranca,0.0
O04941,C00453,TO,porto nacional,shipped,2018-02-16 14:50:04,2018-02-16 16:50:04,,2018-03-07 14:50:04,0,,19,1,10.05,44.72,4.4498,1,carnes,0.0
O00095,C01843,RR,mucajai,canceled,2018-08-09 03:41:40,2018-08-09 13:41:40,,,0,,,1,456.14,17.17,0.0376,1,portateis_cozinha,0.0
O00652,C00719,TO,araguaina,delivered,2018-02-06 12:19:01,2018-02-07 17:19:01,2018-03-05 12:19:01,2018-02-16 12:19:01,1,27,10,1,455.5,24.38,0.0535,1,fashion_roupa_feminina,0.0
O01053,C00856,AP,laranjal do jari,delivered,2017-04-24 13:47:22,2017-04-25 17:47:22,2017-05-05 13:47:22,2017-05-05 13:47:22,0,11,11,1,100.72,24.77,0.2459,1,fashion_roupa_feminina,0.0
O01119,C01111,PA,anamideua,unavailable,2016-12-16 13:12:43,2016-12-16 18:12:43,,,0,,,1,134.98,23.23,0.1721,1,casa_jardim,0.0
O01316,C00242,PI,teresina,canceled,2018-08-12 04:57:41,2018-08-13 07:57:41,,,0,,,2,300.74,62.83,0.2246,1,eletrodomesticos,0.0
O01448,C00828,RS,porto alegre,delivered,2017-01-14 07:01:15,2017-01-16 02:01:15,2017-02-11 07:01:15,2017-01-24 07:01:15,1,28,10,1,36.86,18.7,0.5073,1,fashion_esporte,0.0
O01558,C00172,MA,sao luis,delivered,2018-07-23 10:33:03,2018-07-23 12:33:03,2018-08-12 10:33:03,2018-08-13 10:33:03,0,20,21,4,1037.27,120.59,0.1622,1,casa_banheiro,0.0
O02047,C00310,RO,ji-parana,delivered,2017-11-19 00:47:44,2017-11-19 08:47:44,2017-12-19 00:47:44,2017-12-07 00:47:44,1,30,18,1,256.29,11.05,0.0431,1,beleza_saude,0.0
O02269,C00946,PE,caruaru,delivered,2017-01-17 23:52:43,2017-01-18 12:52:43,2017-01-21 23:52:43,2017-02-11 23:52:43,0,4,25,1,443.44,34.93,0.0788,1,portateis_casa_forno_cafe,0.0
O03001,C00548,RR,caracarai,canceled,2018-09-28 23:10:23,2018-09-30 00:10:23,,,0,,,1,230.76,7.63,0.0331,1,fashion_calcados,0.0
O03308,C01319,SE,aracaju,shipped,2018-05-10 20:17:30,2018-05-11 02:17:30,,2018-05-25 20:17:30,0,,15,2,174.76,13.46,0.1663,1,casa_garagem,0.0
O03533,C01682,PI,campo maior,delivered,2016-10-04 17:21:55,2016-10-06 06:21:55,2016-10-12 17:21:55,2016-10-26 17:21:55,0,8,22,2,220.5,54.07,0.2668,1,casa_banheiro,0.0
O04604,C00292,PA,anamideua,shipped,2017-07-20 12:29:49,2017-07-21 05:29:49,,2017-07-26 12:29:49,0,,6,1,339.5,41.74,0.1229,1,moveis_jardim,0.0
O04723,C01093,TO,palmas,delivered,2017-11-21 20:32:49,2017-11-23 02:32:49,2017-12-06 20:32:49,2017-12-15 20:32:49,0,15,24,2,492.28,60.3,0.2702,1,bebes,0.0
O00025,C00220,PE,jaboatao,delivered,2017-04-09 08:00:23,2017-04-10 03:00:23,2017-04-17 08:00:23,2017-04-16 08:00:23,1,8,7,1,124.31,46.81,0.3766,1,brinquedos,1.0
O00035,C00549,TO,palmas,delivered,2017-10-31 03:01:33,2017-11-01 10:01:33,2017-11-05 03:01:33,2017-11-16 03:01:33,0,5,16,1,364.11,6.94,0.0191,1,seguros_servicos,5.0
O00040,C01000,TO,araguaina,delivered,2018-07-06 08:59:42,2018-07-07 13:59:42,2018-08-01 08:59:42,2018-07-19 08:59:42,1,26,13,1,395.94,41.86,0.1057,1,utilidades_domesticas,5.0
O00050,C00435,PR,maringa,delivered,2017-08-04 19:37:26,2017-08-05 02:37:26,2017-08-29 19:37:26,2017-08-28 19:37:26,1,25,24,2,427.26,53.5,0.3521,1,moveis_cozinha,2.0
O00051,C01938,SE,itabaiana,delivered,2016-12-26 05:38:53,2016-12-27 18:38:53,2017-01-11 05:38:53,2017-01-13 05:38:53,0,16,18,1,440.85,37.51,0.0851,1,casa_limpeza,4.0
O00056,C01868,AP,oida,delivered,2018-08-19 08:06:08,2018-08-20 03:06:08,2018-09-03 08:06:08,2018-08-25 08:06:08,1,15,6,1,309.7,7.77,0.0251,1,fashion_calcados,2.0
O00078,C01778,SP,campinas,delivered,2017-07-13 09:09:40,2017-07-14 11:09:40,2017-07-24 09:09:40,2017-07-31 09:09:40,0,11,18,2,306.08,60.7,0.1796,1,consoles_games,4.0
O00098,C01217,MS,ponta pora,delivered,2018-03-02 00:51:59,2018-03-03 07:51:59,2018-03-20 00:51:59,2018-03-14 00:51:59,1,18,12,3,943.68,63.98,0.1927,1,casa_banheiro,4.0
O00102,C00927,SE,aracaju,delivered,2018-10-03 05:11:58,2018-10-05 05:11:58,2018-10-23 05:11:58,2018-10-16 05:11:58,1,20,13,3,928.07,102.32,0.2616,1,eletrodomesticos,3.0
O00106,C00043,SE,lagarto,delivered,2017-04-18 18:07:33,2017-04-19 21:07:33,2017-05-12 18:07:33,2017-04-27 18:07:33,1,24,9,2,413.91,72.65,0.1974,1,moveis_decoracao,2.0
O00113,C01161,PE,recife,delivered,2018-02-22 01:00:58,2018-02-22 20:00:58,2018-02-25 01:00:58,2018-03-14 01:00:58,0,3,20,1,422.99,7.33,0.0173,1,informatica_acessorios,5.0
O00115,C01278,ES,cariacica,delivered,2017-05-11 14:25:18,2017-05-12 10:25:18,2017-05-16 14:25:18,2017-05-25 14:25:18,0,5,14,1,483.6,11.51,0.0238,1,seguros_servicos,4.0
O00117,C00253,SC,blumenau,delivered,2016-11-22 15:11:21,2016-11-23 23:11:21,2016-12-08 15:11:21,2016-12-08 15:11:21,0,16,16,2,679.53,74.75,0.1079,1,cool_stuff,4.0
O00129,C01915,MT,tangara da serra,delivered,2018-03-10 10:45:55,2018-03-11 16:45:55,2018-03-27 10:45:55,2018-03-28 10:45:55,0,17,18,3,764.3,115.41,0.1846,1,casa_cozinha,4.0
O00140,C01746,MS,corumba,delivered,2017-04-29 10:26:55,2017-04-30 06:26:55,2017-05-25 10:26:55,2017-05-04 10:26:55,1,26,5,1,32.32,28.3,0.8756,1,portateis_casa_forno_cafe,2.0
O00175,C01026,DF,brasilia,delivered,2018-03-01 23:27:54,2018-03-02 22:27:54,2018-03-21 23:27:54,2018-03-10 23:27:54,1,20,9,5,1303.9,131.56,0.2294,1,brinquedos,3.0
O00182,C00640,PI,campo maior,delivered,2018-05-14 03:59:15,2018-05-15 19:59:15,2018-06-08 03:59:15,2018-05-22 03:59:15,1,25,8,1,110.7,8.29,0.0749,1,perfumaria,3.0
O00186,C00483,RJ,nova iguaçu,delivered,2018-10-07 17:04:06,2018-10-07 22:04:06,2018-10-28 17:04:06,2018-10-31 17:04:06,0,21,24,1,330.45,47.58,0.144,1,telefonia,5.0
O00222,C00562,RN,mossoro,delivered,2018-03-16 20:57:43,2018-03-17 14:57:43,2018-04-13 20:57:43,2018-04-10 20:57:43,1,28,25,1,101.68,42.12,0.4142,1,casa_limpeza,2.0
O00228,C00532,RR,boa vista,delivered,2018-10-09 20:17:16,2018-10-10 05:17:16,2018-10-17 20:17:16,2018-10-18 20:17:16,0,8,9,1,282.5,14.99,0.0531,1,fashion_esporte,2.0
O00232,C00531,PI,floriano,delivered,2017-10-05 22:14:53,2017-10-06 00:14:53,2017-11-04 22:14:53,2017-10-21 22:14:53,1,30,16,2,277.62,31.19,0.4216,1,moveis_decoracao,1.0
O00260,C01212,MS,campo grande,delivered,2017-02-15 10:01:24,2017-02-17 09:01:24,2017-03-13 10:01:24,2017-03-03 10:01:24,1,26,16,5,1006.85,147.84,0.5736,1,casa_escritorio,1.0
O00304,C01097,RJ,nova iguaçu,delivered,2017-07-06 06:22:20,2017-07-06 17:22:20,2017-07-21 06:22:20,2017-07-18 06:22:20,1,15,12,2,816.66,37.48,0.0459,1,fashion_calcados,4.0
O00316,C00966,RR,mucajai,delivered,2018-04-08 23:56:49,2018-04-09 18:56:49,2018-04-18 23:56:49,2018-04-26 23:56:49,0,10,18,2,130.62,62.97,0.5485,1,casa_conforto_2,3.0
O00332,C00350,SE,aracaju,delivered,2018-09-27 19:53:08,2018-09-28 04:53:08,2018-10-17 19:53:08,2018-10-15 19:53:08,1,20,18,2,453.36,37.88,0.0854,1,seguros_servicos,1.0
O00334,C01071,SC,criciuma,delivered,2018-01-14 19:25:35,2018-01-16 11:25:35,2018-02-04 19:25:35,2018-02-08 19:25:35,0,21,25,1,33.01,33.22,1.0064,1,carnes,5.0
O00342,C01146,RO,porto velho,delivered,2017-08-18 02:59:27,2017-08-19 01:59:27,2017-08-27 02:59:27,2017-08-31 02:59:27,0,9,13,2,603.03,67.47,0.1449,1,alimentos_bebidas,5.0
O00353,C00494,SP,sao paulo,delivered,2018-05-04 21:17:53,2018-05-05 22:17:53,2018-05-29 21:17:53,2018-05-24 21:17:53,1,25,20,1,187.23,39.07,0.2087,1,construcao_ferramentas,2.0
O00369,C00115,AC,cruzeiro do sul,delivered,2018-07-21 18:19:48,2018-07-23 11:19:48,2018-08-03 18:19:48,2018-07-29 18:19:48,1,13,8,1,305.21,40.33,0.1321,1,musica_arte,3.0
O00379,C01211,DF,guara,delivered,2016-10-02 05:39:25,2016-10-02 16:39:25,2016-10-11 05:39:25,2016-10-27 05:39:25,0,9,25,1,348.23,34.53,0.0992,1,moveis_sala,5.0
O00380,C00768,RN,natal,delivered,2018-08-17 03:03:30,2018-08-17 09:03:30,2018-08-27 03:03:30,2018-08-31 03:03:30,0,10,14,2,888.31,34.77,0.0386,1,casa_escritorio,3.0
O00388,C00790,MS,três lagoas,delivered,2017-04-30 21:04:27,2017-05-02 08:04:27,2017-05-25 21:04:27,2017-05-18 21:04:27,1,25,18,1,97.19,36.41,0.3746,1,moveis_jardim,3.0
O00408,C01484,RJ,campos,delivered,2017-09-16 04:17:23,2017-09-16 14:17:23,2017-10-16 04:17:23,2017-10-02 04:17:23,1,30,16,2,665.21,61.43,0.105,1,construcao_ferramentas,3.0
O00413,C01679,GO,anapolis,delivered,2018-06-22 13:57:12,2018-06-24 04:57:12,2018-06-27 13:57:12,2018-07-08 13:57:12,0,5,16,1,237.71,23.72,0.0998,1,automotivo,5.0
O00429,C00529,PI,floriano,delivered,2017-07-04 23:32:54,2017-07-06 08:32:54,2017-07-30 23:32:54,2017-07-23 23:32:54,1,26,19,1,282.74,13.19,0.0467,1,esporte_lazer,5.0
O00453,C00703,BA,salvador,delivered,2018-02-12 02:20:18,2018-02-12 23:20:18,2018-03-01 02:20:18,2018-02-21 02:20:18,1,17,9,3,968.56,67.43,0.0684,1,casa_construcao,1.0
O00455,C00524,RR,alto alegre,delivered,2018-05-19 22:37:33,2018-05-20 01:37:33,2018-06-09 22:37:33,2018-05-26 22:37:33,1,21,7,1,93.09,36.75,0.3948,1,artes,3.0
O00458,C00757,RR,rorainopolis,delivered,2017-12-17 07:09:42,2017-12-18 02:09:42,2018-01-03 07:09:42,2018-01-05 07:09:42,0,17,19,1,333.25,36.39,0.1092,1,casa_garagem,5.0
O00497,C00304,RO,ariquemes,delivered,2016-09-19 17:52:47,2016-09-20 10:52:47,2016-10-08 17:52:47,2016-10-10 17:52:47,0,19,21,2,214.98,51.77,0.2383,1,artigos_nautica,5.0
O00502,C00702,MT,tangara da serra,delivered,2017-08-16 06:05:24,2017-08-17 02:05:24,2017-08-23 06:05:24,2017-08-29 06:05:24,0,7,13,1,258.55,14.28,0.0552,1,papelaria,5.0
O00503,C01247,SE,itabaiana,delivered,2017-03-05 18:41:28,2017-03-07 12:41:28,2017-03-23 18:41:28,2017-03-24 18:41:28,0,18,19,1,193.38,13.13,0.0679,1,portateis_casa_forno_cafe,5.0
O00516,C01475,DF,taguatinga,delivered,2018-07-20 14:52:58,2018-07-22 08:52:58,2018-08-17 14:52:58,2018-08-14 14:52:58,1,28,25,2,621.91,44.02,0.0748,1,casa_utilidades,4.0
O00523,C01016,PI,campo maior,delivered,2017-05-12 09:57:35,2017-05-12 21:57:35,2017-05-28 09:57:35,2017-05-26 09:57:35,1,16,14,1,163.66,36.3,0.2218,1,beleza_saude,4.0
O00526,C00656,RR,boa vista,delivered,2018-09-04 00:47:56,2018-09-04 07:47:56,2018-09-26 00:47:56,2018-09-15 00:47:56,1,22,11,3,695.54,69.15,0.1515,1,eletrodomesticos_2,3.0
O00542,C00228,TO,paraíso do tocantins,delivered,2018-09-03 23:30:09,2018-09-04 08:30:09,2018-09-08 23:30:09,2018-09-18 23:30:09,0,5,15,4,1293.39,109.77,0.1006,1,moveis_jardim,4.0
O00551,C00765,PA,maraba,delivered,2016-09-26 04:01:37,2016-09-27 17:01:37,2016-09-30 04:01:37,2016-10-17 04:01:37,0,4,21,1,226.44,23.61,0.1043,1,beleza_saude,3.0
O00559,C01278,ES,cariacica,delivered,2018-04-29 18:17:47,2018-04-29 20:17:47,2018-05-12 18:17:47,2018-05-17 18:17:47,0,13,18,1,362.93,38.52,0.1061,1,casa_escritorio,1.0
O00569,C00407,MG,belo horizonte,delivered,2017-07-17 10:31:35,2017-07-18 11:31:35,2017-07-23 10:31:35,2017-07-24 10:31:35,0,6,7,1,318.17,5.11,0.0161,1,fashion_underwear,4.0
O00596,C01810,AM,itacoatiara,delivered,2017-10-20 08:15:40,2017-10-20 17:15:40,2017-11-03 08:15:40,2017-10-29 08:15:40,1,14,9,2,559.12,35.37,0.0606,1,casa_iluminacao,4.0
O00605,C00382,MS,dourados,delivered,2017-10-02 13:41:35,2017-10-03 11:41:35,2017-10-20 13:41:35,2017-10-24 13:41:35,0,18,22,2,633.0,98.01,0.1583,1,eletrodomesticos,1.0
O00607,C00539,CE,juazeiro do norte,delivered,2016-12-08 01:12:03,2016-12-09 01:12:03,2016-12-11 01:12:03,2016-12-30 01:12:03,0,3,22,1,410.02,21.44,0.0523,0,fashion_calcados,5.0
O00623,C00145,RR,rorainopolis,delivered,2017-08-18 13:15:51,2017-08-19 07:15:51,2017-09-02 13:15:51,2017-08-26 13:15:51,1,15,8,1,495.53,13.51,0.0273,1,casa_lavanderia,1.0
O00653,C01965,BA,itabuna,delivered,2017-05-20 19:44:44,2017-05-21 16:44:44,2017-05-29 19:44:44,2017-06-12 19:44:44,0,9,23,1,84.91,14.52,0.171,1,dvds_blu_ray,4.0
O00654,C00636,ES,vitoria,delivered,2018-10-27 05:29:39,2018-10-29 02:29:39,2018-11-08 05:29:39,2018-11-18 05:29:39,0,12,22,1,140.38,16.44,0.1171,1,fashion_esporte,5.0
O00672,C02000,GO,anapolis,delivered,2017-08-14 21:58:32,2017-08-16 03:58:32,2017-09-12 21:58:32,2017-08-20 21:58:32,1,29,6,1,296.43,42.63,0.1438,1,casa_limpeza,4.0
O00721,C00635,AM,parintins,delivered,2017-07-16 06:20:28,2017-07-18 00:20:28,2017-07-27 06:20:28,2017-08-03 06:20:28,0,11,18,2,74.81,68.65,1.7254,1,papelaria,4.0
O00742,C00229,RJ,rio de janeiro,delivered,2016-12-11 04:16:21,2016-12-12 07:16:21,2016-12-14 04:16:21,2017-01-04 04:16:21,0,3,24,3,542.3,38.45,0.071,1,fraldas_higiene,5.0
O00777,C01907,SE,lagarto,delivered,2018-07-17 23:18:17,2018-07-19 13:18:17,2018-08-03 23:18:17,2018-07-22 23:18:17,1,17,5,1,482.97,33.57,0.0695,1,casa_iluminacao,3.0
O00778,C01988,MT,varzea grande,delivered,2018-10-04 22:24:13,2018-10-06 17:24:13,2018-10-17 22:24:13,2018-10-11 22:24:13,1,13,7,1,88.89,48.29,0.5433,1,eletrodomesticos_2,2.0
O00790,C00688,MG,belo horizonte,delivered,2018-03-24 19:04:03,2018-03-26 04:04:03,2018-04-21 19:04:03,2018-04-11 19:04:03,1,28,18,3,683.22,50.97,0.0866,1,casa_outros,1.0
O00792,C01132,AP,laranjal do jari,delivered,2017-06-27 15:57:40,2017-06-28 23:57:40,2017-07-02 15:57:40,2017-07-16 15:57:40,0,5,19,2,367.27,80.36,0.2294,1,automotivo,4.0
O00796,C01642,PA,belem,delivered,2017-09-04 01:57:43,2017-09-04 07:57:43,2017-09-07 01:57:43,2017-09-09 01:57:43,0,3,5,2,626.08,46.68,0.074,1,casa_conforto,4.0
O00828,C00138,BA,ilheus,delivered,2018-01-16 04:50:42,2018-01-18 02:50:42,2018-01-28 04:50:42,2018-01-25 04:50:42,1,12,9,3,850.43,74.01,0.1061,1,casa_quarto,3.0
O00829,C00482,RR,alto alegre,delivered,2018-10-08 18:17:20,2018-10-09 08:17:20,2018-10-11 18:17:20,2018-10-22 18:17:20,0,3,14,1,329.45,14.04,0.0426,1,perfumaria,3.0
O00847,C01435,RS,caxias do sul,delivered,2016-09-17 22:54:14,2016-09-18 18:54:14,2016-09-24 22:54:14,2016-10-01 22:54:14,0,7,14,1,181.87,45.75,0.2516,1,construcao_ferramentas,4.0
O00873,C01710,CE,fortaleza,delivered,2017-07-11 03:40:03,2017-07-12 18:40:03,2017-07-20 03:40:03,2017-07-26 03:40:03,0,9,15,2,621.94,25.67,0.0422,1,casa_construcao,3.0
O00901,C00746,AL,maceio,delivered,2017-01-16 08:23:14,2017-01-17 23:23:14,2017-02-14 08:23:14,2017-02-05 08:23:14,1,29,20,2,954.25,48.18,0.0505,1,cool_stuff,1.0
O00926,C01764,RS,pelotas,delivered,2018-04-20 03:26:00,2018-04-21 14:26:00,2018-05-06 03:26:00,2018-05-13 03:26:00,0,16,23,3,1218.58,96.57,0.0702,1,fashion_bolsas,4.0
O00939,C01855,PA,castanhal,delivered,2017-06-02 09:18:12,2017-06-03 10:18:12,2017-06-10 09:18:12,2017-06-14 09:18:12,0,8,12,1,401.1,10.15,0.0253,1,cool_stuff,2.0
O00954,C00980,PE,recife,delivered,2018-09-14 16:30:37,2018-09-15 06:30:37,2018-09-29 16:30:37,2018-10-06 16:30:37,0,15,22,2,353.66,35.88,0.1733,1,la_cuisine,4.0
O00968,C01998,RO,porto velho,delivered,2018-02-14 21:58:15,2018-02-16 08:58:15,2018-03-09 21:58:15,2018-02-21 21:58:15,1,23,7,1,436.94,14.99,0.0343,1,automotivo,3.0
O00969,C00516,RR,rorainopolis,delivered,2017-10-22 15:39:14,2017-10-23 09:39:14,2017-11-13 15:39:14,2017-11-12 15:39:14,1,22,21,1,477.97,8.24,0.0172,1,casa_sala,2.0
O01001,C01243,RS,canoas,delivered,2017-07-17 04:27:40,2017-07-18 04:27:40,2017-07-22 04:27:40,2017-08-10 04:27:40,0,5,24,1,154.6,25.93,0.1677,1,informatica_acessorios,4.0
O01003,C00644,AM,parintins,delivered,2018-03-03 18:41:31,2018-03-04 20:41:31,2018-03-28 18:41:31,2018-03-17 18:41:31,1,25,14,1,12.78,42.35,3.3138,1,eletroportateis,4.0
O01006,C00797,AC,feijo,delivered,2018-02-19 05:23:52,2018-02-20 05:23:52,2018-03-09 05:23:52,2018-03-09 05:23:52,0,18,18,1,127.51,47.54,0.3728,1,casa_conforto,5.0
O01007,C01484,RJ,campos,delivered,2018-07-24 19:00:52,2018-07-25 23:00:52,2018-08-04 19:00:52,2018-08-09 19:00:52,0,11,16,1,393.86,21.94,0.0557,1,consoles_games,4.0
O01033,C01537,SE,estancia,delivered,2016-09-25 22:04:19,2016-09-26 12:04:19,2016-10-18 22:04:19,2016-10-04 22:04:19,1,23,9,1,121.44,5.62,0.0463,1,utilidades_domesticas,1.0
O01049,C00315,SP,santos,delivered,2018-04-11 02:03:53,2018-04-12 00:03:53,2018-04-28 02:03:53,2018-05-06 02:03:53,0,17,25,2,334.77,33.35,0.1301,1,fashion_calcados,5.0
O01052,C00621,MT,varzea grande,delivered,2016-09-19 19:40:11,2016-09-20 04:40:11,2016-10-10 19:40:11,2016-09-30 19:40:11,1,21,11,2,774.18,32.03,0.0429,1,eletrodomesticos_2,3.0
O01055,C01612,AP,porto grande,delivered,2016-12-12 15:58:45,2016-12-13 06:58:45,2016-12-20 15:58:45,2017-01-01 15:58:45,0,8,20,1,80.3,7.27,0.0905,1,fashion_underwear,3.0
O01070,C00587,DF,taguatinga,delivered,2017-09-13 20:29:26,2017-09-15 12:29:26,2017-09-26 20:29:26,2017-09-23 20:29:26,1,13,10,1,227.69,17.52,0.0769,1,moveis_jardim,2.0
O01086,C01204,CE,maracanau,delivered,2017-03-02 20:51:01,2017-03-03 06:51:01,2017-03-19 20:51:01,2017-03-11 20:51:01,1,17,9,3,282.05,75.01,0.2794,1,casa_lavanderia,3.0
O01092,C00950,PI,campo maior,delivered,2018-05-11 11:29:15,2018-05-13 09:29:15,2018-05-28 11:29:15,2018-05-20 11:29:15,1,17,9,1,26.47,19.16,0.7238,1,casa_escritorio,5.0
O01099,C00764,AM,manaus,delivered,2018-02-06 18:58:29,2018-02-06 19:58:29,2018-03-05 18:58:29,2018-02-27 18:58:29,1,27,21,1,16.64,45.03,2.7061,1,eletroportateis,2.0
O01100,C00414,RO,ariquemes,delivered,2017-07-25 20:57:10,2017-07-26 06:57:10,2017-08-18 20:57:10,2017-08-15 20:57:10,1,24,21,1,134.89,21.15,0.1568,1,bebes,3.0
O01106,C01873,MT,tangara da serra,delivered,2017-08-25 18:15:44,2017-08-26 15:15:44,2017-09-04 18:15:44,2017-09-13 18:15:44,0,10,19,2,437.44,56.17,0.2106,1,moveis_colchao_estofado,5.0
O01131,C01844,AL,arapiraca,delivered,2016-11-05 04:33:17,2016-11-05 07:33:17,2016-11-08 04:33:17,2016-11-28 04:33:17,0,3,23,4,855.07,113.8,0.1514,1,beleza_saude,1.0
O01136,C00246,SP,santos,delivered,2016-10-21 10:56:44,2016-10-23 03:56:44,2016-11-02 10:56:44,2016-11-12 10:56:44,0,12,22,4,1104.32,103.49,0.1678,1,bebes,5.0
O01190,C00966,RR,mucajai,delivered,2017-09-10 15:21:44,2017-09-12 02:21:44,2017-09-20 15:21:44,2017-09-28 15:21:44,0,10,18,1,183.52,27.05,0.1474,1,alimentos_bebidas,4.0
O01200,C01818,RN,mossoro,delivered,2018-01-27 19:02:03,2018-01-28 02:02:03,2018-02-17 19:02:03,2018-02-08 19:02:03,1,21,12,1,434.12,40.25,0.0927,1,portateis_casa_forno_cafe,1.0
O01213,C01353,MG,uberlandia,delivered,2017-08-01 21:41:15,2017-08-03 02:41:15,2017-08-23 21:41:15,2017-08-20 21:41:15,1,22,19,1,313.34,44.82,0.143,1,casa_outros,3.0
O01219,C01460,RS,santa maria,delivered,2017-03-30 01:17:52,2017-03-30 05:17:52,2017-04-19 01:17:52,2017-04-11 01:17:52,1,20,12,1,491.3,33.79,0.0688,1,moveis_presentes,3.0
O01229,C01200,MT,cuiaba,delivered,2017-01-04 22:15:18,2017-01-05 04:15:18,2017-01-22 22:15:18,2017-01-12 22:15:18,1,18,8,1,164.22,13.27,0.0808,1,casa_utilidades,5.0
O01231,C00053,BA,itabuna,delivered,2017-04-21 16:01:33,2017-04-22 15:01:33,2017-05-15 16:01:33,2017-04-29 16:01:33,1,24,8,1,102.38,12.07,0.1179,1,fashion_underwear,5.0
O01236,C00644,AM,parintins,delivered,2018-04-13 10:44:40,2018-04-14 17:44:40,2018-04-29 10:44:40,2018-05-02 10:44:40,0,16,19,1,43.2,24.25,0.5613,1,casa_iluminacao,5.0
O01237,C00054,PA,santarem,delivered,2016-11-08 13:53:51,2016-11-10 04:53:51,2016-12-02 13:53:51,2016-11-21 13:53:51,1,24,13,2,469.05,51.27,0.1876,1,papelaria,5.0
O01247,C01901,RR,rorainopolis,delivered,2017-03-10 03:47:33,2017-03-11 05:47:33,2017-03-29 03:47:33,2017-03-18 03:47:33,1,19,8,1,196.92,15.47,0.0786,1,casa_banheiro,2.0
O01249,C00364,SP,campinas,delivered,2018-09-06 18:38:42,2018-09-08 02:38:42,2018-09-16 18:38:42,2018-09-27 18:38:42,0,10,21,2,235.18,32.64,0.1409,1,cool_stuff,1.0
O01267,C01987,PR,maringa,delivered,2018-03-06 13:43:31,2018-03-07 02:43:31,2018-03-17 13:43:31,2018-03-29 13:43:31,0,11,23,2,936.85,46.42,0.0489,1,casa_utilidades,5.0
O01275,C00196,TO,araguaina,delivered,2018-08-19 05:54:46,2018-08-20 14:54:46,2018-09-15 05:54:46,2018-09-10 05:54:46,1,27,22,4,870.01,134.91,0.2368,1,alimentos_bebidas,3.0
O01288,C00492,RJ,duque de caxias,delivered,2018-08-03 01:22:58,2018-08-03 19:22:58,2018-08-19 01:22:58,2018-08-10 01:22:58,1,16,7,1,290.55,7.47,0.0257,1,consoles_games,4.0
O01289,C00189,DF,taguatinga,delivered,2017-10-02 08:34:54,2017-10-02 11:34:54,2017-11-01 08:34:54,2017-10-16 08:34:54,1,30,14,1,241.37,17.21,0.0713,1,livros_interesse,3.0
O01290,C00267,SC,blumenau,delivered,2018-05-26 15:18:11,2018-05-28 15:18:11,2018-06-09 15:18:11,2018-06-20 15:18:11,0,14,25,1,164.07,39.81,0.2426,1,consoles_games,5.0
O01291,C00044,PI,parnaiba,delivered,2018-02-07 06:36:24,2018-02-07 22:36:24,2018-02-22 06:36:24,2018-02-25 06:36:24,0,15,18,1,224.76,46.59,0.2073,1,fashion_bolsas,2.0
O01297,C01573,RS,pelotas,delivered,2017-08-06 14:09:02,2017-08-07 07:09:02,2017-08-20 14:09:02,2017-08-12 14:09:02,1,14,6,1,245.71,33.21,0.1352,1,moveis_sala,3.0
O01330,C01706,RS,caxias do sul,delivered,2017-05-14 03:30:52,2017-05-15 10:30:52,2017-05-17 03:30:52,2017-05-19 03:30:52,0,3,5,2,485.59,25.57,0.088,1,consoles_games,4.0
O01336,C00112,ES,serra,delivered,2018-08-05 22:10:05,2018-08-07 01:10:05,2018-09-04 22:10:05,2018-08-30 22:10:05,1,30,25,1,226.06,46.61,0.2062,1,beleza_saude,1.0
O01338,C00843,MT,sinop,delivered,2017-04-12 03:35:24,2017-04-12 07:35:24,2017-04-22 03:35:24,2017-05-07 03:35:24,0,10,25,1,419.54,13.78,0.0328,1,seguros_servicos,5.0
O01339,C00574,GO,aparecida de goiania,delivered,2017-10-25 14:51:35,2017-10-25 16:51:35,2017-11-11 14:51:35,2017-11-13 14:51:35,0,17,19,1,157.27,17.47,0.1111,1,casa_banheiro,5.0
O01340,C01227,RS,canoas,delivered,2017-11-12 07:06:58,2017-11-13 09:06:58,2017-12-07 07:06:58,2017-12-01 07:06:58,1,25,19,1,340.08,49.18,0.1446,1,moveis_colchao_estofado,2.0
O01342,C01376,RO,ji-parana,delivered,2017-03-21 23:49:27,2017-03-23 14:49:27,2017-03-24 23:49:27,2017-04-12 23:49:27,0,3,22,1,464.97,25.08,0.0539,1,moveis_colchao_estofado,5.0
O01347,C00183,MS,três lagoas,delivered,2017-03-26 02:08:04,2017-03-26 23:08:04,2017-04-03 02:08:04,2017-04-06 02:08:04,0,8,11,1,37.64,5.22,0.1387,1,la_cuisine,5.0
O01350,C00335,MS,campo grande,delivered,2016-09-01 17:18:56,2016-09-02 18:18:56,2016-09-28 17:18:56,2016-09-19 17:18:56,1,27,18,1,444.69,42.56,0.0957,1,esporte_lazer,1.0
O01352,C02000,GO,anapolis,delivered,2018-02-18 21:14:08,2018-02-19 22:14:08,2018-02-27 21:14:08,2018-03-09 21:14:08,0,9,19,2,698.38,87.36,0.125,1,artigos_nautica,2.0
O01373,C01920,RO,ji-parana,delivered,2017-02-10 22:59:22,2017-02-12 18:59:22,2017-03-03 22:59:22,2017-02-19 22:59:22,1,21,9,1,38.72,10.33,0.2668,1,malas_acessorios,5.0
O01397,C00515,RJ,duque de caxias,delivered,2017-06-11 14:10:56,2017-06-13 00:10:56,2017-07-02 14:10:56,2017-06-28 14:10:56,1,21,17,1,449.28,24.2,0.0539,1,moveis_escritorio,2.0
O01404,C00827,RO,vilhena,delivered,2017-08-11 07:47:24,2017-08-13 04:47:24,2017-08-30 07:47:24,2017-09-04 07:47:24,0,19,24,2,263.98,58.57,0.353,1,livros_interesse,5.0
O01424,C01038,PI,parnaiba,delivered,2018-06-08 11:26:06,2018-06-09 16:26:06,2018-06-19 11:26:06,2018-06-22 11:26:06,0,11,14,1,416.42,44.35,0.1065,1,fashion_roupa_feminina,4.0
O01432,C01963,RJ,duque de caxias,delivered,2017-09-03 06:25:23,2017-09-03 15:25:23,2017-10-02 06:25:23,2017-09-11 06:25:23,1,29,8,1,31.74,37.8,1.1909,1,perfumaria,1.0
O01433,C01637,GO,anapolis,delivered,2018-01-20 09:21:59,2018-01-21 06:21:59,2018-01-23 09:21:59,2018-02-04 09:21:59,0,3,15,1,306.55,16.83,0.0549,1,casa_sala,5.0
O01434,C00697,AP,macapa,delivered,2018-09-17 11:25:36,2018-09-17 14:25:36,2018-10-10 11:25:36,2018-10-12 11:25:36,0,23,25,1,332.43,28.82,0.0867,1,carnes,5.0
O01438,C00455,CE,juazeiro do norte,delivered,2018-06-20 05:16:47,2018-06-21 10:16:47,2018-07-18 05:16:47,2018-07-09 05:16:47,1,28,19,1,320.65,21.21,0.0661,1,malas_acessorios,4.0
O01450,C01152,AC,rio branco,delivered,2017-10-18 15:24:57,2017-10-19 22:24:57,2017-10-25 15:24:57,2017-11-10 15:24:57,0,7,23,1,171.43,39.71,0.2316,0,moveis_decoracao,5.0
O01478,C00657,AC,tarauaca,delivered,2017-02-18 01:44:29,2017-02-19 07:44:29,2017-03-19 01:44:29,2017-02-28 01:44:29,1,29,10,1,386.58,45.68,0.1182,1,moveis_escritorio,3.0
O01479,C01954,SE,nossa senhora do socorro,delivered,2017-07-24 07:17:03,2017-07-26 06:17:03,2017-08-23 07:17:03,2017-07-31 07:17:03,1,30,7,1,260.33,35.4,0.136,1,artes,2.0
O01487,C00840,PE,recife,delivered,2018-08-26 18:20:58,2018-08-28 13:20:58,2018-09-01 18:20:58,2018-09-19 18:20:58,0,6,24,1,393.67,20.27,0.0515,1,moveis_quarto,5.0
O01493,C00427,MS,três lagoas,delivered,2016-09-21 19:55:34,2016-09-23 14:55:34,2016-10-14 19:55:34,2016-10-05 19:55:34,1,23,14,1,212.29,9.18,0.0432,1,utilidades_domesticas,2.0
O01509,C00845,RO,vilhena,delivered,2017-08-21 11:57:33,2017-08-21 20:57:33,2017-09-02 11:57:33,2017-09-11 11:57:33,0,12,21,2,471.72,46.77,0.1561,1,casa_garagem,5.0
O01516,C00762,TO,araguaina,delivered,2017-11-17 19:11:45,2017-11-18 23:11:45,2017-11-27 19:11:45,2017-11-30 19:11:45,0,10,13,3,535.21,84.75,0.6572,1,alimentos_bebidas,4.0
O01531,C00684,PR,cascavel,delivered,2017-07-07 01:56:42,2017-07-08 20:56:42,2017-08-03 01:56:42,2017-07-18 01:56:42,1,27,11,2,629.45,58.34,0.0977,1,esporte_lazer,4.0
O01537,C01207,SP,sao paulo,delivered,2016-10-09 17:35:01,2016-10-09 22:35:01,2016-10-13 17:35:01,2016-10-28 17:35:01,0,4,19,1,208.25,45.59,0.2189,1,fashion_esporte,4.0
O01539,C00041,MS,campo grande,delivered,2017-10-14 01:56:57,2017-10-15 15:56:57,2017-11-10 01:56:57,2017-11-05 01:56:57,1,27,22,1,345.06,6.7,0.0194,1,fashion_bolsas,4.0
O01545,C01667,RS,porto alegre,delivered,2018-06-07 00:31:24,2018-06-08 01:31:24,2018-07-03 00:31:24,2018-06-21 00:31:24,1,26,14,1,11.61,45.41,3.9113,1,ferramentas_jardim,2.0
O01550,C01219,PA,maraba,delivered,2017-11-24 02:38:54,2017-11-25 16:38:54,2017-11-30 02:38:54,2017-12-18 02:38:54,0,6,24,1,100.85,35.98,0.3568,1,portateis_cozinha,5.0
O01552,C01810,AM,itacoatiara,delivered,2018-07-02 04:54:12,2018-07-03 23:54:12,2018-07-11 04:54:12,2018-07-21 04:54:12,0,9,19,1,129.73,18.99,0.1464,1,sinalizacao_seguranca,5.0
O01556,C00482,RR,alto alegre,delivered,2018-03-28 19:22:19,2018-03-30 15:22:19,2018-04-19 19:22:19,2018-04-20 19:22:19,0,22,23,1,227.67,33.52,0.1472,1,papelaria,5.0
O01578,C01438,TO,palmas,delivered,2017-11-14 16:29:43,2017-11-16 08:29:43,2017-12-04 16:29:43,2017-11-26 16:29:43,1,20,12,2,523.36,28.61,0.0608,1,alimentos_bebidas,2.0
O01585,C00467,SP,guarulhos,delivered,2016-11-03 19:52:09,2016-11-04 23:52:09,2016-11-14 19:52:09,2016-11-20 19:52:09,0,11,17,1,282.07,48.76,0.1729,1,artigos_nautica,5.0
O01598,C01582,PE,recife,delivered,2017-03-16 22:35:58,2017-03-18 19:35:58,2017-04-05 22:35:58,2017-04-08 22:35:58,0,20,23,2,764.94,88.56,0.1199,1,audio,5.0
O01608,C00255,TO,gurupi,delivered,2017-03-29 08:30:12,2017-03-31 07:30:12,2017-04-06 08:30:12,2017-04-04 08:30:12,1,8,6,1,24.75,32.22,1.3018,1,moveis_presentes,2.0
O01645,C00626,SC,sao jose,delivered,2018-03-25 18:40:48,2018-03-26 13:40:48,2018-04-07 18:40:48,2018-04-03 18:40:48,1,13,9,2,617.48,71.01,0.1429,1,la_cuisine,2.0
O01646,C01782,AC,feijo,delivered,2017-07-03 17:35:00,2017-07-03 22:35:00,2017-07-12 17:35:00,2017-07-12 17:35:00,0,9,9,2,590.78,73.57,0.1334,1,casa_limpeza,5.0
O01649,C01565,MA,imperatriz,delivered,2017-07-18 10:40:24,2017-07-19 02:40:24,2017-08-10 10:40:24,2017-08-12 10:40:24,0,23,25,1,389.56,25.84,0.0663,1,alimentos_bebidas,5.0
O01655,C00666,PE,jaboatao,delivered,2018-10-22 10:44:22,2018-10-22 20:44:22,2018-11-01 10:44:22,2018-11-06 10:44:22,0,10,15,2,399.04,27.09,0.0604,1,casa_escritorio,5.0
O01658,C00903,SE,itabaiana,delivered,2018-09-07 14:21:45,2018-09-08 23:21:45,2018-09-12 14:21:45,2018-09-25 14:21:45,0,5,18,1,62.66,20.97,0.3347,1,moveis_colchao_estofado,5.0
O01663,C01315,RR,alto alegre,delivered,2018-01-11 21:03:10,2018-01-12 13:03:10,2018-01-17 21:03:10,2018-01-20 21:03:10,0,6,9,3,748.42,116.93,0.563,1,casa_lavanderia,3.0
O01676,C00472,PE,petrolina,delivered,2017-05-31 23:39:26,2017-06-01 00:39:26,2017-06-25 23:39:26,2017-06-21 23:39:26,1,25,21,1,16.39,26.49,1.6162,1,flores,3.0
O01679,C00172,MA,sao luis,delivered,2017-12-03 23:59:01,2017-12-04 12:59:01,2017-12-31 23:59:01,2017-12-10 23:59:01,1,28,7,2,661.07,32.62,0.0657,1,consoles_games,2.0
O01697,C01839,MS,corumba,delivered,2017-03-03 19:02:19,2017-03-05 02:02:19,2017-03-27 19:02:19,2017-03-28 19:02:19,0,24,25,1,404.42,40.55,0.1003,1,casa_construcao,3.0
O01711,C00216,MG,contagem,delivered,2018-02-21 10:36:40,2018-02-23 06:36:40,2018-03-11 10:36:40,2018-02-27 10:36:40,1,18,6,1,463.44,29.23,0.0631,1,audio,1.0
O01713,C00290,AL,delmiro gouveia,delivered,2017-03-16 05:52:08,2017-03-17 05:52:08,2017-03-19 05:52:08,2017-04-08 05:52:08,0,3,23,3,836.92,124.72,0.1726,1,livros_interesse,3.0
O01728,C00526,PI,parnaiba,delivered,2017-01-13 13:33:56,2017-01-14 22:33:56,2017-01-25 13:33:56,2017-02-04 13:33:56,0,12,22,1,78.53,26.45,0.3368,1,casa_escritorio,3.0
O01734,C00170,AP,oida,delivered,2017-07-29 05:19:13,2017-07-31 04:19:13,2017-08-02 05:19:13,2017-08-11 05:19:13,0,4,13,2,173.89,57.63,0.3914,1,carnes,5.0
O01744,C00098,PI,campo maior,delivered,2018-01-27 22:55:10,2018-01-28 20:55:10,2018-02-25 22:55:10,2018-02-15 22:55:10,1,29,19,1,331.34,6.47,0.0195,1,utilidades_domesticas,2.0
O01763,C01219,PA,maraba,delivered,2016-11-16 22:08:43,2016-11-17 21:08:43,2016-12-07 22:08:43,2016-12-02 22:08:43,1,21,16,2,580.17,76.37,0.1318,1,audio,1.0
O01765,C00099,AP,porto grande,delivered,2016-09-16 02:29:24,2016-09-17 04:29:24,2016-10-10 02:29:24,2016-10-10 02:29:24,0,24,24,1,470.67,21.18,0.045,1,instrumentos_musicais,5.0
O01779,C01432,CE,sobral,delivered,2018-04-06 11:50:38,2018-04-07 02:50:38,2018-04-21 11:50:38,2018-04-26 11:50:38,0,15,20,2,400.51,85.6,0.2232,1,casa_construcao,4.0
O01781,C00330,MG,contagem,delivered,2018-02-23 12:06:01,2018-02-23 13:06:01,2018-03-04 12:06:01,2018-03-12 12:06:01,0,9,17,2,747.21,40.31,0.0538,1,casa_garagem,5.0
O01785,C00449,SE,nossa senhora do socorro,delivered,2017-08-10 19:29:44,2017-08-11 15:29:44,2017-08-16 19:29:44,2017-08-17 19:29:44,0,6,7,3,747.64,117.6,0.1938,1,cool_stuff,5.0
O01795,C00859,CE,caucaia,delivered,2017-06-06 08:20:58,2017-06-06 09:20:58,2017-06-13 08:20:58,2017-06-25 08:20:58,0,7,19,4,909.33,77.6,0.0995,1,casa_conforto,1.0
O01802,C00194,ES,linhares,delivered,2018-07-06 18:48:26,2018-07-07 01:48:26,2018-07-25 18:48:26,2018-07-24 18:48:26,1,19,18,1,226.33,40.27,0.1779,1,casa_banheiro,4.0
O01805,C00343,SE,aracaju,delivered,2017-01-25 07:53:43,2017-01-26 08:53:43,2017-01-29 07:53:43,2017-01-31 07:53:43,0,4,6,2,884.57,41.21,0.0489,1,cama_mesa_banho,4.0
O01806,C01537,SE,estancia,delivered,2018-02-10 15:47:31,2018-02-11 07:47:31,2018-03-09 15:47:31,2018-03-06 15:47:31,1,27,24,5,1531.33,131.02,0.1887,1,casa_iluminacao,3.0
O01818,C00568,SE,lagarto,delivered,2017-04-20 21:06:11,2017-04-21 12:06:11,2017-04-27 21:06:11,2017-05-09 21:06:11,0,7,19,1,144.16,14.34,0.0995,1,telefonia,5.0
O01820,C00764,AM,manaus,delivered,2017-06-29 07:28:33,2017-06-29 10:28:33,2017-07-26 07:28:33,2017-07-08 07:28:33,1,27,9,2,381.53,50.45,0.2914,1,brinquedos,1.0
O01837,C01469,DF,ceilandia,delivered,2017-08-16 02:09:31,2017-08-17 15:09:31,2017-08-19 02:09:31,2017-08-30 02:09:31,0,3,14,2,761.39,46.9,0.0614,1,fashion_bolsas,4.0
O01842,C01380,PA,maraba,delivered,2017-04-24 01:04:51,2017-04-24 08:04:51,2017-05-24 01:04:51,2017-05-15 01:04:51,1,30,21,1,278.32,9.9,0.0356,1,livros_interesse,3.0
O01849,C00747,AP,macapa,delivered,2017-09-02 09:08:00,2017-09-03 00:08:00,2017-09-11 09:08:00,2017-09-08 09:08:00,1,9,6,1,306.04,48.79,0.1594,1,fashion_underwear,3.0
O01851,C01738,MG,montes claros,delivered,2018-10-16 23:01:02,2018-10-18 01:01:02,2018-11-11 23:01:02,2018-10-29 23:01:02,1,26,13,1,144.65,38.09,0.2633,1,beleza_saude,2.0
O01853,C01383,AL,delmiro gouveia,delivered,2017-10-23 04:45:14,2017-10-24 12:45:14,2017-11-09 04:45:14,2017-11-09 04:45:14,0,17,17,1,11.7,13.51,1.1547,1,fashion_bolsas,4.0
O01869,C01815,PI,campo maior,delivered,2017-12-24 22:21:06,2017-12-25 12:21:06,2017-12-28 22:21:06,2018-01-12 22:21:06,0,4,19,1,430.94,29.88,0.0693,1,papelaria,4.0
O01871,C00214,AM,parintins,delivered,2016-09-29 01:46:19,2016-09-29 03:46:19,2016-10-23 01:46:19,2016-10-07 01:46:19,1,24,8,2,353.51,66.01,0.1867,1,alimentos_bebidas,3.0
O01874,C00576,AL,rio largo,delivered,2018-01-08 12:24:47,2018-01-08 23:24:47,2018-02-06 12:24:47,2018-01-21 12:24:47,1,29,13,1,283.2,32.14,0.1135,1,alimentos_bebidas,3.0
O01905,C00456,AM,itacoatiara,delivered,2017-06-12 02:26:49,2017-06-14 00:26:49,2017-07-12 02:26:49,2017-07-02 02:26:49,1,30,20,2,736.58,33.37,0.0465,1,casa_escritorio,3.0
O01910,C00291,PE,olinda,delivered,2017-05-09 16:53:57,2017-05-11 14:53:57,2017-06-01 16:53:57,2017-05-17 16:53:57,1,23,8,1,167.23,37.61,0.2249,1,audio,3.0
O01929,C01211,DF,guara,delivered,2018-01-12 17:15:33,2018-01-13 22:15:33,2018-01-26 17:15:33,2018-01-22 17:15:33,1,14,10,1,281.79,5.07,0.018,1,portateis_casa_forno_cafe,3.0
O01930,C00124,SE,estancia,delivered,2018-09-12 05:49:41,2018-09-12 06:49:41,2018-09-15 05:49:41,2018-09-25 05:49:41,0,3,13,1,98.46,34.48,0.3502,1,malas_acessorios,4.0
O01932,C01776,MT,sinop,delivered,2018-10-11 17:04:56,2018-10-12 00:04:56,2018-11-04 17:04:56,2018-10-18 17:04:56,1,24,7,2,421.47,77.24,0.1832,1,eletronicos,1.0
O01935,C01326,AL,maceio,delivered,2018-08-07 02:44:18,2018-08-08 04:44:18,2018-08-26 02:44:18,2018-08-27 02:44:18,0,19,20,1,186.75,36.13,0.1935,1,telefonia,5.0
O01959,C00948,AC,cruzeiro do sul,delivered,2018-06-05 09:20:48,2018-06-07 05:20:48,2018-06-17 09:20:48,2018-06-17 09:20:48,0,12,12,1,92.99,22.17,0.2384,1,bebes,5.0
O01971,C01832,PE,jaboatao,delivered,2018-07-25 03:02:57,2018-07-25 12:02:57,2018-08-02 03:02:57,2018-08-02 03:02:57,0,8,8,3,800.22,54.69,0.0722,1,alimentos_bebidas,5.0
O01981,C01388,PI,teresina,delivered,2018-09-03 05:19:30,2018-09-03 06:19:30,2018-09-19 05:19:30,2018-09-10 05:19:30,1,16,7,2,199.87,63.74,0.3089,1,moda_roupa,3.0
O01982,C01890,RR,caracarai,delivered,2017-08-06 06:34:29,2017-08-06 11:34:29,2017-08-20 06:34:29,2017-08-28 06:34:29,0,14,22,1,414.77,7.68,0.0185,1,papelaria,5.0
O02000,C01625,MT,sinop,delivered,2017-08-30 03:41:37,2017-08-30 04:41:37,2017-09-06 03:41:37,2017-09-14 03:41:37,0,7,15,2,499.45,49.04,0.1186,1,moveis_jardim,4.0
O02004,C00748,AM,manaus,delivered,2016-09-17 15:09:17,2016-09-18 20:09:17,2016-09-24 15:09:17,2016-10-07 15:09:17,0,7,20,1,98.79,7.21,0.073,1,alimentos_bebidas,3.0
O02009,C01468,PB,bayeux,delivered,2017-03-24 18:13:57,2017-03-24 21:13:57,2017-04-05 18:13:57,2017-04-12 18:13:57,0,12,19,2,355.2,77.62,0.2318,1,cool_stuff,5.0
O02012,C00900,PE,petrolina,delivered,2018-06-05 11:38:46,2018-06-06 04:38:46,2018-06-25 11:38:46,2018-06-24 11:38:46,1,20,19,2,764.31,57.3,0.0753,1,ferramentas_jardim,2.0
O02018,C00369,AM,itacoatiara,delivered,2017-04-30 15:23:34,2017-05-01 12:23:34,2017-05-28 15:23:34,2017-05-23 15:23:34,1,28,23,1,364.02,13.89,0.0382,1,papelaria,4.0
O02020,C01460,RS,santa maria,delivered,2017-10-01 16:44:29,2017-10-03 01:44:29,2017-10-08 16:44:29,2017-10-13 16:44:29,0,7,12,2,306.65,78.47,0.3006,1,beleza_saude,4.0
O02036,C00625,MA,timon,delivered,2018-10-21 03:29:52,2018-10-22 13:29:52,2018-11-12 03:29:52,2018-11-13 03:29:52,0,22,23,2,507.76,75.68,0.1987,1,casa_garagem,5.0
O02049,C00824,PI,teresina,delivered,2017-08-28 07:38:07,2017-08-29 11:38:07,2017-09-21 07:38:07,2017-09-06 07:38:07,1,24,9,1,297.89,41.93,0.1408,1,moveis_decoracao,2.0
O02051,C01361,MS,três lagoas,delivered,2017-06-07 10:36:48,2017-06-07 13:36:48,2017-06-12 10:36:48,2017-06-22 10:36:48,0,5,15,2,363.15,77.46,0.3858,1,carnes,5.0
O02054,C01341,RN,caico,delivered,2016-11-02 19:59:31,2016-11-02 22:59:31,2016-11-22 19:59:31,2016-11-14 19:59:31,1,20,12,3,674.66,128.36,0.3583,1,audio,3.0
O02074,C01179,PE,petrolina,delivered,2017-01-28 23:05:18,2017-01-30 17:05:18,2017-02-22 23:05:18,2017-02-08 23:05:18,1,25,11,2,448.89,83.77,0.1881,1,casa_garagem,1.0
O02092,C01083,AL,penedo,delivered,2018-09-11 19:01:44,2018-09-12 16:01:44,2018-10-08 19:01:44,2018-09-16 19:01:44,1,27,5,2,656.77,69.68,0.1264,1,alimentos_bebidas,5.0
O02094,C00866,MA,imperatriz,delivered,2018-03-30 03:19:35,2018-03-31 17:19:35,2018-04-22 03:19:35,2018-04-21 03:19:35,1,23,22,1,192.83,20.13,0.1044,1,casa_limpeza,3.0
O02104,C00668,TO,araguaina,delivered,2017-08-14 05:16:09,2017-08-15 20:16:09,2017-08-30 05:16:09,2017-09-08 05:16:09,0,16,25,1,100.61,17.69,0.1758,1,casa_conforto_2,5.0
O02112,C01644,AM,parintins,delivered,2018-10-24 01:01:48,2018-10-24 21:01:48,2018-11-10 01:01:48,2018-11-05 01:01:48,1,17,12,2,485.1,45.39,0.1223,1,bebes,2.0
O02114,C00423,MS,campo grande,delivered,2018-05-13 07:25:12,2018-05-15 06:25:12,2018-06-10 07:25:12,2018-06-04 07:25:12,1,28,22,2,603.93,58.92,0.1713,1,beleza_saude,3.0
O02116,C00544,RS,pelotas,delivered,2017-11-25 12:34:16,2017-11-26 09:34:16,2017-12-17 12:34:16,2017-12-05 12:34:16,1,22,10,1,221.38,23.28,0.1052,1,casa_utilidades,2.0
O02122,C01138,SC,criciuma,delivered,2017-06-23 01:59:39,2017-06-24 20:59:39,2017-07-06 01:59:39,2017-07-13 01:59:39,0,13,20,1,273.49,49.11,0.1796,1,casa_sala,4.0
O02134,C00876,BA,ilheus,delivered,2018-04-02 10:37:58,2018-04-04 07:37:58,2018-04-12 10:37:58,2018-04-15 10:37:58,0,10,13,2,630.01,65.38,0.101,1,fashion_bolsas,3.0
O02148,C00116,RR,rorainopolis,delivered,2016-09-06 03:56:20,2016-09-08 03:56:20,2016-09-13 03:56:20,2016-09-16 03:56:20,0,7,10,2,370.2,84.77,0.8013,1,casa_quarto,4.0
O02164,C00456,AM,itacoatiara,delivered,2017-07-01 06:54:55,2017-07-01 14:54:55,2017-07-17 06:54:55,2017-07-08 06:54:55,1,16,7,4,1235.2,101.49,0.081,1,brinquedos,3.0
O02184,C01508,MT,cuiaba,delivered,2017-12-07 05:07:30,2017-12-08 21:07:30,2018-01-05 05:07:30,2017-12-31 05:07:30,1,29,24,1,402.84,16.92,0.042,1,casa_outros,3.0
O02189,C00948,AC,cruzeiro do sul,delivered,2016-12-24 22:07:31,2016-12-25 07:07:31,2017-01-13 22:07:31,2017-01-04 22:07:31,1,20,11,3,484.17,74.88,0.252,1,eletrodomesticos,3.0
O02217,C01681,PB,joao pessoa,delivered,2018-04-07 10:23:51,2018-04-08 02:23:51,2018-04-28 10:23:51,2018-04-17 10:23:51,1,21,10,3,474.31,84.68,0.6666,1,casa_conforto_2,3.0
O02220,C00966,RR,mucajai,delivered,2018-09-26 05:19:23,2018-09-26 17:19:23,2018-10-26 05:19:23,2018-10-06 05:19:23,1,30,10,1,290.72,35.9,0.1235,1,cama_mesa_banho,3.0
O02224,C00157,PB,bayeux,delivered,2016-10-25 07:28:29,2016-10-25 14:28:29,2016-11-19 07:28:29,2016-11-13 07:28:29,1,25,19,2,187.32,67.54,0.455,1,moveis_escritorio,2.0
O02264,C00687,GO,goiania,delivered,2017-09-03 07:20:04,2017-09-04 09:20:04,2017-09-19 07:20:04,2017-09-12 07:20:04,1,16,9,2,553.73,37.63,0.0757,1,moveis_presentes,1.0
O02293,C01025,SC,florianopolis,delivered,2017-10-24 05:46:53,2017-10-25 01:46:53,2017-10-27 05:46:53,2017-11-14 05:46:53,0,3,21,1,67.86,12.39,0.1826,0,consoles_games,5.0
O02305,C01124,SC,joinville,delivered,2018-04-09 11:58:33,2018-04-10 03:58:33,2018-05-05 11:58:33,2018-04-26 11:58:33,1,26,17,1,98.45,12.87,0.1307,1,dvds_blu_ray,3.0
O02333,C01996,BA,salvador,delivered,2018-01-22 13:00:49,2018-01-23 12:00:49,2018-02-03 13:00:49,2018-02-08 13:00:49,0,12,17,1,108.21,26.45,0.2444,1,telefonia,4.0
O02334,C00235,MG,montes claros,delivered,2016-10-20 06:07:41,2016-10-20 10:07:41,2016-10-28 06:07:41,2016-11-01 06:07:41,0,8,12,1,300.21,8.83,0.0294,1,sinalizacao_seguranca,5.0
O02335,C00114,CE,sobral,delivered,2017-10-16 21:21:21,2017-10-18 01:21:21,2017-10-20 21:21:21,2017-10-23 21:21:21,0,4,7,2,511.76,57.0,0.248,1,fashion_esporte,3.0
O02367,C00568,SE,lagarto,delivered,2018-06-15 02:21:46,2018-06-16 13:21:46,2018-06-30 02:21:46,2018-07-02 02:21:46,0,15,17,5,1070.81,138.52,0.1331,1,alimentos_bebidas,5.0
O02371,C01768,AC,feijo,delivered,2016-10-16 12:39:59,2016-10-16 20:39:59,2016-10-20 12:39:59,2016-10-30 12:39:59,0,4,14,3,701.28,50.22,0.1055,1,consoles_games,1.0
O02372,C01252,CE,juazeiro do norte,delivered,2018-06-21 11:32:20,2018-06-21 12:32:20,2018-07-01 11:32:20,2018-07-11 11:32:20,0,10,20,1,335.38,30.0,0.0895,1,cool_stuff,5.0
O02377,C01922,MT,cuiaba,delivered,2016-09-21 12:22:04,2016-09-22 02:22:04,2016-10-09 12:22:04,2016-09-29 12:22:04,1,18,8,1,268.61,46.04,0.1714,1,eletroportateis,3.0
O02380,C01812,GO,luziania,delivered,2018-04-26 15:57:51,2018-04-27 01:57:51,2018-05-10 15:57:51,2018-05-20 15:57:51,0,14,24,1,341.82,37.05,0.1084,1,livros_interesse,4.0
O02389,C01414,MG,juiz de fora,delivered,2017-02-20 12:55:20,2017-02-22 04:55:20,2017-03-21 12:55:20,2017-03-01 12:55:20,1,29,9,1,152.53,33.06,0.2167,1,casa_utilidades,3.0
O02408,C01031,RN,sao goncalo do amarante,delivered,2016-12-12 11:06:28,2016-12-13 02:06:28,2016-12-24 11:06:28,2016-12-20 11:06:28,1,12,8,1,497.57,20.09,0.0404,1,moveis_jardim,2.0
O02423,C00892,PA,maraba,delivered,2018-03-29 11:34:48,2018-03-30 05:34:48,2018-04-15 11:34:48,2018-04-17 11:34:48,0,17,19,3,928.35,72.83,0.1872,1,casa_escritorio,4.0
O02438,C00884,PI,campo maior,delivered,2018-10-23 20:36:23,2018-10-25 03:36:23,2018-11-08 20:36:23,2018-10-28 20:36:23,1,16,5,1,240.62,7.32,0.0304,0,fashion_roupa_feminina,3.0
O02444,C01591,AP,porto grande,delivered,2016-09-14 17:22:35,2016-09-15 14:22:35,2016-10-07 17:22:35,2016-09-29 17:22:35,1,23,15,1,69.73,48.49,0.6954,1,casa_lavanderia,5.0
O02446,C01806,TO,paraíso do tocantins,delivered,2018-08-21 19:48:44,2018-08-23 03:48:44,2018-09-04 19:48:44,2018-09-03 19:48:44,1,14,13,1,365.88,10.04,0.0274,1,moda_roupa,3.0
O02449,C01762,PA,belem,delivered,2018-05-19 04:05:43,2018-05-21 04:05:43,2018-06-05 04:05:43,2018-05-30 04:05:43,1,17,11,2,607.38,60.67,0.1172,1,casa_iluminacao,5.0
O02466,C00011,RS,porto alegre,delivered,2017-08-12 07:39:40,2017-08-13 20:39:40,2017-08-27 07:39:40,2017-08-27 07:39:40,0,15,15,2,337.43,80.42,0.2507,1,fashion_roupa_feminina,4.0
O02469,C00461,RO,ji-parana,delivered,2017-03-17 15:07:34,2017-03-18 21:07:34,2017-04-13 15:07:34,2017-04-06 15:07:34,1,27,20,1,322.6,43.19,0.1339,1,cama_mesa_banho,3.0
O02483,C00462,SE,itabaiana,delivered,2017-05-28 07:03:28,2017-05-28 18:03:28,2017-06-06 07:03:28,2017-06-09 07:03:28,0,9,12,1,457.97,44.45,0.0971,1,casa_outros,5.0
O02523,C00743,AC,tarauaca,delivered,2017-12-19 00:34:35,2017-12-19 14:34:35,2018-01-11 00:34:35,2018-01-03 00:34:35,1,23,15,2,457.61,22.12,0.1331,1,casa_utilidades,3.0
O02535,C01259,AP,porto grande,delivered,2016-12-26 07:23:59,2016-12-26 11:23:59,2016-12-31 07:23:59,2017-01-18 07:23:59,0,5,23,1,450.36,41.98,0.0932,1,audio,5.0
O02538,C00178,PR,cascavel,delivered,2017-08-12 03:56:50,2017-08-13 04:56:50,2017-09-06 03:56:50,2017-08-18 03:56:50,1,25,6,5,790.92,201.09,0.9347,1,carnes,3.0
O02574,C00754,AL,penedo,delivered,2017-12-06 06:31:31,2017-12-08 03:31:31,2017-12-20 06:31:31,2017-12-27 06:31:31,0,14,21,1,460.56,26.85,0.0583,1,fashion_esporte,3.0
O02580,C00547,MS,dourados,delivered,2018-06-22 21:54:26,2018-06-24 11:54:26,2018-07-01 21:54:26,2018-06-27 21:54:26,1,9,5,2,621.48,76.56,0.1243,1,casa_quarto,1.0
O02585,C01259,AP,porto grande,delivered,2016-09-26 01:55:03,2016-09-27 10:55:03,2016-10-19 01:55:03,2016-10-17 01:55:03,1,23,21,2,614.71,34.83,0.078,1,casa_quarto,2.0
O02596,C00972,AM,itacoatiara,delivered,2017-06-25 17:31:21,2017-06-27 07:31:21,2017-07-22 17:31:21,2017-07-16 17:31:21,1,27,21,2,380.05,35.08,0.0927,1,artigos_nautica,2.0
O02607,C00389,RJ,campos,delivered,2016-09-04 02:15:29,2016-09-05 02:15:29,2016-09-26 02:15:29,2016-09-25 02:15:29,1,22,21,4,1030.67,128.88,0.3859,1,cama_mesa_banho,3.0
O02610,C00955,PR,maringa,delivered,2017-02-21 10:27:58,2017-02-22 13:27:58,2017-03-23 10:27:58,2017-02-26 10:27:58,1,30,5,1,304.52,28.0,0.0919,1,casa_conforto,3.0
O02624,C00352,BA,ilheus,delivered,2018-09-04 14:40:34,2018-09-05 16:40:34,2018-09-07 14:40:34,2018-09-26 14:40:34,0,3,22,2,712.81,71.64,0.1016,1,cds_dvds_musicais,5.0
O02626,C00117,SC,blumenau,delivered,2017-05-31 05:03:27,2017-06-01 08:03:27,2017-06-11 05:03:27,2017-06-13 05:03:27,0,11,13,2,407.64,66.21,0.2143,1,dvds_blu_ray,4.0
O02629,C01844,AL,arapiraca,delivered,2016-09-10 02:50:15,2016-09-10 08:50:15,2016-10-06 02:50:15,2016-09-24 02:50:15,1,26,14,1,172.98,27.1,0.1567,1,casa_conforto_2,2.0
O02642,C00473,PA,anamideua,delivered,2018-06-27 16:48:12,2018-06-27 19:48:12,2018-07-25 16:48:12,2018-07-16 16:48:12,1,28,19,1,102.02,20.76,0.2035,1,casa_garagem,3.0
O02647,C00787,PR,ponta grossa,delivered,2018-06-10 17:07:48,2018-06-11 19:07:48,2018-06-27 17:07:48,2018-07-03 17:07:48,0,17,23,1,237.89,29.87,0.1256,1,papelaria,4.0
O02650,C01621,RR,rorainopolis,delivered,2017-09-21 04:11:03,2017-09-21 18:11:03,2017-10-11 04:11:03,2017-10-11 04:11:03,0,20,20,3,1054.37,114.73,0.1065,1,beleza_saude,5.0
O02658,C01960,DF,guara,delivered,2017-12-18 17:43:13,2017-12-20 17:43:13,2017-12-28 17:43:13,2017-12-24 17:43:13,1,10,6,1,67.34,24.57,0.3649,1,casa_lavanderia,2.0
O02674,C01006,PR,londrina,delivered,2017-10-06 05:02:56,2017-10-06 13:02:56,2017-10-19 05:02:56,2017-10-18 05:02:56,1,13,12,1,241.24,20.13,0.0834,1,casa_sala,3.0
O02677,C01016,PI,campo maior,delivered,2017-07-03 04:09:37,2017-07-04 22:09:37,2017-07-21 04:09:37,2017-07-19 04:09:37,1,18,16,5,1429.83,118.8,0.3106,1,bebes,2.0
O02710,C01814,SC,blumenau,delivered,2017-11-13 07:13:16,2017-11-13 22:13:16,2017-11-22 07:13:16,2017-11-22 07:13:16,0,9,9,2,619.73,54.48,0.0858,1,casa_escritorio,3.0
O02731,C01214,PE,caruaru,delivered,2017-03-03 17:15:43,2017-03-04 04:15:43,2017-03-29 17:15:43,2017-03-15 17:15:43,1,26,12,1,340.3,32.66,0.096,0,beleza_saude,1.0
O02749,C00316,AL,arapiraca,delivered,2018-06-17 22:21:49,2018-06-19 00:21:49,2018-06-26 22:21:49,2018-07-03 22:21:49,0,9,16,1,96.21,17.19,0.1787,1,casa_garagem,4.0
O02753,C00867,AL,delmiro gouveia,delivered,2016-11-23 20:05:41,2016-11-24 19:05:41,2016-12-14 20:05:41,2016-11-29 20:05:41,1,21,6,1,38.53,8.61,0.2235,1,eletronicos,5.0
O02765,C01988,MT,varzea grande,delivered,2017-09-13 07:29:52,2017-09-15 07:29:52,2017-10-13 07:29:52,2017-10-03 07:29:52,1,30,20,1,85.11,20.98,0.2465,1,livros_interesse,2.0
O02766,C01642,PA,belem,delivered,2017-01-16 19:03:25,2017-01-18 06:03:25,2017-02-15 19:03:25,2017-01-21 19:03:25,1,30,5,1,468.38,23.42,0.05,1,carnes,2.0
O02776,C00045,AM,parintins,delivered,2017-01-24 21:37:07,2017-01-25 14:37:07,2017-01-27 21:37:07,2017-01-31 21:37:07,0,3,7,1,323.03,12.27,0.038,1,eletronicos,2.0
O02778,C00572,AP,porto grande,delivered,2017-11-30 16:19:28,2017-12-01 01:19:28,2017-12-12 16:19:28,2017-12-20 16:19:28,0,12,20,1,124.03,33.01,0.2661,1,beleza_saude,5.0
O02783,C01275,TO,palmas,delivered,2016-12-17 20:54:45,2016-12-18 09:54:45,2016-12-27 20:54:45,2016-12-25 20:54:45,1,10,8,1,303.33,34.8,0.1147,0,market_place,3.0
O02785,C00504,SC,florianopolis,delivered,2017-07-29 13:46:20,2017-07-31 09:46:20,2017-08-25 13:46:20,2017-08-16 13:46:20,1,27,18,2,495.92,59.97,0.1225,1,esporte_lazer,4.0
O02788,C01434,AM,manacapuru,delivered,2016-10-23 11:02:00,2016-10-24 13:02:00,2016-11-04 11:02:00,2016-11-12 11:02:00,0,12,20,2,304.94,38.27,0.1161,1,eletroportateis,5.0
O02797,C00502,ES,cariacica,delivered,2018-05-22 21:27:12,2018-05-23 10:27:12,2018-06-15 21:27:12,2018-06-07 21:27:12,1,24,16,2,441.69,28.72,0.1037,1,esporte_lazer,2.0
O02800,C01201,RS,pelotas,delivered,2017-07-22 11:04:50,2017-07-22 18:04:50,2017-07-31 11:04:50,2017-08-14 11:04:50,0,9,23,1,94.16,23.54,0.25,1,fraldas_higiene,5.0
O02801,C01432,CE,sobral,delivered,2018-09-23 11:56:12,2018-09-25 11:56:12,2018-10-13 11:56:12,2018-10-06 11:56:12,1,20,13,1,347.77,36.47,0.1049,1,papelaria,4.0
O02806,C01527,RS,pelotas,delivered,2017-08-12 12:51:21,2017-08-14 02:51:21,2017-08-27 12:51:21,2017-08-20 12:51:21,1,15,8,5,683.08,102.9,0.2978,1,alimentos_bebidas,2.0
O02807,C00268,ES,cariacica,delivered,2017-02-04 15:44:53,2017-02-05 02:44:53,2017-02-25 15:44:53,2017-02-26 15:44:53,0,21,22,2,724.82,71.21,0.1004,1,fashion_roupa_feminina,4.0
O02814,C01426,CE,fortaleza,delivered,2018-10-04 19:43:29,2018-10-05 00:43:29,2018-10-31 19:43:29,2018-10-25 19:43:29,1,27,21,3,516.4,93.86,0.2286,1,casa_conforto,1.0
O02815,C01078,ES,linhares,delivered,2017-04-08 13:40:45,2017-04-08 22:40:45,2017-04-27 13:40:45,2017-05-03 13:40:45,0,19,25,1,493.59,38.78,0.0786,1,consoles_games,5.0
O02817,C00139,RO,ji-parana,delivered,2018-04-26 15:11:04,2018-04-28 01:11:04,2018-05-21 15:11:04,2018-05-03 15:11:04,1,25,7,1,498.44,33.89,0.068,1,moveis_decoracao,3.0
O02823,C01989,TO,palmas,delivered,2016-09-06 18:13:05,2016-09-08 10:13:05,2016-09-23 18:13:05,2016-09-15 18:13:05,1,17,9,2,311.64,58.58,0.1999,1,casa_iluminacao,4.0
O02830,C01979,GO,aparecida de goiania,delivered,2017-05-26 10:08:19,2017-05-27 03:08:19,2017-06-06 10:08:19,2017-05-31 10:08:19,1,11,5,3,903.11,99.8,0.1096,1,casa_quarto,1.0
O02834,C00219,PB,santa rita,delivered,2017-04-28 02:02:27,2017-04-28 14:02:27,2017-05-28 02:02:27,2017-05-12 02:02:27,1,30,14,2,585.32,52.96,0.1276,1,beleza_saude,4.0
O02851,C01198,RO,porto velho,delivered,2016-11-10 03:35:22,2016-11-10 12:35:22,2016-11-26 03:35:22,2016-11-15 03:35:22,1,16,5,2,353.88,61.56,0.1786,1,automotivo,1.0
O02855,C00960,SC,blumenau,delivered,2017-06-25 00:49:04,2017-06-25 20:49:04,2017-07-05 00:49:04,2017-07-03 00:49:04,1,10,8,2,626.27,79.54,0.1803,1,beleza_saude,3.0
O02863,C00880,RR,alto alegre,delivered,2016-10-19 08:32:05,2016-10-21 08:32:05,2016-11-14 08:32:05,2016-11-10 08:32:05,1,26,22,1,47.46,15.93,0.3357,1,casa_construcao,2.0
O02874,C00116,RR,rorainopolis,delivered,2016-10-26 18:52:48,2016-10-28 16:52:48,2016-11-22 18:52:48,2016-11-13 18:52:48,1,27,18,1,273.55,43.21,0.158,1,cama_mesa_banho,5.0
O02916,C01779,RR,boa vista,delivered,2017-03-04 21:34:53,2017-03-05 20:34:53,2017-03-22 21:34:53,2017-03-20 21:34:53,1,18,16,1,48.97,36.52,0.7458,1,casa_cozinha,4.0
O02935,C00495,BA,feira de santana,delivered,2017-07-10 16:21:05,2017-07-10 18:21:05,2017-07-26 16:21:05,2017-08-04 16:21:05,0,16,25,1,38.05,45.62,1.1989,1,musica_arte,5.0
O02942,C00274,SE,itabaiana,delivered,2017-08-09 00:54:49,2017-08-09 18:54:49,2017-08-29 00:54:49,2017-08-15 00:54:49,1,20,6,1,402.95,45.73,0.1135,1,casa_jardim,2.0
O02947,C00602,RS,canoas,delivered,2016-10-12 18:58:15,2016-10-14 10:58:15,2016-10-22 18:58:15,2016-10-28 18:58:15,0,10,16,1,84.8,37.93,0.4473,1,moveis_escritorio,1.0
O02953,C01553,ES,vitoria,delivered,2017-05-04 08:49:47,2017-05-06 01:49:47,2017-05-28 08:49:47,2017-05-23 08:49:47,1,24,19,1,269.53,35.45,0.1315,1,informatica_acessorios,2.0
O02960,C00136,RO,vilhena,delivered,2017-09-28 13:00:03,2017-09-29 13:00:03,2017-10-24 13:00:03,2017-10-05 13:00:03,1,26,7,1,367.91,12.86,0.035,1,casa_garagem,4.0
O02985,C00077,PA,santarem,delivered,2016-10-19 22:40:18,2016-10-20 19:40:18,2016-11-09 22:40:18,2016-10-28 22:40:18,1,21,9,1,381.98,22.5,0.0589,1,casa_outros,5.0
O02989,C00629,BA,feira de santana,delivered,2017-07-22 18:54:53,2017-07-23 09:54:53,2017-07-31 18:54:53,2017-08-03 18:54:53,0,9,12,1,421.71,37.18,0.0882,1,moveis_cozinha,3.0
O02991,C01632,PE,recife,delivered,2017-07-31 11:44:52,2017-07-31 22:44:52,2017-08-22 11:44:52,2017-08-13 11:44:52,1,22,13,2,133.79,28.02,0.3997,1,casa_escritorio,4.0
O02992,C00688,MG,belo horizonte,delivered,2018-06-02 14:03:01,2018-06-04 10:03:01,2018-06-09 14:03:01,2018-06-13 14:03:01,0,7,11,2,854.02,60.42,0.0677,1,casa_banheiro,5.0
O02994,C01249,PE,petrolina,delivered,2018-07-20 17:44:22,2018-07-21 21:44:22,2018-07-28 17:44:22,2018-08-02 17:44:22,0,8,13,2,524.34,31.36,0.0856,1,moveis_decoracao,2.0
O03000,C01966,AL,arapiraca,delivered,2018-05-22 00:48:25,2018-05-23 00:48:25,2018-06-12 00:48:25,2018-05-29 00:48:25,1,21,7,1,72.53,39.9,0.5501,1,casa_construcao,3.0
O03038,C00976,CE,sobral,delivered,2018-06-14 07:13:20,2018-06-15 14:13:20,2018-06-23 07:13:20,2018-06-27 07:13:20,0,9,13,2,586.93,34.57,0.0663,1,artigos_nautica,4.0
O03054,C00622,MT,tangara da serra,delivered,2018-08-22 16:34:50,2018-08-24 11:34:50,2018-08-30 16:34:50,2018-09-12 16:34:50,0,8,21,1,468.78,35.04,0.0747,1,moveis_jardim,5.0
O03075,C00830,RN,caico,delivered,2018-03-25 01:11:53,2018-03-25 03:11:53,2018-04-24 01:11:53,2018-03-30 01:11:53,1,30,5,2,618.62,92.26,0.1904,1,alimentos_bebidas,1.0
O03077,C01887,RJ,duque de caxias,delivered,2017-11-01 08:24:04,2017-11-01 16:24:04,2017-11-04 08:24:04,2017-11-18 08:24:04,0,3,17,1,422.98,21.91,0.0518,1,flores,4.0
O03082,C00346,ES,cariacica,delivered,2017-06-26 12:45:54,2017-06-27 21:45:54,2017-07-02 12:45:54,2017-07-12 12:45:54,0,6,16,2,268.0,72.32,1.3432,1,casa_sala,4.0
O03087,C01488,BA,ilheus,delivered,2017-10-22 06:53:28,2017-10-23 11:53:28,2017-10-28 06:53:28,2017-11-03 06:53:28,0,6,12,5,1220.26,165.22,0.1817,1,alimentos_bebidas,5.0
O03107,C01306,PA,belem,delivered,2016-11-15 20:50:51,2016-11-17 17:50:51,2016-11-22 20:50:51,2016-12-06 20:50:51,0,7,21,1,197.1,15.47,0.0785,1,eletroportateis,2.0
O03112,C00857,MG,uberlandia,delivered,2016-12-17 08:41:11,2016-12-18 04:41:11,2017-01-06 08:41:11,2016-12-23 08:41:11,1,20,6,2,387.59,52.03,0.1345,1,livros_interesse,3.0
O03123,C01657,SE,estancia,delivered,2018-04-12 11:34:07,2018-04-12 12:34:07,2018-04-20 11:34:07,2018-04-28 11:34:07,0,8,16,1,223.99,27.12,0.1211,1,pc_gamer,4.0
O03134,C00812,PE,caruaru,delivered,2017-08-10 18:19:06,2017-08-11 03:19:06,2017-09-06 18:19:06,2017-08-16 18:19:06,1,27,6,1,261.1,8.54,0.0327,1,brinquedos,1.0
O03151,C01885,RO,porto velho,delivered,2017-01-03 17:02:05,2017-01-05 12:02:05,2017-01-21 17:02:05,2017-01-21 17:02:05,0,18,18,1,105.81,20.55,0.1942,1,utilidades_domesticas,5.0
O03162,C01867,BA,itabuna,delivered,2018-10-14 14:02:49,2018-10-14 20:02:49,2018-11-13 14:02:49,2018-10-23 14:02:49,1,30,9,4,1045.67,122.8,0.2321,1,eletrodomesticos,3.0
O03166,C00294,RO,ji-parana,delivered,2017-10-09 08:34:08,2017-10-10 12:34:08,2017-11-02 08:34:08,2017-11-03 08:34:08,0,24,25,2,598.65,29.14,0.0554,1,eletronicos,4.0
O03171,C01596,CE,sobral,delivered,2017-11-01 20:56:49,2017-11-03 15:56:49,2017-11-30 20:56:49,2017-11-18 20:56:49,1,29,17,1,35.29,26.05,0.7382,1,cama_mesa_banho,3.0
O03173,C00377,PI,campo maior,delivered,2018-07-02 15:55:24,2018-07-03 20:55:24,2018-07-12 15:55:24,2018-07-18 15:55:24,0,10,16,3,516.21,50.18,0.1435,1,audio,4.0
O03180,C00590,ES,cariacica,delivered,2018-03-26 01:25:30,2018-03-26 09:25:30,2018-04-11 01:25:30,2018-04-20 01:25:30,0,16,25,1,396.62,45.56,0.1149,1,automotivo,4.0
O03199,C01809,PB,santa rita,delivered,2017-04-24 10:08:40,2017-04-24 12:08:40,2017-05-23 10:08:40,2017-04-30 10:08:40,1,29,6,1,437.86,49.7,0.1135,1,casa_conforto_2,3.0
O03201,C00795,PI,picos,delivered,2017-09-29 05:16:07,2017-09-30 16:16:07,2017-10-26 05:16:07,2017-10-10 05:16:07,1,27,11,1,69.13,38.24,0.5532,1,telefonia,2.0
O03227,C01474,DF,taguatinga,delivered,2018-01-12 10:03:52,2018-01-12 12:03:52,2018-02-01 10:03:52,2018-01-23 10:03:52,1,20,11,1,351.57,14.9,0.0424,1,instrumentos_musicais,4.0
O03235,C00014,RS,canoas,delivered,2017-04-24 12:59:10,2017-04-25 21:59:10,2017-05-02 12:59:10,2017-05-13 12:59:10,0,8,19,3,758.87,105.93,0.1546,1,casa_banheiro,4.0
O03236,C00367,PR,ponta grossa,delivered,2018-09-15 02:02:09,2018-09-16 03:02:09,2018-10-05 02:02:09,2018-10-10 02:02:09,0,20,25,1,152.28,43.47,0.2855,1,beleza_saude,2.0
O03263,C00859,CE,caucaia,delivered,2016-09-14 20:18:51,2016-09-14 22:18:51,2016-09-21 20:18:51,2016-10-01 20:18:51,0,7,17,1,73.53,23.14,0.3147,1,artes,5.0
O03280,C00416,BA,vitoria da conquista,delivered,2016-11-28 13:51:41,2016-11-30 07:51:41,2016-12-07 13:51:41,2016-12-10 13:51:41,0,9,12,1,45.96,32.77,0.713,1,casa_conforto_2,4.0
O03282,C01226,RO,ji-parana,delivered,2017-07-09 21:20:18,2017-07-09 22:20:18,2017-07-13 21:20:18,2017-07-15 21:20:18,0,4,6,3,387.21,65.66,0.5293,1,casa_jardim,4.0
O03288,C00102,ES,linhares,delivered,2017-10-13 19:09:38,2017-10-15 17:09:38,2017-10-30 19:09:38,2017-10-31 19:09:38,0,17,18,1,367.14,22.5,0.0613,1,alimentos_bebidas,4.0
O03332,C00401,SP,campinas,delivered,2016-10-01 18:40:50,2016-10-02 03:40:50,2016-10-29 18:40:50,2016-10-11 18:40:50,1,28,10,3,169.15,91.22,1.2209,1,cool_stuff,4.0
O03336,C01653,RN,natal,delivered,2017-11-05 10:38:36,2017-11-06 06:38:36,2017-11-29 10:38:36,2017-11-29 10:38:36,0,24,24,1,159.44,11.22,0.0704,1,seguros_servicos,3.0
O03337,C00753,MA,sao luis,delivered,2018-05-27 19:35:38,2018-05-29 15:35:38,2018-06-14 19:35:38,2018-06-09 19:35:38,1,18,13,1,426.33,28.21,0.0662,1,perfumaria,3.0
O03340,C00521,RR,caracarai,delivered,2018-01-27 02:42:48,2018-01-29 01:42:48,2018-02-11 02:42:48,2018-02-21 02:42:48,0,15,25,1,218.24,43.6,0.1998,1,alimentos_bebidas,5.0
O03358,C00495,BA,feira de santana,delivered,2016-10-15 09:26:27,2016-10-15 14:26:27,2016-10-28 09:26:27,2016-11-06 09:26:27,0,13,22,1,360.58,43.99,0.122,1,pc_gamer,2.0
O03373,C01431,RR,alto alegre,delivered,2016-10-19 13:06:28,2016-10-20 16:06:28,2016-10-27 13:06:28,2016-11-10 13:06:28,0,8,22,2,539.15,94.59,0.2005,1,fashion_esporte,5.0
O03381,C00869,MA,imperatriz,delivered,2017-08-30 13:41:42,2017-08-30 19:41:42,2017-09-15 13:41:42,2017-09-11 13:41:42,1,16,12,1,249.97,24.22,0.0969,1,construcao_ferramentas,2.0
O03383,C01526,AM,manacapuru,delivered,2018-10-08 12:19:57,2018-10-08 16:19:57,2018-10-12 12:19:57,2018-10-23 12:19:57,0,4,15,2,658.8,55.4,0.0687,1,fashion_roupa_masculina,4.0
O03403,C00321,RN,parnamirim,delivered,2017-01-31 03:50:56,2017-02-01 17:50:56,2017-02-15 03:50:56,2017-02-23 03:50:56,0,15,23,1,34.6,32.42,0.937,1,eletroportateis,5.0
O03451,C01158,SC,criciuma,delivered,2018-04-25 23:00:59,2018-04-27 13:00:59,2018-05-13 23:00:59,2018-04-30 23:00:59,1,18,5,5,1614.52,97.29,0.0641,1,artigos_nautica,5.0
O03474,C00858,DF,ceilandia,delivered,2017-12-18 22:30:57,2017-12-20 13:30:57,2018-01-05 22:30:57,2018-01-09 22:30:57,0,18,22,1,313.83,36.41,0.116,1,moveis_jardim,3.0
O03491,C00810,PE,olinda,delivered,2017-08-29 08:58:19,2017-08-30 21:58:19,2017-09-12 08:58:19,2017-09-11 08:58:19,1,14,13,1,225.52,28.52,0.1265,1,flores,1.0
O03492,C00201,AP,oida,delivered,2017-07-20 23:24:59,2017-07-22 22:24:59,2017-07-31 23:24:59,2017-08-04 23:24:59,0,11,15,1,422.32,44.87,0.1062,1,construcao_ferramentas,5.0
O03503,C01448,TO,araguaina,delivered,2017-12-01 07:12:24,2017-12-01 08:12:24,2017-12-09 07:12:24,2017-12-15 07:12:24,0,8,14,2,929.47,71.53,0.0774,1,casa_jardim,5.0
O03508,C00345,RS,caxias do sul,delivered,2017-12-05 15:28:21,2017-12-07 03:28:21,2017-12-16 15:28:21,2017-12-14 15:28:21,1,11,9,2,750.97,24.68,0.0329,1,dvds_blu_ray,3.0
O03513,C00633,ES,vitoria,delivered,2018-10-09 22:40:08,2018-10-10 21:40:08,2018-10-29 22:40:08,2018-11-02 22:40:08,0,20,24,1,300.42,45.67,0.152,1,moveis_decoracao,3.0
O03514,C01448,TO,araguaina,delivered,2016-12-10 21:38:48,2016-12-11 10:38:48,2016-12-23 21:38:48,2016-12-24 21:38:48,0,13,14,2,626.78,51.09,0.0945,1,construcao_ferramentas,5.0
O03515,C01702,AL,maceio,delivered,2017-03-28 12:38:54,2017-03-29 08:38:54,2017-04-02 12:38:54,2017-04-22 12:38:54,0,5,25,2,430.77,30.36,0.1206,1,brinquedos,5.0
O03524,C01625,MT,sinop,delivered,2017-08-25 01:29:16,2017-08-25 21:29:16,2017-09-17 01:29:16,2017-09-19 01:29:16,0,23,25,1,461.81,21.27,0.0461,1,papelaria,5.0
O03529,C01499,SC,sao jose,delivered,2016-10-28 21:59:31,2016-10-30 06:59:31,2016-11-25 21:59:31,2016-11-13 21:59:31,1,28,16,2,647.05,59.78,0.0918,1,consoles_games,3.0
O03539,C00697,AP,macapa,delivered,2017-10-31 14:17:39,2017-10-31 23:17:39,2017-11-17 14:17:39,2017-11-11 14:17:39,1,17,11,3,278.38,101.41,0.7685,1,beleza_saude,5.0
O03542,C00881,SE,itabaiana,delivered,2018-08-01 00:14:31,2018-08-02 14:14:31,2018-08-22 00:14:31,2018-08-14 00:14:31,1,21,13,4,628.79,104.79,0.1906,1,alimentos_bebidas,3.0
O03553,C00664,PE,olinda,delivered,2016-09-26 20:20:27,2016-09-28 14:20:27,2016-10-12 20:20:27,2016-10-14 20:20:27,0,16,18,1,256.7,29.46,0.1148,1,fashion_bolsas,5.0
O03555,C01690,PA,belem,delivered,2017-10-16 13:34:33,2017-10-17 01:34:33,2017-11-01 13:34:33,2017-10-23 13:34:33,1,16,7,1,176.19,37.92,0.2152,1,moveis_escritorio,3.0
O03569,C01826,RR,alto alegre,delivered,2017-08-02 21:49:15,2017-08-03 22:49:15,2017-08-09 21:49:15,2017-08-08 21:49:15,1,7,6,3,427.01,39.18,0.1063,1,carnes,3.0
O03580,C01256,RS,canoas,delivered,2017-10-29 11:49:25,2017-10-31 07:49:25,2017-11-08 11:49:25,2017-11-12 11:49:25,0,10,14,1,445.59,48.35,0.1085,0,casa_escritorio,5.0
O03581,C01719,AM,manaus,delivered,2018-10-21 12:08:58,2018-10-23 10:08:58,2018-11-11 12:08:58,2018-11-06 12:08:58,1,21,16,1,337.09,30.63,0.0909,1,moveis_jardim,2.0
O03590,C00816,TO,araguaina,delivered,2018-03-09 16:28:21,2018-03-11 15:28:21,2018-03-19 16:28:21,2018-03-23 16:28:21,0,10,14,5,780.01,108.46,0.2467,1,cama_mesa_banho,5.0
O03600,C01496,DF,brasilia,delivered,2017-12-20 23:53:30,2017-12-22 06:53:30,2017-12-25 23:53:30,2018-01-10 23:53:30,0,5,21,1,393.63,36.06,0.0916,1,livros_interesse,4.0
O03602,C01476,CE,caucaia,delivered,2018-08-19 00:08:22,2018-08-20 23:08:22,2018-09-03 00:08:22,2018-09-13 00:08:22,0,15,25,1,348.28,38.71,0.1111,1,audio,3.0
O03606,C00566,ES,vitoria,delivered,2017-05-13 21:01:12,2017-05-15 18:01:12,2017-05-23 21:01:12,2017-05-18 21:01:12,1,10,5,1,407.81,38.51,0.0944,1,dvds_blu_ray,3.0
O03627,C00677,MS,ponta pora,delivered,2018-03-15 19:16:36,2018-03-17 05:16:36,2018-04-14 19:16:36,2018-03-23 19:16:36,1,30,8,1,421.38,18.2,0.0432,1,la_cuisine,1.0
O03635,C01563,AP,santana,delivered,2016-11-20 19:31:30,2016-11-22 09:31:30,2016-11-26 19:31:30,2016-11-30 19:31:30,0,6,10,1,449.09,19.4,0.0432,1,perfumaria,3.0
O03661,C01250,MA,sao jose de ribamar,delivered,2018-02-26 03:49:41,2018-02-26 09:49:41,2018-03-06 03:49:41,2018-03-04 03:49:41,1,8,6,2,924.43,30.33,0.0335,1,artes,2.0
O03671,C01285,RO,cacoal,delivered,2018-03-05 13:42:11,2018-03-06 17:42:11,2018-03-15 13:42:11,2018-03-26 13:42:11,0,10,21,1,282.08,21.27,0.0754,1,portateis_casa_forno_cafe,3.0
O03673,C01491,GO,rio verde,delivered,2018-04-15 17:36:49,2018-04-16 16:36:49,2018-05-07 17:36:49,2018-05-09 17:36:49,0,22,24,1,118.04,35.29,0.299,1,bebes,3.0
O03687,C00828,RS,porto alegre,delivered,2018-06-05 22:14:55,2018-06-06 20:14:55,2018-06-29 22:14:55,2018-06-14 22:14:55,1,24,9,1,464.2,12.45,0.0268,0,construcao_ferramentas,4.0
O03707,C00719,TO,araguaina,delivered,2018-10-24 10:17:36,2018-10-24 22:17:36,2018-10-30 10:17:36,2018-11-10 10:17:36,0,6,17,1,344.66,32.14,0.0933,1,casa_utilidades,5.0
O03736,C01109,SE,itabaiana,delivered,2017-06-04 06:28:05,2017-06-05 16:28:05,2017-07-01 06:28:05,2017-06-16 06:28:05,1,27,12,1,291.12,9.4,0.0323,1,bebes,3.0
O03743,C01640,MA,timon,delivered,2017-05-30 10:05:00,2017-05-30 20:05:00,2017-06-28 10:05:00,2017-06-22 10:05:00,1,29,23,1,342.92,18.24,0.0532,1,esporte_lazer,1.0
O03770,C00943,AL,delmiro gouveia,delivered,2017-10-24 23:31:46,2017-10-26 12:31:46,2017-11-13 23:31:46,2017-11-11 23:31:46,1,20,18,2,609.05,70.22,0.2033,1,casa_cozinha,2.0
O03809,C01500,SE,estancia,delivered,2016-09-17 09:58:12,2016-09-18 12:58:12,2016-10-05 09:58:12,2016-10-05 09:58:12,0,18,18,1,122.62,12.33,0.1006,0,telefonia,5.0
O03815,C01667,RS,porto alegre,delivered,2017-08-12 10:34:02,2017-08-12 13:34:02,2017-09-10 10:34:02,2017-08-22 10:34:02,1,29,10,1,259.54,16.7,0.0643,1,fashion_calcados,1.0
O03836,C00309,DF,samambaia,delivered,2017-09-15 21:14:30,2017-09-16 10:14:30,2017-09-28 21:14:30,2017-10-01 21:14:30,0,13,16,1,342.14,27.08,0.0791,1,musica_arte,4.0
O03839,C01756,PE,recife,delivered,2018-09-25 20:52:28,2018-09-27 17:52:28,2018-09-29 20:52:28,2018-10-11 20:52:28,0,4,16,1,363.49,23.3,0.0641,1,casa_iluminacao,1.0
O03858,C00969,RS,santa maria,delivered,2018-05-03 06:27:04,2018-05-04 02:27:04,2018-05-17 06:27:04,2018-05-17 06:27:04,0,14,14,2,604.97,54.31,0.0938,1,alimentos_bebidas,4.0
O03867,C01809,PB,santa rita,delivered,2018-07-17 14:45:27,2018-07-18 20:45:27,2018-07-31 14:45:27,2018-08-05 14:45:27,0,14,19,1,38.01,42.24,1.1113,1,artes,5.0
O03868,C00084,SC,florianopolis,delivered,2017-07-16 15:27:01,2017-07-18 04:27:01,2017-08-14 15:27:01,2017-08-03 15:27:01,1,29,18,2,385.22,63.95,0.9722,1,alimentos_bebidas,3.0
O03904,C01541,SP,ribeirao preto,delivered,2016-09-06 15:12:14,2016-09-06 21:12:14,2016-09-24 15:12:14,2016-09-22 15:12:14,1,18,16,1,462.5,12.32,0.0266,1,casa_conforto,1.0
O03909,C00917,CE,juazeiro do norte,delivered,2017-09-28 19:23:31,2017-09-29 13:23:31,2017-10-02 19:23:31,2017-10-10 19:23:31,0,4,12,1,482.89,31.32,0.0649,1,beleza_saude,5.0
O03919,C01998,RO,porto velho,delivered,2018-09-21 21:59:06,2018-09-23 16:59:06,2018-10-13 21:59:06,2018-09-30 21:59:06,1,22,9,1,43.16,27.48,0.6367,1,la_cuisine,2.0
O03932,C01491,GO,rio verde,delivered,2018-07-31 07:45:30,2018-07-31 23:45:30,2018-08-23 07:45:30,2018-08-18 07:45:30,1,23,18,1,14.85,46.26,3.1152,1,cds_dvds_musicais,3.0
O03947,C01891,RJ,campos,delivered,2016-12-01 02:32:01,2016-12-01 09:32:01,2016-12-08 02:32:01,2016-12-20 02:32:01,0,7,19,1,470.48,5.09,0.0108,1,perfumaria,4.0
O03959,C01240,MS,corumba,delivered,2016-09-25 16:45:58,2016-09-27 05:45:58,2016-10-18 16:45:58,2016-10-01 16:45:58,1,23,6,1,79.91,29.34,0.3672,1,fashion_underwear,2.0
O03965,C01938,SE,itabaiana,delivered,2017-08-15 22:57:24,2017-08-17 14:57:24,2017-08-25 22:57:24,2017-09-07 22:57:24,0,10,23,2,232.7,77.11,0.3257,1,beleza_saude,5.0
O03968,C01143,RN,natal,delivered,2017-08-12 12:52:09,2017-08-13 10:52:09,2017-08-22 12:52:09,2017-09-02 12:52:09,0,10,21,1,329.76,47.93,0.1453,1,musica_arte,5.0
O03975,C00819,DF,ceilandia,delivered,2016-11-14 20:56:33,2016-11-15 05:56:33,2016-11-21 20:56:33,2016-11-29 20:56:33,0,7,15,1,135.17,49.92,0.3693,1,portateis_cozinha,5.0
O03988,C01294,ES,cariacica,delivered,2017-03-24 05:13:06,2017-03-24 23:13:06,2017-03-27 05:13:06,2017-04-11 05:13:06,0,3,18,2,416.93,76.27,0.2027,1,brinquedos,4.0
O03994,C00861,PA,maraba,delivered,2018-07-24 21:26:20,2018-07-26 03:26:20,2018-08-05 21:26:20,2018-08-04 21:26:20,1,12,11,1,83.25,14.75,0.1772,1,fashion_roupa_feminina,4.0
O04036,C00644,AM,parintins,delivered,2017-10-27 17:07:51,2017-10-28 20:07:51,2017-11-03 17:07:51,2017-11-17 17:07:51,0,7,21,2,335.83,57.51,0.171,1,artigos_nautica,1.0
O04037,C01269,PR,ponta grossa,delivered,2018-10-12 08:00:30,2018-10-14 05:00:30,2018-10-18 08:00:30,2018-11-02 08:00:30,0,6,21,1,142.42,48.62,0.3414,1,beleza_saude,5.0
O04043,C01509,PI,parnaiba,delivered,2016-11-07 13:02:52,2016-11-08 06:02:52,2016-11-26 13:02:52,2016-12-02 13:02:52,0,19,25,2,328.75,53.08,0.4134,1,moveis_escritorio,4.0
O04046,C00446,MG,montes claros,delivered,2017-03-17 10:14:54,2017-03-18 18:14:54,2017-03-29 10:14:54,2017-03-30 10:14:54,0,12,13,1,178.55,26.72,0.1496,1,la_cuisine,4.0
O04073,C00440,PE,olinda,delivered,2018-07-31 15:17:02,2018-08-01 08:17:02,2018-08-23 15:17:02,2018-08-23 15:17:02,0,23,23,1,250.91,38.51,0.1535,1,casa_outros,3.0
O04074,C01257,AP,santana,delivered,2018-07-31 16:55:25,2018-07-31 17:55:25,2018-08-10 16:55:25,2018-08-12 16:55:25,0,10,12,1,468.08,5.3,0.0113,1,casa_garagem,5.0
O04079,C01140,GO,rio verde,delivered,2016-11-10 15:22:00,2016-11-11 14:22:00,2016-11-25 15:22:00,2016-11-22 15:22:00,1,15,12,4,800.09,131.69,0.3353,1,casa_garagem,5.0
O04081,C00832,RN,caico,delivered,2018-01-30 04:34:03,2018-01-30 23:34:03,2018-02-05 04:34:03,2018-02-09 04:34:03,0,6,10,4,1127.24,96.04,0.0815,1,fashion_bolsas,3.0
O04088,C00996,ES,cariacica,delivered,2017-08-11 17:54:32,2017-08-13 11:54:32,2017-09-01 17:54:32,2017-08-25 17:54:32,1,21,14,1,72.28,12.44,0.1721,1,relogios_presentes,1.0
O04100,C01474,DF,taguatinga,delivered,2018-04-23 12:01:19,2018-04-25 10:01:19,2018-05-19 12:01:19,2018-05-17 12:01:19,1,26,24,3,704.62,96.92,0.7016,1,casa_escritorio,2.0
O04107,C01181,DF,ceilandia,delivered,2017-07-09 20:48:29,2017-07-10 04:48:29,2017-07-27 20:48:29,2017-08-02 20:48:29,0,18,24,1,335.73,32.24,0.096,1,fashion_esporte,2.0
O04108,C00800,GO,rio verde,delivered,2018-07-17 00:15:37,2018-07-17 03:15:37,2018-07-31 00:15:37,2018-08-02 00:15:37,0,14,16,2,814.52,55.6,0.0678,1,casa_limpeza,4.0
O04120,C00110,AP,laranjal do jari,delivered,2016-09-12 00:15:33,2016-09-12 04:15:33,2016-10-10 00:15:33,2016-09-20 00:15:33,1,28,8,1,433.55,25.38,0.0585,1,flores,3.0
O04123,C01614,BA,itabuna,delivered,2017-09-28 01:21:05,2017-09-30 01:21:05,2017-10-17 01:21:05,2017-10-05 01:21:05,1,19,7,1,106.22,34.43,0.3241,1,beleza_saude,2.0
O04142,C00945,PB,campina grande,delivered,2017-10-09 22:52:18,2017-10-11 13:52:18,2017-10-30 22:52:18,2017-10-24 22:52:18,1,21,15,3,831.16,115.08,0.3565,1,casa_limpeza,2.0
O04145,C01557,SC,florianopolis,delivered,2017-09-21 17:45:48,2017-09-23 17:45:48,2017-10-18 17:45:48,2017-10-13 17:45:48,1,27,22,1,348.99,28.13,0.0806,1,fraldas_higiene,4.0
O04153,C01954,SE,nossa senhora do socorro,delivered,2017-09-01 15:37:24,2017-09-02 21:37:24,2017-09-17 15:37:24,2017-09-11 15:37:24,1,16,10,1,103.08,40.59,0.3938,1,casa_escritorio,2.0
O04155,C00390,PE,recife,delivered,2018-01-17 07:37:42,2018-01-18 16:37:42,2018-02-06 07:37:42,2018-01-22 07:37:42,1,20,5,1,55.86,36.34,0.6506,1,casa_cozinha,3.0
O04158,C01987,PR,maringa,delivered,2017-07-01 19:12:18,2017-07-03 10:12:18,2017-07-19 19:12:18,2017-07-24 19:12:18,0,18,23,2,454.47,32.61,0.3306,1,eletroportateis,5.0
O04170,C01075,RS,porto alegre,delivered,2017-07-12 22:03:12,2017-07-13 04:03:12,2017-07-29 22:03:12,2017-07-24 22:03:12,1,17,12,1,146.43,25.86,0.1766,1,telefonia,3.0
O04179,C00426,SP,guarulhos,delivered,2016-11-14 00:45:34,2016-11-14 01:45:34,2016-11-17 00:45:34,2016-12-03 00:45:34,0,3,19,1,48.95,27.53,0.5624,1,casa_quarto,4.0
O04187,C00019,SE,lagarto,delivered,2017-09-22 09:17:53,2017-09-22 23:17:53,2017-10-03 09:17:53,2017-10-08 09:17:53,0,11,16,1,261.71,19.19,0.0733,1,livros_interesse,5.0
O04210,C01961,RR,alto alegre,delivered,2018-01-24 06:30:06,2018-01-26 03:30:06,2018-02-17 06:30:06,2018-02-09 06:30:06,1,24,16,1,454.69,6.25,0.0137,1,papelaria,3.0
O04217,C00002,DF,taguatinga,delivered,2018-03-09 00:41:25,2018-03-10 10:41:25,2018-03-13 00:41:25,2018-03-17 00:41:25,0,4,8,1,380.63,38.32,0.1007,1,la_cuisine,5.0
O04222,C01376,RO,ji-parana,delivered,2018-10-29 12:13:34,2018-10-31 05:13:34,2018-11-17 12:13:34,2018-11-21 12:13:34,0,19,23,1,443.31,21.56,0.0486,1,perfumaria,5.0
O04223,C01265,RO,cacoal,delivered,2017-08-20 01:39:37,2017-08-20 02:39:37,2017-09-07 01:39:37,2017-09-02 01:39:37,1,18,13,2,164.71,33.13,0.3086,1,eletrodomesticos_2,4.0
O04227,C01915,MT,tangara da serra,delivered,2016-11-15 13:22:44,2016-11-16 04:22:44,2016-12-09 13:22:44,2016-12-05 13:22:44,1,24,20,2,643.63,52.34,0.0818,1,la_cuisine,1.0
O04244,C00148,RO,ariquemes,delivered,2018-04-11 20:23:47,2018-04-13 03:23:47,2018-05-10 20:23:47,2018-04-22 20:23:47,1,29,11,4,1268.72,134.51,0.1182,1,casa_conforto_2,2.0
O04246,C00117,SC,blumenau,delivered,2018-07-20 22:53:50,2018-07-22 16:53:50,2018-08-17 22:53:50,2018-08-08 22:53:50,1,28,19,1,493.99,33.11,0.067,1,moda_roupa,2.0
O04253,C00683,PB,patos,delivered,2016-11-07 03:17:07,2016-11-09 02:17:07,2016-11-12 03:17:07,2016-11-16 03:17:07,0,5,9,1,375.72,11.58,0.0308,1,moveis_sala,5.0
O04255,C00643,PE,caruaru,delivered,2018-01-28 05:07:01,2018-01-28 13:07:01,2018-02-14 05:07:01,2018-02-06 05:07:01,1,17,9,3,716.42,94.86,0.2581,1,moda_roupa,3.0
O04262,C01155,AP,santana,delivered,2017-10-31 18:59:31,2017-11-02 01:59:31,2017-11-06 18:59:31,2017-11-10 18:59:31,0,6,10,1,143.6,23.78,0.1656,1,la_cuisine,4.0
O04273,C01390,PB,santa rita,delivered,2018-06-01 13:25:29,2018-06-01 16:25:29,2018-06-09 13:25:29,2018-06-13 13:25:29,0,8,12,2,650.78,69.7,0.114,1,eletroportateis,5.0
O04293,C00343,SE,aracaju,delivered,2018-06-17 14:29:59,2018-06-19 03:29:59,2018-06-29 14:29:59,2018-06-30 14:29:59,0,12,13,1,181.07,26.15,0.1444,1,artes,5.0
O04328,C00335,MS,campo grande,delivered,2017-08-23 17:43:52,2017-08-25 15:43:52,2017-08-31 17:43:52,2017-08-29 17:43:52,1,8,6,2,260.62,55.94,0.6528,1,alimentos_bebidas,1.0
O04332,C00659,RR,caracarai,delivered,2018-08-03 01:52:10,2018-08-05 01:52:10,2018-09-01 01:52:10,2018-08-13 01:52:10,1,29,10,1,291.91,37.04,0.1269,1,casa_escritorio,3.0
O04340,C01572,AC,rio branco,delivered,2016-09-08 10:54:02,2016-09-09 20:54:02,2016-09-26 10:54:02,2016-09-15 10:54:02,1,18,7,1,489.44,33.88,0.0692,1,portateis_casa_forno_cafe,2.0
O04397,C00430,ES,serra,delivered,2017-05-06 12:42:11,2017-05-06 14:42:11,2017-05-22 12:42:11,2017-05-23 12:42:11,0,16,17,2,544.71,91.66,0.2451,1,cool_stuff,5.0
O04405,C00701,AC,rio branco,delivered,2018-06-23 15:41:35,2018-06-24 03:41:35,2018-07-16 15:41:35,2018-07-02 15:41:35,1,23,9,1,421.13,11.05,0.0262,0,casa_quarto,5.0
O04412,C01068,AC,rio branco,delivered,2017-08-13 07:29:48,2017-08-14 21:29:48,2017-08-30 07:29:48,2017-09-07 07:29:48,0,17,25,1,420.53,17.85,0.0424,1,musica_arte,5.0
O04413,C00080,RJ,campos,delivered,2017-11-30 10:13:57,2017-11-30 17:13:57,2017-12-18 10:13:57,2017-12-22 10:13:57,0,18,22,1,100.68,16.89,0.1678,1,carnes,5.0
O04426,C00495,BA,feira de santana,delivered,2018-10-24 19:09:24,2018-10-26 03:09:24,2018-11-20 19:09:24,2018-11-10 19:09:24,1,27,17,3,966.95,103.05,0.1056,1,casa_banheiro,3.0
O04432,C00146,ES,linhares,delivered,2018-01-09 04:36:42,2018-01-10 05:36:42,2018-01-25 04:36:42,2018-02-02 04:36:42,0,16,24,1,119.99,40.91,0.3409,1,beleza_saude,3.0
O04434,C00724,AL,arapiraca,delivered,2018-10-09 09:25:10,2018-10-10 07:25:10,2018-10-31 09:25:10,2018-11-01 09:25:10,0,22,23,3,805.24,104.43,0.1618,1,cool_stuff,5.0
O04447,C00290,AL,delmiro gouveia,delivered,2017-12-11 07:43:37,2017-12-11 11:43:37,2018-01-06 07:43:37,2017-12-27 07:43:37,1,26,16,2,748.26,35.03,0.0477,1,casa_banheiro,2.0
O04460,C01120,BA,ilheus,delivered,2018-06-09 06:00:16,2018-06-09 12:00:16,2018-06-19 06:00:16,2018-06-23 06:00:16,0,10,14,1,103.33,39.5,0.3823,1,dvds_blu_ray,5.0
O04473,C00446,MG,montes claros,delivered,2017-01-22 07:01:13,2017-01-23 23:01:13,2017-02-10 07:01:13,2017-02-11 07:01:13,0,19,20,1,119.18,47.95,0.4023,1,flores,5.0
O04487,C01569,AC,rio branco,delivered,2017-09-20 23:20:48,2017-09-21 13:20:48,2017-09-24 23:20:48,2017-09-25 23:20:48,0,4,5,1,413.55,20.35,0.0492,1,eletrodomesticos_2,5.0
O04492,C00692,AC,tarauaca,delivered,2018-10-03 14:49:43,2018-10-04 09:49:43,2018-10-28 14:49:43,2018-10-25 14:49:43,1,25,22,3,320.65,123.3,1.705,1,automotivo,5.0
O04499,C01883,MG,montes claros,delivered,2017-12-27 19:59:12,2017-12-29 05:59:12,2018-01-23 19:59:12,2018-01-08 19:59:12,1,27,12,1,162.49,14.04,0.0864,1,casa_escritorio,2.0
O04509,C00619,DF,brasilia,delivered,2016-09-08 13:35:59,2016-09-09 22:35:59,2016-10-04 13:35:59,2016-09-21 13:35:59,1,26,13,3,702.93,37.39,0.1218,1,bebes,4.0
O04525,C01984,MG,belo horizonte,delivered,2018-04-08 17:28:46,2018-04-10 07:28:46,2018-04-19 17:28:46,2018-04-17 17:28:46,1,11,9,1,164.1,34.36,0.2094,1,eletrodomesticos_2,5.0
O04531,C01114,GO,anapolis,delivered,2017-02-24 07:39:36,2017-02-24 12:39:36,2017-03-24 07:39:36,2017-03-09 07:39:36,1,28,13,1,353.07,40.7,0.1153,0,moveis_presentes,5.0
O04532,C01754,CE,fortaleza,delivered,2016-09-30 22:05:03,2016-10-01 14:05:03,2016-10-19 22:05:03,2016-10-25 22:05:03,0,19,25,1,416.7,21.55,0.0517,1,fashion_roupa_feminina,5.0
O04533,C00516,RR,rorainopolis,delivered,2017-10-28 13:16:29,2017-10-29 02:16:29,2017-11-15 13:16:29,2017-11-16 13:16:29,0,18,19,2,486.2,15.89,0.0326,1,cool_stuff,5.0
O04539,C01726,RJ,niteroi,delivered,2018-03-04 11:56:59,2018-03-05 15:56:59,2018-03-17 11:56:59,2018-03-14 11:56:59,1,13,10,1,411.86,14.86,0.0361,0,cds_dvds_musicais,4.0
O04543,C00480,AM,itacoatiara,delivered,2017-12-31 07:08:42,2018-01-02 03:08:42,2018-01-16 07:08:42,2018-01-11 07:08:42,1,16,11,2,694.95,33.74,0.0481,1,brinquedos,1.0
O04544,C01129,DF,ceilandia,delivered,2017-08-21 02:42:08,2017-08-21 13:42:08,2017-09-16 02:42:08,2017-09-11 02:42:08,1,26,21,1,198.96,29.71,0.1493,1,casa_cozinha,4.0
O04547,C00257,MG,montes claros,delivered,2017-11-15 23:26:05,2017-11-17 16:26:05,2017-12-02 23:26:05,2017-12-02 23:26:05,0,17,17,1,114.4,13.09,0.1144,1,casa_iluminacao,5.0
O04563,C00436,PI,parnaiba,delivered,2018-02-05 16:57:16,2018-02-07 14:57:16,2018-02-23 16:57:16,2018-02-25 16:57:16,0,18,20,2,814.82,60.0,0.0744,1,automotivo,4.0
O04564,C01988,MT,varzea grande,delivered,2017-11-29 05:09:30,2017-11-30 17:09:30,2017-12-25 05:09:30,2017-12-19 05:09:30,1,26,20,2,646.19,43.46,0.1046,1,casa_banheiro,3.0
O04594,C00557,TO,porto nacional,delivered,2018-08-24 07:52:17,2018-08-25 09:52:17,2018-09-07 07:52:17,2018-09-01 07:52:17,1,14,8,1,79.74,38.11,0.4779,1,informatica_acessorios,4.0
O04596,C01178,AL,arapiraca,delivered,2016-10-09 09:44:49,2016-10-09 13:44:49,2016-10-23 09:44:49,2016-10-20 09:44:49,1,14,11,1,287.34,30.13,0.1049,1,moveis_escritorio,2.0
O04616,C01688,ES,vila velha,delivered,2018-08-01 12:28:59,2018-08-02 01:28:59,2018-08-23 12:28:59,2018-08-19 12:28:59,1,22,18,2,494.42,82.96,0.1868,1,construcao_ferramentas,3.0
O04620,C01872,PR,ponta grossa,delivered,2017-08-05 04:10:39,2017-08-07 00:10:39,2017-08-30 04:10:39,2017-08-21 04:10:39,1,25,16,1,291.78,26.46,0.0907,1,casa_banheiro,3.0
O04628,C01484,RJ,campos,delivered,2017-01-17 07:09:50,2017-01-19 06:09:50,2017-02-05 07:09:50,2017-02-01 07:09:50,1,19,15,1,360.52,41.86,0.1161,1,utilidades_domesticas,3.0
O04639,C01507,RR,caracarai,delivered,2018-04-30 15:41:55,2018-05-02 10:41:55,2018-05-09 15:41:55,2018-05-10 15:41:55,0,9,10,1,234.97,30.42,0.1295,1,cool_stuff,2.0
O04659,C01041,RR,caracarai,delivered,2018-01-09 09:52:39,2018-01-11 01:52:39,2018-01-13 09:52:39,2018-01-26 09:52:39,0,4,17,1,73.9,29.05,0.3931,1,construcao_ferramentas,5.0
O04661,C01763,MG,contagem,delivered,2018-04-29 17:48:43,2018-04-30 11:48:43,2018-05-21 17:48:43,2018-05-24 17:48:43,0,22,25,1,426.57,29.85,0.07,1,flores,5.0
O04666,C01119,PI,teresina,delivered,2016-11-09 21:58:39,2016-11-10 11:58:39,2016-11-21 21:58:39,2016-11-27 21:58:39,0,12,18,1,419.48,6.67,0.0159,1,casa_iluminacao,3.0
O04667,C01274,PB,bayeux,delivered,2017-11-26 15:28:32,2017-11-27 16:28:32,2017-12-08 15:28:32,2017-12-19 15:28:32,0,12,23,2,110.95,57.64,0.9638,1,casa_conforto,4.0
O04674,C01308,ES,vila velha,delivered,2016-11-08 23:53:28,2016-11-09 02:53:28,2016-11-20 23:53:28,2016-11-16 23:53:28,1,12,8,1,62.47,15.01,0.2403,1,casa_conforto,5.0
O04711,C01929,AM,coari,delivered,2016-09-21 16:56:40,2016-09-22 09:56:40,2016-10-19 16:56:40,2016-10-09 16:56:40,1,28,18,1,324.12,31.06,0.0958,0,moveis_decoracao,3.0
O04719,C01171,AM,manaus,delivered,2016-11-03 02:28:57,2016-11-04 10:28:57,2016-11-25 02:28:57,2016-11-16 02:28:57,1,22,13,1,499.87,41.99,0.084,1,malas_acessorios,2.0
O04731,C01070,TO,palmas,delivered,2017-03-18 00:36:06,2017-03-18 18:36:06,2017-04-02 00:36:06,2017-04-09 00:36:06,0,15,22,2,633.41,46.73,0.0779,1,ferramentas_jardim,2.0
O04768,C00761,PA,maraba,delivered,2017-03-31 16:17:41,2017-04-01 18:17:41,2017-04-24 16:17:41,2017-04-25 16:17:41,0,24,25,3,1018.58,117.8,0.126,1,casa_banheiro,4.0
O04791,C00824,PI,teresina,delivered,2016-09-20 10:50:36,2016-09-20 11:50:36,2016-10-07 10:50:36,2016-10-07 10:50:36,0,17,17,2,673.74,81.89,0.1593,1,brinquedos,5.0
O04795,C00985,TO,gurupi,delivered,2017-10-12 08:44:58,2017-10-13 13:44:58,2017-10-23 08:44:58,2017-10-23 08:44:58,0,11,11,3,1083.17,69.87,0.0653,1,eletrodomesticos,3.0
O04796,C01227,RS,canoas,delivered,2017-07-17 23:52:53,2017-07-18 12:52:53,2017-07-29 23:52:53,2017-08-02 23:52:53,0,12,16,2,513.58,76.79,0.1941,1,carnes,5.0
O04806,C00171,TO,palmas,delivered,2018-06-01 02:36:17,2018-06-03 01:36:17,2018-06-15 02:36:17,2018-06-17 02:36:17,0,14,16,3,591.3,52.82,0.0894,1,casa_garagem,5.0
O04810,C00690,MG,juiz de fora,delivered,2018-10-12 08:31:46,2018-10-12 20:31:46,2018-10-29 08:31:46,2018-10-30 08:31:46,0,17,18,3,609.47,61.85,0.1624,1,fashion_esporte,2.0
O04816,C00394,RO,vilhena,delivered,2017-07-09 10:35:07,2017-07-11 01:35:07,2017-08-02 10:35:07,2017-07-29 10:35:07,1,24,20,2,462.64,85.16,0.6752,1,casa_utilidades,3.0
O04822,C01948,AL,arapiraca,delivered,2018-05-05 17:11:01,2018-05-06 00:11:01,2018-05-20 17:11:01,2018-05-18 17:11:01,1,15,13,1,11.75,25.49,2.1694,1,casa_outros,1.0
O04826,C00931,BA,ilheus,delivered,2018-04-15 16:36:38,2018-04-16 22:36:38,2018-04-30 16:36:38,2018-05-04 16:36:38,0,15,19,2,555.91,70.49,0.1717,1,casa_jardim,5.0
O04832,C00742,SE,lagarto,delivered,2018-07-22 14:57:44,2018-07-24 06:57:44,2018-08-18 14:57:44,2018-08-11 14:57:44,1,27,20,1,469.73,33.8,0.072,1,malas_acessorios,3.0
O04835,C01656,AL,arapiraca,delivered,2017-06-12 02:31:55,2017-06-14 01:31:55,2017-06-28 02:31:55,2017-06-17 02:31:55,1,16,5,2,452.73,61.9,0.3154,1,moveis_decoracao,4.0
O04836,C01674,SP,santos,delivered,2018-06-21 16:15:30,2018-06-23 01:15:30,2018-07-10 16:15:30,2018-07-13 16:15:30,0,19,22,1,390.03,13.04,0.0334,1,artes,4.0
O04846,C01749,MA,caxias,delivered,2018-07-21 17:22:35,2018-07-22 10:22:35,2018-08-13 17:22:35,2018-07-27 17:22:35,1,23,6,5,922.87,67.57,0.099,1,bebes,1.0
O04849,C01485,RO,ji-parana,delivered,2017-10-29 22:12:47,2017-10-31 18:12:47,2017-11-17 22:12:47,2017-11-22 22:12:47,0,19,24,1,136.46,18.58,0.1362,1,artigos_nautica,4.0
O04854,C01189,BA,salvador,delivered,2017-06-20 19:22:35,2017-06-21 07:22:35,2017-06-26 19:22:35,2017-07-02 19:22:35,0,6,12,4,1080.66,167.79,0.2133,1,casa_escritorio,5.0
O04858,C00179,PA,castanhal,delivered,2018-03-01 10:07:17,2018-03-01 11:07:17,2018-03-16 10:07:17,2018-03-12 10:07:17,1,15,11,4,445.77,121.7,0.3661,1,casa_escritorio,1.0
O04863,C01769,PI,picos,delivered,2018-07-03 21:47:17,2018-07-05 21:47:17,2018-07-12 21:47:17,2018-07-12 21:47:17,0,9,9,1,191.54,5.44,0.0284,1,beleza_saude,4.0
O04880,C01067,PE,olinda,delivered,2017-12-07 07:10:39,2017-12-09 03:10:39,2018-01-02 07:10:39,2017-12-18 07:10:39,1,26,11,1,329.97,22.49,0.0682,1,casa_iluminacao,1.0
O04893,C01646,PB,joao pessoa,delivered,2017-10-04 04:37:53,2017-10-04 20:37:53,2017-10-09 04:37:53,2017-10-22 04:37:53,0,5,18,2,295.75,59.89,0.2392,1,eletroportateis,5.0
O04933,C00259,SP,sao paulo,delivered,2017-08-03 19:49:33,2017-08-05 04:49:33,2017-09-02 19:49:33,2017-08-17 19:49:33,1,30,14,1,123.15,29.82,0.2421,1,moveis_colchao_estofado,3.0
O04940,C01350,BA,itabuna,delivered,2018-09-29 23:32:36,2018-09-30 07:32:36,2018-10-13 23:32:36,2018-10-22 23:32:36,0,14,23,2,563.12,62.2,0.2169,1,eletrodomesticos,5.0
O04945,C01650,RN,caico,delivered,2016-12-07 11:37:39,2016-12-08 06:37:39,2016-12-13 11:37:39,2017-01-01 11:37:39,0,6,25,1,464.95,32.89,0.0707,1,fashion_roupa_feminina,5.0
O04953,C01524,PA,belem,delivered,2017-01-21 09:15:03,2017-01-21 11:15:03,2017-02-17 09:15:03,2017-01-27 09:15:03,1,27,6,3,1349.82,92.64,0.0681,1,flores,2.0
O04954,C00602,RS,canoas,delivered,2017-07-10 02:57:14,2017-07-10 08:57:14,2017-07-24 02:57:14,2017-07-25 02:57:14,0,14,15,1,143.98,31.79,0.2208,1,moveis_jardim,5.0
O04963,C01450,SE,aracaju,delivered,2017-08-04 07:19:26,2017-08-05 20:19:26,2017-08-22 07:19:26,2017-08-27 07:19:26,0,18,23,2,266.75,57.31,0.4389,1,cool_stuff,2.0
O04973,C00491,RS,pelotas,delivered,2018-07-20 03:45:12,2018-07-21 18:45:12,2018-08-02 03:45:12,2018-08-10 03:45:12,0,13,21,1,152.39,28.98,0.1902,1,flores,5.0
O04977,C01263,PB,campina grande,delivered,2018-02-03 08:11:34,2018-02-04 00:11:34,2018-02-16 08:11:34,2018-02-18 08:11:34,0,13,15,1,64.11,38.55,0.6013,1,casa_utilidades,5.0
O04985,C00381,AM,coari,delivered,2016-11-21 11:34:18,2016-11-22 02:34:18,2016-12-01 11:34:18,2016-12-11 11:34:18,0,10,20,1,405.21,25.54,0.063,1,casa_quarto,4.0
O04992,C00111,PR,ponta grossa,delivered,2018-03-02 16:27:14,2018-03-03 14:27:14,2018-03-28 16:27:14,2018-03-11 16:27:14,1,26,9,5,1521.88,164.41,0.2396,1,casa_banheiro,3.0
O04998,C00884,PI,campo maior,delivered,2018-07-21 07:06:03,2018-07-22 00:06:03,2018-07-27 07:06:03,2018-08-06 07:06:03,0,6,16,1,114.82,27.57,0.2401,1,beleza_saude,1.0
O00179,C00047,SP,sao paulo,shipped,2017-08-15 00:06:59,2017-08-15 19:06:59,,2017-08-28 00:06:59,0,,13,1,142.7,37.8,0.2649,1,casa_escritorio,0.0
O00284,C01503,RS,caxias do sul,delivered,2018-10-12 15:18:09,2018-10-13 10:18:09,2018-11-04 15:18:09,2018-10-19 15:18:09,1,23,7,1,315.37,28.37,0.09,1,perfumaria,0.0
O00875,C00060,MG,montes claros,canceled,2018-07-25 03:03:48,2018-07-26 18:03:48,,,0,,,1,367.38,8.02,0.0218,1,casa_quarto,0.0
O01162,C00378,PA,castanhal,delivered,2017-03-06 09:04:31,2017-03-08 04:04:31,2017-03-31 09:04:31,2017-03-12 09:04:31,1,25,6,1,383.53,26.93,0.0702,1,cama_mesa_banho,0.0
O01431,C00763,AP,macapa,delivered,2017-08-23 15:06:58,2017-08-25 05:06:58,2017-09-02 15:06:58,2017-08-30 15:06:58,1,10,7,2,471.78,39.22,0.2163,1,beleza_saude,0.0
O02038,C00022,SC,criciuma,delivered,2018-04-05 06:51:08,2018-04-06 22:51:08,2018-05-02 06:51:08,2018-04-26 06:51:08,1,27,21,1,30.15,45.45,1.5075,0,alimentos_bebidas,0.0
O02337,C00184,GO,rio verde,unavailable,2017-06-01 01:35:31,2017-06-01 14:35:31,,,0,,,3,814.75,79.77,0.1486,1,cool_stuff,0.0
O02999,C00730,TO,paraíso do tocantins,delivered,2018-05-22 18:45:53,2018-05-23 00:45:53,2018-05-30 18:45:53,2018-06-08 18:45:53,0,8,17,1,347.77,5.94,0.0171,1,fashion_esporte,0.0
O03021,C01099,AP,porto grande,canceled,2018-06-21 01:24:38,2018-06-22 08:24:38,,,0,,,1,370.75,28.17,0.076,1,informatica_acessorios,0.0
O03116,C01761,MG,contagem,delivered,2017-06-08 03:56:12,2017-06-09 00:56:12,2017-07-06 03:56:12,2017-06-13 03:56:12,1,28,5,3,951.27,80.99,0.1126,1,brinquedos,0.0
O03147,C01334,ES,cariacica,shipped,2018-08-30 03:15:47,2018-08-31 09:15:47,,2018-09-21 03:15:47,0,,22,3,344.06,82.86,1.1103,1,fashion_roupa_feminina,0.0
O03876,C00574,GO,aparecida de goiania,delivered,2018-04-12 21:19:17,2018-04-12 23:19:17,2018-05-11 21:19:17,2018-04-17 21:19:17,1,29,5,2,328.66,48.69,0.1424,1,fashion_bolsas,0.0
O04740,C01958,SE,itabaiana,delivered,2016-11-27 20:54:30,2016-11-28 18:54:30,2016-11-30 20:54:30,2016-12-22 20:54:30,0,3,25,1,466.24,17.29,0.0371,1,alimentos_bebidas,0.0
O00184,C00864,PR,londrina,delivered,2017-10-11 06:21:09,2017-10-11 19:21:09,2017-11-07 06:21:09,2017-10-17 06:21:09,1,27,6,3,788.93,60.97,0.1266,1,casa_conforto,0.0
O00360,C00767,MA,caxias,unavailable,2017-06-06 01:48:44,2017-06-08 01:48:44,,,0,,,1,173.76,33.49,0.1927,1,alimentos_bebidas,0.0
O00965,C01332,CE,sobral,delivered,2018-02-13 11:23:43,2018-02-14 07:23:43,2018-03-07 11:23:43,2018-02-28 11:23:43,1,22,15,1,102.81,9.58,0.0932,1,audio,0.0
O01505,C00053,BA,itabuna,shipped,2017-04-07 19:06:46,2017-04-09 02:06:46,,2017-04-25 19:06:46,0,,18,1,138.13,20.88,0.1512,1,fashion_calcados,0.0
O01639,C00469,DF,taguatinga,delivered,2018-09-14 16:02:33,2018-09-15 14:02:33,2018-09-28 16:02:33,2018-10-07 16:02:33,0,14,23,2,467.42,78.94,0.2115,1,casa_escritorio,0.0
O02254,C00989,PR,londrina,canceled,2017-12-25 21:28:16,2017-12-26 04:28:16,,,0,,,1,147.44,41.21,0.2795,1,fashion_roupa_feminina,0.0
O03286,C00356,MG,uberlandia,delivered,2017-08-25 06:55:06,2017-08-26 04:55:06,2017-09-05 06:55:06,2017-09-01 06:55:06,1,11,7,1,336.45,31.93,0.0949,1,fashion_esporte,0.0
O04216,C01571,ES,serra,unavailable,2017-02-09 16:22:51,2017-02-09 22:22:51,,,0,,,5,1121.56,104.0,0.1071,1,casa_banheiro,0.0
O04442,C01332,CE,sobral,delivered,2017-12-31 17:58:43,2018-01-01 00:58:43,2018-01-22 17:58:43,2018-01-25 17:58:43,0,22,25,3,768.96,115.07,0.4523,1,cool_stuff,0.0
O04523,C01957,TO,gurupi,canceled,2018-06-05 14:27:03,2018-06-07 08:27:03,,,0,,,1,181.23,30.8,0.1699,1,livros_interesse,0.0
O04856,C01075,RS,porto alegre,shipped,2016-11-06 15:24:16,2016-11-08 12:24:16,,2016-11-11 15:24:16,0,,5,4,739.82,130.02,0.2533,1,casa_escritorio,0.0
O00168,C00774,MG,contagem,delivered,2017-03-26 22:40:34,2017-03-28 15:40:34,2017-04-04 22:40:34,2017-04-06 22:40:34,0,9,11,1,387.1,18.53,0.0479,1,utilidades_domesticas,0.0
O01437,C00296,RS,canoas,unavailable,2018-10-17 01:51:31,2018-10-18 22:51:31,,,0,,,1,399.55,9.76,0.0244,1,casa_conforto_2,0.0
O02146,C01701,SC,blumenau,delivered,2017-01-06 03:03:16,2017-01-06 12:03:16,2017-02-01 03:03:16,2017-01-22 03:03:16,1,26,16,1,487.38,38.06,0.0781,1,construcao_ferramentas,0.0
O02274,C01523,AC,rio branco,unavailable,2018-05-27 01:10:25,2018-05-27 09:10:25,,,0,,,1,180.85,45.95,0.2541,1,fashion_bolsas,0.0
O02631,C00836,RR,rorainopolis,delivered,2016-09-29 20:14:28,2016-10-01 10:14:28,2016-10-06 20:14:28,2016-10-11 20:14:28,0,7,12,1,135.27,46.16,0.3412,1,relogios_presentes,0.0
O03023,C01176,MT,sinop,delivered,2017-07-21 03:02:30,2017-07-21 11:02:30,2017-07-27 03:02:30,2017-08-04 03:02:30,0,6,14,1,416.28,20.68,0.0497,1,fashion_calcados,0.0
O04653,C00903,SE,itabaiana,delivered,2016-11-28 11:35:59,2016-11-30 11:35:59,2016-12-23 11:35:59,2016-12-13 11:35:59,1,25,15,2,981.34,64.86,0.0661,1,casa_garagem,0.0
O00012,C01642,PA,belem,shipped,2018-06-29 14:05:55,2018-06-29 23:05:55,,2018-07-16 14:05:55,0,,17,1,176.48,6.0,0.034,1,seguros_servicos,0.0
O00132,C01612,AP,porto grande,delivered,2017-09-12 22:29:08,2017-09-14 12:29:08,2017-09-19 22:29:08,2017-10-06 22:29:08,0,7,24,1,435.5,48.1,0.1104,1,alimentos_bebidas,0.0
O00207,C01485,RO,ji-parana,canceled,2017-04-09 12:41:54,2017-04-09 15:41:54,,,0,,,1,185.17,35.86,0.1937,1,cama_mesa_banho,0.0
O01327,C00690,MG,juiz de fora,delivered,2017-03-06 16:51:23,2017-03-07 09:51:23,2017-04-02 16:51:23,2017-03-19 16:51:23,1,27,13,1,44.85,38.02,0.8477,1,fashion_underwear,0.0
O01950,C01892,GO,goiania,delivered,2017-12-25 19:21:00,2017-12-26 01:21:00,2018-01-03 19:21:00,2018-01-11 19:21:00,0,9,17,1,136.77,36.44,0.2664,1,moveis_decoracao,0.0
O03255,C00312,RO,ji-parana,shipped,2017-05-09 20:17:39,2017-05-10 15:17:39,,2017-05-26 20:17:39,0,,17,1,290.17,48.32,0.1665,1,carnes,0.0
O03522,C01101,AL,penedo,delivered,2018-04-20 02:14:38,2018-04-20 08:14:38,2018-04-25 02:14:38,2018-04-27 02:14:38,0,5,7,4,1290.31,104.76,0.0907,1,casa_conforto,0.0
O00225,C00019,SE,lagarto,canceled,2018-08-26 14:07:30,2018-08-26 17:07:30,,,0,,,2,684.74,91.16,0.1599,1,casa_escritorio,0.0
O02831,C00015,ES,linhares,delivered,2016-11-21 06:00:05,2016-11-22 07:00:05,2016-12-04 06:00:05,2016-12-12 06:00:05,0,13,21,2,528.58,60.46,0.1061,1,audio,0.0
O03428,C01432,CE,sobral,canceled,2017-02-02 21:56:54,2017-02-03 01:56:54,,,0,,,2,557.08,54.4,0.0961,1,casa_jardim,0.0
O03477,C00234,RS,porto alegre,delivered,2017-07-19 20:17:08,2017-07-21 14:17:08,2017-08-06 20:17:08,2017-07-26 20:17:08,1,18,7,2,524.5,77.91,0.4755,1,carnes,0.0
O00023,C01285,RO,cacoal,unavailable,2016-10-06 22:45:08,2016-10-08 15:45:08,,,0,,,1,13.19,26.69,2.0235,1,alimentos_bebidas,0.0
O01456,C01897,PR,cascavel,delivered,2017-06-17 04:07:00,2017-06-17 06:07:00,2017-06-25 04:07:00,2017-06-26 04:07:00,0,8,9,1,161.13,36.65,0.2275,1,moveis_cozinha,0.0
O01756,C00002,DF,taguatinga,delivered,2017-01-07 11:01:06,2017-01-09 06:01:06,2017-01-24 11:01:06,2017-01-22 11:01:06,1,17,15,1,464.59,25.52,0.0549,1,ferramentas_jardim,0.0
O01900,C00962,AC,rio branco,shipped,2018-05-10 20:48:45,2018-05-11 02:48:45,,2018-06-01 20:48:45,0,,22,1,483.67,21.1,0.0436,1,moveis_jardim,0.0
O03114,C00399,RO,ariquemes,delivered,2018-09-14 23:04:56,2018-09-16 22:04:56,2018-10-06 23:04:56,2018-09-24 23:04:56,1,22,10,2,453.52,60.12,0.2202,1,casa_conforto,0.0
O01583,C00257,MG,montes claros,canceled,2016-09-01 12:47:57,2016-09-02 21:47:57,,,0,,,1,42.32,47.32,1.1181,1,casa_escritorio,0.0
O01835,C00588,AC,sena madureira,delivered,2017-10-01 17:14:09,2017-10-02 13:14:09,2017-10-18 17:14:09,2017-10-19 17:14:09,0,17,18,4,701.39,69.42,0.582,1,consoles_games,0.0
O03294,C00151,MT,tangara da serra,canceled,2017-01-16 03:12:11,2017-01-16 06:12:11,,,0,,,1,236.67,11.7,0.0494,1,fashion_roupa_feminina,0.0
O03341,C00879,MS,campo grande,shipped,2018-06-13 15:13:44,2018-06-14 14:13:44,,2018-07-04 15:13:44,0,,21,1,287.87,8.65,0.03,1,eletronicos,0.0
O03426,C01214,PE,caruaru,delivered,2017-12-20 18:04:17,2017-12-22 12:04:17,2018-01-07 18:04:17,2017-12-30 18:04:17,1,18,10,4,1281.61,93.7,0.0937,1,carnes,0.0
O03940,C00039,AM,itacoatiara,delivered,2017-12-06 02:35:09,2017-12-06 11:35:09,2017-12-27 02:35:09,2017-12-24 02:35:09,1,21,18,1,183.43,44.61,0.2432,1,casa_lavanderia,0.0
O04919,C01355,ES,linhares,shipped,2017-01-02 03:14:35,2017-01-03 01:14:35,,2017-01-25 03:14:35,0,,23,1,97.51,14.76,0.1514,1,moveis_decoracao,0.0
O00119,C01609,SE,itabaiana,canceled,2018-10-20 19:39:51,2018-10-22 14:39:51,,,0,,,1,292.51,45.85,0.1567,1,moda_roupa,0.0
O01459,C01312,RJ,duque de caxias,delivered,2017-12-16 00:03:40,2017-12-16 16:03:40,2017-12-23 00:03:40,2017-12-28 00:03:40,0,7,12,3,800.82,91.32,0.1866,1,automotivo,0.0
O01615,C00367,PR,ponta grossa,shipped,2016-11-12 22:43:57,2016-11-13 17:43:57,,2016-11-29 22:43:57,0,,17,2,334.16,42.88,0.1334,1,brinquedos,0.0
O02652,C00924,RS,caxias do sul,shipped,2017-06-18 22:43:00,2017-06-19 22:43:00,,2017-07-06 22:43:00,0,,18,2,782.78,59.77,0.0762,1,casa_garagem,0.0
O02721,C01795,RS,pelotas,unavailable,2018-09-25 20:19:13,2018-09-26 21:19:13,,,0,,,4,952.43,122.9,0.6311,1,artes,0.0
O03089,C01367,PA,castanhal,delivered,2016-10-17 03:20:34,2016-10-18 00:20:34,2016-11-13 03:20:34,2016-11-05 03:20:34,1,27,19,1,115.49,41.64,0.3606,1,flores,0.0
O03599,C01534,TO,paraíso do tocantins,delivered,2018-07-28 16:00:52,2018-07-29 10:00:52,2018-08-02 16:00:52,2018-08-11 16:00:52,0,5,14,1,167.75,44.61,0.2659,1,market_place,0.0
O04035,C00218,RN,parnamirim,delivered,2018-07-12 22:00:04,2018-07-14 11:00:04,2018-08-04 22:00:04,2018-07-30 22:00:04,1,23,18,2,350.85,75.01,0.2609,1,carnes,0.0
O04807,C01512,MA,caxias,shipped,2018-04-02 07:19:13,2018-04-03 20:19:13,,2018-04-12 07:19:13,0,,10,3,959.24,61.94,0.0611,1,casa_limpeza,0.0
O02848,C00951,RO,ji-parana,delivered,2017-07-15 21:40:47,2017-07-16 20:40:47,2017-07-30 21:40:47,2017-08-04 21:40:47,0,15,20,1,479.08,33.19,0.0693,1,moveis_sala,0.0
O03399,C01943,MA,imperatriz,delivered,2018-08-28 13:06:00,2018-08-30 04:06:00,2018-09-25 13:06:00,2018-09-12 13:06:00,1,28,15,1,434.81,20.97,0.0482,1,beleza_saude,0.0
O03677,C01702,AL,maceio,delivered,2017-11-05 10:49:14,2017-11-07 05:49:14,2017-11-10 10:49:14,2017-11-28 10:49:14,0,5,23,3,1096.24,91.68,0.1177,1,casa_conforto_2,0.0
O00753,C01745,SP,ribeirao preto,delivered,2017-08-19 14:38:12,2017-08-20 16:38:12,2017-09-11 14:38:12,2017-09-04 14:38:12,1,23,16,1,405.15,32.36,0.0799,1,carnes,0.0
O01112,C01575,RO,ji-parana,unavailable,2016-11-19 12:42:49,2016-11-20 20:42:49,,,0,,,1,134.45,18.16,0.1351,1,seguros_servicos,0.0
O01435,C00872,SC,sao jose,delivered,2017-06-10 23:00:29,2017-06-12 19:00:29,2017-06-22 23:00:29,2017-06-24 23:00:29,0,12,14,1,44.6,11.56,0.2592,1,moveis_escritorio,0.0
O01547,C00305,MT,cuiaba,delivered,2017-08-02 23:38:11,2017-08-04 07:38:11,2017-08-06 23:38:11,2017-08-22 23:38:11,0,4,20,1,212.09,31.13,0.1468,1,moveis_escritorio,0.0
O01570,C00949,MG,juiz de fora,shipped,2018-05-03 02:42:59,2018-05-04 16:42:59,,2018-05-23 02:42:59,0,,20,3,819.02,108.74,0.1343,1,casa_iluminacao,0.0
O01964,C01609,SE,itabaiana,delivered,2016-12-23 09:24:39,2016-12-24 05:24:39,2017-01-07 09:24:39,2017-01-15 09:24:39,0,15,23,1,368.64,43.13,0.117,1,utilidades_domesticas,0.0
O02662,C00963,SP,sao paulo,delivered,2017-03-25 16:03:11,2017-03-25 19:03:11,2017-04-14 16:03:11,2017-04-12 16:03:11,1,20,18,1,147.02,8.78,0.0597,1,casa_banheiro,0.0
O03085,C00569,MG,montes claros,delivered,2018-09-02 17:44:08,2018-09-03 14:44:08,2018-09-21 17:44:08,2018-09-13 17:44:08,1,19,11,2,452.57,55.41,0.1226,1,brinquedos,0.0
O04390,C00361,RR,alto alegre,delivered,2018-02-08 23:29:44,2018-02-09 08:29:44,2018-02-16 23:29:44,2018-03-01 23:29:44,0,8,21,1,225.42,19.23,0.0853,1,livros_interesse,0.0
O04636,C00065,CE,maracanau,delivered,2016-11-23 05:26:04,2016-11-23 15:26:04,2016-11-28 05:26:04,2016-11-28 05:26:04,0,5,5,1,490.28,46.44,0.0947,1,portateis_cozinha,0.0
O00109,C00222,AC,cruzeiro do sul,delivered,2017-10-31 12:37:21,2017-11-02 05:37:21,2017-11-17 12:37:21,2017-11-21 12:37:21,0,17,21,1,313.35,37.93,0.121,1,automotivo,0.0
O00646,C01432,CE,sobral,delivered,2017-10-14 19:49:35,2017-10-15 06:49:35,2017-11-10 19:49:35,2017-11-05 19:49:35,1,27,22,1,197.5,49.21,0.2492,1,casa_limpeza,0.0
O01794,C00639,TO,gurupi,delivered,2017-05-19 04:22:17,2017-05-20 06:22:17,2017-06-17 04:22:17,2017-05-31 04:22:17,1,29,12,3,1190.47,70.66,0.0597,1,artes,0.0
O01986,C01698,RO,ji-parana,shipped,2018-05-26 20:48:43,2018-05-27 07:48:43,,2018-06-04 20:48:43,0,,9,1,241.16,8.8,0.0365,1,cds_dvds_musicais,0.0
O04089,C01220,AP,oida,delivered,2017-07-04 10:47:03,2017-07-04 23:47:03,2017-07-08 10:47:03,2017-07-23 10:47:03,0,4,19,1,55.71,44.74,0.8031,1,portateis_cozinha,0.0
O04680,C01754,CE,fortaleza,canceled,2018-08-25 10:28:13,2018-08-25 17:28:13,,,0,,,1,181.58,10.74,0.0591,1,instrumentos_musicais,0.0
O04824,C01640,MA,timon,unavailable,2017-01-18 03:07:52,2017-01-19 01:07:52,,,0,,,1,159.96,47.09,0.2944,1,automotivo,0.0
O04869,C01213,RJ,duque de caxias,delivered,2018-08-18 21:21:55,2018-08-20 04:21:55,2018-09-05 21:21:55,2018-08-29 21:21:55,1,18,11,2,293.33,52.57,0.1753,1,construcao_ferramentas,0.0
O04916,C01567,AM,parintins,shipped,2017-04-03 12:06:55,2017-04-04 16:06:55,,2017-04-12 12:06:55,0,,9,1,129.8,36.89,0.2842,1,informatica_acessorios,0.0
O00456,C01294,ES,cariacica,unavailable,2018-09-26 19:28:14,2018-09-28 07:28:14,,,0,,,1,362.02,20.93,0.0578,1,casa_quarto,0.0
O00716,C01889,RN,parnamirim,shipped,2018-04-16 14:55:50,2018-04-17 04:55:50,,2018-04-24 14:55:50,0,,8,2,843.91,66.6,0.085,1,casa_utilidades,0.0
O01090,C00070,PR,ponta grossa,delivered,2018-03-20 18:42:29,2018-03-21 05:42:29,2018-04-03 18:42:29,2018-03-27 18:42:29,1,14,7,5,1335.66,176.73,0.716,1,artigos_nautica,0.0
O01889,C01422,MT,rondonopolis,unavailable,2017-01-13 21:48:04,2017-01-15 05:48:04,,,0,,,1,313.36,45.2,0.1442,1,moveis_colchao_estofado,0.0
O01907,C01597,AC,rio branco,delivered,2018-05-19 07:40:29,2018-05-20 14:40:29,2018-06-05 07:40:29,2018-06-01 07:40:29,1,17,13,1,101.52,19.29,0.19,1,moveis_sala,0.0
O02514,C01581,MA,sao luis,delivered,2018-09-21 11:22:02,2018-09-22 19:22:02,2018-10-09 11:22:02,2018-10-16 11:22:02,0,18,25,1,319.67,10.59,0.0331,1,casa_escritorio,0.0
O02667,C01275,TO,palmas,shipped,2017-10-11 11:29:07,2017-10-12 23:29:07,,2017-10-28 11:29:07,0,,17,3,477.23,111.89,0.8216,1,audio,0.0
O03104,C01132,AP,laranjal do jari,shipped,2018-01-16 00:23:08,2018-01-16 23:23:08,,2018-02-01 00:23:08,0,,16,2,588.12,55.88,0.0828,1,fashion_roupa_feminina,0.0
O03303,C01112,RO,vilhena,shipped,2017-08-03 16:48:05,2017-08-04 19:48:05,,2017-08-21 16:48:05,0,,18,1,388.42,6.11,0.0157,1,fashion_underwear,0.0
O04925,C01510,SE,estancia,delivered,2016-10-18 07:13:11,2016-10-19 16:13:11,2016-11-10 07:13:11,2016-10-31 07:13:11,1,23,13,1,124.34,48.89,0.3932,1,consoles_games,0.0
O00285,C01948,AL,arapiraca,delivered,2017-07-30 17:32:51,2017-07-30 18:32:51,2017-08-17 17:32:51,2017-08-21 17:32:51,0,18,22,1,255.63,49.82,0.1949,1,moveis_presentes,0.0
O00499,C01319,SE,aracaju,delivered,2017-05-01 03:30:37,2017-05-02 17:30:37,2017-05-14 03:30:37,2017-05-22 03:30:37,0,13,21,2,567.02,77.27,0.3014,1,casa_utilidades,0.0
O01901,C02000,GO,anapolis,delivered,2018-08-15 05:02:13,2018-08-15 08:02:13,2018-08-30 05:02:13,2018-09-08 05:02:13,0,15,24,1,265.97,20.55,0.0773,1,papelaria,0.0
O02067,C00446,MG,montes claros,delivered,2017-12-05 02:55:25,2017-12-06 21:55:25,2017-12-27 02:55:25,2017-12-14 02:55:25,1,22,9,5,1003.49,136.3,0.2689,1,alimentos_bebidas,0.0
O02149,C01939,AL,penedo,shipped,2017-01-20 23:48:34,2017-01-21 04:48:34,,2017-02-09 23:48:34,0,,20,1,134.18,35.12,0.2617,1,casa_limpeza,0.0
O02939,C00851,PE,olinda,canceled,2018-06-05 21:55:43,2018-06-07 01:55:43,,,0,,,1,207.94,48.63,0.2339,1,seguros_servicos,0.0
O04050,C00328,SE,aracaju,delivered,2017-10-09 03:40:00,2017-10-11 00:40:00,2017-10-20 03:40:00,2017-10-31 03:40:00,0,11,22,1,276.53,18.46,0.0668,1,casa_jardim,0.0
O04094,C00685,RN,natal,delivered,2018-06-19 21:53:16,2018-06-21 02:53:16,2018-06-29 21:53:16,2018-07-01 21:53:16,0,10,12,1,291.93,40.81,0.1398,1,informatica_acessorios,0.0
O04376,C00839,ES,vitoria,delivered,2018-05-18 13:59:28,2018-05-18 22:59:28,2018-06-12 13:59:28,2018-05-30 13:59:28,1,25,12,2,478.89,28.04,0.2551,1,consoles_games,0.0
O04557,C00569,MG,montes claros,shipped,2016-12-23 09:03:09,2016-12-25 08:03:09,,2017-01-12 09:03:09,0,,20,1,451.3,48.08,0.1065,1,casa_limpeza,0.0
O01292,C00892,PA,maraba,delivered,2016-11-12 00:21:59,2016-11-13 10:21:59,2016-11-18 00:21:59,2016-11-21 00:21:59,0,6,9,1,267.55,49.51,0.185,1,casa_utilidades,0.0
O01694,C01135,DF,taguatinga,delivered,2017-04-07 18:24:01,2017-04-08 19:24:01,2017-04-28 18:24:01,2017-04-30 18:24:01,0,21,23,1,139.23,41.8,0.3002,1,la_cuisine,0.0
O02056,C01742,SC,florianopolis,shipped,2017-04-24 21:00:21,2017-04-25 04:00:21,,2017-05-04 21:00:21,0,,10,1,291.42,32.88,0.1128,1,fashion_roupa_feminina,0.0
O02215,C00186,CE,caucaia,canceled,2018-03-24 16:14:23,2018-03-26 09:14:23,,,0,,,4,1621.4,127.74,0.0892,1,fashion_esporte,0.0
O03455,C01568,DF,brasilia,canceled,2018-02-18 04:27:54,2018-02-19 17:27:54,,,0,,,1,428.35,15.18,0.0354,1,seguros_servicos,0.0
O03840,C00842,AL,arapiraca,shipped,2018-10-18 05:10:14,2018-10-19 10:10:14,,2018-11-10 05:10:14,0,,23,1,197.35,45.79,0.232,1,artes,0.0
O00327,C01628,MS,corumba,delivered,2018-09-30 05:03:32,2018-10-01 16:03:32,2018-10-23 05:03:32,2018-10-12 05:03:32,1,23,12,1,118.31,46.35,0.3918,1,carnes,0.0
O01120,C01789,RN,parnamirim,canceled,2017-03-08 15:38:39,2017-03-08 16:38:39,,,0,,,3,716.46,71.04,0.1814,1,automotivo,0.0
O01278,C00230,TO,araguaina,delivered,2017-03-18 16:43:08,2017-03-20 07:43:08,2017-03-21 16:43:08,2017-03-30 16:43:08,0,3,12,1,199.97,11.19,0.056,1,casa_utilidades,0.0
O02034,C01673,MA,timon,canceled,2017-07-01 16:50:36,2017-07-02 05:50:36,,,0,,,3,714.77,63.73,0.1355,1,beleza_saude,0.0
O02686,C00157,PB,bayeux,delivered,2016-12-20 17:58:29,2016-12-22 00:58:29,2017-01-14 17:58:29,2017-01-11 17:58:29,1,25,22,1,63.44,14.86,0.2342,1,fashion_bolsas,0.0
O03265,C01225,PA,santarem,shipped,2018-08-09 22:15:38,2018-08-11 10:15:38,,2018-08-20 22:15:38,0,,11,2,588.53,75.89,0.1793,1,carnes,0.0
O03319,C01768,AC,feijo,delivered,2018-03-02 13:23:31,2018-03-03 15:23:31,2018-03-07 13:23:31,2018-03-24 13:23:31,0,5,22,5,1615.11,88.05,0.0577,1,artigos_nautica,0.0
O03816,C00793,MT,cuiaba,delivered,2017-12-06 22:52:11,2017-12-08 16:52:11,2017-12-21 22:52:11,2017-12-19 22:52:11,1,15,13,2,303.76,19.72,0.0655,1,casa_banheiro,0.0
O04199,C00934,PI,teresina,delivered,2018-07-24 08:48:10,2018-07-26 01:48:10,2018-08-07 08:48:10,2018-08-06 08:48:10,1,14,13,1,385.9,14.21,0.0368,1,casa_banheiro,0.0
O04316,C00041,MS,campo grande,shipped,2018-07-16 12:05:37,2018-07-16 13:05:37,,2018-07-24 12:05:37,0,,8,3,884.45,70.96,0.0814,1,artes,0.0
O01790,C01628,MS,corumba,shipped,2017-03-31 09:28:13,2017-04-02 01:28:13,,2017-04-14 09:28:13,0,,14,2,456.61,65.69,1.1727,1,la_cuisine,0.0
O02182,C01443,PA,castanhal,delivered,2017-01-11 00:26:50,2017-01-12 11:26:50,2017-02-04 00:26:50,2017-02-01 00:26:50,1,24,21,1,247.42,21.41,0.0865,0,casa_construcao,0.0
O02211,C00422,AC,rio branco,delivered,2018-04-12 22:25:06,2018-04-14 00:25:06,2018-04-29 22:25:06,2018-04-19 22:25:06,1,17,7,1,170.06,6.41,0.0377,1,fashion_bolsas,0.0
O02242,C01032,SC,joinville,delivered,2016-12-10 23:35:26,2016-12-12 08:35:26,2016-12-30 23:35:26,2016-12-30 23:35:26,0,20,20,1,121.03,36.15,0.2987,1,casa_garagem,0.0
O02287,C00230,TO,araguaina,delivered,2018-04-17 19:52:10,2018-04-17 22:52:10,2018-04-23 19:52:10,2018-05-10 19:52:10,0,6,23,1,429.18,25.98,0.0605,1,la_cuisine,0.0
O02600,C00186,CE,caucaia,shipped,2018-08-12 18:22:12,2018-08-14 18:22:12,,2018-08-17 18:22:12,0,,5,2,797.52,63.48,0.0784,1,construcao_ferramentas,0.0
O04518,C01024,PB,santa rita,unavailable,2018-08-04 06:39:11,2018-08-04 12:39:11,,,0,,,1,322.52,5.76,0.0179,1,casa_conforto,0.0
O04524,C00312,RO,ji-parana,canceled,2018-10-12 08:27:57,2018-10-12 18:27:57,,,0,,,1,152.47,28.17,0.1848,1,perfumaria,0.0
O00058,C00195,PA,anamideua,delivered,2018-06-07 19:15:42,2018-06-09 18:15:42,2018-06-20 19:15:42,2018-06-23 19:15:42,0,13,16,1,292.89,30.59,0.1044,1,alimentos_bebidas,5.0
O00086,C00603,AL,rio largo,delivered,2017-06-22 07:11:39,2017-06-23 09:11:39,2017-07-03 07:11:39,2017-07-13 07:11:39,0,11,21,1,63.09,13.54,0.2146,1,moveis_escritorio,4.0
O00088,C01324,TO,gurupi,delivered,2017-09-22 17:18:50,2017-09-23 01:18:50,2017-09-26 17:18:50,2017-09-28 17:18:50,0,4,6,1,248.93,22.97,0.0923,1,bebes,2.0
O00101,C01588,AL,rio largo,delivered,2017-01-24 21:13:20,2017-01-25 04:13:20,2017-02-19 21:13:20,2017-02-08 21:13:20,1,26,15,1,131.17,22.35,0.1704,1,sinalizacao_seguranca,3.0
O00122,C00510,AC,rio branco,delivered,2018-04-24 00:06:07,2018-04-25 04:06:07,2018-04-30 00:06:07,2018-05-07 00:06:07,0,6,13,2,345.82,60.74,0.1734,1,fashion_roupa_feminina,4.0
O00139,C01517,DF,ceilandia,delivered,2018-10-10 10:17:45,2018-10-10 19:17:45,2018-11-03 10:17:45,2018-11-04 10:17:45,0,24,25,1,159.23,36.79,0.231,1,cool_stuff,5.0
O00145,C00829,DF,samambaia,delivered,2018-09-22 10:22:15,2018-09-22 22:22:15,2018-10-21 10:22:15,2018-10-14 10:22:15,1,29,22,1,174.75,20.03,0.1146,0,relogios_presentes,3.0
O00148,C00350,SE,aracaju,delivered,2017-07-09 05:37:41,2017-07-10 12:37:41,2017-07-21 05:37:41,2017-07-17 05:37:41,1,12,8,2,652.03,72.77,0.1214,1,construcao_ferramentas,4.0
O00156,C00800,GO,rio verde,delivered,2016-12-07 12:04:39,2016-12-08 00:04:39,2016-12-21 12:04:39,2017-01-01 12:04:39,0,14,25,2,721.31,68.74,0.0989,1,fashion_roupa_masculina,5.0
O00157,C01473,AC,cruzeiro do sul,delivered,2018-02-10 01:41:17,2018-02-11 07:41:17,2018-03-10 01:41:17,2018-02-19 01:41:17,1,28,9,2,188.79,71.91,0.487,1,artigos_nautica,3.0
O00163,C01023,RR,mucajai,delivered,2018-09-11 01:57:51,2018-09-11 22:57:51,2018-10-08 01:57:51,2018-09-23 01:57:51,1,27,12,1,438.52,29.21,0.0666,1,moveis_sala,2.0
O00199,C00644,AM,parintins,delivered,2018-02-26 04:32:52,2018-02-27 19:32:52,2018-03-08 04:32:52,2018-03-12 04:32:52,0,10,14,1,288.47,44.32,0.1536,1,casa_outros,5.0
O00214,C01864,PA,santarem,delivered,2018-02-05 07:07:35,2018-02-06 00:07:35,2018-02-26 07:07:35,2018-02-16 07:07:35,1,21,11,1,236.22,46.32,0.1961,1,perfumaria,2.0
O00217,C01654,GO,goiania,delivered,2017-02-17 15:39:05,2017-02-19 03:39:05,2017-03-15 15:39:05,2017-03-03 15:39:05,1,26,14,2,660.35,50.28,0.0827,1,casa_lavanderia,5.0
O00224,C01713,MA,imperatriz,delivered,2017-10-16 21:55:43,2017-10-17 09:55:43,2017-10-19 21:55:43,2017-11-04 21:55:43,0,3,19,1,136.16,45.23,0.3322,1,moveis_colchao_estofado,5.0
O00243,C01123,PR,cascavel,delivered,2018-06-12 11:09:23,2018-06-13 22:09:23,2018-07-12 11:09:23,2018-07-03 11:09:23,1,30,21,1,61.15,46.01,0.7524,1,casa_outros,5.0
O00255,C01795,RS,pelotas,delivered,2018-08-07 08:55:29,2018-08-07 09:55:29,2018-08-23 08:55:29,2018-08-20 08:55:29,1,16,13,1,43.45,27.9,0.6421,1,audio,5.0
O00259,C00495,BA,feira de santana,delivered,2017-11-30 18:26:33,2017-12-01 02:26:33,2017-12-29 18:26:33,2017-12-15 18:26:33,1,29,15,1,446.6,49.56,0.111,1,construcao_ferramentas,1.0
O00261,C01946,RN,natal,delivered,2018-07-30 08:01:52,2018-07-31 11:01:52,2018-08-25 08:01:52,2018-08-17 08:01:52,1,26,18,3,814.52,94.16,0.6426,1,casa_escritorio,2.0
O00268,C00882,PR,londrina,delivered,2017-11-07 06:08:38,2017-11-08 19:08:38,2017-11-20 06:08:38,2017-11-15 06:08:38,1,13,8,1,382.55,37.6,0.0983,1,sinalizacao_seguranca,4.0
O00275,C00874,RS,pelotas,delivered,2018-07-24 00:15:57,2018-07-25 10:15:57,2018-08-10 00:15:57,2018-08-07 00:15:57,1,17,14,2,599.29,66.86,0.1757,0,malas_acessorios,4.0
O00288,C00992,BA,feira de santana,delivered,2017-06-07 17:17:05,2017-06-08 13:17:05,2017-06-19 17:17:05,2017-06-27 17:17:05,0,12,20,3,656.76,97.97,0.1487,1,casa_conforto,5.0
O00292,C00667,SP,guarulhos,delivered,2017-09-20 07:36:03,2017-09-22 02:36:03,2017-09-28 07:36:03,2017-10-09 07:36:03,0,8,19,1,449.45,9.88,0.022,1,livros_interesse,5.0
O00293,C01959,RJ,niteroi,delivered,2018-01-09 09:40:32,2018-01-11 04:40:32,2018-02-03 09:40:32,2018-01-26 09:40:32,1,25,17,1,138.79,5.97,0.043,1,automotivo,4.0
O00300,C01794,PI,floriano,delivered,2017-05-17 16:52:48,2017-05-19 03:52:48,2017-06-09 16:52:48,2017-05-25 16:52:48,1,23,8,2,519.57,67.71,0.1507,1,artes,2.0
O00312,C00042,AM,parintins,delivered,2016-09-23 21:36:48,2016-09-25 21:36:48,2016-10-15 21:36:48,2016-10-02 21:36:48,1,22,9,1,325.17,19.12,0.0588,1,casa_garagem,2.0
O00314,C01608,TO,palmas,delivered,2018-01-16 21:24:26,2018-01-18 01:24:26,2018-01-19 21:24:26,2018-01-30 21:24:26,0,3,14,1,17.1,47.96,2.8047,1,portateis_cozinha,5.0
O00333,C00818,MA,imperatriz,delivered,2016-09-15 09:10:58,2016-09-16 04:10:58,2016-09-27 09:10:58,2016-09-28 09:10:58,0,12,13,1,205.01,27.51,0.1342,1,eletronicos,5.0
O00338,C00337,MG,juiz de fora,delivered,2018-09-07 03:10:11,2018-09-07 04:10:11,2018-09-15 03:10:11,2018-09-16 03:10:11,0,8,9,1,466.6,44.81,0.096,1,perfumaria,5.0
O00359,C01492,CE,caucaia,delivered,2018-06-21 18:46:16,2018-06-22 08:46:16,2018-06-30 18:46:16,2018-07-08 18:46:16,0,9,17,2,566.74,29.12,0.1097,1,moveis_decoracao,5.0
O00366,C01245,RR,alto alegre,delivered,2018-08-08 00:16:09,2018-08-09 08:16:09,2018-09-03 00:16:09,2018-09-02 00:16:09,1,26,25,2,958.11,64.9,0.0678,1,casa_limpeza,5.0
O00371,C00682,TO,paraíso do tocantins,delivered,2018-01-05 15:14:24,2018-01-07 13:14:24,2018-01-26 15:14:24,2018-01-21 15:14:24,1,21,16,1,255.58,21.52,0.0842,1,fraldas_higiene,3.0
O00372,C01058,GO,aparecida de goiania,delivered,2016-09-23 00:20:27,2016-09-24 19:20:27,2016-10-22 00:20:27,2016-09-29 00:20:27,1,29,6,1,127.83,9.47,0.0741,1,casa_conforto_2,4.0
O00385,C00532,RR,boa vista,delivered,2018-07-15 21:24:48,2018-07-16 14:24:48,2018-07-29 21:24:48,2018-08-07 21:24:48,0,14,23,1,331.83,37.97,0.1144,1,la_cuisine,5.0
O00393,C00763,AP,macapa,delivered,2018-04-11 01:30:42,2018-04-12 20:30:42,2018-04-15 01:30:42,2018-04-26 01:30:42,0,4,15,2,700.18,53.82,0.0936,1,fashion_underwear,4.0
O00396,C01871,RO,vilhena,delivered,2018-03-11 03:22:35,2018-03-11 23:22:35,2018-03-31 03:22:35,2018-03-21 03:22:35,1,20,10,1,93.85,32.67,0.3481,1,perfumaria,3.0
O00410,C01407,AC,sena madureira,delivered,2018-05-06 03:08:52,2018-05-08 00:08:52,2018-05-24 03:08:52,2018-05-23 03:08:52,1,18,17,1,319.07,9.03,0.0283,1,seguros_servicos,3.0
O00414,C01001,PB,joao pessoa,delivered,2016-10-12 18:45:56,2016-10-13 09:45:56,2016-10-20 18:45:56,2016-10-24 18:45:56,0,8,12,1,73.33,30.4,0.4146,1,flores,4.0
O00417,C00385,PE,jaboatao,delivered,2016-11-08 17:40:55,2016-11-09 07:40:55,2016-11-13 17:40:55,2016-11-23 17:40:55,0,5,15,1,235.62,11.12,0.0472,1,casa_utilidades,4.0
O00418,C00787,PR,ponta grossa,delivered,2017-06-07 10:15:00,2017-06-08 14:15:00,2017-06-19 10:15:00,2017-06-24 10:15:00,0,12,17,3,703.89,96.1,0.448,1,eletrodomesticos_2,5.0
O00427,C00229,RJ,rio de janeiro,delivered,2017-06-05 19:37:19,2017-06-06 23:37:19,2017-06-20 19:37:19,2017-06-12 19:37:19,1,15,7,1,391.98,10.25,0.0261,1,casa_jardim,1.0
O00450,C00453,TO,porto nacional,delivered,2016-12-08 23:44:43,2016-12-10 15:44:43,2017-01-02 23:44:43,2017-01-01 23:44:43,1,25,24,1,166.03,11.25,0.0678,1,casa_banheiro,1.0
O00459,C00061,RO,vilhena,delivered,2017-05-01 04:23:30,2017-05-02 20:23:30,2017-05-23 04:23:30,2017-05-17 04:23:30,1,22,16,1,354.14,32.4,0.0915,1,moda_roupa,4.0
O00461,C00048,DF,brasilia,delivered,2017-11-16 00:05:59,2017-11-17 12:05:59,2017-11-26 00:05:59,2017-12-03 00:05:59,0,10,17,1,425.82,14.4,0.0338,1,market_place,5.0
O00465,C01127,AP,oida,delivered,2018-05-28 14:35:14,2018-05-29 13:35:14,2018-06-13 14:35:14,2018-06-21 14:35:14,0,16,24,1,177.09,41.38,0.2337,1,fashion_underwear,5.0
O00471,C01189,BA,salvador,delivered,2018-06-12 11:53:38,2018-06-13 14:53:38,2018-07-05 11:53:38,2018-06-17 11:53:38,1,23,5,3,879.26,66.31,0.081,1,cool_stuff,2.0
O00473,C01228,MG,contagem,delivered,2018-05-29 00:14:47,2018-05-29 02:14:47,2018-06-08 00:14:47,2018-06-08 00:14:47,0,10,10,2,490.01,71.82,0.4892,1,construcao_ferramentas,3.0
O00474,C01166,MG,juiz de fora,delivered,2018-09-04 02:12:43,2018-09-05 22:12:43,2018-09-18 02:12:43,2018-09-09 02:12:43,1,14,5,2,733.53,65.59,0.098,1,flores,4.0
O00484,C00600,MS,ponta pora,delivered,2018-05-12 21:18:24,2018-05-14 20:18:24,2018-05-26 21:18:24,2018-05-29 21:18:24,0,14,17,1,44.46,10.89,0.2449,1,livros_interesse,1.0
O00509,C00468,BA,vitoria da conquista,delivered,2018-08-10 11:22:29,2018-08-10 23:22:29,2018-09-01 11:22:29,2018-08-23 11:22:29,1,22,13,4,1181.86,122.96,0.104,1,casa_limpeza,4.0
O00522,C01937,BA,itabuna,delivered,2017-06-11 00:10:23,2017-06-12 08:10:23,2017-06-30 00:10:23,2017-07-01 00:10:23,0,19,20,1,200.12,23.33,0.1166,1,malas_acessorios,5.0
O00548,C00960,SC,blumenau,delivered,2017-08-20 16:36:38,2017-08-21 22:36:38,2017-08-29 16:36:38,2017-09-02 16:36:38,0,9,13,2,76.89,63.67,0.8195,1,moveis_decoracao,5.0
O00550,C00812,PE,caruaru,delivered,2018-09-26 12:43:22,2018-09-26 16:43:22,2018-09-30 12:43:22,2018-10-17 12:43:22,0,4,21,3,886.78,63.47,0.1089,1,bebes,4.0
O00557,C01333,RR,caracarai,delivered,2018-01-27 07:18:09,2018-01-27 12:18:09,2018-02-17 07:18:09,2018-02-11 07:18:09,1,21,15,1,433.09,8.46,0.0195,1,cool_stuff,4.0
O00574,C00015,ES,linhares,delivered,2018-04-14 08:30:46,2018-04-15 11:30:46,2018-05-14 08:30:46,2018-04-22 08:30:46,1,30,8,2,302.06,39.86,0.2114,1,alimentos_bebidas,3.0
O00579,C01157,RO,ariquemes,delivered,2016-09-15 09:45:28,2016-09-15 18:45:28,2016-09-22 09:45:28,2016-10-05 09:45:28,0,7,20,1,308.11,26.01,0.0844,1,telefonia,4.0
O00583,C00748,AM,manaus,delivered,2017-02-17 22:24:48,2017-02-18 09:24:48,2017-02-26 22:24:48,2017-03-03 22:24:48,0,9,14,1,165.8,30.89,0.1863,1,carnes,4.0
O00589,C00851,PE,olinda,delivered,2018-07-17 03:53:32,2018-07-17 12:53:32,2018-08-14 03:53:32,2018-08-11 03:53:32,1,28,25,1,163.62,25.18,0.1539,1,moda_roupa,3.0
O00592,C01010,AP,laranjal do jari,delivered,2017-07-02 22:06:48,2017-07-03 07:06:48,2017-07-09 22:06:48,2017-07-11 22:06:48,0,7,9,5,1667.48,181.23,0.1274,1,alimentos_bebidas,4.0
O00595,C00674,MT,tangara da serra,delivered,2018-08-19 22:10:10,2018-08-21 17:10:10,2018-09-07 22:10:10,2018-09-11 22:10:10,0,19,23,1,355.77,13.12,0.0369,1,la_cuisine,4.0
O00610,C01789,RN,parnamirim,delivered,2018-02-23 00:22:16,2018-02-23 20:22:16,2018-03-15 00:22:16,2018-03-02 00:22:16,1,20,7,1,219.63,38.12,0.1736,1,papelaria,1.0
O00616,C01760,AC,feijo,delivered,2017-08-18 11:29:26,2017-08-20 09:29:26,2017-09-09 11:29:26,2017-09-05 11:29:26,1,22,18,1,315.6,44.86,0.1421,1,casa_jardim,2.0
O00620,C00428,RS,caxias do sul,delivered,2016-12-13 19:02:11,2016-12-13 23:02:11,2016-12-20 19:02:11,2016-12-22 19:02:11,0,7,9,2,844.26,59.19,0.072,1,casa_limpeza,5.0
O00625,C01558,PR,ponta grossa,delivered,2018-01-22 16:56:45,2018-01-22 17:56:45,2018-02-10 16:56:45,2018-02-05 16:56:45,1,19,14,1,467.25,36.58,0.0783,1,automotivo,4.0
O00647,C01328,SE,itabaiana,delivered,2018-01-14 00:35:56,2018-01-16 00:35:56,2018-01-28 00:35:56,2018-01-24 00:35:56,1,14,10,1,99.5,22.53,0.2264,1,moveis_quarto,4.0
O00662,C01793,SE,estancia,delivered,2017-08-17 19:39:05,2017-08-19 00:39:05,2017-08-26 19:39:05,2017-08-26 19:39:05,0,9,9,2,58.23,80.62,2.0118,1,construcao_ferramentas,5.0
O00670,C00264,RN,sao goncalo do amarante,delivered,2017-01-29 02:18:25,2017-01-30 11:18:25,2017-02-18 02:18:25,2017-02-13 02:18:25,1,20,15,2,474.14,57.61,0.1171,1,perfumaria,3.0
O00681,C01204,CE,maracanau,delivered,2017-03-05 22:07:11,2017-03-06 03:07:11,2017-03-24 22:07:11,2017-03-23 22:07:11,1,19,18,1,427.09,40.77,0.0955,1,casa_construcao,1.0
O00688,C00823,AL,maceio,delivered,2017-07-09 15:10:55,2017-07-10 06:10:55,2017-08-01 15:10:55,2017-08-03 15:10:55,0,23,25,1,44.05,19.18,0.4354,1,eletronicos,3.0
O00703,C00203,SC,criciuma,delivered,2017-01-20 06:59:28,2017-01-22 01:59:28,2017-02-08 06:59:28,2017-02-12 06:59:28,0,19,23,1,381.49,33.07,0.0867,1,flores,5.0
O00712,C00108,AL,maceio,delivered,2018-07-06 21:23:15,2018-07-08 21:23:15,2018-08-05 21:23:15,2018-07-16 21:23:15,1,30,10,1,484.81,6.82,0.0141,1,casa_quarto,4.0
O00720,C01807,ES,vitoria,delivered,2018-06-19 20:38:24,2018-06-21 16:38:24,2018-07-19 20:38:24,2018-07-14 20:38:24,1,30,25,3,1257.19,61.85,0.0479,1,casa_cozinha,1.0
O00761,C01351,CE,caucaia,delivered,2018-04-20 23:23:17,2018-04-22 09:23:17,2018-05-07 23:23:17,2018-04-25 23:23:17,1,17,5,1,314.73,42.06,0.1336,1,cool_stuff,2.0
O00764,C00309,DF,samambaia,delivered,2018-06-01 21:59:33,2018-06-02 18:59:33,2018-07-01 21:59:33,2018-06-10 21:59:33,1,30,9,1,183.67,43.28,0.2356,1,pc_gamer,3.0
O00774,C01414,MG,juiz de fora,delivered,2017-09-23 09:55:31,2017-09-23 17:55:31,2017-09-30 09:55:31,2017-10-12 09:55:31,0,7,19,1,407.02,47.83,0.1175,1,la_cuisine,5.0
O00820,C00950,PI,campo maior,delivered,2018-08-23 09:48:36,2018-08-24 14:48:36,2018-09-18 09:48:36,2018-09-09 09:48:36,1,26,17,1,190.44,24.04,0.1262,1,perfumaria,2.0
O00822,C00306,MS,dourados,delivered,2018-05-14 11:23:30,2018-05-15 11:23:30,2018-06-11 11:23:30,2018-05-24 11:23:30,1,28,10,1,442.95,19.67,0.0444,1,pc_gamer,3.0
O00825,C00325,RR,caracarai,delivered,2017-12-16 12:07:30,2017-12-18 00:07:30,2017-12-25 12:07:30,2018-01-05 12:07:30,0,9,20,2,769.56,51.42,0.0697,1,dvds_blu_ray,4.0
O00844,C00993,PR,curitiba,delivered,2018-01-02 01:02:32,2018-01-03 16:02:32,2018-01-11 01:02:32,2018-01-27 01:02:32,0,9,25,3,773.79,57.88,0.0738,1,casa_sala,5.0
O00851,C00566,ES,vitoria,delivered,2017-07-05 05:47:54,2017-07-07 03:47:54,2017-07-17 05:47:54,2017-07-15 05:47:54,1,12,10,4,1621.04,101.45,0.0614,1,casa_escritorio,2.0
O00860,C00167,TO,araguaina,delivered,2018-06-04 00:24:03,2018-06-04 22:24:03,2018-06-22 00:24:03,2018-06-21 00:24:03,1,18,17,1,22.95,26.52,1.1556,1,moda_roupa,2.0
O00869,C00074,AM,parintins,delivered,2017-07-22 09:59:35,2017-07-23 00:59:35,2017-07-25 09:59:35,2017-08-07 09:59:35,0,3,16,1,144.34,25.48,0.1765,1,casa_outros,5.0
O00911,C01115,AP,laranjal do jari,delivered,2016-11-05 05:04:08,2016-11-06 15:04:08,2016-11-08 05:04:08,2016-11-18 05:04:08,0,3,13,2,333.17,36.27,0.3506,1,carnes,5.0
O00931,C00071,MS,dourados,delivered,2018-01-15 13:33:34,2018-01-16 09:33:34,2018-02-09 13:33:34,2018-02-03 13:33:34,1,25,19,3,690.06,85.09,0.1901,1,cool_stuff,3.0
O00934,C00949,MG,juiz de fora,delivered,2017-11-01 19:05:32,2017-11-03 16:05:32,2017-11-29 19:05:32,2017-11-23 19:05:32,1,28,22,1,389.26,9.23,0.0237,1,casa_escritorio,1.0
O00941,C00208,RO,vilhena,delivered,2017-05-14 10:31:01,2017-05-14 19:31:01,2017-06-05 10:31:01,2017-06-06 10:31:01,0,22,23,1,76.17,32.13,0.4218,1,moveis_decoracao,4.0
O00944,C00069,BA,feira de santana,delivered,2017-11-08 06:13:40,2017-11-09 10:13:40,2017-11-24 06:13:40,2017-11-15 06:13:40,1,16,7,1,162.39,16.77,0.1033,1,beleza_saude,3.0
O00948,C00914,AP,macapa,delivered,2018-04-03 22:15:41,2018-04-05 10:15:41,2018-04-08 22:15:41,2018-04-13 22:15:41,0,5,10,1,336.84,17.29,0.0513,1,casa_outros,4.0
O00957,C00338,AL,maceio,delivered,2017-09-19 19:21:21,2017-09-21 12:21:21,2017-10-18 19:21:21,2017-10-14 19:21:21,1,29,25,2,782.34,72.88,0.0928,1,papelaria,1.0
O00973,C01574,ES,vila velha,delivered,2017-04-05 08:38:52,2017-04-07 05:38:52,2017-04-29 08:38:52,2017-04-21 08:38:52,1,24,16,1,424.56,15.61,0.0368,1,cool_stuff,1.0
O01011,C00747,AP,macapa,delivered,2016-11-14 12:46:08,2016-11-15 03:46:08,2016-11-22 12:46:08,2016-11-21 12:46:08,1,8,7,1,315.98,45.96,0.1455,1,sinalizacao_seguranca,1.0
O01019,C01559,MG,uberlandia,delivered,2018-03-28 02:43:45,2018-03-30 01:43:45,2018-04-17 02:43:45,2018-04-07 02:43:45,1,20,10,2,473.35,28.46,0.0596,1,casa_jardim,4.0
O01028,C00956,PE,caruaru,delivered,2018-03-04 19:40:16,2018-03-06 10:40:16,2018-04-02 19:40:16,2018-03-21 19:40:16,1,29,17,1,326.33,17.96,0.055,1,eletronicos,3.0
O01039,C00767,MA,caxias,delivered,2016-11-22 12:25:57,2016-11-23 11:25:57,2016-12-07 12:25:57,2016-12-17 12:25:57,0,15,25,3,404.99,34.66,0.0798,1,construcao_ferramentas,5.0
O01046,C00711,PB,campina grande,delivered,2018-01-21 06:28:03,2018-01-22 01:28:03,2018-02-18 06:28:03,2018-02-11 06:28:03,1,28,21,1,305.31,44.52,0.1458,1,casa_banheiro,4.0
O01054,C00002,DF,taguatinga,delivered,2016-12-12 21:10:07,2016-12-13 08:10:07,2016-12-23 21:10:07,2017-01-01 21:10:07,0,11,20,1,64.85,34.23,0.5278,1,casa_utilidades,5.0
O01059,C01368,AL,rio largo,delivered,2017-11-08 08:33:16,2017-11-09 23:33:16,2017-11-18 08:33:16,2017-11-20 08:33:16,0,10,12,1,51.68,19.43,0.376,1,casa_banheiro,5.0
O01068,C00684,PR,cascavel,delivered,2018-03-30 08:46:15,2018-03-30 16:46:15,2018-04-17 08:46:15,2018-04-19 08:46:15,0,18,20,1,228.72,21.76,0.0951,1,ferramentas_jardim,5.0
O01075,C01391,SC,joinville,delivered,2018-03-09 23:15:50,2018-03-11 18:15:50,2018-03-13 23:15:50,2018-03-19 23:15:50,0,4,10,1,459.44,29.83,0.0649,0,sinalizacao_seguranca,5.0
O01079,C00147,PI,picos,delivered,2017-11-16 20:52:22,2017-11-17 05:52:22,2017-12-08 20:52:22,2017-11-29 20:52:22,1,22,13,1,117.4,8.16,0.0695,0,fashion_esporte,4.0
O01087,C00306,MS,dourados,delivered,2016-12-24 02:07:19,2016-12-24 21:07:19,2017-01-18 02:07:19,2017-01-08 02:07:19,1,25,15,4,617.48,107.74,0.2686,1,bebes,2.0
O01107,C00543,MA,timon,delivered,2017-12-11 11:20:35,2017-12-13 05:20:35,2018-01-09 11:20:35,2017-12-23 11:20:35,1,29,12,1,127.73,20.22,0.1583,1,moveis_quarto,1.0
O01110,C00098,PI,campo maior,delivered,2016-12-28 05:25:35,2016-12-28 23:25:35,2017-01-17 05:25:35,2017-01-15 05:25:35,1,20,18,2,701.77,55.64,0.0796,1,fashion_underwear,2.0
O01122,C00249,RO,ji-parana,delivered,2018-10-18 10:36:56,2018-10-19 21:36:56,2018-10-24 10:36:56,2018-11-07 10:36:56,0,6,20,1,429.67,20.78,0.0484,1,casa_banheiro,4.0
O01141,C01998,RO,porto velho,delivered,2018-03-20 02:53:48,2018-03-20 07:53:48,2018-04-15 02:53:48,2018-04-03 02:53:48,1,26,14,1,343.57,16.52,0.0481,1,livros_interesse,5.0
O01149,C00639,TO,gurupi,delivered,2018-06-15 17:06:58,2018-06-15 23:06:58,2018-06-26 17:06:58,2018-06-21 17:06:58,1,11,6,1,156.83,13.0,0.0829,1,portateis_casa_forno_cafe,3.0
O01159,C00552,RS,caxias do sul,delivered,2017-09-22 20:32:11,2017-09-24 12:32:11,2017-09-28 20:32:11,2017-10-10 20:32:11,0,6,18,2,936.13,57.27,0.0611,1,casa_outros,5.0
O01169,C00299,RR,caracarai,delivered,2017-07-19 05:22:18,2017-07-20 06:22:18,2017-08-18 05:22:18,2017-07-31 05:22:18,1,30,12,1,216.94,24.7,0.1139,1,telefonia,4.0
O01172,C01533,GO,luziania,delivered,2018-08-14 15:21:02,2018-08-16 01:21:02,2018-08-30 15:21:02,2018-08-22 15:21:02,1,16,8,2,772.89,63.68,0.0834,1,cama_mesa_banho,1.0
O01181,C01529,DF,ceilandia,delivered,2018-05-21 03:34:35,2018-05-21 05:34:35,2018-05-27 03:34:35,2018-06-02 03:34:35,0,6,12,1,462.13,36.85,0.0797,1,moveis_decoracao,5.0
O01199,C00343,SE,aracaju,delivered,2016-09-10 20:59:28,2016-09-12 04:59:28,2016-09-19 20:59:28,2016-09-28 20:59:28,0,9,18,3,699.84,70.25,0.1001,1,fashion_roupa_feminina,5.0
O01214,C00572,AP,porto grande,delivered,2018-01-04 11:16:30,2018-01-05 04:16:30,2018-01-30 11:16:30,2018-01-09 11:16:30,1,26,5,2,425.24,69.06,0.1654,1,fraldas_higiene,3.0
O01221,C01758,ES,linhares,delivered,2016-12-25 05:22:02,2016-12-25 21:22:02,2016-12-30 05:22:02,2017-01-09 05:22:02,0,5,15,4,1191.61,97.51,0.0747,1,beleza_saude,5.0
O01225,C01280,RJ,rio de janeiro,delivered,2018-07-20 03:54:56,2018-07-20 08:54:56,2018-08-12 03:54:56,2018-08-11 03:54:56,1,23,22,2,616.56,52.65,0.078,1,casa_construcao,4.0
O01226,C00165,PE,jaboatao,delivered,2018-01-13 23:09:17,2018-01-15 05:09:17,2018-01-24 23:09:17,2018-01-28 23:09:17,0,11,15,2,153.96,38.96,0.2469,1,carnes,5.0
O01234,C01106,RN,natal,delivered,2018-09-11 15:35:05,2018-09-12 10:35:05,2018-10-08 15:35:05,2018-09-18 15:35:05,1,27,7,1,376.84,41.98,0.1114,1,consoles_games,4.0
O01266,C01747,RR,boa vista,delivered,2017-11-27 15:17:38,2017-11-28 07:17:38,2017-12-06 15:17:38,2017-12-08 15:17:38,0,9,11,1,139.56,37.62,0.2696,1,relogios_presentes,4.0
O01277,C01681,PB,joao pessoa,delivered,2016-10-12 06:34:25,2016-10-12 08:34:25,2016-10-25 06:34:25,2016-10-30 06:34:25,0,13,18,1,411.09,48.79,0.1187,1,construcao_ferramentas,1.0
O01280,C00541,PA,santarem,delivered,2017-11-15 15:12:28,2017-11-17 06:12:28,2017-12-11 15:12:28,2017-12-03 15:12:28,1,26,18,1,488.26,12.16,0.0249,1,cool_stuff,1.0
O01308,C01549,MG,juiz de fora,delivered,2018-06-16 14:14:47,2018-06-18 06:14:47,2018-07-01 14:14:47,2018-06-30 14:14:47,1,15,14,1,130.15,42.44,0.3261,0,malas_acessorios,1.0
O01357,C00816,TO,araguaina,delivered,2018-09-01 17:42:34,2018-09-03 04:42:34,2018-09-08 17:42:34,2018-09-20 17:42:34,0,7,19,4,1051.6,115.65,0.1578,1,casa_construcao,1.0
O01362,C01607,RJ,duque de caxias,delivered,2018-07-13 07:15:04,2018-07-13 22:15:04,2018-08-12 07:15:04,2018-07-25 07:15:04,1,30,12,1,366.82,35.88,0.0978,1,casa_utilidades,3.0
O01368,C01844,AL,arapiraca,delivered,2018-05-23 06:39:06,2018-05-24 16:39:06,2018-05-30 06:39:06,2018-05-28 06:39:06,1,7,5,1,433.27,42.7,0.0986,1,casa_garagem,2.0
O01405,C01601,SE,lagarto,delivered,2018-03-29 20:32:03,2018-03-30 03:32:03,2018-04-17 20:32:03,2018-04-06 20:32:03,1,19,8,1,217.1,12.75,0.0587,1,moveis_colchao_estofado,3.0
O01421,C00124,SE,estancia,delivered,2017-03-24 11:41:09,2017-03-25 18:41:09,2017-04-07 11:41:09,2017-04-02 11:41:09,1,14,9,1,486.26,49.71,0.1022,1,casa_quarto,5.0
O01426,C00691,MT,varzea grande,delivered,2017-11-09 08:45:22,2017-11-10 19:45:22,2017-12-05 08:45:22,2017-12-02 08:45:22,1,26,23,5,1500.57,170.31,0.1168,1,beleza_saude,5.0
O01452,C01673,MA,timon,delivered,2018-08-06 14:26:15,2018-08-07 15:26:15,2018-08-26 14:26:15,2018-08-18 14:26:15,1,20,12,1,42.2,28.65,0.6789,1,casa_cozinha,2.0
O01457,C01181,DF,ceilandia,delivered,2017-07-30 14:10:13,2017-08-01 14:10:13,2017-08-07 14:10:13,2017-08-07 14:10:13,0,8,8,3,751.99,68.4,0.0866,1,casa_conforto_2,5.0
O01484,C00431,AM,parintins,delivered,2018-10-17 12:19:37,2018-10-17 18:19:37,2018-10-23 12:19:37,2018-10-26 12:19:37,0,6,9,4,1246.02,123.63,0.1145,1,artes,4.0
O01510,C01332,CE,sobral,delivered,2017-02-14 06:43:42,2017-02-15 04:43:42,2017-03-16 06:43:42,2017-02-24 06:43:42,1,30,10,1,383.0,20.18,0.0527,1,alimentos_bebidas,5.0
O01527,C01008,GO,goiania,delivered,2017-12-11 09:37:50,2017-12-11 22:37:50,2017-12-19 09:37:50,2017-12-19 09:37:50,0,8,8,2,399.33,29.48,0.2499,1,casa_banheiro,2.0
O01549,C00895,MA,sao jose de ribamar,delivered,2017-06-12 07:18:22,2017-06-12 21:18:22,2017-07-01 07:18:22,2017-07-05 07:18:22,0,19,23,2,505.75,20.64,0.0829,1,eletroportateis,5.0
O01576,C01596,CE,sobral,delivered,2018-08-16 22:58:19,2018-08-18 12:58:19,2018-09-13 22:58:19,2018-09-10 22:58:19,1,28,25,1,86.15,49.37,0.5731,1,dvds_blu_ray,3.0
O01584,C01967,MG,belo horizonte,delivered,2017-08-11 20:51:22,2017-08-12 14:51:22,2017-08-31 20:51:22,2017-09-01 20:51:22,0,20,21,1,166.48,18.56,0.1115,1,construcao_ferramentas,5.0
O01599,C01543,TO,porto nacional,delivered,2016-11-04 23:34:08,2016-11-06 10:34:08,2016-11-30 23:34:08,2016-11-09 23:34:08,1,26,5,1,440.8,32.03,0.0727,1,casa_iluminacao,2.0
O01603,C00772,RJ,niteroi,delivered,2017-10-17 16:54:08,2017-10-19 03:54:08,2017-11-10 16:54:08,2017-11-08 16:54:08,1,24,22,1,471.16,20.68,0.0439,1,construcao_ferramentas,4.0
O01611,C00466,RO,vilhena,delivered,2018-05-07 10:24:30,2018-05-08 00:24:30,2018-05-17 10:24:30,2018-05-25 10:24:30,0,10,18,1,478.42,15.6,0.0326,1,portateis_cozinha,5.0
O01614,C01217,MS,ponta pora,delivered,2017-12-12 19:02:34,2017-12-13 04:02:34,2018-01-02 19:02:34,2017-12-25 19:02:34,1,21,13,3,407.43,109.7,0.6482,1,casa_escritorio,4.0
O01634,C01058,GO,aparecida de goiania,delivered,2018-05-09 06:58:06,2018-05-10 13:58:06,2018-05-29 06:58:06,2018-05-18 06:58:06,1,20,9,2,619.33,55.52,0.1034,1,la_cuisine,3.0
O01648,C01398,SE,estancia,delivered,2017-01-10 20:03:47,2017-01-12 01:03:47,2017-02-06 20:03:47,2017-01-27 20:03:47,1,27,17,1,399.59,43.11,0.1079,1,moveis_presentes,3.0
O01656,C01737,TO,porto nacional,delivered,2017-08-23 13:03:56,2017-08-24 09:03:56,2017-09-22 13:03:56,2017-09-17 13:03:56,1,30,25,1,143.02,42.53,0.2974,1,alimentos_bebidas,2.0
O01670,C01853,RR,boa vista,delivered,2017-07-14 11:47:40,2017-07-15 23:47:40,2017-08-04 11:47:40,2017-08-02 11:47:40,1,21,19,2,545.56,48.44,0.0907,1,casa_banheiro,3.0
O01675,C00299,RR,caracarai,delivered,2017-03-08 03:55:35,2017-03-08 06:55:35,2017-03-11 03:55:35,2017-03-18 03:55:35,0,3,10,1,83.03,33.31,0.4012,1,casa_conforto_2,5.0
O01681,C01902,RR,alto alegre,delivered,2018-01-10 01:17:15,2018-01-11 19:17:15,2018-01-15 01:17:15,2018-02-02 01:17:15,0,5,23,1,189.67,49.49,0.2609,1,instrumentos_musicais,5.0
O01690,C01442,MG,montes claros,delivered,2017-08-16 04:58:54,2017-08-16 23:58:54,2017-09-02 04:58:54,2017-09-07 04:58:54,0,17,22,1,436.64,19.41,0.0445,1,casa_conforto_2,4.0
O01693,C01584,PR,ponta grossa,delivered,2017-06-30 08:58:43,2017-07-01 12:58:43,2017-07-09 08:58:43,2017-07-14 08:58:43,0,9,14,1,164.75,14.63,0.0888,1,eletroportateis,5.0
O01708,C00825,RO,ariquemes,delivered,2017-04-03 00:28:00,2017-04-04 04:28:00,2017-04-11 00:28:00,2017-04-12 00:28:00,0,8,9,1,215.4,38.22,0.1774,1,utilidades_domesticas,3.0
O01716,C00571,RO,cacoal,delivered,2018-09-01 02:58:14,2018-09-01 14:58:14,2018-09-21 02:58:14,2018-09-25 02:58:14,0,20,24,1,46.9,9.12,0.1945,1,relogios_presentes,4.0
O01730,C00289,AL,penedo,delivered,2018-08-29 12:25:46,2018-08-30 15:25:46,2018-09-19 12:25:46,2018-09-09 12:25:46,1,21,11,2,596.97,39.22,0.0837,1,carnes,2.0
O01747,C00422,AC,rio branco,delivered,2017-06-11 22:14:37,2017-06-13 21:14:37,2017-07-03 22:14:37,2017-06-17 22:14:37,1,22,6,1,340.36,11.06,0.0325,1,perfumaria,3.0
O01762,C00205,MT,tangara da serra,delivered,2018-07-21 02:05:01,2018-07-23 00:05:01,2018-07-28 02:05:01,2018-08-09 02:05:01,0,7,19,2,636.31,66.9,0.1025,1,moveis_escritorio,4.0
O01774,C01167,RS,canoas,delivered,2016-09-21 06:28:22,2016-09-23 00:28:22,2016-10-12 06:28:22,2016-10-09 06:28:22,1,21,18,1,422.42,30.93,0.0732,1,cama_mesa_banho,4.0
O01775,C01932,GO,rio verde,delivered,2016-12-01 07:50:35,2016-12-01 12:50:35,2016-12-26 07:50:35,2016-12-20 07:50:35,1,25,19,1,456.54,28.25,0.0619,1,artes,1.0
O01782,C00642,DF,brasilia,delivered,2017-10-02 06:57:42,2017-10-02 15:57:42,2017-10-10 06:57:42,2017-10-16 06:57:42,0,8,14,2,881.33,56.05,0.0661,1,eletroportateis,5.0
O01786,C00032,PA,santarem,delivered,2016-10-20 15:07:07,2016-10-22 04:07:07,2016-11-05 15:07:07,2016-10-26 15:07:07,1,16,6,1,114.19,24.78,0.217,1,artigos_nautica,5.0
O01787,C00730,TO,paraíso do tocantins,delivered,2017-09-15 11:36:57,2017-09-15 12:36:57,2017-10-05 11:36:57,2017-10-07 11:36:57,0,20,22,2,501.02,45.34,0.6517,1,eletrodomesticos_2,5.0
O01799,C00013,RR,boa vista,delivered,2017-06-09 01:39:15,2017-06-09 14:39:15,2017-06-17 01:39:15,2017-06-17 01:39:15,0,8,8,1,327.68,13.9,0.0424,0,moveis_jardim,4.0
O01807,C01758,ES,linhares,delivered,2017-08-02 11:05:46,2017-08-02 16:05:46,2017-08-17 11:05:46,2017-08-26 11:05:46,0,15,24,2,192.3,48.55,0.2422,1,casa_conforto,4.0
O01819,C01020,SE,estancia,delivered,2018-03-12 23:01:26,2018-03-13 08:01:26,2018-03-18 23:01:26,2018-03-24 23:01:26,0,6,12,2,813.82,62.85,0.0886,1,casa_limpeza,3.0
O01822,C00520,SE,lagarto,delivered,2018-05-08 23:12:39,2018-05-09 12:12:39,2018-06-06 23:12:39,2018-05-14 23:12:39,1,29,6,2,766.28,55.82,0.0798,1,moda_roupa,1.0
O01829,C01682,PI,campo maior,delivered,2017-11-03 14:30:36,2017-11-03 19:30:36,2017-11-18 14:30:36,2017-11-13 14:30:36,1,15,10,1,258.22,6.61,0.0256,1,casa_outros,1.0
O01839,C00790,MS,três lagoas,delivered,2017-03-29 05:35:36,2017-03-30 09:35:36,2017-04-04 05:35:36,2017-04-05 05:35:36,0,6,7,1,291.34,44.03,0.1511,1,eletroportateis,4.0
O01854,C01202,MA,imperatriz,delivered,2017-10-22 17:07:41,2017-10-24 16:07:41,2017-11-14 17:07:41,2017-11-06 17:07:41,1,23,15,2,238.96,72.16,0.4764,1,casa_conforto,3.0
O01865,C00491,RS,pelotas,delivered,2018-03-26 13:53:56,2018-03-28 11:53:56,2018-04-01 13:53:56,2018-04-08 13:53:56,0,6,13,1,100.91,49.43,0.4898,1,casa_jardim,5.0
O01892,C00361,RR,alto alegre,delivered,2016-10-12 14:45:56,2016-10-14 05:45:56,2016-11-02 14:45:56,2016-11-06 14:45:56,0,21,25,1,63.48,18.24,0.2873,1,fashion_bolsas,5.0
O01912,C00709,RN,caico,delivered,2017-04-28 16:05:13,2017-04-30 14:05:13,2017-05-22 16:05:13,2017-05-23 16:05:13,0,24,25,2,748.54,34.11,0.0444,1,casa_limpeza,2.0
O01920,C00028,BA,ilheus,delivered,2016-12-21 10:33:10,2016-12-22 01:33:10,2016-12-29 10:33:10,2017-01-07 10:33:10,0,8,17,1,325.94,26.56,0.0815,1,fashion_roupa_masculina,5.0
O01921,C01354,MS,três lagoas,delivered,2016-11-29 01:29:20,2016-11-30 10:29:20,2016-12-23 01:29:20,2016-12-16 01:29:20,1,24,17,1,316.42,43.44,0.1373,1,eletroportateis,4.0
O01942,C00674,MT,tangara da serra,delivered,2017-12-24 15:39:24,2017-12-25 04:39:24,2018-01-12 15:39:24,2018-01-16 15:39:24,0,19,23,2,575.26,61.6,0.1081,1,esporte_lazer,5.0
O01949,C01017,ES,cariacica,delivered,2018-05-16 19:08:45,2018-05-17 15:08:45,2018-06-06 19:08:45,2018-06-04 19:08:45,1,21,19,1,388.29,19.62,0.0505,1,casa_escritorio,3.0
O01951,C01824,AP,oida,delivered,2018-02-22 21:55:43,2018-02-24 01:55:43,2018-02-26 21:55:43,2018-03-07 21:55:43,0,4,13,4,1022.66,99.41,0.1039,1,ferramentas_jardim,4.0
O01957,C00422,AC,rio branco,delivered,2016-11-16 23:11:06,2016-11-18 20:11:06,2016-12-03 23:11:06,2016-11-21 23:11:06,1,17,5,1,361.59,24.54,0.0679,1,moveis_escritorio,5.0
O01958,C00368,AC,rio branco,delivered,2018-03-26 16:17:22,2018-03-27 15:17:22,2018-04-14 16:17:22,2018-04-05 16:17:22,1,19,10,2,567.53,45.75,0.1015,1,artes,5.0
O01963,C01792,GO,goiania,delivered,2017-11-28 20:30:35,2017-11-30 20:30:35,2017-12-23 20:30:35,2017-12-11 20:30:35,1,25,13,1,211.2,40.32,0.1909,1,eletrodomesticos_2,3.0
O01970,C01179,PE,petrolina,delivered,2017-10-24 19:44:30,2017-10-25 02:44:30,2017-10-30 19:44:30,2017-10-29 19:44:30,1,6,5,3,845.72,93.11,0.1965,1,casa_cozinha,4.0
O01992,C01965,BA,itabuna,delivered,2016-11-17 20:43:20,2016-11-18 06:43:20,2016-12-10 20:43:20,2016-11-24 20:43:20,1,23,7,1,137.61,46.06,0.3347,1,perfumaria,3.0
O01996,C01940,SE,aracaju,delivered,2016-11-12 21:44:22,2016-11-13 08:44:22,2016-12-02 21:44:22,2016-12-06 21:44:22,0,20,24,2,658.4,51.6,0.0849,1,casa_banheiro,5.0
O02016,C01110,MA,sao luis,delivered,2017-08-20 05:42:49,2017-08-21 16:42:49,2017-09-06 05:42:49,2017-08-29 05:42:49,1,17,9,1,421.06,23.16,0.055,1,casa_utilidades,4.0
O02017,C01616,BA,feira de santana,delivered,2018-08-30 19:35:14,2018-09-01 12:35:14,2018-09-18 19:35:14,2018-09-06 19:35:14,1,19,7,1,195.26,26.32,0.1348,1,casa_garagem,2.0
O02027,C01990,TO,porto nacional,delivered,2017-09-27 04:29:54,2017-09-29 01:29:54,2017-10-19 04:29:54,2017-10-12 04:29:54,1,22,15,1,153.23,8.16,0.0533,1,malas_acessorios,2.0
O02060,C01564,AM,manacapuru,delivered,2017-02-18 11:13:39,2017-02-19 21:13:39,2017-03-10 11:13:39,2017-03-12 11:13:39,0,20,22,1,447.98,42.09,0.094,1,carnes,5.0
O02068,C01465,RS,pelotas,delivered,2018-07-10 11:41:02,2018-07-10 21:41:02,2018-07-19 11:41:02,2018-07-20 11:41:02,0,9,10,2,744.45,63.66,0.091,1,automotivo,4.0
O02087,C01870,MG,belo horizonte,delivered,2018-05-19 05:55:54,2018-05-19 17:55:54,2018-05-25 05:55:54,2018-05-31 05:55:54,0,6,12,1,90.7,14.32,0.1579,1,construcao_ferramentas,5.0
O02089,C00318,MT,rondonopolis,delivered,2018-10-26 19:08:15,2018-10-27 06:08:15,2018-11-05 19:08:15,2018-11-19 19:08:15,0,10,24,1,202.61,12.64,0.0624,1,livros_interesse,5.0
O02095,C01071,SC,criciuma,delivered,2017-02-04 01:05:25,2017-02-05 19:05:25,2017-02-14 01:05:25,2017-02-11 01:05:25,1,10,7,1,361.91,40.55,0.112,1,moveis_presentes,1.0
O02117,C01358,RR,rorainopolis,delivered,2018-05-06 19:58:09,2018-05-06 20:58:09,2018-05-14 19:58:09,2018-05-14 19:58:09,0,8,8,3,761.7,54.34,0.078,1,casa_cozinha,5.0
O02119,C00813,CE,fortaleza,delivered,2018-05-15 17:05:16,2018-05-16 12:05:16,2018-05-19 17:05:16,2018-05-20 17:05:16,0,4,5,1,252.41,19.49,0.0772,1,casa_jardim,4.0
O02139,C00291,PE,olinda,delivered,2017-03-15 19:20:10,2017-03-16 03:20:10,2017-03-29 19:20:10,2017-04-08 19:20:10,0,14,24,2,321.46,71.65,0.2212,1,alimentos_bebidas,4.0
O02141,C00378,PA,castanhal,delivered,2017-06-08 20:42:50,2017-06-09 04:42:50,2017-06-21 20:42:50,2017-06-20 20:42:50,1,13,12,3,762.59,23.18,0.0348,1,cama_mesa_banho,3.0
O02175,C01912,ES,cariacica,delivered,2017-05-11 13:37:06,2017-05-13 03:37:06,2017-06-01 13:37:06,2017-05-18 13:37:06,1,21,7,1,47.82,31.86,0.6662,1,automotivo,2.0
O02183,C00595,SP,sao paulo,delivered,2017-11-21 14:23:53,2017-11-22 01:23:53,2017-12-06 14:23:53,2017-12-04 14:23:53,1,15,13,2,646.13,35.92,0.0568,1,casa_sala,1.0
O02190,C01310,RS,pelotas,delivered,2018-08-03 22:18:31,2018-08-04 04:18:31,2018-08-16 22:18:31,2018-08-26 22:18:31,0,13,23,3,1111.67,29.36,0.0267,1,audio,5.0
O02209,C00614,ES,vitoria,delivered,2017-07-27 14:32:50,2017-07-29 12:32:50,2017-08-11 14:32:50,2017-08-03 14:32:50,1,15,7,1,343.07,10.9,0.0318,1,casa_cozinha,2.0
O02226,C01787,AL,rio largo,delivered,2017-12-10 10:23:08,2017-12-11 13:23:08,2017-12-14 10:23:08,2017-12-26 10:23:08,0,4,16,1,11.99,32.25,2.6897,1,artes,5.0
O02232,C00650,AP,oida,delivered,2017-07-26 10:06:28,2017-07-26 12:06:28,2017-08-16 10:06:28,2017-08-01 10:06:28,1,21,6,1,64.98,36.77,0.5659,1,utilidades_domesticas,1.0
O02247,C01789,RN,parnamirim,delivered,2018-06-14 02:20:29,2018-06-14 04:20:29,2018-06-21 02:20:29,2018-07-01 02:20:29,0,7,17,2,493.58,77.77,0.2137,1,artigos_nautica,5.0
O02289,C01100,AC,rio branco,delivered,2017-01-20 05:41:54,2017-01-20 16:41:54,2017-02-09 05:41:54,2017-02-06 05:41:54,1,20,17,4,266.83,76.38,0.5206,1,alimentos_bebidas,3.0
O02321,C00659,RR,caracarai,delivered,2018-04-06 15:19:04,2018-04-08 04:19:04,2018-04-17 15:19:04,2018-04-20 15:19:04,0,11,14,3,884.62,56.9,0.0867,1,casa_conforto_2,4.0
O02340,C01507,RR,caracarai,delivered,2018-06-30 00:34:00,2018-07-01 04:34:00,2018-07-10 00:34:00,2018-07-13 00:34:00,0,10,13,1,104.07,47.64,0.4578,1,sinalizacao_seguranca,5.0
O02343,C00615,GO,luziania,delivered,2018-04-18 16:32:23,2018-04-18 18:32:23,2018-04-23 16:32:23,2018-05-03 16:32:23,0,5,15,1,305.82,28.17,0.0921,1,fraldas_higiene,5.0
O02346,C00717,ES,cariacica,delivered,2018-06-18 07:55:20,2018-06-18 13:55:20,2018-07-04 07:55:20,2018-07-10 07:55:20,0,16,22,2,121.81,27.97,0.2648,1,casa_lavanderia,4.0
O02358,C00630,ES,vila velha,delivered,2016-11-23 08:07:35,2016-11-24 04:07:35,2016-12-19 08:07:35,2016-12-10 08:07:35,1,26,17,5,1204.53,191.34,0.3017,1,cama_mesa_banho,1.0
O02360,C00887,PR,ponta grossa,delivered,2017-09-28 16:14:24,2017-09-30 07:14:24,2017-10-12 16:14:24,2017-10-08 16:14:24,1,14,10,1,495.9,35.55,0.0717,1,portateis_casa_forno_cafe,5.0
O02368,C00532,RR,boa vista,delivered,2016-09-29 09:46:18,2016-09-30 08:46:18,2016-10-28 09:46:18,2016-10-07 09:46:18,1,29,8,1,136.12,12.39,0.091,1,moveis_escritorio,2.0
O02374,C00789,RS,porto alegre,delivered,2016-11-22 03:11:16,2016-11-22 07:11:16,2016-11-26 03:11:16,2016-12-03 03:11:16,0,4,11,1,177.32,28.82,0.1625,1,ferramentas_jardim,5.0
O02375,C00216,MG,contagem,delivered,2018-07-26 22:59:46,2018-07-28 10:59:46,2018-08-17 22:59:46,2018-08-19 22:59:46,0,22,24,4,1378.78,149.67,0.1257,1,audio,5.0
O02391,C01298,SC,criciuma,delivered,2018-04-20 19:54:46,2018-04-21 12:54:46,2018-05-17 19:54:46,2018-04-28 19:54:46,1,27,8,2,877.55,59.77,0.0683,1,casa_limpeza,3.0
O02406,C01071,SC,criciuma,delivered,2017-10-06 19:58:04,2017-10-07 06:58:04,2017-10-15 19:58:04,2017-10-14 19:58:04,1,9,8,1,217.83,44.01,0.202,1,utilidades_domesticas,4.0
O02426,C00741,RN,mossoro,delivered,2018-04-20 22:46:33,2018-04-21 15:46:33,2018-05-08 22:46:33,2018-05-12 22:46:33,0,18,22,1,439.73,37.57,0.0854,1,casa_limpeza,2.0
O02436,C01932,GO,rio verde,delivered,2018-02-08 11:08:47,2018-02-09 01:08:47,2018-02-23 11:08:47,2018-02-28 11:08:47,0,15,20,1,487.6,41.09,0.0843,1,consoles_games,2.0
O02440,C00806,PA,santarem,delivered,2017-08-30 03:03:12,2017-08-30 15:03:12,2017-09-12 03:03:12,2017-09-15 03:03:12,0,13,16,1,196.83,43.99,0.2235,1,papelaria,4.0
O02451,C00988,RN,natal,delivered,2017-02-08 10:50:06,2017-02-08 17:50:06,2017-03-09 10:50:06,2017-02-27 10:50:06,1,29,19,1,40.83,44.35,1.0862,1,eletrodomesticos,3.0
O02457,C00384,AC,rio branco,delivered,2016-10-16 23:07:10,2016-10-17 11:07:10,2016-11-06 23:07:10,2016-11-07 23:07:10,0,21,22,1,10.97,44.61,4.0665,1,utilidades_domesticas,5.0
O02463,C00379,MS,ponta pora,delivered,2018-06-04 23:46:42,2018-06-06 05:46:42,2018-06-15 23:46:42,2018-06-21 23:46:42,0,11,17,1,213.51,24.14,0.1131,1,casa_limpeza,5.0
O02464,C01183,ES,vila velha,delivered,2017-08-14 18:43:49,2017-08-15 02:43:49,2017-08-31 18:43:49,2017-08-24 18:43:49,1,17,10,2,407.28,55.32,0.1481,1,casa_conforto_2,5.0
O02495,C01232,RO,ji-parana,delivered,2017-03-28 00:03:11,2017-03-28 04:03:11,2017-04-07 00:03:11,2017-04-17 00:03:11,0,10,20,1,433.65,44.6,0.1028,1,flores,1.0
O02498,C00374,RO,porto velho,delivered,2017-10-22 15:17:02,2017-10-24 09:17:02,2017-10-31 15:17:02,2017-11-10 15:17:02,0,9,19,2,560.74,56.2,0.0977,1,beleza_saude,5.0
O02499,C00701,AC,rio branco,delivered,2017-01-30 21:50:05,2017-02-01 11:50:05,2017-02-14 21:50:05,2017-02-18 21:50:05,0,15,19,2,574.51,51.1,0.1337,1,casa_utilidades,5.0
O02508,C00430,ES,serra,delivered,2017-04-05 19:41:47,2017-04-06 02:41:47,2017-04-11 19:41:47,2017-04-19 19:41:47,0,6,14,1,463.93,37.89,0.0817,1,portateis_casa_forno_cafe,5.0
O02522,C00815,AM,coari,delivered,2018-09-20 03:46:13,2018-09-20 12:46:13,2018-10-17 03:46:13,2018-09-30 03:46:13,1,27,10,1,283.59,11.89,0.0419,1,casa_garagem,4.0
O02524,C01510,SE,estancia,delivered,2018-04-03 19:06:12,2018-04-04 01:06:12,2018-04-18 19:06:12,2018-04-13 19:06:12,1,15,10,1,27.7,22.27,0.804,1,flores,1.0
O02532,C00082,RN,sao goncalo do amarante,delivered,2017-03-28 18:00:27,2017-03-29 21:00:27,2017-04-08 18:00:27,2017-04-12 18:00:27,0,11,15,1,477.83,8.53,0.0179,1,construcao_ferramentas,5.0
O02543,C01461,AP,porto grande,delivered,2018-03-04 21:39:03,2018-03-04 22:39:03,2018-03-17 21:39:03,2018-03-16 21:39:03,1,13,12,2,694.07,32.92,0.0568,1,ferramentas_jardim,2.0
O02560,C00524,RR,alto alegre,delivered,2018-07-29 22:20:05,2018-07-31 11:20:05,2018-08-01 22:20:05,2018-08-08 22:20:05,0,3,10,2,182.96,92.26,0.5358,1,artigos_nautica,5.0
O02564,C00130,RN,mossoro,delivered,2016-09-19 18:40:15,2016-09-19 19:40:15,2016-09-29 18:40:15,2016-10-10 18:40:15,0,10,21,1,168.38,23.82,0.1415,1,relogios_presentes,5.0
O02577,C00084,SC,florianopolis,delivered,2018-08-07 22:04:52,2018-08-09 16:04:52,2018-08-27 22:04:52,2018-08-24 22:04:52,1,20,17,3,938.66,101.78,0.1165,1,alimentos_bebidas,1.0
O02593,C01117,DF,taguatinga,delivered,2018-05-17 15:59:16,2018-05-19 11:59:16,2018-05-20 15:59:16,2018-06-04 15:59:16,0,3,18,1,33.39,40.04,1.1992,1,fashion_roupa_feminina,5.0
O02602,C01203,AM,itacoatiara,delivered,2017-11-28 12:11:24,2017-11-28 23:11:24,2017-12-23 12:11:24,2017-12-21 12:11:24,1,25,23,2,465.18,55.84,0.2475,1,casa_iluminacao,1.0
O02637,C00524,RR,alto alegre,delivered,2018-10-19 15:17:21,2018-10-19 21:17:21,2018-11-17 15:17:21,2018-11-07 15:17:21,1,29,19,1,185.85,30.93,0.1664,0,market_place,2.0
O02640,C01791,PE,jaboatao,delivered,2018-08-03 19:11:07,2018-08-05 03:11:07,2018-08-17 19:11:07,2018-08-16 19:11:07,1,14,13,1,87.34,16.53,0.1893,1,papelaria,1.0
O02654,C00101,RS,santa maria,delivered,2017-09-26 15:25:55,2017-09-28 06:25:55,2017-10-02 15:25:55,2017-10-11 15:25:55,0,6,15,2,550.22,21.16,0.0501,1,eletrodomesticos,5.0
O02660,C00446,MG,montes claros,delivered,2017-12-11 20:09:37,2017-12-12 04:09:37,2017-12-30 20:09:37,2018-01-03 20:09:37,0,19,23,3,735.56,99.97,0.1674,1,cama_mesa_banho,5.0
O02665,C00310,RO,ji-parana,delivered,2016-11-26 09:20:09,2016-11-27 19:20:09,2016-12-09 09:20:09,2016-12-08 09:20:09,1,13,12,1,246.0,20.72,0.0842,1,beleza_saude,2.0
O02671,C01261,MA,sao luis,delivered,2018-05-28 13:39:18,2018-05-29 16:39:18,2018-06-16 13:39:18,2018-06-15 13:39:18,1,19,18,2,513.79,75.88,0.2077,1,ferramentas_jardim,4.0
O02673,C01875,PA,santarem,delivered,2017-11-26 02:08:21,2017-11-26 03:08:21,2017-12-24 02:08:21,2017-12-10 02:08:21,1,28,14,3,983.05,74.49,0.0802,1,casa_utilidades,2.0
O02685,C01891,RJ,campos,delivered,2016-09-08 23:34:06,2016-09-10 20:34:06,2016-09-24 23:34:06,2016-09-23 23:34:06,1,16,15,1,383.34,11.01,0.0287,1,construcao_ferramentas,5.0
O02723,C00770,GO,goiania,delivered,2016-09-05 07:29:52,2016-09-06 07:29:52,2016-09-08 07:29:52,2016-09-14 07:29:52,0,3,9,1,318.35,27.81,0.0874,1,casa_construcao,4.0
O02748,C00867,AL,delmiro gouveia,delivered,2016-10-18 08:30:07,2016-10-19 13:30:07,2016-11-04 08:30:07,2016-11-12 08:30:07,0,17,25,1,169.76,33.84,0.1993,1,casa_conforto_2,4.0
O02758,C01196,AL,rio largo,delivered,2016-11-24 12:42:35,2016-11-25 09:42:35,2016-11-30 12:42:35,2016-12-17 12:42:35,0,6,23,1,469.73,36.02,0.0767,1,fashion_calcados,4.0
O02780,C00019,SE,lagarto,delivered,2018-09-21 17:39:50,2018-09-22 15:39:50,2018-10-21 17:39:50,2018-09-28 17:39:50,1,30,7,1,495.69,30.63,0.0618,1,alimentos_bebidas,3.0
O02781,C00673,PR,ponta grossa,delivered,2017-10-23 10:56:36,2017-10-25 07:56:36,2017-11-07 10:56:36,2017-10-29 10:56:36,1,15,6,2,920.43,83.18,0.0899,1,casa_conforto,3.0
O02786,C01281,AM,parintins,delivered,2017-04-22 20:49:48,2017-04-23 05:49:48,2017-05-09 20:49:48,2017-05-11 20:49:48,0,17,19,1,73.98,39.88,0.5391,1,papelaria,5.0
O02794,C01384,SE,itabaiana,delivered,2018-07-07 16:57:09,2018-07-08 23:57:09,2018-07-21 16:57:09,2018-07-28 16:57:09,0,14,21,1,386.88,12.52,0.0324,1,dvds_blu_ray,5.0
O02799,C00580,MS,dourados,delivered,2018-07-28 15:48:54,2018-07-29 09:48:54,2018-08-15 15:48:54,2018-08-22 15:48:54,0,18,25,2,700.16,57.53,0.0795,1,papelaria,4.0
O02824,C00413,ES,linhares,delivered,2018-05-07 13:36:12,2018-05-07 21:36:12,2018-05-27 13:36:12,2018-05-13 13:36:12,1,20,6,1,10.06,35.75,3.5537,1,beleza_saude,1.0
O02861,C01651,MT,rondonopolis,delivered,2017-11-04 10:56:28,2017-11-04 17:56:28,2017-11-12 10:56:28,2017-11-16 10:56:28,0,8,12,1,124.0,15.82,0.1276,1,moveis_jardim,5.0
O02865,C00600,MS,ponta pora,delivered,2017-07-23 21:25:30,2017-07-24 04:25:30,2017-08-09 21:25:30,2017-08-03 21:25:30,1,17,11,2,186.09,67.65,0.4129,1,automotivo,3.0
O02866,C01434,AM,manacapuru,delivered,2016-09-04 20:45:12,2016-09-05 21:45:12,2016-10-03 20:45:12,2016-09-27 20:45:12,1,29,23,2,463.17,48.73,0.112,1,eletrodomesticos_2,2.0
O02867,C00438,AM,coari,delivered,2017-01-13 07:09:19,2017-01-14 07:09:19,2017-02-10 07:09:19,2017-02-03 07:09:19,1,28,21,1,413.03,17.36,0.042,1,casa_jardim,3.0
O02878,C00862,SE,estancia,delivered,2018-10-12 03:07:03,2018-10-13 00:07:03,2018-11-02 03:07:03,2018-11-02 03:07:03,0,21,21,3,826.31,87.43,0.133,1,alimentos_bebidas,4.0
O02885,C00488,MT,cuiaba,delivered,2018-05-14 01:19:13,2018-05-15 21:19:13,2018-05-20 01:19:13,2018-06-08 01:19:13,0,6,25,1,53.75,8.9,0.1656,1,fashion_bolsas,5.0
O02902,C01058,GO,aparecida de goiania,delivered,2017-10-31 09:48:37,2017-11-02 07:48:37,2017-11-11 09:48:37,2017-11-06 09:48:37,1,11,6,1,216.3,20.72,0.0958,1,fashion_roupa_feminina,2.0
O02918,C01357,SC,florianopolis,delivered,2018-07-15 05:54:03,2018-07-15 20:54:03,2018-07-30 05:54:03,2018-08-06 05:54:03,0,15,22,2,659.13,84.21,0.1274,1,casa_garagem,4.0
O02929,C01943,MA,imperatriz,delivered,2017-05-09 23:27:59,2017-05-10 10:27:59,2017-06-02 23:27:59,2017-05-17 23:27:59,1,24,8,1,346.79,13.82,0.0399,1,cool_stuff,1.0
O02937,C01449,RO,porto velho,delivered,2017-06-18 18:00:06,2017-06-19 02:00:06,2017-06-27 18:00:06,2017-07-06 18:00:06,0,9,18,2,628.57,65.94,0.108,1,consoles_games,4.0
O02941,C00357,PI,teresina,delivered,2016-10-20 19:43:00,2016-10-21 04:43:00,2016-11-18 19:43:00,2016-10-29 19:43:00,1,29,9,5,1138.24,72.74,0.0611,1,artigos_nautica,1.0
O02948,C00129,PI,campo maior,delivered,2018-08-13 08:32:24,2018-08-14 04:32:24,2018-08-27 08:32:24,2018-08-31 08:32:24,0,14,18,1,417.13,11.34,0.0272,1,fashion_roupa_feminina,1.0
O02956,C01522,PR,londrina,delivered,2018-02-02 15:54:17,2018-02-03 13:54:17,2018-02-28 15:54:17,2018-02-13 15:54:17,1,26,11,2,576.77,37.56,0.1519,1,cds_dvds_musicais,2.0
O02961,C00766,RJ,rio de janeiro,delivered,2018-09-20 01:47:01,2018-09-20 20:47:01,2018-09-29 01:47:01,2018-09-29 01:47:01,0,9,9,1,335.69,42.86,0.1277,1,artigos_nautica,5.0
O02987,C00057,AL,arapiraca,delivered,2017-01-27 12:26:31,2017-01-29 07:26:31,2017-02-23 12:26:31,2017-02-02 12:26:31,1,27,6,1,77.81,13.18,0.1694,1,casa_limpeza,3.0
O03008,C01130,MS,dourados,delivered,2018-02-09 17:57:48,2018-02-11 17:57:48,2018-02-21 17:57:48,2018-02-20 17:57:48,1,12,11,1,104.26,20.58,0.1974,1,moveis_escritorio,2.0
O03016,C01541,SP,ribeirao preto,delivered,2016-12-29 20:52:51,2016-12-30 23:52:51,2017-01-28 20:52:51,2017-01-10 20:52:51,1,30,12,3,764.91,101.28,0.5614,1,artes,1.0
O03017,C01380,PA,maraba,delivered,2018-10-17 20:49:15,2018-10-18 02:49:15,2018-11-14 20:49:15,2018-11-07 20:49:15,1,28,21,1,275.48,15.58,0.0566,1,casa_conforto_2,2.0
O03026,C01534,TO,paraíso do tocantins,delivered,2017-05-14 11:03:27,2017-05-15 12:03:27,2017-05-26 11:03:27,2017-05-30 11:03:27,0,12,16,1,196.98,23.71,0.1204,1,portateis_casa_forno_cafe,5.0
O03045,C01748,DF,taguatinga,delivered,2018-06-10 18:39:14,2018-06-11 02:39:14,2018-06-30 18:39:14,2018-06-16 18:39:14,1,20,6,2,175.03,66.84,0.4428,1,beleza_saude,3.0
O03078,C01043,PB,santa rita,delivered,2018-06-16 23:14:46,2018-06-17 11:14:46,2018-07-14 23:14:46,2018-07-07 23:14:46,1,28,21,1,272.0,41.15,0.1513,1,dvds_blu_ray,4.0
O03108,C01245,RR,alto alegre,delivered,2018-06-29 15:54:07,2018-06-29 16:54:07,2018-07-25 15:54:07,2018-07-05 15:54:07,1,26,6,1,205.81,5.86,0.0285,1,livros_interesse,2.0
O03115,C01312,RJ,duque de caxias,delivered,2018-05-11 21:55:41,2018-05-12 16:55:41,2018-05-28 21:55:41,2018-05-31 21:55:41,0,17,20,1,418.4,17.48,0.0418,1,fashion_calcados,1.0
O03136,C01025,SC,florianopolis,delivered,2016-11-10 03:36:01,2016-11-10 23:36:01,2016-12-09 03:36:01,2016-11-26 03:36:01,1,29,16,1,147.26,20.62,0.14,1,casa_garagem,1.0
O03137,C00016,BA,salvador,delivered,2017-06-15 07:18:26,2017-06-15 17:18:26,2017-06-21 07:18:26,2017-07-08 07:18:26,0,6,23,1,148.69,9.06,0.0609,0,artes,5.0
O03141,C01328,SE,itabaiana,delivered,2018-02-13 15:27:30,2018-02-14 19:27:30,2018-02-20 15:27:30,2018-02-23 15:27:30,0,7,10,2,528.5,86.68,0.3927,1,casa_escritorio,4.0
O03163,C01242,RS,canoas,delivered,2017-12-29 00:08:09,2017-12-29 13:08:09,2018-01-01 00:08:09,2018-01-10 00:08:09,0,3,12,2,652.89,40.85,0.0914,1,casa_garagem,5.0
O03182,C01185,PI,campo maior,delivered,2017-03-21 08:21:18,2017-03-22 21:21:18,2017-04-05 08:21:18,2017-04-12 08:21:18,0,15,22,1,12.35,23.44,1.898,1,papelaria,2.0
O03184,C01775,SE,aracaju,delivered,2018-06-18 02:10:06,2018-06-18 11:10:06,2018-07-04 02:10:06,2018-07-08 02:10:06,0,16,20,1,483.01,30.59,0.0633,1,automotivo,5.0
O03186,C00903,SE,itabaiana,delivered,2017-08-01 18:49:38,2017-08-02 11:49:38,2017-08-12 18:49:38,2017-08-10 18:49:38,1,11,9,1,495.52,31.92,0.0644,1,moveis_cozinha,3.0
O03190,C00588,AC,sena madureira,delivered,2018-02-18 18:23:26,2018-02-20 02:23:26,2018-03-07 18:23:26,2018-02-27 18:23:26,1,17,9,4,895.85,104.47,0.1982,1,casa_cozinha,4.0
O03196,C00132,RR,alto alegre,delivered,2018-05-07 03:45:45,2018-05-08 11:45:45,2018-06-02 03:45:45,2018-05-26 03:45:45,1,26,19,1,135.48,30.41,0.2245,1,musica_arte,1.0
O03197,C00025,PE,recife,delivered,2018-05-08 06:28:51,2018-05-08 19:28:51,2018-05-18 06:28:51,2018-05-17 06:28:51,1,10,9,1,478.17,9.77,0.0204,1,eletronicos,4.0
O03210,C01792,GO,goiania,delivered,2016-09-02 10:05:31,2016-09-02 15:05:31,2016-09-15 10:05:31,2016-09-16 10:05:31,0,13,14,2,197.77,91.42,1.0722,1,eletrodomesticos_2,3.0
O03215,C00789,RS,porto alegre,delivered,2018-02-11 01:31:34,2018-02-11 06:31:34,2018-03-12 01:31:34,2018-02-26 01:31:34,1,29,15,1,14.44,46.45,3.2168,1,moveis_presentes,4.0
O03217,C00636,ES,vitoria,delivered,2018-08-13 14:30:55,2018-08-14 11:30:55,2018-08-17 14:30:55,2018-08-24 14:30:55,0,4,11,1,224.45,15.52,0.0691,1,casa_construcao,3.0
O03243,C01884,DF,guara,delivered,2017-02-28 03:03:52,2017-02-28 11:03:52,2017-03-19 03:03:52,2017-03-14 03:03:52,1,19,14,2,867.17,40.99,0.0492,1,cool_stuff,3.0
O03285,C01490,SC,criciuma,delivered,2016-09-06 12:24:34,2016-09-07 08:24:34,2016-09-26 12:24:34,2016-09-12 12:24:34,1,20,6,1,195.29,23.39,0.1198,1,papelaria,3.0
O03317,C00676,AM,coari,delivered,2018-09-21 01:48:05,2018-09-22 13:48:05,2018-10-12 01:48:05,2018-09-28 01:48:05,1,21,7,2,174.5,16.07,0.1603,1,automotivo,3.0
O03334,C01438,TO,palmas,delivered,2018-08-02 23:09:35,2018-08-03 23:09:35,2018-08-30 23:09:35,2018-08-27 23:09:35,1,28,25,2,525.46,45.14,0.0961,1,casa_escritorio,1.0
O03357,C00553,RR,mucajai,delivered,2018-02-19 11:56:21,2018-02-21 06:56:21,2018-03-15 11:56:21,2018-02-24 11:56:21,1,24,5,3,459.48,69.28,0.2759,1,audio,2.0
O03366,C01780,PB,bayeux,delivered,2017-05-18 05:21:28,2017-05-19 07:21:28,2017-06-04 05:21:28,2017-05-31 05:21:28,1,17,13,1,267.34,32.99,0.1234,1,alimentos_bebidas,1.0
O03374,C01731,RS,caxias do sul,delivered,2017-02-15 05:36:55,2017-02-16 08:36:55,2017-02-25 05:36:55,2017-03-06 05:36:55,0,10,19,2,94.52,39.9,0.5197,1,casa_outros,5.0
O03380,C00906,ES,vila velha,delivered,2018-05-03 08:19:32,2018-05-03 19:19:32,2018-05-25 08:19:32,2018-05-09 08:19:32,1,22,6,1,123.81,36.08,0.2914,1,telefonia,2.0
O03398,C00657,AC,tarauaca,delivered,2016-09-25 13:03:13,2016-09-26 16:03:13,2016-10-16 13:03:13,2016-10-03 13:03:13,1,21,8,1,99.96,46.08,0.461,1,portateis_cozinha,3.0
O03431,C01717,MS,ponta pora,delivered,2018-01-12 02:21:47,2018-01-12 09:21:47,2018-01-29 02:21:47,2018-01-17 02:21:47,1,17,5,1,462.6,25.8,0.0558,1,flores,3.0
O03441,C00745,AC,feijo,delivered,2018-10-09 01:16:18,2018-10-09 15:16:18,2018-10-18 01:16:18,2018-10-31 01:16:18,0,9,22,2,595.58,54.51,0.0965,1,fashion_bolsas,5.0
O03445,C01815,PI,campo maior,delivered,2018-04-16 06:31:26,2018-04-16 18:31:26,2018-04-25 06:31:26,2018-04-27 06:31:26,0,9,11,1,84.31,29.16,0.3459,1,fashion_calcados,5.0
O03465,C01344,SE,estancia,delivered,2017-09-27 12:53:38,2017-09-29 01:53:38,2017-10-09 12:53:38,2017-10-20 12:53:38,0,12,23,2,584.7,67.87,0.1347,1,casa_construcao,5.0
O03479,C00236,RJ,niteroi,delivered,2018-04-28 07:37:21,2018-04-28 22:37:21,2018-05-23 07:37:21,2018-05-09 07:37:21,1,25,11,3,530.29,61.31,0.1229,1,audio,4.0
O03482,C00636,ES,vitoria,delivered,2016-11-27 10:21:26,2016-11-28 02:21:26,2016-12-05 10:21:26,2016-12-21 10:21:26,0,8,24,1,135.74,26.72,0.1968,1,brinquedos,1.0
O03489,C01705,AC,sena madureira,delivered,2018-10-07 16:10:12,2018-10-08 19:10:12,2018-10-13 16:10:12,2018-10-17 16:10:12,0,6,10,1,256.87,35.01,0.1363,1,eletrodomesticos_2,5.0
O03490,C01448,TO,araguaina,delivered,2017-06-19 20:17:13,2017-06-20 22:17:13,2017-06-25 20:17:13,2017-07-11 20:17:13,0,6,22,1,338.62,12.0,0.0354,1,instrumentos_musicais,5.0
O03498,C01152,AC,rio branco,delivered,2017-06-01 03:51:52,2017-06-03 00:51:52,2017-06-19 03:51:52,2017-06-26 03:51:52,0,18,25,1,335.63,25.54,0.0761,1,moveis_quarto,5.0
O03502,C00059,DF,brasilia,delivered,2018-09-13 21:17:54,2018-09-15 18:17:54,2018-10-01 21:17:54,2018-09-25 21:17:54,1,18,12,1,116.87,26.01,0.2226,1,casa_jardim,1.0
O03512,C00562,RN,mossoro,delivered,2016-09-13 12:39:42,2016-09-15 04:39:42,2016-09-25 12:39:42,2016-09-21 12:39:42,1,12,8,2,93.76,38.21,0.3858,1,fashion_roupa_feminina,3.0
O03521,C01229,SP,ribeirao preto,delivered,2017-05-28 03:56:19,2017-05-28 14:56:19,2017-06-07 03:56:19,2017-06-09 03:56:19,0,10,12,1,169.07,37.08,0.2193,1,casa_banheiro,5.0
O03535,C01773,PI,parnaiba,delivered,2016-09-13 19:50:00,2016-09-14 11:50:00,2016-10-11 19:50:00,2016-10-07 19:50:00,1,28,24,1,438.37,10.69,0.0244,1,fashion_calcados,1.0
O03537,C00197,RO,cacoal,delivered,2018-09-01 14:57:12,2018-09-02 16:57:12,2018-09-12 14:57:12,2018-09-20 14:57:12,0,11,19,1,181.93,47.25,0.2597,1,casa_escritorio,5.0
O03551,C00419,SC,joinville,delivered,2017-11-16 07:30:57,2017-11-18 04:30:57,2017-11-30 07:30:57,2017-12-10 07:30:57,0,14,24,1,302.27,27.41,0.0907,1,pc_gamer,4.0
O03557,C01964,RR,boa vista,delivered,2016-10-22 17:14:06,2016-10-23 02:14:06,2016-11-21 17:14:06,2016-11-03 17:14:06,1,30,12,1,336.77,10.12,0.0301,1,casa_limpeza,3.0
O03574,C00402,RO,vilhena,delivered,2017-08-12 09:49:14,2017-08-13 09:49:14,2017-08-28 09:49:14,2017-08-19 09:49:14,1,16,7,1,92.65,8.6,0.0928,1,casa_utilidades,4.0
O03586,C01223,MT,tangara da serra,delivered,2018-07-24 12:28:31,2018-07-25 11:28:31,2018-07-29 12:28:31,2018-07-31 12:28:31,0,5,7,1,87.79,43.35,0.4938,1,casa_limpeza,2.0
O03588,C01274,PB,bayeux,delivered,2016-11-30 09:26:14,2016-11-30 12:26:14,2016-12-04 09:26:14,2016-12-23 09:26:14,0,4,23,1,273.48,41.0,0.1499,1,malas_acessorios,4.0
O03621,C01053,PI,picos,delivered,2018-04-04 19:33:24,2018-04-05 08:33:24,2018-04-20 19:33:24,2018-04-19 19:33:24,1,16,15,1,376.89,6.95,0.0184,1,carnes,1.0
O03628,C00772,RJ,niteroi,delivered,2018-08-17 16:43:13,2018-08-18 15:43:13,2018-08-25 16:43:13,2018-08-28 16:43:13,0,8,11,3,711.04,112.84,0.2578,1,cds_dvds_musicais,2.0
O03630,C01561,RR,mucajai,delivered,2017-01-21 10:49:06,2017-01-22 22:49:06,2017-02-17 10:49:06,2017-01-27 10:49:06,1,27,6,1,157.68,39.58,0.251,1,beleza_saude,2.0
O03643,C00834,MT,cuiaba,delivered,2018-07-04 08:03:07,2018-07-05 00:03:07,2018-07-16 08:03:07,2018-07-19 08:03:07,0,12,15,3,338.91,56.27,0.4638,1,brinquedos,5.0
O03665,C00537,CE,maracanau,delivered,2016-09-20 20:59:04,2016-09-21 23:59:04,2016-10-20 20:59:04,2016-10-04 20:59:04,1,30,14,1,179.74,33.27,0.1851,0,livros_interesse,5.0
O03676,C00201,AP,oida,delivered,2017-06-28 15:18:32,2017-06-30 03:18:32,2017-07-09 15:18:32,2017-07-18 15:18:32,0,11,20,1,92.43,43.33,0.4688,1,papelaria,3.0
O03678,C01261,MA,sao luis,delivered,2016-09-24 23:02:26,2016-09-25 13:02:26,2016-10-03 23:02:26,2016-10-09 23:02:26,0,9,15,1,20.32,28.17,1.3863,1,relogios_presentes,4.0
O03686,C01011,MS,campo grande,delivered,2016-09-13 03:47:39,2016-09-14 15:47:39,2016-10-02 03:47:39,2016-10-04 03:47:39,0,19,21,1,178.0,19.57,0.1099,1,flores,5.0
O03710,C00297,MS,campo grande,delivered,2017-03-16 03:02:30,2017-03-17 13:02:30,2017-04-05 03:02:30,2017-03-27 03:02:30,1,20,11,2,789.04,75.99,0.0962,1,fashion_underwear,2.0
O03716,C00818,MA,imperatriz,delivered,2018-05-15 18:13:11,2018-05-17 18:13:11,2018-05-29 18:13:11,2018-05-30 18:13:11,0,14,15,1,398.08,10.42,0.0262,1,moveis_decoracao,3.0
O03720,C01435,RS,caxias do sul,delivered,2017-04-03 01:02:20,2017-04-04 09:02:20,2017-04-26 01:02:20,2017-04-18 01:02:20,1,23,15,1,379.11,14.94,0.0394,1,market_place,3.0
O03734,C00613,RO,porto velho,delivered,2017-01-28 02:17:40,2017-01-28 22:17:40,2017-02-05 02:17:40,2017-02-12 02:17:40,0,8,15,1,187.01,5.5,0.0294,0,portateis_casa_forno_cafe,5.0
O03740,C01486,TO,paraíso do tocantins,delivered,2017-10-15 01:25:46,2017-10-16 19:25:46,2017-10-24 01:25:46,2017-11-09 01:25:46,0,9,25,1,459.21,12.84,0.028,1,construcao_ferramentas,3.0
O03759,C01584,PR,ponta grossa,delivered,2017-10-13 18:23:21,2017-10-15 11:23:21,2017-11-09 18:23:21,2017-10-24 18:23:21,1,27,11,1,227.88,22.53,0.0989,1,flores,2.0
O03763,C01468,PB,bayeux,delivered,2017-01-28 03:44:09,2017-01-28 20:44:09,2017-02-15 03:44:09,2017-02-20 03:44:09,0,18,23,2,468.62,66.09,0.1358,1,casa_construcao,5.0
O03777,C01002,GO,aparecida de goiania,delivered,2016-11-29 18:40:34,2016-12-01 00:40:34,2016-12-19 18:40:34,2016-12-21 18:40:34,0,20,22,1,224.6,17.72,0.0789,1,esporte_lazer,4.0
O03784,C01066,PE,jaboatao,delivered,2016-10-05 17:08:40,2016-10-06 06:08:40,2016-11-04 17:08:40,2016-10-10 17:08:40,1,30,5,1,492.97,10.57,0.0214,1,portateis_casa_forno_cafe,5.0
O03786,C01586,SP,santos,delivered,2018-07-11 18:47:06,2018-07-12 18:47:06,2018-07-18 18:47:06,2018-07-28 18:47:06,0,7,17,2,336.83,52.55,0.1491,1,alimentos_bebidas,5.0
O03787,C01689,RR,boa vista,delivered,2016-10-10 03:08:49,2016-10-11 12:08:49,2016-11-09 03:08:49,2016-10-25 03:08:49,1,30,15,1,403.94,42.5,0.1052,0,sinalizacao_seguranca,2.0
O03790,C01816,BA,itabuna,delivered,2018-10-27 22:40:01,2018-10-29 08:40:01,2018-11-17 22:40:01,2018-11-04 22:40:01,1,21,8,2,315.72,29.18,0.1253,1,fraldas_higiene,3.0
O03791,C00182,GO,rio verde,delivered,2017-03-16 03:09:24,2017-03-17 23:09:24,2017-03-25 03:09:24,2017-03-26 03:09:24,0,9,10,1,174.14,11.22,0.0644,1,cool_stuff,4.0
O03794,C01002,GO,aparecida de goiania,delivered,2017-04-16 23:06:51,2017-04-17 21:06:51,2017-05-16 23:06:51,2017-04-30 23:06:51,1,30,14,2,694.73,30.91,0.0574,1,beleza_saude,1.0
O03823,C01145,PI,campo maior,delivered,2017-02-03 02:20:38,2017-02-03 15:20:38,2017-02-23 02:20:38,2017-02-12 02:20:38,1,20,9,1,451.01,39.04,0.0866,1,ferramentas_jardim,3.0
O03827,C01600,PI,picos,delivered,2018-02-12 14:43:15,2018-02-13 01:43:15,2018-02-15 14:43:15,2018-02-21 14:43:15,0,3,9,1,205.7,32.46,0.1578,1,portateis_casa_forno_cafe,5.0
O03828,C00357,PI,teresina,delivered,2017-02-23 15:59:15,2017-02-24 19:59:15,2017-03-22 15:59:15,2017-02-28 15:59:15,1,27,5,2,486.19,42.81,0.0856,1,cool_stuff,3.0
O03829,C01128,SE,aracaju,delivered,2018-08-09 14:06:23,2018-08-10 14:06:23,2018-08-28 14:06:23,2018-08-14 14:06:23,1,19,5,1,103.39,44.78,0.4331,1,market_place,1.0
O03838,C01655,MT,varzea grande,delivered,2018-08-06 22:44:00,2018-08-07 05:44:00,2018-08-24 22:44:00,2018-08-13 22:44:00,1,18,7,3,683.88,71.83,0.4478,1,casa_construcao,1.0
O03866,C01602,PB,joao pessoa,delivered,2018-09-10 23:54:25,2018-09-11 02:54:25,2018-10-10 23:54:25,2018-09-29 23:54:25,1,30,19,1,77.59,41.76,0.5382,1,alimentos_bebidas,4.0
O03879,C01254,MA,imperatriz,delivered,2018-02-17 01:24:50,2018-02-18 19:24:50,2018-03-02 01:24:50,2018-03-08 01:24:50,0,13,19,2,608.83,95.56,0.1698,1,casa_conforto,5.0
O03885,C01605,RN,sao goncalo do amarante,delivered,2016-09-16 05:35:02,2016-09-16 22:35:02,2016-09-30 05:35:02,2016-09-30 05:35:02,0,14,14,3,620.99,108.98,0.3218,1,casa_quarto,4.0
O03901,C00010,GO,aparecida de goiania,delivered,2016-10-01 02:46:03,2016-10-01 23:46:03,2016-10-05 02:46:03,2016-10-11 02:46:03,0,4,10,4,1289.45,125.77,0.2053,1,artigos_nautica,4.0
O03920,C00718,MA,imperatriz,delivered,2016-12-24 08:31:37,2016-12-25 21:31:37,2016-12-30 08:31:37,2017-01-15 08:31:37,0,6,22,1,214.7,49.75,0.2317,1,beleza_saude,1.0
O03933,C01451,GO,rio verde,delivered,2018-08-18 06:36:21,2018-08-19 13:36:21,2018-09-14 06:36:21,2018-08-31 06:36:21,1,27,13,4,1034.44,93.53,0.105,1,alimentos_bebidas,1.0
O03941,C01969,RJ,niteroi,delivered,2016-11-18 13:11:13,2016-11-20 06:11:13,2016-11-22 13:11:13,2016-12-11 13:11:13,0,4,23,5,771.7,150.71,0.3295,1,casa_conforto_2,5.0
O03945,C00258,AC,sena madureira,delivered,2018-03-23 12:15:07,2018-03-24 05:15:07,2018-03-27 12:15:07,2018-04-04 12:15:07,0,4,12,1,370.63,40.1,0.1082,1,casa_jardim,5.0
O03950,C01007,RO,porto velho,delivered,2018-01-23 22:22:32,2018-01-25 01:22:32,2018-02-20 22:22:32,2018-01-28 22:22:32,1,28,5,1,221.09,30.59,0.1384,1,moveis_colchao_estofado,1.0
O03954,C01179,PE,petrolina,delivered,2017-09-12 11:43:39,2017-09-14 05:43:39,2017-10-04 11:43:39,2017-09-30 11:43:39,1,22,18,4,1190.45,75.17,0.06,1,cds_dvds_musicais,3.0
O03964,C00295,PR,cascavel,delivered,2016-12-05 00:24:08,2016-12-07 00:24:08,2016-12-19 00:24:08,2016-12-18 00:24:08,1,14,13,2,668.93,70.24,0.1034,1,beleza_saude,2.0
O04008,C00917,CE,juazeiro do norte,delivered,2017-04-28 18:07:47,2017-04-30 11:07:47,2017-05-07 18:07:47,2017-05-14 18:07:47,0,9,16,4,568.98,144.85,0.4907,1,consoles_games,5.0
O04010,C01965,BA,itabuna,delivered,2017-08-11 18:42:48,2017-08-11 22:42:48,2017-09-02 18:42:48,2017-08-30 18:42:48,1,22,19,1,27.25,16.5,0.6055,1,artes,1.0
O04012,C01245,RR,alto alegre,delivered,2017-07-15 13:18:47,2017-07-16 16:18:47,2017-07-20 13:18:47,2017-07-28 13:18:47,0,5,13,1,137.94,33.94,0.246,1,casa_construcao,5.0
O04013,C00794,CE,sobral,delivered,2018-09-17 21:44:45,2018-09-18 14:44:45,2018-10-03 21:44:45,2018-10-04 21:44:45,0,16,17,2,376.6,26.26,0.0698,1,informatica_acessorios,4.0
O04014,C01079,RS,porto alegre,delivered,2018-06-12 02:48:45,2018-06-13 07:48:45,2018-07-12 02:48:45,2018-07-04 02:48:45,1,30,22,3,835.77,105.98,0.1762,1,casa_cozinha,3.0
O04020,C01475,DF,taguatinga,delivered,2016-10-21 06:55:52,2016-10-21 15:55:52,2016-11-19 06:55:52,2016-11-06 06:55:52,1,29,16,2,678.61,35.02,0.0529,1,alimentos_bebidas,3.0
O04031,C00440,PE,olinda,delivered,2016-09-21 11:44:37,2016-09-22 00:44:37,2016-10-18 11:44:37,2016-10-05 11:44:37,1,27,14,1,482.82,49.86,0.1033,1,utilidades_domesticas,1.0
O04042,C00378,PA,castanhal,delivered,2018-03-13 08:21:44,2018-03-13 14:21:44,2018-04-01 08:21:44,2018-04-05 08:21:44,0,19,23,2,419.84,62.84,0.1655,1,alimentos_bebidas,5.0
O04048,C00853,PE,petrolina,delivered,2017-01-07 18:38:48,2017-01-08 15:38:48,2017-01-22 18:38:48,2017-01-31 18:38:48,0,15,24,3,816.35,47.63,0.0856,1,casa_cozinha,4.0
O04055,C01664,CE,sobral,delivered,2017-03-09 04:25:15,2017-03-09 21:25:15,2017-03-31 04:25:15,2017-03-21 04:25:15,1,22,12,1,373.79,27.18,0.0727,1,casa_banheiro,2.0
O04060,C01386,PA,anamideua,delivered,2017-04-11 03:58:11,2017-04-11 23:58:11,2017-04-27 03:58:11,2017-05-03 03:58:11,0,16,22,1,466.16,42.03,0.0902,1,market_place,5.0
O04062,C00537,CE,maracanau,delivered,2016-12-31 22:23:33,2017-01-01 16:23:33,2017-01-27 22:23:33,2017-01-07 22:23:33,1,27,7,2,333.28,62.31,0.202,1,casa_iluminacao,3.0
O04064,C01298,SC,criciuma,delivered,2017-02-08 21:19:13,2017-02-09 17:19:13,2017-02-21 21:19:13,2017-02-15 21:19:13,1,13,7,3,1160.96,84.13,0.0706,1,casa_banheiro,1.0
O04067,C00740,BA,vitoria da conquista,delivered,2018-06-06 05:40:02,2018-06-06 06:40:02,2018-06-17 05:40:02,2018-06-12 05:40:02,1,11,6,3,419.57,75.12,0.1986,1,eletronicos,1.0
O04070,C01658,PI,campo maior,delivered,2018-03-04 10:25:25,2018-03-05 11:25:25,2018-03-22 10:25:25,2018-03-13 10:25:25,1,18,9,1,121.04,27.25,0.2251,1,eletronicos,2.0
O04072,C00551,SC,blumenau,delivered,2016-11-24 21:35:54,2016-11-26 03:35:54,2016-11-27 21:35:54,2016-12-06 21:35:54,0,3,12,3,1079.84,106.74,0.1037,1,casa_quarto,5.0
O04076,C00592,BA,itabuna,delivered,2017-01-17 04:43:41,2017-01-17 16:43:41,2017-02-01 04:43:41,2017-01-31 04:43:41,1,15,14,4,1220.81,95.58,0.5145,1,dvds_blu_ray,5.0
O04080,C00180,SP,sao paulo,delivered,2016-10-27 05:50:47,2016-10-27 11:50:47,2016-11-16 05:50:47,2016-11-20 05:50:47,0,20,24,2,319.87,68.72,0.5731,1,construcao_ferramentas,5.0
O04083,C00126,RS,pelotas,delivered,2017-11-11 08:40:01,2017-11-12 13:40:01,2017-11-30 08:40:01,2017-11-28 08:40:01,1,19,17,1,11.56,25.95,2.2448,1,casa_jardim,4.0
O04084,C00951,RO,ji-parana,delivered,2017-12-11 12:30:11,2017-12-13 00:30:11,2018-01-03 12:30:11,2018-01-05 12:30:11,0,23,25,3,834.98,118.47,0.5065,1,audio,4.0
O04091,C00906,ES,vila velha,delivered,2017-02-13 14:58:23,2017-02-15 03:58:23,2017-03-01 14:58:23,2017-02-19 14:58:23,1,16,6,1,268.12,22.29,0.0831,1,market_place,1.0
O04095,C01364,AL,arapiraca,delivered,2017-12-15 18:04:41,2017-12-17 13:04:41,2017-12-31 18:04:41,2017-12-30 18:04:41,1,16,15,1,49.18,23.1,0.4697,1,cool_stuff,1.0
O04102,C01970,SP,campinas,delivered,2017-12-16 09:00:36,2017-12-17 13:00:36,2017-12-23 09:00:36,2017-12-29 09:00:36,0,7,13,4,548.37,89.32,0.2304,1,casa_banheiro,4.0
O04122,C00851,PE,olinda,delivered,2016-12-19 09:11:38,2016-12-20 23:11:38,2017-01-08 09:11:38,2017-01-01 09:11:38,1,20,13,1,382.77,17.93,0.0468,0,casa_quarto,5.0
O04140,C01615,AC,cruzeiro do sul,delivered,2017-04-20 18:01:08,2017-04-22 11:01:08,2017-05-18 18:01:08,2017-05-09 18:01:08,1,28,19,1,494.65,31.02,0.0627,1,eletroportateis,2.0
O04151,C01087,RJ,niteroi,delivered,2018-09-14 23:01:45,2018-09-16 15:01:45,2018-09-28 23:01:45,2018-10-07 23:01:45,0,14,23,1,301.51,27.2,0.0902,1,dvds_blu_ray,4.0
O04152,C00201,AP,oida,delivered,2017-04-25 00:53:06,2017-04-25 02:53:06,2017-05-06 00:53:06,2017-05-12 00:53:06,0,11,17,1,213.99,24.77,0.1158,1,casa_garagem,5.0
O04165,C00598,AL,arapiraca,delivered,2017-05-08 02:56:31,2017-05-08 16:56:31,2017-06-05 02:56:31,2017-05-13 02:56:31,1,28,5,2,754.66,66.29,0.0872,1,eletroportateis,1.0
O04184,C00290,AL,delmiro gouveia,delivered,2016-10-17 19:32:47,2016-10-19 10:32:47,2016-11-02 19:32:47,2016-11-03 19:32:47,0,16,17,1,64.2,49.72,0.7745,1,casa_conforto_2,3.0
O04190,C00063,DF,guara,delivered,2017-11-21 10:50:09,2017-11-22 05:50:09,2017-12-04 10:50:09,2017-12-13 10:50:09,0,13,22,1,292.56,6.49,0.0222,1,construcao_ferramentas,4.0
O04202,C01221,SE,nossa senhora do socorro,delivered,2018-03-20 15:50:24,2018-03-20 18:50:24,2018-03-25 15:50:24,2018-03-28 15:50:24,0,5,8,2,415.76,31.04,0.0792,1,moveis_decoracao,5.0
O04229,C01973,RS,canoas,delivered,2018-05-10 00:58:42,2018-05-11 09:58:42,2018-05-30 00:58:42,2018-05-23 00:58:42,1,20,13,2,546.82,79.56,0.1582,1,alimentos_bebidas,2.0
O04230,C01590,CE,juazeiro do norte,delivered,2017-08-31 19:55:10,2017-09-02 08:55:10,2017-09-25 19:55:10,2017-09-12 19:55:10,1,25,12,1,242.66,42.18,0.1738,1,casa_banheiro,4.0
O04233,C01688,ES,vila velha,delivered,2017-12-06 16:00:19,2017-12-07 10:00:19,2017-12-30 16:00:19,2017-12-31 16:00:19,0,24,25,1,315.63,31.43,0.0996,1,artigos_nautica,3.0
O04234,C01351,CE,caucaia,delivered,2017-09-28 11:30:56,2017-09-29 07:30:56,2017-10-28 11:30:56,2017-10-04 11:30:56,1,30,6,1,205.64,18.96,0.0922,1,beleza_saude,5.0
O04239,C00511,PR,curitiba,delivered,2018-02-12 13:01:22,2018-02-14 03:01:22,2018-03-03 13:01:22,2018-02-23 13:01:22,1,19,11,1,192.56,12.25,0.0636,1,moveis_cozinha,2.0
O04270,C01024,PB,santa rita,delivered,2018-10-15 06:24:28,2018-10-16 14:24:28,2018-11-06 06:24:28,2018-10-29 06:24:28,1,22,14,1,447.96,48.85,0.109,1,fashion_underwear,2.0
O04283,C01547,PA,anamideua,delivered,2017-08-26 04:10:07,2017-08-27 18:10:07,2017-09-25 04:10:07,2017-09-02 04:10:07,1,30,7,4,1367.87,149.27,0.1186,1,casa_cozinha,1.0
O04296,C00854,PA,castanhal,delivered,2016-10-01 05:14:28,2016-10-02 23:14:28,2016-10-30 05:14:28,2016-10-14 05:14:28,1,29,13,2,251.71,65.79,0.3374,1,artes,2.0
O04298,C00363,RR,rorainopolis,delivered,2018-03-17 00:24:11,2018-03-18 06:24:11,2018-04-06 00:24:11,2018-04-05 00:24:11,1,20,19,1,271.23,28.06,0.1035,1,ferramentas_jardim,2.0
O04299,C01424,RS,santa maria,delivered,2017-09-25 07:21:33,2017-09-26 14:21:33,2017-10-15 07:21:33,2017-10-08 07:21:33,1,20,13,2,485.72,44.03,0.1079,1,casa_limpeza,2.0
O04315,C00174,AC,feijo,delivered,2017-01-11 23:23:44,2017-01-13 15:23:44,2017-01-22 23:23:44,2017-02-02 23:23:44,0,11,22,1,98.14,22.3,0.2272,0,fashion_underwear,5.0
O04329,C00168,MT,sinop,delivered,2016-09-19 13:43:16,2016-09-21 09:43:16,2016-10-07 13:43:16,2016-10-05 13:43:16,1,18,16,1,171.46,5.8,0.0338,1,moveis_quarto,2.0
O04349,C00186,CE,caucaia,delivered,2016-11-28 03:55:58,2016-11-30 00:55:58,2016-12-26 03:55:58,2016-12-05 03:55:58,1,28,7,1,176.29,17.82,0.1011,1,moveis_presentes,3.0
O04351,C01135,DF,taguatinga,delivered,2018-01-13 10:39:03,2018-01-15 01:39:03,2018-01-21 10:39:03,2018-01-20 10:39:03,1,8,7,1,409.11,12.2,0.0298,1,moda_roupa,2.0
O04358,C00289,AL,penedo,delivered,2016-12-09 18:57:20,2016-12-10 13:57:20,2017-01-02 18:57:20,2016-12-22 18:57:20,1,24,13,1,467.96,28.06,0.06,1,casa_conforto,3.0
O04363,C00689,TO,palmas,delivered,2016-11-13 15:55:09,2016-11-14 09:55:09,2016-11-20 15:55:09,2016-12-07 15:55:09,0,7,24,2,318.43,50.27,0.1661,1,automotivo,5.0
O04366,C01110,MA,sao luis,delivered,2018-08-18 04:13:37,2018-08-19 11:13:37,2018-08-29 04:13:37,2018-09-02 04:13:37,0,11,15,2,378.97,44.24,0.1756,1,construcao_ferramentas,5.0
O04372,C00428,RS,caxias do sul,delivered,2017-09-26 04:13:02,2017-09-27 05:13:02,2017-10-15 04:13:02,2017-10-20 04:13:02,0,19,24,5,1166.47,138.08,0.1425,1,casa_garagem,4.0
O04377,C01778,SP,campinas,delivered,2016-12-06 11:20:51,2016-12-07 17:20:51,2016-12-22 11:20:51,2016-12-21 11:20:51,1,16,15,1,464.0,33.82,0.0729,1,moveis_decoracao,5.0
O04380,C01302,MA,timon,delivered,2017-12-10 06:30:26,2017-12-10 22:30:26,2017-12-19 06:30:26,2017-12-29 06:30:26,0,9,19,2,368.42,68.5,0.1861,1,alimentos_bebidas,5.0
O04382,C01100,AC,rio branco,delivered,2018-06-05 21:41:01,2018-06-07 14:41:01,2018-06-17 21:41:01,2018-06-19 21:41:01,0,12,14,4,920.99,71.94,0.0967,1,consoles_games,5.0
O04384,C00267,SC,blumenau,delivered,2016-12-28 20:02:59,2016-12-29 10:02:59,2016-12-31 20:02:59,2017-01-17 20:02:59,0,3,20,1,240.59,7.21,0.03,1,cama_mesa_banho,5.0
O04386,C01553,ES,vitoria,delivered,2016-11-13 18:24:32,2016-11-14 20:24:32,2016-11-26 18:24:32,2016-11-27 18:24:32,0,13,14,1,414.87,20.27,0.0489,1,market_place,5.0
O04408,C01446,BA,itabuna,delivered,2018-08-31 20:01:11,2018-09-01 10:01:11,2018-09-07 20:01:11,2018-09-19 20:01:11,0,7,19,2,693.31,76.07,0.1179,1,casa_banheiro,5.0
O04414,C01101,AL,penedo,delivered,2016-12-17 10:07:04,2016-12-18 10:07:04,2017-01-02 10:07:04,2017-01-11 10:07:04,0,16,25,2,93.39,44.29,0.438,1,casa_garagem,5.0
O04416,C01081,RS,pelotas,delivered,2018-05-01 08:34:24,2018-05-02 06:34:24,2018-05-04 08:34:24,2018-05-15 08:34:24,0,3,14,2,367.55,72.41,0.2135,1,malas_acessorios,2.0
O04419,C01737,TO,porto nacional,delivered,2016-12-19 14:24:37,2016-12-21 11:24:37,2017-01-08 14:24:37,2017-01-12 14:24:37,0,20,24,1,205.26,10.74,0.0523,1,moda_roupa,5.0
O04430,C00937,AL,arapiraca,delivered,2017-11-10 06:44:39,2017-11-10 19:44:39,2017-11-27 06:44:39,2017-11-15 06:44:39,1,17,5,2,816.11,88.17,0.1088,1,malas_acessorios,2.0
O04444,C00605,RJ,rio de janeiro,delivered,2017-12-04 14:08:40,2017-12-05 11:08:40,2018-01-01 14:08:40,2017-12-15 14:08:40,1,28,11,1,317.75,42.96,0.1352,1,moveis_decoracao,3.0
O04451,C01180,RO,porto velho,delivered,2017-09-25 03:51:26,2017-09-25 09:51:26,2017-10-20 03:51:26,2017-10-02 03:51:26,1,25,7,3,931.94,64.54,0.0682,1,consoles_games,2.0
O04459,C00439,RN,caico,delivered,2018-07-04 17:14:22,2018-07-06 14:14:22,2018-07-21 17:14:22,2018-07-22 17:14:22,0,17,18,1,318.59,32.73,0.1027,1,moveis_sala,5.0
O04463,C01030,GO,luziania,delivered,2017-01-08 20:12:00,2017-01-09 11:12:00,2017-01-20 20:12:00,2017-01-31 20:12:00,0,12,23,1,346.95,25.89,0.0746,1,casa_jardim,5.0
O04478,C00119,RR,boa vista,delivered,2018-10-11 09:39:57,2018-10-12 15:39:57,2018-11-05 09:39:57,2018-10-20 09:39:57,1,25,9,2,779.3,80.25,0.1034,1,casa_limpeza,5.0
O04480,C01549,MG,juiz de fora,delivered,2017-07-22 14:52:32,2017-07-22 22:52:32,2017-08-20 14:52:32,2017-08-02 14:52:32,1,29,11,2,669.23,58.35,0.0845,1,alimentos_bebidas,5.0
O04507,C00937,AL,arapiraca,delivered,2018-01-31 04:01:16,2018-02-01 03:01:16,2018-02-21 04:01:16,2018-02-19 04:01:16,1,21,19,3,709.21,101.06,0.1575,1,casa_conforto_2,2.0
O04512,C00149,PR,curitiba,delivered,2018-06-06 05:41:54,2018-06-07 16:41:54,2018-06-12 05:41:54,2018-06-20 05:41:54,0,6,14,2,916.84,62.38,0.0679,1,casa_quarto,4.0
O04521,C01736,TO,palmas,delivered,2018-03-05 04:30:03,2018-03-07 00:30:03,2018-03-21 04:30:03,2018-03-10 04:30:03,1,16,5,4,1177.82,106.44,0.4937,1,brinquedos,1.0
O04535,C01901,RR,rorainopolis,delivered,2018-01-27 18:07:10,2018-01-29 16:07:10,2018-02-09 18:07:10,2018-02-04 18:07:10,1,13,8,4,1031.2,113.94,0.3923,1,casa_iluminacao,2.0
O04572,C00130,RN,mossoro,delivered,2018-05-30 16:57:23,2018-05-31 12:57:23,2018-06-28 16:57:23,2018-06-20 16:57:23,1,29,21,2,497.06,48.15,0.1225,1,automotivo,1.0
O04580,C01378,MG,contagem,delivered,2018-07-09 01:12:34,2018-07-10 09:12:34,2018-07-29 01:12:34,2018-07-28 01:12:34,1,20,19,1,219.0,40.05,0.1829,1,casa_escritorio,2.0
O04602,C00209,MA,sao jose de ribamar,delivered,2016-10-25 21:45:32,2016-10-26 12:45:32,2016-11-19 21:45:32,2016-11-14 21:45:32,1,25,20,1,377.52,23.42,0.062,1,moveis_decoracao,2.0
O04623,C01395,RN,mossoro,delivered,2016-10-17 09:01:00,2016-10-17 18:01:00,2016-11-01 09:01:00,2016-11-04 09:01:00,0,15,18,1,31.83,34.5,1.0839,1,portateis_cozinha,5.0
O04629,C00380,RS,porto alegre,delivered,2017-12-27 05:16:46,2017-12-27 15:16:46,2018-01-11 05:16:46,2018-01-06 05:16:46,1,15,10,1,355.38,27.52,0.0774,1,livros_interesse,5.0
O04646,C01585,AL,rio largo,delivered,2017-07-05 02:52:31,2017-07-06 21:52:31,2017-07-19 02:52:31,2017-07-29 02:52:31,0,14,24,1,193.13,43.86,0.2271,1,eletronicos,4.0
O04662,C00339,RO,ariquemes,delivered,2017-10-18 00:01:58,2017-10-18 15:01:58,2017-11-17 00:01:58,2017-10-30 00:01:58,1,30,12,1,386.99,35.93,0.0928,1,eletrodomesticos_2,2.0
O04682,C01656,AL,arapiraca,delivered,2017-01-19 18:25:26,2017-01-21 09:25:26,2017-02-09 18:25:26,2017-02-11 18:25:26,0,21,23,2,334.68,83.9,0.9231,1,casa_limpeza,5.0
O04688,C01743,ES,cariacica,delivered,2017-07-14 21:56:58,2017-07-16 19:56:58,2017-08-12 21:56:58,2017-08-05 21:56:58,1,29,22,1,251.5,45.21,0.1798,1,casa_escritorio,5.0
O04691,C00426,SP,guarulhos,delivered,2017-04-07 06:06:52,2017-04-07 11:06:52,2017-04-18 06:06:52,2017-04-30 06:06:52,0,11,23,2,440.41,48.78,0.3904,1,eletrodomesticos_2,4.0
O04695,C00790,MS,três lagoas,delivered,2017-04-29 00:09:34,2017-04-30 22:09:34,2017-05-19 00:09:34,2017-05-04 00:09:34,1,20,5,2,602.22,86.45,0.1705,1,casa_escritorio,3.0
O04720,C00161,AM,parintins,delivered,2017-12-18 21:03:17,2017-12-19 07:03:17,2018-01-11 21:03:17,2017-12-23 21:03:17,1,24,5,1,252.95,49.94,0.1974,1,moveis_colchao_estofado,3.0
O04727,C01377,RJ,niteroi,delivered,2018-04-07 01:07:28,2018-04-08 11:07:28,2018-04-10 01:07:28,2018-04-16 01:07:28,0,3,9,1,15.23,16.55,1.0867,1,informatica_acessorios,5.0
O04742,C01473,AC,cruzeiro do sul,delivered,2017-03-04 21:38:56,2017-03-06 06:38:56,2017-03-20 21:38:56,2017-03-09 21:38:56,1,16,5,2,534.65,58.07,0.1012,1,artes,4.0
O04751,C01926,RJ,campos,delivered,2017-01-04 12:49:42,2017-01-05 21:49:42,2017-01-07 12:49:42,2017-01-10 12:49:42,0,3,6,1,462.12,10.92,0.0236,1,la_cuisine,5.0
O04754,C01661,RO,vilhena,delivered,2017-08-04 04:00:04,2017-08-06 00:00:04,2017-08-23 04:00:04,2017-08-24 04:00:04,0,19,20,1,349.0,23.11,0.0662,1,casa_garagem,5.0
O04755,C00925,AC,tarauaca,delivered,2017-11-13 10:41:54,2017-11-14 09:41:54,2017-11-29 10:41:54,2017-11-24 10:41:54,1,16,11,1,185.1,23.79,0.1285,0,casa_quarto,4.0
O04760,C01392,TO,palmas,delivered,2017-06-17 19:41:33,2017-06-19 07:41:33,2017-06-21 19:41:33,2017-06-29 19:41:33,0,4,12,2,420.17,49.11,0.1634,1,fraldas_higiene,4.0
O04764,C01091,AL,penedo,delivered,2017-03-19 14:58:46,2017-03-21 01:58:46,2017-04-06 14:58:46,2017-04-02 14:58:46,1,18,14,1,101.89,48.09,0.472,1,eletronicos,2.0
O04772,C00292,PA,anamideua,delivered,2018-04-17 08:10:24,2018-04-18 04:10:24,2018-05-04 08:10:24,2018-05-01 08:10:24,1,17,14,2,429.93,69.94,0.256,1,casa_utilidades,2.0
O04775,C00465,TO,paraíso do tocantins,delivered,2017-08-19 18:12:57,2017-08-20 10:12:57,2017-09-16 18:12:57,2017-09-11 18:12:57,1,28,23,2,187.77,70.97,0.4826,1,perfumaria,5.0
O04792,C01971,ES,vitoria,delivered,2017-04-05 07:36:31,2017-04-05 18:36:31,2017-04-25 07:36:31,2017-04-14 07:36:31,1,20,9,1,150.01,26.66,0.1777,1,casa_iluminacao,3.0
O04794,C01190,SC,florianopolis,delivered,2017-07-28 03:34:03,2017-07-29 12:34:03,2017-08-17 03:34:03,2017-08-07 03:34:03,1,20,10,2,292.29,39.2,0.1305,1,casa_garagem,1.0
O04812,C00740,BA,vitoria da conquista,delivered,2018-06-23 10:34:00,2018-06-23 15:34:00,2018-07-20 10:34:00,2018-07-07 10:34:00,1,27,14,1,461.96,38.71,0.0838,1,portateis_casa_forno_cafe,3.0
O04825,C00986,RN,natal,delivered,2017-08-15 05:43:42,2017-08-16 15:43:42,2017-08-18 05:43:42,2017-09-01 05:43:42,0,3,17,1,108.59,49.35,0.4545,1,seguros_servicos,2.0
O04830,C01163,CE,juazeiro do norte,delivered,2018-07-14 16:49:54,2018-07-15 03:49:54,2018-07-28 16:49:54,2018-08-07 16:49:54,0,14,24,3,438.87,106.86,0.6416,1,casa_limpeza,5.0
O04845,C00715,CE,maracanau,delivered,2018-03-04 06:32:16,2018-03-05 23:32:16,2018-03-14 06:32:16,2018-03-17 06:32:16,0,10,13,1,494.74,14.39,0.0291,1,informatica_acessorios,5.0
O04850,C00816,TO,araguaina,delivered,2018-01-03 01:21:41,2018-01-03 16:21:41,2018-01-14 01:21:41,2018-01-18 01:21:41,0,11,15,1,124.91,32.77,0.2623,1,moveis_cozinha,5.0
O04864,C01851,SE,aracaju,delivered,2018-09-25 11:55:33,2018-09-26 00:55:33,2018-10-16 11:55:33,2018-10-19 11:55:33,0,21,24,2,355.85,61.88,0.208,1,moveis_decoracao,5.0
O04868,C00226,RS,caxias do sul,delivered,2018-01-23 08:55:14,2018-01-23 16:55:14,2018-02-11 08:55:14,2018-02-05 08:55:14,1,19,13,1,28.24,12.39,0.4387,1,alimentos_bebidas,1.0
O04886,C00420,TO,araguaina,delivered,2017-12-13 04:39:36,2017-12-14 09:39:36,2017-12-24 04:39:36,2018-01-03 04:39:36,0,11,21,1,131.72,14.03,0.1065,0,moda_roupa,5.0
O04891,C00119,RR,boa vista,delivered,2016-09-16 08:45:34,2016-09-16 21:45:34,2016-10-03 08:45:34,2016-10-08 08:45:34,0,17,22,2,252.78,74.92,0.4426,1,casa_cozinha,5.0
O04892,C01780,PB,bayeux,delivered,2018-10-27 02:54:51,2018-10-27 18:54:51,2018-11-24 02:54:51,2018-11-13 02:54:51,1,28,17,2,573.65,67.68,0.1256,1,cool_stuff,3.0
O04905,C01648,TO,araguaina,delivered,2017-06-07 14:54:26,2017-06-09 10:54:26,2017-06-15 14:54:26,2017-06-12 14:54:26,1,8,5,1,20.72,17.37,0.8383,1,casa_iluminacao,2.0
O04907,C01144,RO,ariquemes,delivered,2018-01-20 23:30:22,2018-01-21 00:30:22,2018-01-27 23:30:22,2018-01-31 23:30:22,0,7,11,3,860.08,55.62,0.0947,1,casa_banheiro,5.0
O04915,C01758,ES,linhares,delivered,2017-01-10 11:49:15,2017-01-11 22:49:15,2017-01-17 11:49:15,2017-01-21 11:49:15,0,7,11,1,163.93,15.35,0.0936,1,brinquedos,5.0
O04926,C00591,PA,castanhal,delivered,2018-05-26 14:19:55,2018-05-28 12:19:55,2018-06-05 14:19:55,2018-06-10 14:19:55,0,10,15,3,432.6,91.48,0.223,1,carnes,4.0
O04938,C01836,PR,cascavel,delivered,2017-10-17 21:34:07,2017-10-19 20:34:07,2017-10-23 21:34:07,2017-11-04 21:34:07,0,6,18,2,566.89,72.63,0.1483,1,beleza_saude,5.0
O04943,C00770,GO,goiania,delivered,2017-12-12 18:47:06,2017-12-13 02:47:06,2018-01-08 18:47:06,2017-12-21 18:47:06,1,27,9,1,308.57,46.35,0.1502,1,fashion_roupa_feminina,4.0
O04944,C01006,PR,londrina,delivered,2017-04-18 04:08:30,2017-04-20 00:08:30,2017-05-02 04:08:30,2017-04-29 04:08:30,1,14,11,1,167.89,19.66,0.1171,1,livros_interesse,1.0
O04946,C00414,RO,ariquemes,delivered,2017-11-04 05:23:53,2017-11-04 12:23:53,2017-11-27 05:23:53,2017-11-10 05:23:53,1,23,6,1,446.87,37.51,0.0839,1,fashion_roupa_feminina,4.0
O04961,C00222,AC,cruzeiro do sul,delivered,2018-03-28 21:07:36,2018-03-29 11:07:36,2018-04-05 21:07:36,2018-04-14 21:07:36,0,8,17,2,803.07,19.55,0.0256,1,casa_limpeza,4.0
O04988,C01448,TO,araguaina,delivered,2018-01-21 15:18:48,2018-01-22 23:18:48,2018-01-25 15:18:48,2018-02-03 15:18:48,0,4,13,1,395.62,31.73,0.0802,1,eletrodomesticos_2,5.0
O04997,C00364,SP,campinas,delivered,2016-11-05 17:28:01,2016-11-05 21:28:01,2016-11-10 17:28:01,2016-11-26 17:28:01,0,5,21,2,647.57,23.97,0.0379,1,artigos_nautica,5.0
O00660,C00907,SE,lagarto,delivered,2016-11-03 08:07:18,2016-11-04 00:07:18,2016-11-27 08:07:18,2016-11-16 08:07:18,1,24,13,1,135.18,41.47,0.3068,1,fraldas_higiene,0.0
O02135,C01882,AM,itacoatiara,shipped,2017-12-04 05:45:04,2017-12-05 01:45:04,,2017-12-17 05:45:04,0,,13,1,397.66,17.48,0.044,1,fraldas_higiene,0.0
O02982,C00155,RJ,campos,delivered,2017-10-03 19:53:49,2017-10-04 16:53:49,2017-10-24 19:53:49,2017-10-12 19:53:49,1,21,9,2,591.27,71.07,0.1218,1,cool_stuff,0.0
O03775,C01620,MS,corumba,unavailable,2018-06-28 13:15:44,2018-06-29 21:15:44,,,0,,,1,469.98,16.68,0.0355,1,pc_gamer,0.0
O03987,C00886,GO,luziania,canceled,2017-08-25 05:55:01,2017-08-25 17:55:01,,,0,,,1,408.04,26.31,0.0645,1,fashion_esporte,0.0
O04936,C01829,SE,itabaiana,unavailable,2018-03-20 17:54:58,2018-03-22 08:54:58,,,0,,,2,896.49,54.15,0.0571,1,ferramentas_jardim,0.0
O01627,C00312,RO,ji-parana,canceled,2017-12-01 21:18:08,2017-12-02 09:18:08,,,0,,,2,429.83,33.84,0.3724,1,brinquedos,0.0
O01630,C01256,RS,canoas,delivered,2016-12-14 14:19:44,2016-12-15 15:19:44,2016-12-19 14:19:44,2016-12-24 14:19:44,0,5,10,3,877.06,73.35,0.1908,1,casa_utilidades,0.0
O03898,C01181,DF,ceilandia,shipped,2017-02-23 16:41:03,2017-02-24 23:41:03,,2017-03-18 16:41:03,0,,23,1,237.28,36.25,0.1528,1,casa_conforto,0.0
O00153,C00911,BA,ilheus,canceled,2016-11-06 05:25:42,2016-11-07 04:25:42,,,0,,,1,210.85,27.94,0.1325,1,casa_limpeza,0.0
O00799,C01255,GO,luziania,delivered,2017-03-09 11:41:03,2017-03-09 15:41:03,2017-03-18 11:41:03,2017-03-16 11:41:03,1,9,7,2,250.48,73.48,0.3909,1,casa_cozinha,0.0
O01140,C00575,PI,teresina,unavailable,2018-02-11 01:55:34,2018-02-12 04:55:34,,,0,,,1,402.96,24.46,0.0607,1,casa_utilidades,0.0
O01983,C00612,MA,sao luis,delivered,2017-06-21 20:07:08,2017-06-22 13:07:08,2017-07-06 20:07:08,2017-07-08 20:07:08,0,15,17,2,432.78,31.69,0.0674,1,cool_stuff,0.0
O02280,C01547,PA,anamideua,canceled,2017-01-06 19:42:05,2017-01-07 05:42:05,,,0,,,1,265.38,21.93,0.0826,1,fashion_roupa_masculina,0.0
O02441,C01593,ES,serra,delivered,2017-09-01 13:15:18,2017-09-02 06:15:18,2017-09-29 13:15:18,2017-09-06 13:15:18,1,28,5,1,11.58,45.97,3.9698,1,brinquedos,0.0
O04838,C00703,BA,salvador,shipped,2018-09-07 18:32:32,2018-09-08 07:32:32,,2018-09-28 18:32:32,0,,21,1,29.37,34.8,1.1849,1,musica_arte,0.0
O01212,C01462,PA,castanhal,delivered,2018-01-26 17:07:45,2018-01-27 22:07:45,2018-02-17 17:07:45,2018-02-17 17:07:45,0,22,22,1,361.95,25.6,0.0707,1,casa_limpeza,0.0
O01572,C01462,PA,castanhal,shipped,2017-03-03 04:09:07,2017-03-03 21:09:07,,2017-03-10 04:09:07,0,,7,1,482.62,27.73,0.0575,1,consoles_games,0.0
O02672,C01172,SE,nossa senhora do socorro,delivered,2018-01-31 14:48:08,2018-02-01 21:48:08,2018-02-27 14:48:08,2018-02-25 14:48:08,1,27,25,1,143.45,5.7,0.0397,1,market_place,0.0
O03735,C00422,AC,rio branco,shipped,2017-02-03 19:50:14,2017-02-04 23:50:14,,2017-02-27 19:50:14,0,,24,1,65.98,13.81,0.2093,1,perfumaria,0.0
O03928,C01426,CE,fortaleza,shipped,2017-02-19 23:10:23,2017-02-20 19:10:23,,2017-03-05 23:10:23,0,,14,1,13.09,35.25,2.6929,1,casa_construcao,0.0
O04141,C01867,BA,itabuna,delivered,2017-02-05 23:36:42,2017-02-06 11:36:42,2017-02-27 23:36:42,2017-02-17 23:36:42,1,22,12,1,11.33,30.27,2.6717,1,portateis_cozinha,0.0
O00039,C00639,TO,gurupi,canceled,2017-05-16 07:59:44,2017-05-16 21:59:44,,,0,,,1,334.2,12.21,0.0365,1,cool_stuff,0.0
O00064,C01672,AL,delmiro gouveia,delivered,2016-09-08 16:13:37,2016-09-10 13:13:37,2016-09-19 16:13:37,2016-09-14 16:13:37,1,11,6,1,402.32,11.19,0.0278,1,portateis_cozinha,0.0
O00094,C00349,MT,tangara da serra,delivered,2018-01-03 12:14:43,2018-01-05 08:14:43,2018-01-11 12:14:43,2018-01-18 12:14:43,0,8,15,2,418.52,51.27,0.2378,1,casa_garagem,0.0
O00460,C01157,RO,ariquemes,unavailable,2018-07-03 08:38:02,2018-07-04 11:38:02,,,0,,,1,176.61,27.45,0.1554,1,fashion_underwear,0.0
O00489,C00939,GO,aparecida de goiania,delivered,2018-10-04 15:18:58,2018-10-05 07:18:58,2018-10-17 15:18:58,2018-10-18 15:18:58,0,13,14,3,628.18,64.08,0.2212,1,cool_stuff,0.0
O02388,C00959,CE,fortaleza,delivered,2017-02-21 21:50:23,2017-02-23 00:50:23,2017-02-24 21:50:23,2017-03-15 21:50:23,0,3,22,2,501.45,77.97,0.3061,1,beleza_saude,0.0
O03102,C01486,TO,paraíso do tocantins,shipped,2018-07-23 17:06:41,2018-07-24 10:06:41,,2018-08-04 17:06:41,0,,12,1,198.55,44.06,0.2219,1,eletronicos,0.0
O03617,C01322,AP,oida,unavailable,2017-08-17 13:13:35,2017-08-18 12:13:35,,,0,,,1,497.89,30.18,0.0606,1,informatica_acessorios,0.0
O03878,C00530,CE,maracanau,shipped,2017-08-18 22:59:04,2017-08-20 18:59:04,,2017-09-04 22:59:04,0,,17,1,278.15,39.94,0.1436,1,instrumentos_musicais,0.0
O03895,C01591,AP,porto grande,shipped,2018-09-22 22:10:32,2018-09-23 09:10:32,,2018-10-13 22:10:32,0,,21,1,437.61,23.12,0.0528,1,perfumaria,0.0
O03937,C01542,ES,cariacica,delivered,2017-12-22 12:09:01,2017-12-23 03:09:01,2018-01-21 12:09:01,2018-01-16 12:09:01,1,30,25,1,14.81,10.81,0.7299,1,instrumentos_musicais,0.0
O04017,C01682,PI,campo maior,unavailable,2018-05-18 18:00:36,2018-05-19 08:00:36,,,0,,,1,297.96,11.04,0.0371,1,automotivo,0.0
O00118,C01353,MG,uberlandia,delivered,2016-09-01 23:55:29,2016-09-02 03:55:29,2016-09-15 23:55:29,2016-09-15 23:55:29,0,14,14,2,612.15,77.69,0.1272,1,moveis_decoracao,0.0
O00588,C00189,DF,taguatinga,delivered,2018-06-15 06:22:05,2018-06-15 11:22:05,2018-07-03 06:22:05,2018-07-04 06:22:05,0,18,19,1,293.13,12.47,0.0425,1,fashion_roupa_feminina,0.0
O00808,C00809,PE,petrolina,delivered,2017-12-05 22:30:16,2017-12-07 13:30:16,2017-12-28 22:30:16,2017-12-19 22:30:16,1,23,14,2,654.53,26.25,0.0407,1,casa_lavanderia,0.0
O01230,C00900,PE,petrolina,delivered,2018-04-01 03:59:47,2018-04-01 07:59:47,2018-04-27 03:59:47,2018-04-25 03:59:47,1,26,24,1,186.76,19.38,0.1038,1,casa_escritorio,0.0
O01407,C01063,AP,oida,shipped,2017-10-14 07:44:02,2017-10-15 08:44:02,,2017-11-05 07:44:02,0,,22,1,67.42,19.1,0.2833,1,flores,0.0
O01461,C01617,DF,samambaia,delivered,2017-07-13 15:20:31,2017-07-14 12:20:31,2017-07-25 15:20:31,2017-07-26 15:20:31,0,12,13,1,329.65,8.38,0.0254,1,fashion_esporte,0.0
O01604,C01265,RO,cacoal,canceled,2017-09-22 18:29:23,2017-09-24 15:29:23,,,0,,,3,415.81,75.62,0.2958,1,casa_garagem,0.0
O01740,C01205,RJ,campos,unavailable,2017-08-07 06:00:27,2017-08-09 04:00:27,,,0,,,2,768.14,50.63,0.0708,1,alimentos_bebidas,0.0
O02795,C00343,SE,aracaju,delivered,2018-06-27 22:01:36,2018-06-29 04:01:36,2018-07-11 22:01:36,2018-07-20 22:01:36,0,14,23,1,222.29,24.09,0.1084,1,fashion_roupa_feminina,0.0
O03181,C00283,MS,ponta pora,canceled,2018-01-03 04:22:33,2018-01-03 05:22:33,,,0,,,1,352.97,30.51,0.0864,1,alimentos_bebidas,0.0
O03468,C01119,PI,teresina,unavailable,2018-05-29 16:47:20,2018-05-30 14:47:20,,,0,,,1,130.98,38.56,0.2944,1,fashion_bolsas,0.0
O00819,C01803,ES,serra,shipped,2018-08-19 03:11:41,2018-08-20 00:11:41,,2018-09-05 03:11:41,0,,17,1,235.14,38.78,0.1649,1,moveis_sala,0.0
O01098,C01579,RN,sao goncalo do amarante,delivered,2016-09-15 07:56:17,2016-09-17 00:56:17,2016-09-28 07:56:17,2016-10-09 07:56:17,0,13,24,1,477.18,21.17,0.0444,1,construcao_ferramentas,0.0
O01150,C00281,MA,sao jose de ribamar,shipped,2016-12-16 19:05:40,2016-12-17 02:05:40,,2017-01-08 19:05:40,0,,23,5,1268.79,125.51,0.1665,1,casa_iluminacao,0.0
O01254,C01802,BA,vitoria da conquista,delivered,2018-06-15 03:16:03,2018-06-17 01:16:03,2018-07-11 03:16:03,2018-07-06 03:16:03,1,26,21,2,444.01,66.0,0.1524,1,casa_banheiro,0.0
O01333,C01369,MA,imperatriz,delivered,2017-06-28 07:58:21,2017-06-29 23:58:21,2017-07-27 07:58:21,2017-07-03 07:58:21,1,29,5,1,35.41,7.62,0.2152,1,casa_banheiro,0.0
O01972,C01763,MG,contagem,delivered,2018-09-14 16:36:58,2018-09-14 19:36:58,2018-09-26 16:36:58,2018-10-05 16:36:58,0,12,21,1,132.77,33.74,0.2541,1,cama_mesa_banho,0.0
O02090,C00313,PR,londrina,delivered,2017-02-02 00:33:20,2017-02-03 20:33:20,2017-02-21 00:33:20,2017-02-14 00:33:20,1,19,12,2,630.17,60.18,0.1439,1,fashion_underwear,0.0
O02420,C01020,SE,estancia,delivered,2018-10-28 02:45:34,2018-10-28 09:45:34,2018-11-08 02:45:34,2018-11-06 02:45:34,1,11,9,2,638.1,84.05,0.1344,1,audio,0.0
O02773,C00383,AP,oida,delivered,2017-10-07 05:38:55,2017-10-07 16:38:55,2017-10-17 05:38:55,2017-10-31 05:38:55,0,10,24,1,398.62,23.65,0.0593,1,relogios_presentes,0.0
O03472,C00410,MT,sinop,delivered,2017-01-25 04:59:15,2017-01-25 15:59:15,2017-02-08 04:59:15,2017-02-10 04:59:15,0,14,16,1,405.34,17.74,0.0438,1,fashion_underwear,0.0
O03805,C00498,DF,guara,canceled,2018-01-16 18:17:33,2018-01-17 12:17:33,,,0,,,1,289.83,21.46,0.074,1,casa_quarto,0.0
O03856,C01597,AC,rio branco,delivered,2018-03-14 01:14:52,2018-03-15 15:14:52,2018-03-26 01:14:52,2018-04-03 01:14:52,0,12,20,5,1360.4,129.64,0.0894,1,alimentos_bebidas,0.0
O04117,C01484,RJ,campos,canceled,2018-05-07 19:07:51,2018-05-08 21:07:51,,,0,,,2,753.88,31.97,0.0403,1,casa_garagem,0.0
O00006,C01442,MG,montes claros,shipped,2018-05-08 20:48:45,2018-05-08 21:48:45,,2018-05-20 20:48:45,0,,12,1,312.05,24.31,0.0779,1,cds_dvds_musicais,0.0
O00680,C00645,SC,sao jose,delivered,2016-09-11 12:36:10,2016-09-13 04:36:10,2016-10-08 12:36:10,2016-09-27 12:36:10,1,27,16,1,226.82,14.86,0.0655,1,brinquedos,0.0
O01176,C00412,RS,pelotas,canceled,2017-11-03 03:41:35,2017-11-04 10:41:35,,,0,,,1,460.48,12.17,0.0264,1,fashion_underwear,0.0
O01908,C00269,MS,campo grande,canceled,2017-04-14 11:31:56,2017-04-15 01:31:56,,,0,,,1,253.42,27.47,0.1084,1,flores,0.0
O02071,C01501,RR,mucajai,shipped,2018-09-25 08:23:19,2018-09-26 17:23:19,,2018-10-18 08:23:19,0,,23,3,645.47,77.47,0.1608,1,casa_utilidades,0.0
O02263,C00348,MS,três lagoas,delivered,2016-11-27 03:12:25,2016-11-27 13:12:25,2016-12-01 03:12:25,2016-12-21 03:12:25,0,4,24,3,813.82,79.79,0.1083,1,fashion_roupa_feminina,0.0
O02385,C01447,RJ,campos,delivered,2017-03-05 10:48:13,2017-03-05 12:48:13,2017-03-13 10:48:13,2017-03-27 10:48:13,0,8,22,2,530.83,73.14,0.146,1,brinquedos,0.0
O02634,C00512,PE,olinda,delivered,2018-04-09 05:14:01,2018-04-10 23:14:01,2018-04-12 05:14:01,2018-04-18 05:14:01,0,3,9,1,210.08,33.4,0.159,1,seguros_servicos,0.0
O02757,C00199,MT,rondonopolis,shipped,2018-01-10 21:45:57,2018-01-12 18:45:57,,2018-01-29 21:45:57,0,,19,2,631.32,70.4,0.1128,1,automotivo,0.0
O04059,C01503,RS,caxias do sul,canceled,2018-01-03 20:17:43,2018-01-04 21:17:43,,,0,,,1,432.48,47.37,0.1095,1,casa_iluminacao,0.0
O00533,C00012,CE,juazeiro do norte,canceled,2018-05-21 17:14:08,2018-05-21 21:14:08,,,0,,,4,728.26,124.35,0.92,1,casa_construcao,0.0
O00870,C01438,TO,palmas,delivered,2017-01-04 06:00:31,2017-01-05 20:00:31,2017-01-23 06:00:31,2017-01-14 06:00:31,1,19,10,1,394.87,46.29,0.1172,1,artes,0.0
O00976,C00506,RR,alto alegre,delivered,2017-07-17 14:18:46,2017-07-19 05:18:46,2017-08-15 14:18:46,2017-08-01 14:18:46,1,29,15,4,1311.31,161.48,0.2141,1,beleza_saude,0.0
O00998,C01538,MA,timon,delivered,2018-04-14 13:29:25,2018-04-14 15:29:25,2018-04-25 13:29:25,2018-04-25 13:29:25,0,11,11,1,91.53,12.84,0.1403,1,ferramentas_jardim,0.0
O01724,C00646,MA,imperatriz,delivered,2017-06-16 19:57:52,2017-06-17 23:57:52,2017-06-20 19:57:52,2017-07-02 19:57:52,0,4,16,1,250.48,18.06,0.0721,1,casa_quarto,0.0
O01922,C00470,ES,vitoria,delivered,2018-09-06 14:21:02,2018-09-08 09:21:02,2018-09-11 14:21:02,2018-09-21 14:21:02,0,5,15,2,323.2,84.01,0.525,1,construcao_ferramentas,0.0
O03188,C01846,RS,santa maria,delivered,2016-09-07 18:56:20,2016-09-08 06:56:20,2016-09-16 18:56:20,2016-09-21 18:56:20,0,9,14,2,620.31,46.33,0.1278,1,cama_mesa_banho,0.0
O03331,C00345,RS,caxias do sul,delivered,2016-11-05 00:11:47,2016-11-05 01:11:47,2016-11-23 00:11:47,2016-11-30 00:11:47,0,18,25,1,320.16,12.5,0.039,1,flores,0.0
O03741,C01711,PB,bayeux,unavailable,2017-12-20 05:26:06,2017-12-20 20:26:06,,,0,,,1,218.93,6.81,0.0311,1,fashion_bolsas,0.0
O03892,C01848,SC,blumenau,canceled,2017-01-23 12:24:39,2017-01-25 04:24:39,,,0,,,2,467.9,74.93,0.249,1,casa_garagem,0.0
O04758,C01532,PE,caruaru,delivered,2017-06-16 10:37:49,2017-06-16 19:37:49,2017-06-25 10:37:49,2017-07-01 10:37:49,0,9,15,1,308.0,37.79,0.1227,1,perfumaria,0.0
O00306,C01502,AL,delmiro gouveia,delivered,2017-09-22 08:20:51,2017-09-22 09:20:51,2017-09-25 08:20:51,2017-10-13 08:20:51,0,3,21,3,483.58,89.52,0.2491,1,moveis_decoracao,0.0
O00442,C01478,AM,coari,canceled,2017-01-02 03:53:41,2017-01-03 07:53:41,,,0,,,1,408.26,30.1,0.0737,1,casa_jardim,0.0
O01561,C01553,ES,vitoria,shipped,2017-03-06 18:58:47,2017-03-07 23:58:47,,2017-03-22 18:58:47,0,,16,1,285.07,49.79,0.1747,1,construcao_ferramentas,0.0
O01562,C01069,PE,petrolina,unavailable,2017-08-29 04:00:28,2017-08-30 17:00:28,,,0,,,1,496.02,44.91,0.0905,0,cama_mesa_banho,0.0
O01591,C00383,AP,oida,shipped,2017-09-22 05:25:32,2017-09-22 08:25:32,,2017-10-07 05:25:32,0,,15,1,434.74,48.88,0.1124,1,eletroportateis,0.0
O01720,C00149,PR,curitiba,shipped,2018-04-29 01:05:35,2018-04-30 12:05:35,,2018-05-15 01:05:35,0,,16,2,819.69,71.53,0.0926,1,brinquedos,0.0
O01841,C01884,DF,guara,delivered,2018-02-16 15:27:11,2018-02-18 09:27:11,2018-03-01 15:27:11,2018-03-01 15:27:11,0,13,13,1,424.11,49.19,0.116,1,fashion_roupa_feminina,0.0
O01883,C01435,RS,caxias do sul,delivered,2018-03-09 18:01:21,2018-03-10 04:01:21,2018-03-29 18:01:21,2018-03-16 18:01:21,1,20,7,1,372.09,30.58,0.0822,1,casa_conforto,0.0
O01887,C01357,SC,florianopolis,delivered,2017-06-30 17:11:20,2017-07-01 01:11:20,2017-07-22 17:11:20,2017-07-14 17:11:20,1,22,14,1,154.52,14.93,0.0966,1,casa_utilidades,0.0
O01903,C00781,AM,itacoatiara,delivered,2016-10-30 22:09:27,2016-10-31 05:09:27,2016-11-05 22:09:27,2016-11-08 22:09:27,0,6,9,2,633.75,65.13,0.1114,1,casa_conforto,0.0
O02061,C00120,MA,imperatriz,unavailable,2018-04-29 00:14:54,2018-04-29 20:14:54,,,0,,,1,18.84,22.33,1.1852,1,papelaria,0.0
O02616,C00417,AM,itacoatiara,delivered,2016-10-19 07:02:17,2016-10-20 16:02:17,2016-10-23 07:02:17,2016-11-09 07:02:17,0,4,21,1,47.25,12.36,0.2616,1,cool_stuff,0.0
O03056,C00941,SE,estancia,delivered,2017-12-09 14:17:06,2017-12-10 11:17:06,2017-12-27 14:17:06,2017-12-16 14:17:06,1,18,7,3,484.47,69.23,0.208,1,instrumentos_musicais,0.0
O03261,C01010,AP,laranjal do jari,shipped,2017-02-25 13:01:03,2017-02-25 19:01:03,,2017-03-12 13:01:03,0,,15,1,135.79,22.07,0.1625,1,construcao_ferramentas,0.0
O03653,C01165,SE,estancia,delivered,2018-04-16 13:48:17,2018-04-16 23:48:17,2018-04-25 13:48:17,2018-05-11 13:48:17,0,9,25,5,1354.62,168.63,0.2483,1,casa_banheiro,0.0
O04498,C01832,PE,jaboatao,canceled,2018-06-16 17:42:00,2018-06-16 19:42:00,,,0,,,2,348.71,46.46,0.1438,1,audio,0.0
O04980,C00776,AL,rio largo,shipped,2016-09-18 06:10:50,2016-09-19 18:10:50,,2016-10-05 06:10:50,0,,17,1,240.39,17.95,0.0747,1,eletrodomesticos,0.0
O00002,C01899,SC,criciuma,delivered,2017-02-02 21:09:45,2017-02-04 14:09:45,2017-02-23 21:09:45,2017-02-08 21:09:45,1,21,6,2,868.68,60.41,0.0702,1,cool_stuff,0.0
O00323,C01216,RO,ji-parana,delivered,2017-09-24 07:31:19,2017-09-24 13:31:19,2017-10-16 07:31:19,2017-10-14 07:31:19,1,22,20,2,708.87,44.04,0.0598,1,papelaria,0.0
O01029,C01540,GO,aparecida de goiania,shipped,2017-09-26 13:58:58,2017-09-27 23:58:58,,2017-10-06 13:58:58,0,,10,1,243.14,49.97,0.2055,1,artes,0.0
O01259,C01477,MG,juiz de fora,delivered,2018-03-28 07:05:32,2018-03-29 05:05:32,2018-04-05 07:05:32,2018-04-11 07:05:32,0,8,14,3,690.6,85.25,0.8648,1,casa_construcao,0.0
O01751,C00206,DF,brasilia,shipped,2018-08-20 18:41:44,2018-08-22 03:41:44,,2018-08-28 18:41:44,0,,8,1,169.64,38.7,0.2281,1,fashion_underwear,0.0
O02069,C00036,PA,maraba,delivered,2017-12-19 19:01:14,2017-12-21 16:01:14,2017-12-31 19:01:14,2017-12-29 19:01:14,1,12,10,1,46.06,22.84,0.4959,1,relogios_presentes,0.0
O02261,C00884,PI,campo maior,delivered,2017-02-02 03:04:08,2017-02-04 00:04:08,2017-02-06 03:04:08,2017-02-22 03:04:08,0,4,20,2,373.62,66.09,0.178,1,bebes,0.0
O02486,C01856,BA,feira de santana,delivered,2018-01-28 18:55:08,2018-01-29 17:55:08,2018-02-01 18:55:08,2018-02-05 18:55:08,0,4,8,1,175.56,30.96,0.1763,1,carnes,0.0
O02557,C01148,GO,anapolis,delivered,2017-08-07 12:05:43,2017-08-08 17:05:43,2017-09-03 12:05:43,2017-08-20 12:05:43,1,27,13,1,212.57,29.08,0.1368,1,audio,0.0
O02925,C01734,RN,mossoro,delivered,2018-09-02 14:00:59,2018-09-04 12:00:59,2018-09-10 14:00:59,2018-09-10 14:00:59,0,8,8,1,433.33,9.56,0.0221,1,fashion_bolsas,0.0
O03318,C01953,PE,recife,canceled,2017-04-05 01:05:46,2017-04-06 15:05:46,,,0,,,1,136.52,30.2,0.2212,1,casa_sala,0.0
O03597,C01028,AM,coari,unavailable,2018-05-13 23:36:32,2018-05-14 20:36:32,,,0,,,2,926.15,73.11,0.0782,1,alimentos_bebidas,0.0
O00320,C01184,ES,serra,delivered,2016-10-09 16:02:10,2016-10-10 18:02:10,2016-10-26 16:02:10,2016-10-25 16:02:10,1,17,16,1,243.15,15.14,0.0623,1,flores,0.0
O00370,C01757,MT,varzea grande,delivered,2017-11-06 01:08:08,2017-11-06 14:08:08,2017-12-02 01:08:08,2017-11-11 01:08:08,1,26,5,2,493.83,50.09,0.2431,1,consoles_games,0.0
O00836,C01431,RR,alto alegre,canceled,2017-06-29 22:55:42,2017-06-30 07:55:42,,,0,,,1,308.4,32.06,0.104,1,portateis_cozinha,0.0
O01064,C01429,PI,picos,delivered,2018-10-26 19:13:06,2018-10-27 19:13:06,2018-11-10 19:13:06,2018-11-13 19:13:06,0,15,18,3,593.0,99.45,0.4277,1,alimentos_bebidas,0.0
O01772,C01863,SP,campinas,delivered,2018-04-04 16:16:02,2018-04-06 12:16:02,2018-04-11 16:16:02,2018-04-10 16:16:02,1,7,6,1,241.87,12.28,0.0508,1,seguros_servicos,0.0
O03106,C00383,AP,oida,delivered,2016-09-02 00:42:25,2016-09-03 03:42:25,2016-09-18 00:42:25,2016-09-25 00:42:25,0,16,23,1,180.98,23.48,0.1297,1,construcao_ferramentas,0.0
O04201,C00829,DF,samambaia,delivered,2017-05-29 20:29:32,2017-05-30 18:29:32,2017-06-22 20:29:32,2017-06-09 20:29:32,1,24,11,1,439.44,17.04,0.0388,1,brinquedos,0.0
O04300,C00029,MS,dourados,delivered,2018-07-18 21:00:55,2018-07-18 22:00:55,2018-08-12 21:00:55,2018-08-11 21:00:55,1,25,24,1,258.47,19.67,0.0761,1,moveis_decoracao,0.0
O04759,C00240,PA,maraba,canceled,2016-12-15 00:37:30,2016-12-16 06:37:30,,,0,,,1,46.64,20.83,0.4466,1,dvds_blu_ray,0.0
O00890,C00247,MA,sao jose de ribamar,delivered,2016-10-18 04:11:10,2016-10-19 11:11:10,2016-10-24 04:11:10,2016-10-25 04:11:10,0,6,7,1,280.06,39.68,0.1417,1,casa_conforto,0.0
O01025,C01311,SE,estancia,unavailable,2016-11-05 16:04:18,2016-11-05 21:04:18,,,0,,,2,502.15,62.93,0.493,1,casa_conforto,0.0
O01641,C01995,MS,dourados,unavailable,2017-05-21 05:27:19,2017-05-22 05:27:19,,,0,,,1,147.42,49.05,0.3327,1,utilidades_domesticas,0.0
O02923,C01101,AL,penedo,delivered,2017-09-20 09:11:29,2017-09-21 23:11:29,2017-10-05 09:11:29,2017-09-25 09:11:29,1,15,5,1,154.69,42.04,0.2718,1,casa_utilidades,0.0
O03148,C01574,ES,vila velha,delivered,2016-12-27 05:40:46,2016-12-28 00:40:46,2017-01-08 05:40:46,2017-01-15 05:40:46,0,12,19,1,431.43,30.19,0.07,1,la_cuisine,0.0
O03208,C01274,PB,bayeux,shipped,2018-03-29 03:21:28,2018-03-29 09:21:28,,2018-04-09 03:21:28,0,,11,1,52.98,22.59,0.4264,1,casa_construcao,0.0
O03354,C01501,RR,mucajai,delivered,2016-09-13 17:21:57,2016-09-13 21:21:57,2016-09-24 17:21:57,2016-09-23 17:21:57,1,11,10,3,579.86,116.45,0.2877,1,casa_escritorio,0.0
O03499,C01591,AP,porto grande,delivered,2017-06-20 07:57:05,2017-06-21 05:57:05,2017-07-17 07:57:05,2017-06-27 07:57:05,1,27,7,1,68.9,16.41,0.2382,1,beleza_saude,0.0
O03633,C01673,MA,timon,shipped,2017-05-27 19:44:56,2017-05-28 15:44:56,,2017-06-04 19:44:56,0,,8,1,178.6,31.65,0.1772,0,malas_acessorios,0.0
O01037,C00949,MG,juiz de fora,canceled,2017-03-22 14:11:25,2017-03-23 17:11:25,,,0,,,2,820.51,27.83,0.0343,1,casa_escritorio,0.0
O01071,C01225,PA,santarem,delivered,2018-01-22 04:46:16,2018-01-23 18:46:16,2018-01-27 04:46:16,2018-01-30 04:46:16,0,5,8,2,504.67,44.51,0.094,1,casa_jardim,0.0
O01569,C01229,SP,ribeirao preto,shipped,2018-06-20 20:16:27,2018-06-22 08:16:27,,2018-06-29 20:16:27,0,,9,1,479.44,23.68,0.0494,1,portateis_casa_forno_cafe,0.0
O01968,C00351,MT,rondonopolis,delivered,2017-04-15 23:09:26,2017-04-16 14:09:26,2017-04-28 23:09:26,2017-05-06 23:09:26,0,13,21,1,149.9,31.71,0.2115,1,moveis_escritorio,0.0
O02714,C00826,PI,teresina,unavailable,2016-10-21 06:02:29,2016-10-22 01:02:29,,,0,,,1,372.98,16.81,0.0451,1,portateis_casa_forno_cafe,0.0
O03124,C00927,SE,aracaju,unavailable,2016-12-05 10:25:47,2016-12-06 02:25:47,,,0,,,2,205.12,95.27,0.4907,1,casa_quarto,0.0
O03429,C01871,RO,vilhena,delivered,2016-09-14 17:23:31,2016-09-15 23:23:31,2016-09-24 17:23:31,2016-09-27 17:23:31,0,10,13,5,1190.14,117.94,0.1665,1,bebes,0.0
O03771,C01436,RS,caxias do sul,delivered,2017-06-04 15:58:25,2017-06-06 01:58:25,2017-06-28 15:58:25,2017-06-12 15:58:25,1,24,8,2,398.0,93.03,0.2956,1,casa_banheiro,0.0
O04252,C01192,GO,luziania,canceled,2018-02-11 06:38:15,2018-02-11 15:38:15,,,0,,,2,548.37,51.63,0.0906,1,malas_acessorios,0.0
O04462,C01584,PR,ponta grossa,delivered,2017-05-15 23:27:45,2017-05-17 15:27:45,2017-06-09 23:27:45,2017-05-26 23:27:45,1,25,11,1,35.17,49.94,1.42,1,consoles_games,0.0
O01035,C00292,PA,anamideua,shipped,2016-09-26 10:37:03,2016-09-27 01:37:03,,2016-10-09 10:37:03,0,,13,2,612.38,50.27,0.1086,1,casa_construcao,0.0
O01755,C00646,MA,imperatriz,shipped,2017-10-22 09:36:01,2017-10-24 06:36:01,,2017-11-01 09:36:01,0,,10,1,260.61,5.31,0.0204,1,casa_outros,0.0
O02180,C01220,AP,oida,delivered,2018-02-11 14:43:09,2018-02-12 21:43:09,2018-02-14 14:43:09,2018-03-05 14:43:09,0,3,22,3,653.01,101.7,0.7956,1,fashion_underwear,0.0
O02633,C01168,MT,cuiaba,delivered,2018-08-03 03:31:01,2018-08-04 05:31:01,2018-08-28 03:31:01,2018-08-09 03:31:01,1,25,6,1,38.18,22.76,0.5961,1,casa_utilidades,0.0
O02840,C01659,MG,contagem,shipped,2017-10-21 23:36:19,2017-10-22 09:36:19,,2017-11-11 23:36:19,0,,21,1,197.44,35.26,0.1786,1,casa_jardim,0.0
O03450,C00982,PB,campina grande,delivered,2016-10-13 06:34:47,2016-10-13 23:34:47,2016-10-28 06:34:47,2016-11-04 06:34:47,0,15,22,1,190.53,25.54,0.134,1,cds_dvds_musicais,0.0
O03565,C01232,RO,ji-parana,canceled,2018-02-01 00:25:17,2018-02-01 06:25:17,,,0,,,1,259.53,11.74,0.0452,1,moveis_cozinha,0.0
O04581,C01772,AC,tarauaca,delivered,2018-05-29 22:16:12,2018-05-31 18:16:12,2018-06-14 22:16:12,2018-06-14 22:16:12,0,16,16,1,64.49,35.44,0.5495,1,eletrodomesticos,0.0
O04901,C00824,PI,teresina,delivered,2018-04-16 00:20:27,2018-04-16 13:20:27,2018-05-08 00:20:27,2018-04-26 00:20:27,1,22,10,1,424.53,7.99,0.0188,1,moda_roupa,0.0
O00696,C01040,BA,feira de santana,delivered,2017-04-20 05:31:15,2017-04-21 10:31:15,2017-04-24 05:31:15,2017-05-12 05:31:15,0,4,22,3,1073.01,103.74,0.1021,1,casa_escritorio,0.0
O00921,C00425,MT,rondonopolis,delivered,2017-06-16 11:55:26,2017-06-18 07:55:26,2017-06-27 11:55:26,2017-07-05 11:55:26,0,11,19,1,393.35,39.78,0.1011,1,fashion_roupa_masculina,0.0
O00925,C00065,CE,maracanau,delivered,2018-10-17 17:09:32,2018-10-18 14:09:32,2018-10-28 17:09:32,2018-11-06 17:09:32,0,11,20,1,34.96,31.08,0.889,1,casa_limpeza,0.0
O03050,C01159,RS,canoas,delivered,2017-01-28 09:24:59,2017-01-29 17:24:59,2017-02-18 09:24:59,2017-02-05 09:24:59,1,21,8,1,198.27,43.87,0.2213,0,papelaria,0.0
O03824,C01187,CE,caucaia,canceled,2018-05-01 19:13:27,2018-05-03 01:13:27,,,0,,,1,175.19,42.09,0.2403,1,fashion_bolsas,0.0
O03832,C01309,MA,timon,delivered,2017-01-07 10:38:30,2017-01-07 11:38:30,2017-01-24 10:38:30,2017-01-19 10:38:30,1,17,12,1,159.37,36.04,0.2261,1,automotivo,0.0
O03850,C01533,GO,luziania,shipped,2018-08-02 21:32:10,2018-08-03 19:32:10,,2018-08-22 21:32:10,0,,20,1,75.48,38.12,0.505,1,seguros_servicos,0.0
O04553,C01176,MT,sinop,delivered,2017-03-13 16:56:33,2017-03-15 11:56:33,2017-03-20 16:56:33,2017-03-31 16:56:33,0,7,18,1,320.24,27.3,0.0852,1,carnes,0.0
O00009,C00032,PA,santarem,delivered,2016-10-11 18:33:08,2016-10-12 04:33:08,2016-11-09 18:33:08,2016-11-01 18:33:08,1,29,21,1,150.88,41.16,0.2728,1,market_place,3.0
O00016,C01878,MT,tangara da serra,delivered,2017-10-10 06:04:55,2017-10-11 18:04:55,2017-10-23 06:04:55,2017-10-21 06:04:55,1,13,11,2,777.63,36.75,0.0483,1,automotivo,3.0
O00036,C01451,GO,rio verde,delivered,2017-12-02 05:04:39,2017-12-03 11:04:39,2017-12-20 05:04:39,2017-12-20 05:04:39,0,18,18,1,464.76,44.16,0.095,1,musica_arte,2.0
O00063,C00662,PE,recife,delivered,2018-07-09 19:25:10,2018-07-10 10:25:10,2018-07-18 19:25:10,2018-07-25 19:25:10,0,9,16,1,152.29,21.58,0.1417,1,sinalizacao_seguranca,5.0
O00070,C00660,AM,parintins,delivered,2018-09-20 20:35:44,2018-09-21 11:35:44,2018-10-17 20:35:44,2018-10-04 20:35:44,1,27,14,1,196.46,36.58,0.1862,1,fraldas_higiene,3.0
O00073,C00436,PI,parnaiba,delivered,2016-09-21 09:27:04,2016-09-23 04:27:04,2016-10-20 09:27:04,2016-10-08 09:27:04,1,29,17,1,205.87,39.16,0.1902,1,moveis_cozinha,3.0
O00081,C00384,AC,rio branco,delivered,2017-10-20 09:24:34,2017-10-20 11:24:34,2017-11-08 09:24:34,2017-11-08 09:24:34,0,19,19,1,203.85,33.94,0.1665,1,moveis_quarto,1.0
O00105,C00992,BA,feira de santana,delivered,2017-02-23 04:02:14,2017-02-23 22:02:14,2017-03-21 04:02:14,2017-03-20 04:02:14,1,26,25,3,659.88,90.49,0.2577,1,moveis_escritorio,2.0
O00110,C00359,MG,montes claros,delivered,2017-10-18 03:26:55,2017-10-19 23:26:55,2017-10-31 03:26:55,2017-11-04 03:26:55,0,13,17,2,608.89,82.72,0.1374,1,artigos_nautica,5.0
O00121,C00885,TO,gurupi,delivered,2017-01-04 09:22:58,2017-01-05 04:22:58,2017-01-22 09:22:58,2017-01-20 09:22:58,1,18,16,5,1115.28,166.09,0.278,1,automotivo,3.0
O00123,C01885,RO,porto velho,delivered,2017-12-14 04:13:14,2017-12-15 19:13:14,2018-01-04 04:13:14,2018-01-01 04:13:14,1,21,18,5,1002.41,161.42,0.171,1,beleza_saude,5.0
O00127,C01118,AM,itacoatiara,delivered,2017-06-12 20:36:36,2017-06-13 21:36:36,2017-07-11 20:36:36,2017-06-30 20:36:36,1,29,18,3,713.87,61.57,0.0793,1,casa_banheiro,4.0
O00137,C00987,SE,itabaiana,delivered,2018-01-28 16:02:32,2018-01-28 20:02:32,2018-02-18 16:02:32,2018-02-18 16:02:32,0,21,21,1,368.68,20.04,0.0544,1,cool_stuff,5.0
O00150,C01429,PI,picos,delivered,2017-02-14 17:46:12,2017-02-15 23:46:12,2017-03-02 17:46:12,2017-02-23 17:46:12,1,16,9,1,116.69,26.62,0.2281,1,automotivo,1.0
O00154,C00959,CE,fortaleza,delivered,2018-08-14 00:31:59,2018-08-14 18:31:59,2018-08-22 00:31:59,2018-08-30 00:31:59,0,8,16,2,698.08,50.9,0.0816,1,casa_conforto,4.0
O00161,C01206,TO,porto nacional,delivered,2018-02-23 17:55:49,2018-02-25 07:55:49,2018-03-10 17:55:49,2018-03-02 17:55:49,1,15,7,4,1425.68,102.51,0.0829,1,casa_limpeza,2.0
O00173,C01586,SP,santos,delivered,2018-05-27 20:21:46,2018-05-29 09:21:46,2018-06-01 20:21:46,2018-06-11 20:21:46,0,5,15,1,332.06,16.54,0.0498,1,casa_banheiro,3.0
O00177,C01166,MG,juiz de fora,delivered,2016-12-31 09:24:44,2016-12-31 18:24:44,2017-01-12 09:24:44,2017-01-08 09:24:44,1,12,8,1,91.37,21.52,0.2355,1,cds_dvds_musicais,3.0
O00206,C00473,PA,anamideua,delivered,2017-12-18 16:57:26,2017-12-20 16:57:26,2017-12-24 16:57:26,2018-01-03 16:57:26,0,6,16,2,476.99,48.92,0.1091,1,eletrodomesticos,5.0
O00213,C01353,MG,uberlandia,delivered,2017-12-19 00:44:41,2017-12-19 03:44:41,2018-01-02 00:44:41,2017-12-24 00:44:41,1,14,5,1,203.13,34.95,0.1721,1,brinquedos,2.0
O00221,C00512,PE,olinda,delivered,2017-12-04 13:09:08,2017-12-05 11:09:08,2017-12-08 13:09:08,2017-12-28 13:09:08,0,4,24,2,369.64,55.16,0.2207,1,moveis_cozinha,5.0
O00226,C00984,RJ,niteroi,delivered,2017-08-05 09:45:25,2017-08-06 12:45:25,2017-08-10 09:45:25,2017-08-18 09:45:25,0,5,13,1,43.46,45.62,1.0497,1,alimentos_bebidas,5.0
O00234,C01039,MA,sao luis,delivered,2018-07-22 10:32:10,2018-07-22 18:32:10,2018-08-01 10:32:10,2018-08-02 10:32:10,0,10,11,3,735.53,98.84,0.1294,1,casa_limpeza,4.0
O00245,C00904,SC,sao jose,delivered,2018-01-06 08:21:20,2018-01-07 02:21:20,2018-01-27 08:21:20,2018-01-20 08:21:20,1,21,14,3,568.32,97.7,0.2261,1,artigos_nautica,3.0
O00246,C01866,RO,ji-parana,delivered,2017-09-15 02:03:37,2017-09-16 00:03:37,2017-10-12 02:03:37,2017-10-01 02:03:37,1,27,16,1,465.24,32.21,0.0692,1,moveis_escritorio,3.0
O00258,C01055,PR,maringa,delivered,2018-04-26 21:56:36,2018-04-28 01:56:36,2018-05-11 21:56:36,2018-05-18 21:56:36,0,15,22,1,482.31,39.93,0.0828,1,seguros_servicos,4.0
O00262,C00593,RJ,duque de caxias,delivered,2018-09-12 03:48:09,2018-09-14 00:48:09,2018-09-20 03:48:09,2018-10-05 03:48:09,0,8,23,1,412.69,23.25,0.0563,1,livros_interesse,4.0
O00264,C00758,PB,campina grande,delivered,2018-08-06 12:43:04,2018-08-07 13:43:04,2018-08-14 12:43:04,2018-08-27 12:43:04,0,8,21,5,1494.03,44.85,0.0759,1,alimentos_bebidas,3.0
O00269,C00712,GO,goiania,delivered,2017-11-17 09:46:35,2017-11-17 20:46:35,2017-11-28 09:46:35,2017-12-07 09:46:35,0,11,20,1,249.63,21.27,0.0852,1,casa_iluminacao,5.0
O00270,C00899,MA,sao jose de ribamar,delivered,2017-08-14 09:39:21,2017-08-14 20:39:21,2017-08-25 09:39:21,2017-09-07 09:39:21,0,11,24,1,63.33,38.03,0.6005,1,moda_roupa,5.0
O00272,C00424,MT,tangara da serra,delivered,2017-05-21 07:16:28,2017-05-21 09:16:28,2017-05-25 07:16:28,2017-06-12 07:16:28,0,4,22,2,612.53,42.48,0.071,1,casa_banheiro,3.0
O00281,C00206,DF,brasilia,delivered,2018-01-07 06:16:19,2018-01-07 19:16:19,2018-01-31 06:16:19,2018-02-01 06:16:19,0,24,25,1,285.45,10.66,0.0373,1,casa_conforto,5.0
O00282,C00073,SE,estancia,delivered,2016-09-13 09:09:54,2016-09-14 01:09:54,2016-09-28 09:09:54,2016-09-25 09:09:54,1,15,12,1,426.44,11.29,0.0265,1,beleza_saude,2.0
O00297,C00536,MG,uberlandia,delivered,2018-01-07 09:40:14,2018-01-08 12:40:14,2018-01-24 09:40:14,2018-01-25 09:40:14,0,17,18,3,933.9,104.22,0.1461,1,eletronicos,5.0
O00302,C01644,AM,parintins,delivered,2018-04-13 01:09:29,2018-04-13 07:09:29,2018-04-26 01:09:29,2018-04-29 01:09:29,0,13,16,3,771.76,96.1,0.1496,1,dvds_blu_ray,5.0
O00310,C01343,AC,sena madureira,delivered,2018-05-16 13:04:40,2018-05-16 22:04:40,2018-05-27 13:04:40,2018-05-23 13:04:40,1,11,7,1,151.09,37.93,0.251,1,flores,3.0
O00317,C01149,ES,vila velha,delivered,2017-11-07 17:23:28,2017-11-09 00:23:28,2017-12-02 17:23:28,2017-11-29 17:23:28,1,25,22,1,337.94,12.83,0.038,1,consoles_games,2.0
O00318,C01038,PI,parnaiba,delivered,2017-09-15 23:52:20,2017-09-17 00:52:20,2017-10-03 23:52:20,2017-10-02 23:52:20,1,18,17,2,712.57,44.75,0.0814,1,dvds_blu_ray,2.0
O00319,C01949,TO,porto nacional,delivered,2018-04-03 00:40:02,2018-04-04 11:40:02,2018-04-20 00:40:02,2018-04-15 00:40:02,1,17,12,1,136.05,22.9,0.1683,1,moda_roupa,4.0
O00329,C01887,RJ,duque de caxias,delivered,2017-02-11 04:19:10,2017-02-12 08:19:10,2017-02-26 04:19:10,2017-02-20 04:19:10,1,15,9,1,474.98,41.09,0.0865,1,eletronicos,4.0
O00330,C01551,ES,linhares,delivered,2016-09-22 03:57:32,2016-09-22 14:57:32,2016-09-28 03:57:32,2016-10-02 03:57:32,0,6,10,1,216.5,35.3,0.163,1,casa_limpeza,5.0
O00339,C00964,RJ,nova iguaçu,delivered,2016-12-14 03:43:51,2016-12-14 04:43:51,2016-12-23 03:43:51,2016-12-25 03:43:51,0,9,11,1,212.46,26.57,0.1251,1,automotivo,5.0
O00341,C01280,RJ,rio de janeiro,delivered,2018-08-30 02:10:57,2018-08-31 17:10:57,2018-09-13 02:10:57,2018-09-24 02:10:57,0,14,25,1,117.91,37.03,0.3141,1,malas_acessorios,4.0
O00343,C00583,AL,maceio,delivered,2018-06-25 00:36:25,2018-06-26 14:36:25,2018-07-09 00:36:25,2018-07-19 00:36:25,0,14,24,2,648.75,55.44,0.0916,1,fashion_bolsas,5.0
O00344,C01571,ES,serra,delivered,2018-05-20 10:56:02,2018-05-21 03:56:02,2018-06-12 10:56:02,2018-05-31 10:56:02,1,23,11,1,203.98,35.36,0.1734,1,musica_arte,3.0
O00349,C00429,PA,castanhal,delivered,2017-05-20 03:11:58,2017-05-20 04:11:58,2017-05-29 03:11:58,2017-05-27 03:11:58,1,9,7,1,175.87,26.6,0.1512,1,moveis_cozinha,4.0
O00367,C01538,MA,timon,delivered,2017-02-09 09:11:55,2017-02-09 12:11:55,2017-03-03 09:11:55,2017-02-18 09:11:55,1,22,9,5,910.11,170.34,0.333,1,automotivo,2.0
O00368,C01446,BA,itabuna,delivered,2017-06-02 19:35:45,2017-06-03 04:35:45,2017-07-01 19:35:45,2017-06-10 19:35:45,1,29,8,3,744.28,74.95,0.1105,1,alimentos_bebidas,2.0
O00386,C00745,AC,feijo,delivered,2018-02-24 22:24:48,2018-02-26 16:24:48,2018-03-25 22:24:48,2018-03-21 22:24:48,1,29,25,1,467.22,14.09,0.0302,1,flores,3.0
O00391,C00447,PA,maraba,delivered,2018-08-28 12:40:47,2018-08-29 05:40:47,2018-09-03 12:40:47,2018-09-18 12:40:47,0,6,21,1,286.36,37.65,0.1315,1,construcao_ferramentas,4.0
O00403,C01977,PE,olinda,delivered,2017-07-06 07:12:17,2017-07-07 20:12:17,2017-07-13 07:12:17,2017-07-21 07:12:17,0,7,15,2,745.78,42.96,0.0588,1,market_place,4.0
O00411,C01703,AP,santana,delivered,2018-08-21 23:56:07,2018-08-23 21:56:07,2018-08-27 23:56:07,2018-09-07 23:56:07,0,6,17,3,1047.92,72.96,0.0791,1,casa_sala,2.0
O00416,C01228,MG,contagem,delivered,2018-05-12 13:15:16,2018-05-12 18:15:16,2018-05-19 13:15:16,2018-06-01 13:15:16,0,7,20,3,1196.75,55.53,0.0487,1,consoles_games,5.0
O00431,C00943,AL,delmiro gouveia,delivered,2018-03-25 06:38:01,2018-03-25 10:38:01,2018-04-18 06:38:01,2018-04-10 06:38:01,1,24,16,1,372.7,44.78,0.1202,1,eletrodomesticos_2,3.0
O00434,C00915,MA,sao luis,delivered,2018-01-18 07:10:43,2018-01-19 03:10:43,2018-02-09 07:10:43,2018-01-26 07:10:43,1,22,8,2,224.46,43.08,0.2084,1,cool_stuff,4.0
O00436,C00173,AM,manacapuru,delivered,2017-01-25 21:55:16,2017-01-26 06:55:16,2017-02-17 21:55:16,2017-02-14 21:55:16,1,23,20,1,452.02,34.73,0.0768,1,alimentos_bebidas,1.0
O00445,C00969,RS,santa maria,delivered,2017-08-01 07:34:58,2017-08-02 11:34:58,2017-08-26 07:34:58,2017-08-11 07:34:58,1,25,10,4,1110.77,146.03,0.1551,1,casa_iluminacao,3.0
O00449,C01227,RS,canoas,delivered,2018-01-08 05:50:31,2018-01-08 12:50:31,2018-01-11 05:50:31,2018-01-23 05:50:31,0,3,15,1,224.51,20.75,0.0924,1,automotivo,4.0
O00454,C00947,AM,manaus,delivered,2018-10-16 03:07:23,2018-10-16 17:07:23,2018-10-24 03:07:23,2018-11-02 03:07:23,0,8,17,1,136.12,5.62,0.0413,1,cama_mesa_banho,5.0
O00464,C00593,RJ,duque de caxias,delivered,2017-06-05 11:31:37,2017-06-05 22:31:37,2017-07-01 11:31:37,2017-06-22 11:31:37,1,26,17,1,388.22,41.78,0.1076,1,fraldas_higiene,2.0
O00466,C00572,AP,porto grande,delivered,2018-01-10 04:13:31,2018-01-11 04:13:31,2018-02-03 04:13:31,2018-02-04 04:13:31,0,24,25,2,583.36,87.91,0.1504,1,alimentos_bebidas,5.0
O00470,C01563,AP,santana,delivered,2018-08-22 19:58:29,2018-08-24 13:58:29,2018-08-28 19:58:29,2018-09-08 19:58:29,0,6,17,1,458.29,28.69,0.0626,0,alimentos_bebidas,5.0
O00479,C00496,PB,patos,delivered,2017-06-02 18:29:08,2017-06-04 00:29:08,2017-06-08 18:29:08,2017-06-26 18:29:08,0,6,24,1,312.11,11.4,0.0365,1,dvds_blu_ray,5.0
O00504,C01167,RS,canoas,delivered,2016-09-19 22:52:41,2016-09-21 22:52:41,2016-10-17 22:52:41,2016-10-10 22:52:41,1,28,21,1,305.27,8.81,0.0289,0,utilidades_domesticas,2.0
O00513,C00654,AL,delmiro gouveia,delivered,2016-12-23 11:40:15,2016-12-24 00:40:15,2017-01-09 11:40:15,2016-12-30 11:40:15,1,17,7,2,752.4,53.05,0.0711,1,casa_construcao,5.0
O00532,C00922,AC,cruzeiro do sul,delivered,2017-12-23 11:42:06,2017-12-24 15:42:06,2018-01-19 11:42:06,2018-01-10 11:42:06,1,27,18,1,64.19,22.57,0.3516,1,brinquedos,2.0
O00549,C00523,SC,sao jose,delivered,2016-10-06 22:39:31,2016-10-07 07:39:31,2016-10-22 22:39:31,2016-10-24 22:39:31,0,16,18,1,171.58,17.78,0.1036,0,eletrodomesticos_2,4.0
O00552,C01789,RN,parnamirim,delivered,2018-01-22 02:03:13,2018-01-23 13:03:13,2018-02-12 02:03:13,2018-02-06 02:03:13,1,21,15,1,365.68,23.37,0.0639,1,casa_jardim,1.0
O00562,C01896,PB,joao pessoa,delivered,2018-03-05 22:08:07,2018-03-07 20:08:07,2018-03-12 22:08:07,2018-03-16 22:08:07,0,7,11,1,52.61,33.67,0.64,1,bebes,4.0
O00575,C00727,AL,arapiraca,delivered,2018-03-14 20:24:14,2018-03-15 16:24:14,2018-03-30 20:24:14,2018-04-08 20:24:14,0,16,25,1,484.13,41.04,0.0848,1,casa_quarto,5.0
O00586,C01872,PR,ponta grossa,delivered,2018-05-27 06:27:15,2018-05-27 09:27:15,2018-06-23 06:27:15,2018-06-20 06:27:15,1,27,24,1,185.65,8.05,0.0434,1,papelaria,3.0
O00594,C01817,PE,jaboatao,delivered,2017-02-11 11:11:31,2017-02-12 03:11:31,2017-02-19 11:11:31,2017-02-25 11:11:31,0,8,14,1,348.38,30.58,0.0878,1,construcao_ferramentas,5.0
O00599,C00030,DF,samambaia,delivered,2017-04-11 01:43:43,2017-04-12 18:43:43,2017-05-09 01:43:43,2017-04-23 01:43:43,1,28,12,2,532.52,42.74,0.0826,1,brinquedos,1.0
O00603,C00901,RN,sao goncalo do amarante,delivered,2017-03-03 00:36:55,2017-03-05 00:36:55,2017-03-30 00:36:55,2017-03-24 00:36:55,1,27,21,1,474.53,36.41,0.0767,1,casa_conforto,3.0
O00627,C00612,MA,sao luis,delivered,2017-03-13 23:17:08,2017-03-15 10:17:08,2017-03-30 23:17:08,2017-03-22 23:17:08,1,17,9,3,730.84,95.26,0.1944,1,artes,2.0
O00665,C00394,RO,vilhena,delivered,2018-06-03 12:32:12,2018-06-04 00:32:12,2018-06-24 12:32:12,2018-06-20 12:32:12,1,21,17,1,146.49,46.31,0.3161,1,moveis_presentes,3.0
O00666,C01285,RO,cacoal,delivered,2018-04-25 08:16:31,2018-04-27 08:16:31,2018-05-23 08:16:31,2018-05-11 08:16:31,1,28,16,1,126.92,16.12,0.127,1,casa_jardim,3.0
O00676,C01167,RS,canoas,delivered,2017-09-27 11:41:27,2017-09-29 10:41:27,2017-10-19 11:41:27,2017-10-17 11:41:27,1,22,20,1,428.51,5.44,0.0127,1,sinalizacao_seguranca,2.0
O00685,C01436,RS,caxias do sul,delivered,2018-04-25 21:13:31,2018-04-27 00:13:31,2018-05-13 21:13:31,2018-05-04 21:13:31,1,18,9,2,265.67,47.67,0.6531,1,instrumentos_musicais,3.0
O00701,C00135,RS,pelotas,delivered,2018-02-08 14:22:35,2018-02-09 06:22:35,2018-02-18 14:22:35,2018-02-28 14:22:35,0,10,20,3,1280.65,75.92,0.0614,1,cool_stuff,4.0
O00702,C00386,RO,vilhena,delivered,2018-05-22 00:49:33,2018-05-22 03:49:33,2018-06-09 00:49:33,2018-06-14 00:49:33,0,18,23,1,422.1,31.41,0.0744,1,papelaria,4.0
O00719,C00092,ES,cariacica,delivered,2017-05-01 05:27:15,2017-05-01 15:27:15,2017-05-23 05:27:15,2017-05-14 05:27:15,1,22,13,2,514.78,22.54,0.1712,1,brinquedos,1.0
O00723,C01726,RJ,niteroi,delivered,2017-06-22 08:56:31,2017-06-23 16:56:31,2017-06-25 08:56:31,2017-07-17 08:56:31,0,3,25,1,455.14,23.32,0.0512,1,fashion_underwear,4.0
O00730,C01137,SP,santos,delivered,2018-10-14 13:33:48,2018-10-15 02:33:48,2018-10-18 13:33:48,2018-11-03 13:33:48,0,4,20,3,688.83,96.79,0.1689,1,casa_garagem,4.0
O00732,C00378,PA,castanhal,delivered,2017-01-08 21:07:59,2017-01-10 18:07:59,2017-01-18 21:07:59,2017-01-26 21:07:59,0,10,18,1,348.89,23.53,0.0674,1,casa_conforto_2,5.0
O00741,C00590,ES,cariacica,delivered,2017-05-09 06:10:07,2017-05-09 16:10:07,2017-05-22 06:10:07,2017-05-15 06:10:07,1,13,6,1,298.77,34.51,0.1155,1,artes,3.0
O00762,C01422,MT,rondonopolis,delivered,2017-07-18 17:08:10,2017-07-19 18:08:10,2017-07-26 17:08:10,2017-07-31 17:08:10,0,8,13,2,876.86,60.1,0.0681,1,carnes,5.0
O00771,C00622,MT,tangara da serra,delivered,2017-02-05 16:10:30,2017-02-07 04:10:30,2017-02-12 16:10:30,2017-02-15 16:10:30,0,7,10,1,292.54,19.05,0.0651,1,moveis_decoracao,1.0
O00776,C00977,AC,feijo,delivered,2017-05-23 19:07:59,2017-05-23 21:07:59,2017-06-21 19:07:59,2017-06-08 19:07:59,1,29,16,1,176.82,45.76,0.2588,0,sinalizacao_seguranca,2.0
O00782,C00727,AL,arapiraca,delivered,2018-10-09 13:36:47,2018-10-09 15:36:47,2018-10-30 13:36:47,2018-10-27 13:36:47,1,21,18,1,420.61,38.68,0.092,1,casa_construcao,2.0
O00815,C01389,MS,dourados,delivered,2016-12-12 08:08:24,2016-12-13 21:08:24,2017-01-10 08:08:24,2016-12-27 08:08:24,1,29,15,1,303.64,16.55,0.0545,1,fashion_roupa_feminina,1.0
O00838,C01001,PB,joao pessoa,delivered,2018-08-31 17:38:38,2018-08-31 19:38:38,2018-09-06 17:38:38,2018-09-17 17:38:38,0,6,17,1,291.2,14.76,0.0507,1,livros_interesse,4.0
O00846,C01073,BA,ilheus,delivered,2018-10-24 03:18:02,2018-10-24 22:18:02,2018-11-08 03:18:02,2018-11-11 03:18:02,0,15,18,1,268.31,27.4,0.1021,1,sinalizacao_seguranca,5.0
O00857,C01809,PB,santa rita,delivered,2016-11-26 18:34:52,2016-11-28 17:34:52,2016-12-03 18:34:52,2016-12-16 18:34:52,0,7,20,4,837.6,114.63,0.253,1,casa_cozinha,5.0
O00861,C01117,DF,taguatinga,delivered,2016-12-06 13:08:12,2016-12-07 23:08:12,2017-01-03 13:08:12,2016-12-23 13:08:12,1,28,17,3,339.1,86.33,0.6418,1,casa_cozinha,4.0
O00872,C00577,MA,imperatriz,delivered,2017-10-18 16:01:39,2017-10-20 04:01:39,2017-11-02 16:01:39,2017-10-28 16:01:39,1,15,10,1,425.69,14.94,0.0351,1,moveis_presentes,1.0
O00879,C00740,BA,vitoria da conquista,delivered,2018-08-22 10:57:47,2018-08-22 14:57:47,2018-09-01 10:57:47,2018-09-14 10:57:47,0,10,23,3,905.56,70.02,0.0832,1,fashion_calcados,5.0
O00880,C01824,AP,oida,delivered,2017-09-27 23:38:25,2017-09-28 13:38:25,2017-10-09 23:38:25,2017-10-02 23:38:25,1,12,5,1,267.42,30.21,0.113,1,instrumentos_musicais,2.0
O00881,C00444,MS,corumba,delivered,2017-06-09 01:09:16,2017-06-09 23:09:16,2017-07-05 01:09:16,2017-06-26 01:09:16,1,26,17,2,749.35,69.61,0.1113,1,eletrodomesticos,5.0
O00883,C01233,RO,vilhena,delivered,2017-05-15 17:14:17,2017-05-17 01:14:17,2017-06-06 17:14:17,2017-05-29 17:14:17,1,22,14,1,497.93,27.65,0.0555,1,livros_interesse,4.0
O00887,C00110,AP,laranjal do jari,delivered,2018-03-26 17:53:23,2018-03-27 07:53:23,2018-04-11 17:53:23,2018-04-11 17:53:23,0,16,16,1,229.83,12.13,0.0528,1,casa_limpeza,5.0
O00889,C01841,SC,sao jose,delivered,2017-03-06 12:46:37,2017-03-07 08:46:37,2017-03-23 12:46:37,2017-03-17 12:46:37,1,17,11,1,254.94,8.05,0.0316,1,casa_jardim,1.0
O00907,C00956,PE,caruaru,delivered,2018-08-02 05:52:36,2018-08-03 16:52:36,2018-08-10 05:52:36,2018-08-08 05:52:36,1,8,6,2,351.62,67.51,0.7058,1,casa_conforto,1.0
O00909,C01296,RS,canoas,delivered,2017-05-06 15:54:19,2017-05-08 04:54:19,2017-06-04 15:54:19,2017-05-17 15:54:19,1,29,11,1,394.25,33.32,0.0845,0,bebes,1.0
O00916,C00463,TO,palmas,delivered,2018-08-06 17:27:01,2018-08-07 03:27:01,2018-09-02 17:27:01,2018-08-17 17:27:01,1,27,11,2,389.02,33.16,0.1901,1,beleza_saude,3.0
O00936,C01006,PR,londrina,delivered,2017-05-29 04:09:29,2017-05-30 09:09:29,2017-06-06 04:09:29,2017-06-04 04:09:29,1,8,6,2,655.02,62.16,0.1186,1,casa_conforto,1.0
O00938,C00408,AM,coari,delivered,2018-09-19 23:42:46,2018-09-21 07:42:46,2018-10-04 23:42:46,2018-10-14 23:42:46,0,15,25,2,670.72,62.23,0.0963,1,casa_limpeza,5.0
O00947,C00248,ES,serra,delivered,2016-10-08 10:51:32,2016-10-08 21:51:32,2016-10-16 10:51:32,2016-10-19 10:51:32,0,8,11,2,850.16,35.55,0.0417,1,moveis_jardim,5.0
O00956,C00298,SE,nossa senhora do socorro,delivered,2016-12-15 15:00:02,2016-12-16 22:00:02,2016-12-20 15:00:02,2017-01-07 15:00:02,0,5,23,1,225.09,24.55,0.1091,1,casa_garagem,5.0
O00959,C00088,RO,cacoal,delivered,2018-01-11 20:38:34,2018-01-12 22:38:34,2018-02-04 20:38:34,2018-01-27 20:38:34,1,24,16,1,141.56,32.48,0.2294,1,carnes,4.0
O00980,C01666,BA,vitoria da conquista,delivered,2018-05-04 15:07:14,2018-05-04 16:07:14,2018-06-01 15:07:14,2018-05-17 15:07:14,1,28,13,4,1048.45,91.24,0.0958,1,audio,1.0
O00982,C01196,AL,rio largo,delivered,2017-11-05 10:43:33,2017-11-06 19:43:33,2017-11-14 10:43:33,2017-11-18 10:43:33,0,9,13,1,293.5,13.78,0.047,1,portateis_cozinha,4.0
O00994,C00453,TO,porto nacional,delivered,2017-09-11 23:19:39,2017-09-13 05:19:39,2017-09-19 23:19:39,2017-09-23 23:19:39,0,8,12,2,396.44,63.29,0.6773,1,casa_garagem,5.0
O01012,C01261,MA,sao luis,delivered,2016-11-17 18:33:40,2016-11-18 11:33:40,2016-11-28 18:33:40,2016-12-06 18:33:40,0,11,19,3,320.71,103.09,0.4383,1,casa_garagem,4.0
O01015,C01786,MA,imperatriz,delivered,2017-01-22 08:06:41,2017-01-24 00:06:41,2017-02-14 08:06:41,2017-02-01 08:06:41,1,23,10,1,55.28,45.11,0.816,1,moveis_sala,2.0
O01023,C00496,PB,patos,delivered,2018-03-25 09:52:01,2018-03-26 22:52:01,2018-04-11 09:52:01,2018-04-06 09:52:01,1,17,12,5,1798.15,109.08,0.0748,1,casa_limpeza,2.0
O01072,C00169,MS,corumba,delivered,2017-01-06 20:44:55,2017-01-08 20:44:55,2017-01-26 20:44:55,2017-01-24 20:44:55,1,20,18,1,160.04,21.48,0.1342,1,fashion_calcados,4.0
O01074,C00966,RR,mucajai,delivered,2017-06-03 20:24:14,2017-06-03 23:24:14,2017-07-02 20:24:14,2017-06-19 20:24:14,1,29,16,1,167.74,47.45,0.2829,1,papelaria,5.0
O01080,C00323,RN,natal,delivered,2017-01-28 07:37:13,2017-01-29 15:37:13,2017-02-22 07:37:13,2017-02-11 07:37:13,1,25,14,1,59.15,44.79,0.7572,1,casa_lavanderia,1.0
O01094,C00865,PI,teresina,delivered,2018-01-03 00:09:40,2018-01-04 13:09:40,2018-01-11 00:09:40,2018-01-08 00:09:40,1,8,5,3,828.6,94.68,0.1199,1,la_cuisine,2.0
O01111,C00034,RS,caxias do sul,delivered,2018-10-20 10:39:51,2018-10-22 09:39:51,2018-11-12 10:39:51,2018-11-03 10:39:51,1,23,14,1,89.46,18.83,0.2105,1,casa_garagem,1.0
O01121,C00136,RO,vilhena,delivered,2017-10-25 12:14:05,2017-10-26 00:14:05,2017-11-11 12:14:05,2017-11-09 12:14:05,1,17,15,2,678.21,41.83,0.0657,1,cool_stuff,2.0
O01129,C00991,MS,três lagoas,delivered,2016-12-13 22:14:01,2016-12-15 22:14:01,2017-01-06 22:14:01,2017-01-02 22:14:01,1,24,20,3,785.45,82.25,0.1181,1,casa_utilidades,1.0
O01133,C00694,RO,cacoal,delivered,2018-06-08 12:13:06,2018-06-10 12:13:06,2018-06-21 12:13:06,2018-06-27 12:13:06,0,13,19,1,357.66,34.45,0.0963,1,fraldas_higiene,4.0
O01155,C00347,DF,samambaia,delivered,2017-09-06 15:09:02,2017-09-07 18:09:02,2017-09-25 15:09:02,2017-09-19 15:09:02,1,19,13,1,326.69,16.42,0.0503,1,utilidades_domesticas,2.0
O01157,C00433,BA,vitoria da conquista,delivered,2018-04-27 10:08:07,2018-04-27 23:08:07,2018-05-09 10:08:07,2018-05-13 10:08:07,0,12,16,1,441.46,35.42,0.0802,1,casa_utilidades,4.0
O01158,C00279,MT,cuiaba,delivered,2018-05-22 09:37:14,2018-05-23 23:37:14,2018-06-12 09:37:14,2018-06-05 09:37:14,1,21,14,3,950.87,53.96,0.058,1,casa_conforto_2,3.0
O01163,C00473,PA,anamideua,delivered,2017-09-24 08:31:31,2017-09-26 08:31:31,2017-09-29 08:31:31,2017-10-11 08:31:31,0,5,17,3,1356.84,62.17,0.0455,1,esporte_lazer,4.0
O01166,C00847,RN,sao goncalo do amarante,delivered,2017-02-14 03:31:16,2017-02-15 01:31:16,2017-02-21 03:31:16,2017-02-23 03:31:16,0,7,9,1,248.18,8.34,0.0336,0,casa_iluminacao,5.0
O01188,C01158,SC,criciuma,delivered,2018-03-09 09:43:50,2018-03-09 16:43:50,2018-03-31 09:43:50,2018-03-20 09:43:50,1,22,11,1,285.26,42.23,0.148,0,papelaria,1.0
O01191,C01961,RR,alto alegre,delivered,2016-09-26 12:36:21,2016-09-28 09:36:21,2016-10-17 12:36:21,2016-10-05 12:36:21,1,21,9,1,371.63,22.16,0.0596,1,construcao_ferramentas,1.0
O01192,C00474,AP,porto grande,delivered,2018-06-01 01:19:18,2018-06-01 04:19:18,2018-06-17 01:19:18,2018-06-23 01:19:18,0,16,22,4,1247.65,102.01,0.1105,1,casa_jardim,5.0
O01210,C00174,AC,feijo,delivered,2017-05-03 17:18:19,2017-05-04 07:18:19,2017-05-19 17:18:19,2017-05-11 17:18:19,1,16,8,1,185.26,42.07,0.2271,1,instrumentos_musicais,5.0
O01238,C01815,PI,campo maior,delivered,2017-09-17 13:06:37,2017-09-18 14:06:37,2017-09-30 13:06:37,2017-09-24 13:06:37,1,13,7,2,708.06,73.96,0.1169,1,eletrodomesticos_2,1.0
O01241,C00467,SP,guarulhos,delivered,2018-01-13 15:37:26,2018-01-14 15:37:26,2018-01-27 15:37:26,2018-01-27 15:37:26,0,14,14,1,225.08,11.69,0.0519,1,casa_construcao,5.0
O01242,C01683,BA,itabuna,delivered,2017-05-23 10:50:43,2017-05-24 23:50:43,2017-05-27 10:50:43,2017-06-14 10:50:43,0,4,22,2,421.43,25.39,0.0827,1,la_cuisine,5.0
O01258,C01552,BA,salvador,delivered,2017-11-26 10:47:47,2017-11-26 13:47:47,2017-12-24 10:47:47,2017-12-08 10:47:47,1,28,12,2,280.52,54.45,0.2152,1,livros_interesse,4.0
O01261,C00843,MT,sinop,delivered,2017-11-09 15:14:21,2017-11-10 10:14:21,2017-12-08 15:14:21,2017-11-30 15:14:21,1,29,21,1,366.19,12.35,0.0337,1,fashion_calcados,3.0
O01262,C01035,PR,cascavel,delivered,2016-10-05 22:33:43,2016-10-06 13:33:43,2016-10-19 22:33:43,2016-10-17 22:33:43,1,14,12,1,194.94,27.66,0.1419,1,cool_stuff,1.0
O01299,C00223,AC,feijo,delivered,2018-09-25 00:30:22,2018-09-26 17:30:22,2018-10-11 00:30:22,2018-10-17 00:30:22,0,16,22,2,830.81,42.05,0.0497,1,fashion_calcados,5.0
O01300,C01320,SE,nossa senhora do socorro,delivered,2017-04-10 12:21:23,2017-04-12 04:21:23,2017-04-29 12:21:23,2017-04-23 12:21:23,1,19,13,2,675.02,29.76,0.0572,1,fashion_calcados,3.0
O01320,C01347,RR,alto alegre,delivered,2016-09-28 04:25:12,2016-09-28 23:25:12,2016-10-12 04:25:12,2016-10-16 04:25:12,0,14,18,1,210.94,33.25,0.1576,1,automotivo,4.0
O01332,C00113,BA,feira de santana,delivered,2017-03-01 10:01:15,2017-03-02 11:01:15,2017-03-06 10:01:15,2017-03-08 10:01:15,0,5,7,1,487.59,27.73,0.0569,1,carnes,5.0
O01351,C00488,MT,cuiaba,delivered,2018-01-07 14:48:00,2018-01-07 23:48:00,2018-01-27 14:48:00,2018-01-30 14:48:00,0,20,23,1,93.6,30.03,0.3208,1,la_cuisine,4.0
O01355,C01046,SC,sao jose,delivered,2016-11-06 19:12:10,2016-11-07 02:12:10,2016-11-18 19:12:10,2016-11-12 19:12:10,1,12,6,1,133.04,32.39,0.2435,0,malas_acessorios,2.0
O01385,C01892,GO,goiania,delivered,2017-06-06 03:10:50,2017-06-06 19:10:50,2017-06-21 03:10:50,2017-06-25 03:10:50,0,15,19,1,17.82,41.56,2.3322,1,fashion_bolsas,3.0
O01392,C00002,DF,taguatinga,delivered,2018-05-13 04:38:54,2018-05-14 22:38:54,2018-06-05 04:38:54,2018-05-25 04:38:54,1,23,12,2,666.7,49.51,0.0667,1,construcao_ferramentas,1.0
O01401,C01119,PI,teresina,delivered,2017-02-08 03:56:38,2017-02-09 01:56:38,2017-02-19 03:56:38,2017-02-15 03:56:38,1,11,7,5,1229.5,112.64,0.1487,1,casa_conforto,4.0
O01406,C01147,PE,jaboatao,delivered,2018-05-01 17:42:47,2018-05-02 17:42:47,2018-05-24 17:42:47,2018-05-21 17:42:47,1,23,20,2,508.75,57.33,0.1719,1,cama_mesa_banho,2.0
O01409,C01690,PA,belem,delivered,2017-10-12 13:08:40,2017-10-13 04:08:40,2017-10-24 13:08:40,2017-11-06 13:08:40,0,12,25,1,86.98,47.08,0.5413,1,casa_limpeza,4.0
O01427,C00865,PI,teresina,delivered,2018-03-20 00:04:57,2018-03-20 21:04:57,2018-04-18 00:04:57,2018-04-13 00:04:57,1,29,24,1,231.92,38.65,0.1667,1,fashion_roupa_feminina,1.0
O01429,C01982,PR,curitiba,delivered,2017-01-07 21:38:21,2017-01-09 18:38:21,2017-01-20 21:38:21,2017-01-12 21:38:21,1,13,5,1,470.27,11.89,0.0253,1,portateis_casa_forno_cafe,3.0
O01439,C01474,DF,taguatinga,delivered,2017-11-29 15:27:39,2017-12-01 09:27:39,2017-12-25 15:27:39,2017-12-04 15:27:39,1,26,5,1,457.33,19.22,0.042,1,malas_acessorios,1.0
O01453,C01495,RN,mossoro,delivered,2017-02-06 20:09:15,2017-02-07 22:09:15,2017-03-08 20:09:15,2017-02-16 20:09:15,1,30,10,2,152.75,21.3,0.1492,1,casa_escritorio,2.0
O01464,C00682,TO,paraíso do tocantins,delivered,2017-10-11 12:11:57,2017-10-12 05:11:57,2017-11-07 12:11:57,2017-10-31 12:11:57,1,27,20,1,434.0,15.63,0.036,0,perfumaria,1.0
O01473,C01063,AP,oida,delivered,2018-10-23 02:22:32,2018-10-24 11:22:32,2018-11-09 02:22:32,2018-11-08 02:22:32,1,17,16,3,689.55,34.83,0.05,1,beleza_saude,3.0
O01486,C00425,MT,rondonopolis,delivered,2017-05-03 12:28:01,2017-05-03 20:28:01,2017-05-28 12:28:01,2017-05-22 12:28:01,1,25,19,2,569.42,13.77,0.0412,1,moveis_colchao_estofado,4.0
O01492,C00076,RJ,niteroi,delivered,2017-12-01 02:39:25,2017-12-02 15:39:25,2017-12-16 02:39:25,2017-12-16 02:39:25,0,15,15,1,76.26,25.21,0.3306,1,cool_stuff,4.0
O01494,C01591,AP,porto grande,delivered,2017-02-08 23:35:25,2017-02-09 09:35:25,2017-02-20 23:35:25,2017-02-18 23:35:25,1,12,10,4,875.72,125.47,0.277,1,brinquedos,3.0
O01506,C00253,SC,blumenau,delivered,2018-03-17 01:43:24,2018-03-18 17:43:24,2018-03-27 01:43:24,2018-04-08 01:43:24,0,10,22,2,425.8,61.28,0.2079,1,construcao_ferramentas,5.0
O01524,C00950,PI,campo maior,delivered,2017-01-10 03:57:52,2017-01-10 16:57:52,2017-01-26 03:57:52,2017-01-29 03:57:52,0,16,19,2,882.39,69.74,0.0786,1,automotivo,4.0
O01525,C00209,MA,sao jose de ribamar,delivered,2017-09-18 22:17:53,2017-09-19 02:17:53,2017-09-28 22:17:53,2017-10-03 22:17:53,0,10,15,2,322.04,47.13,0.4415,1,casa_conforto,4.0
O01538,C01206,TO,porto nacional,delivered,2018-09-25 10:28:53,2018-09-27 05:28:53,2018-10-06 10:28:53,2018-10-01 10:28:53,1,11,6,1,446.12,40.65,0.0911,1,relogios_presentes,3.0
O01568,C01825,ES,serra,delivered,2018-10-17 05:34:57,2018-10-19 01:34:57,2018-10-28 05:34:57,2018-10-27 05:34:57,1,11,10,1,152.97,36.41,0.238,1,automotivo,3.0
O01580,C01048,TO,paraíso do tocantins,delivered,2017-12-30 06:52:49,2017-12-30 16:52:49,2018-01-02 06:52:49,2018-01-08 06:52:49,0,3,9,1,368.26,19.35,0.0525,1,casa_outros,5.0
O01589,C00733,CE,juazeiro do norte,delivered,2017-05-12 14:13:06,2017-05-13 04:13:06,2017-05-18 14:13:06,2017-05-24 14:13:06,0,6,12,2,528.85,19.66,0.0358,1,casa_limpeza,5.0
O01595,C00200,SE,lagarto,delivered,2018-06-29 07:12:42,2018-06-30 04:12:42,2018-07-29 07:12:42,2018-07-10 07:12:42,1,30,11,2,653.37,65.44,0.098,1,cool_stuff,3.0
O01600,C01775,SE,aracaju,delivered,2018-05-16 11:21:04,2018-05-17 17:21:04,2018-05-23 11:21:04,2018-05-24 11:21:04,0,7,8,2,870.07,25.52,0.0305,1,casa_escritorio,4.0
O01607,C00697,AP,macapa,delivered,2017-10-11 18:56:43,2017-10-12 15:56:43,2017-10-15 18:56:43,2017-10-19 18:56:43,0,4,8,1,241.11,19.78,0.082,1,casa_limpeza,4.0
O01609,C01731,RS,caxias do sul,delivered,2018-09-13 04:03:40,2018-09-14 04:03:40,2018-09-28 04:03:40,2018-09-19 04:03:40,1,15,6,1,462.06,29.21,0.0632,1,moveis_escritorio,3.0
O01617,C00884,PI,campo maior,delivered,2018-10-13 20:16:22,2018-10-14 23:16:22,2018-11-10 20:16:22,2018-10-31 20:16:22,1,28,18,1,233.62,49.11,0.2102,1,cool_stuff,3.0
O01633,C00123,GO,goiania,delivered,2016-09-10 12:08:36,2016-09-11 23:08:36,2016-09-28 12:08:36,2016-10-03 12:08:36,0,18,23,3,1029.86,93.74,0.0954,1,eletrodomesticos,3.0
O01642,C01942,RN,parnamirim,delivered,2017-05-30 14:04:34,2017-05-31 10:04:34,2017-06-23 14:04:34,2017-06-21 14:04:34,1,24,22,1,137.55,35.37,0.2571,1,casa_banheiro,1.0
O01643,C01423,TO,palmas,delivered,2017-08-28 06:29:32,2017-08-29 15:29:32,2017-09-08 06:29:32,2017-09-13 06:29:32,0,11,16,1,312.65,36.74,0.1175,1,eletronicos,5.0
O01644,C01633,PB,bayeux,delivered,2017-10-22 20:59:25,2017-10-23 00:59:25,2017-11-07 20:59:25,2017-11-04 20:59:25,1,16,13,1,447.38,35.58,0.0795,1,eletronicos,1.0
O01651,C01104,RR,mucajai,delivered,2018-04-13 13:02:43,2018-04-15 09:02:43,2018-04-18 13:02:43,2018-05-03 13:02:43,0,5,20,1,443.5,11.24,0.0253,1,perfumaria,5.0
O01653,C01243,RS,canoas,delivered,2018-04-25 05:19:58,2018-04-25 21:19:58,2018-05-06 05:19:58,2018-05-10 05:19:58,0,11,15,1,48.26,7.68,0.1591,1,moveis_presentes,3.0
O01667,C00986,RN,natal,delivered,2017-03-26 08:49:00,2017-03-27 15:49:00,2017-04-24 08:49:00,2017-04-14 08:49:00,1,29,19,2,472.55,70.49,0.1766,1,utilidades_domesticas,4.0
O01682,C01046,SC,sao jose,delivered,2016-11-13 13:52:59,2016-11-14 20:52:59,2016-12-11 13:52:59,2016-12-05 13:52:59,1,28,22,2,77.73,41.04,0.4558,1,casa_utilidades,2.0
O01722,C01314,SP,ribeirao preto,delivered,2016-12-01 15:44:55,2016-12-01 21:44:55,2016-12-15 15:44:55,2016-12-06 15:44:55,1,14,5,3,377.41,99.37,0.5131,1,casa_iluminacao,3.0
O01732,C01960,DF,guara,delivered,2018-09-04 13:32:25,2018-09-04 21:32:25,2018-09-30 13:32:25,2018-09-11 13:32:25,1,26,7,1,426.39,10.81,0.0254,1,pc_gamer,4.0
O01742,C01982,PR,curitiba,delivered,2017-06-02 18:26:34,2017-06-03 15:26:34,2017-06-17 18:26:34,2017-06-27 18:26:34,0,15,25,1,405.39,18.91,0.0466,1,cool_stuff,2.0
O01749,C01434,AM,manacapuru,delivered,2017-12-25 18:00:03,2017-12-27 17:00:03,2018-01-16 18:00:03,2018-01-02 18:00:03,1,22,8,3,1059.03,53.74,0.0881,1,beleza_saude,5.0
O01752,C01231,TO,paraíso do tocantins,delivered,2016-09-30 15:58:23,2016-10-01 01:58:23,2016-10-12 15:58:23,2016-10-19 15:58:23,0,12,19,1,130.1,23.94,0.184,1,cama_mesa_banho,4.0
O01797,C00949,MG,juiz de fora,delivered,2016-10-09 07:32:40,2016-10-11 04:32:40,2016-10-12 07:32:40,2016-10-28 07:32:40,0,3,19,1,113.88,13.81,0.1213,1,casa_garagem,5.0
O01811,C00333,AP,santana,delivered,2016-09-02 21:27:12,2016-09-03 01:27:12,2016-09-11 21:27:12,2016-09-26 21:27:12,0,9,24,1,63.47,38.15,0.6011,1,papelaria,5.0
O01813,C00278,ES,linhares,delivered,2017-04-30 12:58:40,2017-04-30 16:58:40,2017-05-11 12:58:40,2017-05-13 12:58:40,0,11,13,2,551.7,77.22,0.1471,1,cool_stuff,1.0
O01815,C01532,PE,caruaru,delivered,2017-02-18 10:08:42,2017-02-18 15:08:42,2017-03-04 10:08:42,2017-03-13 10:08:42,0,14,23,1,353.41,11.92,0.0337,1,livros_interesse,4.0
O01817,C01505,RS,canoas,delivered,2016-09-21 06:22:53,2016-09-21 15:22:53,2016-09-30 06:22:53,2016-09-27 06:22:53,1,9,6,1,392.78,43.39,0.1105,1,flores,1.0
O01825,C01401,RN,natal,delivered,2016-10-06 14:26:09,2016-10-08 08:26:09,2016-10-28 14:26:09,2016-10-13 14:26:09,1,22,7,1,85.34,12.58,0.1474,1,fraldas_higiene,2.0
O01826,C00852,GO,rio verde,delivered,2016-12-24 23:56:47,2016-12-26 06:56:47,2017-01-23 23:56:47,2017-01-17 23:56:47,1,30,24,1,403.36,45.35,0.1124,1,papelaria,3.0
O01836,C00802,ES,cariacica,delivered,2017-07-03 00:21:11,2017-07-04 20:21:11,2017-07-30 00:21:11,2017-07-14 00:21:11,1,27,11,1,342.91,22.63,0.066,1,fashion_bolsas,2.0
O01838,C01326,AL,maceio,delivered,2018-04-09 12:55:29,2018-04-09 23:55:29,2018-04-16 12:55:29,2018-04-19 12:55:29,0,7,10,2,223.77,18.44,0.0917,1,moveis_presentes,5.0
O01840,C00606,TO,gurupi,delivered,2017-04-17 03:15:54,2017-04-17 20:15:54,2017-05-03 03:15:54,2017-04-26 03:15:54,1,16,9,2,437.05,58.96,0.1301,1,casa_limpeza,2.0
O01858,C01971,ES,vitoria,delivered,2016-12-08 18:30:50,2016-12-09 22:30:50,2016-12-19 18:30:50,2016-12-17 18:30:50,1,11,9,2,722.65,57.12,0.0796,1,alimentos_bebidas,2.0
O01884,C00051,RO,vilhena,delivered,2018-03-25 20:55:56,2018-03-26 17:55:56,2018-04-18 20:55:56,2018-03-31 20:55:56,1,24,6,1,108.19,41.97,0.3879,1,fashion_calcados,5.0
O01915,C00433,BA,vitoria da conquista,delivered,2018-04-01 05:54:09,2018-04-02 23:54:09,2018-04-16 05:54:09,2018-04-13 05:54:09,1,15,12,1,407.56,32.5,0.0797,0,moveis_colchao_estofado,1.0
O01927,C00676,AM,coari,delivered,2018-06-28 06:53:03,2018-06-29 00:53:03,2018-07-22 06:53:03,2018-07-05 06:53:03,1,24,7,5,1462.0,129.04,0.1223,1,casa_garagem,2.0
O01953,C00645,SC,sao jose,delivered,2017-08-09 16:13:15,2017-08-10 23:13:15,2017-08-30 16:13:15,2017-08-26 16:13:15,1,21,17,1,454.25,41.57,0.0915,1,construcao_ferramentas,1.0
O01984,C00454,PB,bayeux,delivered,2017-01-10 11:41:06,2017-01-10 16:41:06,2017-01-30 11:41:06,2017-02-01 11:41:06,0,20,22,1,247.24,45.85,0.1854,1,casa_outros,3.0
O02013,C01495,RN,mossoro,delivered,2017-02-05 19:33:37,2017-02-07 02:33:37,2017-03-02 19:33:37,2017-02-25 19:33:37,1,25,20,1,321.77,7.1,0.0221,1,beleza_saude,2.0
O02014,C00658,TO,araguaina,delivered,2017-10-10 14:17:01,2017-10-11 17:17:01,2017-11-07 14:17:01,2017-11-03 14:17:01,1,28,24,2,694.25,61.66,0.0859,1,alimentos_bebidas,2.0
O02023,C00245,SC,criciuma,delivered,2018-08-13 07:21:42,2018-08-14 16:21:42,2018-09-07 07:21:42,2018-08-29 07:21:42,1,25,16,1,71.72,27.23,0.3797,1,market_place,2.0
O02025,C00931,BA,ilheus,delivered,2016-11-16 20:53:16,2016-11-18 04:53:16,2016-11-20 20:53:16,2016-12-11 20:53:16,0,4,25,1,336.14,21.17,0.063,1,casa_outros,5.0
O02029,C01855,PA,castanhal,delivered,2018-10-05 15:39:50,2018-10-06 16:39:50,2018-10-15 15:39:50,2018-10-17 15:39:50,0,10,12,1,439.15,28.31,0.0645,1,casa_conforto,5.0
O02030,C01142,ES,linhares,delivered,2018-08-07 21:23:26,2018-08-08 09:23:26,2018-08-21 21:23:26,2018-08-21 21:23:26,0,14,14,1,283.11,42.2,0.1491,1,cds_dvds_musicais,3.0
O02084,C00364,SP,campinas,delivered,2017-07-19 06:24:10,2017-07-20 15:24:10,2017-08-03 06:24:10,2017-07-30 06:24:10,1,15,11,1,262.4,15.54,0.0592,1,casa_lavanderia,4.0
O02088,C00889,PR,maringa,delivered,2017-12-18 08:08:36,2017-12-18 15:08:36,2017-12-23 08:08:36,2017-12-29 08:08:36,0,5,11,4,1360.76,96.47,0.0838,1,audio,5.0
O02093,C00832,RN,caico,delivered,2018-09-20 04:38:42,2018-09-21 12:38:42,2018-10-13 04:38:42,2018-09-26 04:38:42,1,23,6,1,373.17,45.73,0.1225,1,perfumaria,3.0
O02110,C01405,RR,alto alegre,delivered,2018-10-14 15:55:25,2018-10-15 08:55:25,2018-11-07 15:55:25,2018-11-07 15:55:25,0,24,24,2,334.43,66.94,0.2264,1,casa_garagem,5.0
O02121,C01066,PE,jaboatao,delivered,2017-02-10 03:22:08,2017-02-10 18:22:08,2017-03-02 03:22:08,2017-03-05 03:22:08,0,20,23,1,436.34,37.58,0.0861,1,fashion_bolsas,5.0
O02127,C01557,SC,florianopolis,delivered,2018-05-20 12:00:15,2018-05-20 19:00:15,2018-06-19 12:00:15,2018-06-13 12:00:15,1,30,24,2,400.93,33.03,0.1239,1,automotivo,2.0
O02131,C00920,SP,ribeirao preto,delivered,2016-11-20 10:44:01,2016-11-21 19:44:01,2016-12-16 10:44:01,2016-11-25 10:44:01,1,26,5,1,413.58,25.86,0.0625,1,moveis_decoracao,3.0
O02138,C01677,GO,goiania,delivered,2018-04-05 08:07:42,2018-04-05 19:07:42,2018-04-09 08:07:42,2018-04-22 08:07:42,0,4,17,5,473.98,112.54,0.2954,1,carnes,5.0
O02156,C00173,AM,manacapuru,delivered,2018-07-29 22:00:53,2018-07-30 03:00:53,2018-08-02 22:00:53,2018-08-19 22:00:53,0,4,21,2,902.44,27.84,0.0308,1,la_cuisine,3.0
O02165,C01790,SP,campinas,delivered,2016-12-16 15:22:14,2016-12-18 12:22:14,2017-01-14 15:22:14,2017-01-10 15:22:14,1,29,25,1,214.88,22.82,0.1062,1,cool_stuff,4.0
O02187,C00714,MT,tangara da serra,delivered,2017-03-16 09:13:11,2017-03-17 19:13:11,2017-04-14 09:13:11,2017-04-08 09:13:11,1,29,23,1,413.38,38.36,0.0928,1,la_cuisine,3.0
O02197,C01181,DF,ceilandia,delivered,2016-09-18 15:24:05,2016-09-18 17:24:05,2016-10-10 15:24:05,2016-10-11 15:24:05,0,22,23,2,635.11,69.85,0.1164,1,bebes,1.0
O02203,C00400,GO,anapolis,delivered,2017-03-16 13:37:25,2017-03-18 09:37:25,2017-04-11 13:37:25,2017-03-24 13:37:25,1,26,8,1,296.8,23.27,0.0784,1,malas_acessorios,3.0
O02233,C00857,MG,uberlandia,delivered,2018-10-10 10:00:52,2018-10-11 12:00:52,2018-11-06 10:00:52,2018-11-03 10:00:52,1,27,24,1,33.94,32.14,0.947,1,fraldas_higiene,2.0
O02235,C01564,AM,manacapuru,delivered,2017-11-07 04:46:44,2017-11-08 20:46:44,2017-12-04 04:46:44,2017-11-20 04:46:44,1,27,13,1,295.12,9.01,0.0305,1,fraldas_higiene,2.0
O02255,C01892,GO,goiania,delivered,2017-04-13 09:13:12,2017-04-13 19:13:12,2017-05-03 09:13:12,2017-05-02 09:13:12,1,20,19,1,143.25,37.05,0.2586,1,telefonia,2.0
O02265,C00144,RO,ji-parana,delivered,2018-03-14 20:20:57,2018-03-15 09:20:57,2018-04-03 20:20:57,2018-04-06 20:20:57,0,20,23,2,533.34,56.64,0.2013,1,construcao_ferramentas,5.0
O02268,C01957,TO,gurupi,delivered,2016-09-20 03:28:54,2016-09-20 05:28:54,2016-09-29 03:28:54,2016-10-14 03:28:54,0,9,24,1,316.52,28.91,0.0913,1,casa_limpeza,5.0
O02273,C00246,SP,santos,delivered,2016-10-09 18:16:03,2016-10-10 11:16:03,2016-11-03 18:16:03,2016-10-22 18:16:03,1,25,13,3,903.5,101.56,0.1201,1,casa_escritorio,2.0
O02276,C01709,PI,parnaiba,delivered,2016-09-10 18:27:30,2016-09-12 00:27:30,2016-09-20 18:27:30,2016-09-28 18:27:30,0,10,18,1,160.02,5.75,0.0359,1,fashion_roupa_feminina,4.0
O02278,C00377,PI,campo maior,delivered,2018-03-15 02:07:33,2018-03-15 12:07:33,2018-03-30 02:07:33,2018-03-20 02:07:33,1,15,5,1,315.29,16.76,0.0532,1,musica_arte,3.0
O02281,C01872,PR,ponta grossa,delivered,2016-09-27 10:27:50,2016-09-29 00:27:50,2016-10-23 10:27:50,2016-10-16 10:27:50,1,26,19,1,292.4,33.76,0.1155,1,instrumentos_musicais,2.0
O02302,C00345,RS,caxias do sul,delivered,2016-12-12 09:36:12,2016-12-12 20:36:12,2017-01-07 09:36:12,2017-01-01 09:36:12,1,26,20,1,163.38,11.18,0.0684,1,construcao_ferramentas,3.0
O02311,C00019,SE,lagarto,delivered,2018-02-06 06:14:45,2018-02-07 02:14:45,2018-03-07 06:14:45,2018-02-13 06:14:45,1,29,7,1,163.44,45.39,0.2777,1,seguros_servicos,2.0
O02320,C00664,PE,olinda,delivered,2017-09-07 13:02:05,2017-09-08 07:02:05,2017-09-10 13:02:05,2017-09-26 13:02:05,0,3,19,1,89.83,35.42,0.3943,1,perfumaria,4.0
O02326,C01890,RR,caracarai,delivered,2017-11-23 22:10:39,2017-11-23 23:10:39,2017-12-08 22:10:39,2017-12-02 22:10:39,1,15,9,2,204.64,72.54,0.3514,1,cds_dvds_musicais,3.0
O02369,C00090,TO,gurupi,delivered,2017-06-10 07:56:19,2017-06-10 13:56:19,2017-06-24 07:56:19,2017-06-24 07:56:19,0,14,14,1,361.12,43.33,0.12,1,fashion_roupa_feminina,5.0
O02402,C01741,RN,mossoro,delivered,2018-03-21 12:08:54,2018-03-23 09:08:54,2018-03-28 12:08:54,2018-03-28 12:08:54,0,7,7,2,429.75,29.86,0.1179,1,cama_mesa_banho,2.0
O02403,C00660,AM,parintins,delivered,2016-11-25 07:31:04,2016-11-27 07:31:04,2016-12-11 07:31:04,2016-12-09 07:31:04,1,16,14,3,1034.47,72.36,0.0671,1,casa_conforto,2.0
O02407,C01270,ES,linhares,delivered,2017-08-12 01:39:30,2017-08-13 14:39:30,2017-09-01 01:39:30,2017-08-26 01:39:30,1,20,14,2,462.16,70.39,0.154,1,audio,3.0
O02411,C00773,BA,itabuna,delivered,2018-09-10 20:40:34,2018-09-12 19:40:34,2018-10-08 20:40:34,2018-10-02 20:40:34,1,28,22,1,270.88,21.89,0.0808,1,casa_quarto,3.0
O02435,C00295,PR,cascavel,delivered,2018-09-13 21:53:07,2018-09-14 02:53:07,2018-10-08 21:53:07,2018-09-24 21:53:07,1,25,11,1,401.85,15.54,0.0387,1,dvds_blu_ray,3.0
O02453,C00248,ES,serra,delivered,2018-10-05 00:22:16,2018-10-05 07:22:16,2018-10-09 00:22:16,2018-10-19 00:22:16,0,4,14,1,164.91,6.62,0.0401,1,fashion_roupa_masculina,4.0
O02454,C00323,RN,natal,delivered,2018-04-01 19:15:38,2018-04-02 03:15:38,2018-04-30 19:15:38,2018-04-23 19:15:38,1,29,22,1,451.51,8.76,0.0194,1,cool_stuff,1.0
O02458,C00029,MS,dourados,delivered,2017-01-27 14:17:24,2017-01-28 08:17:24,2017-02-11 14:17:24,2017-02-09 14:17:24,1,15,13,1,328.92,11.22,0.0341,1,moveis_decoracao,1.0
O02461,C00820,TO,porto nacional,delivered,2017-06-29 09:31:14,2017-06-30 14:31:14,2017-07-03 09:31:14,2017-07-14 09:31:14,0,4,15,1,85.28,11.96,0.1402,1,artigos_nautica,5.0
O02481,C01852,AP,santana,delivered,2018-03-31 22:55:52,2018-04-01 18:55:52,2018-04-10 22:55:52,2018-04-24 22:55:52,0,10,24,1,406.64,26.0,0.0639,1,casa_quarto,2.0
O02491,C01213,RJ,duque de caxias,delivered,2018-06-25 22:34:11,2018-06-26 07:34:11,2018-07-15 22:34:11,2018-06-30 22:34:11,1,20,5,1,204.52,18.01,0.0881,1,relogios_presentes,2.0
O02492,C00711,PB,campina grande,delivered,2017-08-25 01:20:36,2017-08-25 09:20:36,2017-09-22 01:20:36,2017-09-07 01:20:36,1,28,13,1,281.27,42.54,0.1512,1,seguros_servicos,5.0
O02493,C01542,ES,cariacica,delivered,2017-10-25 18:38:15,2017-10-26 00:38:15,2017-11-15 18:38:15,2017-10-31 18:38:15,1,21,6,1,467.78,44.21,0.0945,1,telefonia,1.0
O02494,C00910,SE,aracaju,delivered,2018-01-31 19:48:25,2018-02-02 10:48:25,2018-03-02 19:48:25,2018-02-24 19:48:25,1,30,24,2,399.33,17.28,0.0931,1,cool_stuff,1.0
O02504,C00055,MS,campo grande,delivered,2016-09-08 00:07:30,2016-09-09 13:07:30,2016-10-02 00:07:30,2016-09-30 00:07:30,1,24,22,1,65.25,33.63,0.5154,1,fashion_calcados,2.0
O02506,C00392,PI,picos,delivered,2017-05-17 04:57:25,2017-05-19 02:57:25,2017-05-31 04:57:25,2017-05-29 04:57:25,1,14,12,1,363.44,24.81,0.0683,1,casa_limpeza,5.0
O02521,C00277,SE,estancia,delivered,2018-05-22 10:00:03,2018-05-22 22:00:03,2018-06-10 10:00:03,2018-06-04 10:00:03,1,19,13,2,688.26,63.46,0.1151,1,ferramentas_jardim,2.0
O02526,C01547,PA,anamideua,delivered,2017-02-13 02:45:41,2017-02-14 13:45:41,2017-03-11 02:45:41,2017-03-10 02:45:41,1,26,25,1,149.96,30.73,0.2049,1,casa_limpeza,4.0
O02531,C01439,SE,aracaju,delivered,2018-06-11 13:43:52,2018-06-12 15:43:52,2018-07-06 13:43:52,2018-06-30 13:43:52,1,25,19,1,419.89,38.06,0.0906,1,cama_mesa_banho,1.0
O02534,C00137,TO,gurupi,delivered,2018-09-12 07:49:44,2018-09-13 02:49:44,2018-09-15 07:49:44,2018-09-24 07:49:44,0,3,12,1,371.66,26.1,0.0702,1,relogios_presentes,5.0
O02540,C00657,AC,tarauaca,delivered,2018-05-15 08:07:15,2018-05-16 02:07:15,2018-06-08 08:07:15,2018-06-02 08:07:15,1,24,18,1,105.79,24.62,0.2327,1,moda_roupa,2.0
O02552,C00865,PI,teresina,delivered,2017-07-21 18:46:04,2017-07-22 11:46:04,2017-07-29 18:46:04,2017-08-14 18:46:04,0,8,24,1,359.46,40.69,0.1132,1,moveis_cozinha,5.0
O02565,C01791,PE,jaboatao,delivered,2018-02-06 20:19:46,2018-02-08 13:19:46,2018-02-24 20:19:46,2018-02-19 20:19:46,1,18,13,1,277.3,40.51,0.1461,0,casa_outros,2.0
O02598,C01672,AL,delmiro gouveia,delivered,2017-05-07 03:28:25,2017-05-08 11:28:25,2017-05-14 03:28:25,2017-05-25 03:28:25,0,7,18,2,424.8,89.98,0.4236,1,construcao_ferramentas,5.0
O02599,C01439,SE,aracaju,delivered,2018-01-15 13:01:28,2018-01-16 03:01:28,2018-01-25 13:01:28,2018-02-03 13:01:28,0,10,19,1,275.57,11.0,0.0399,1,livros_interesse,5.0
O02614,C00410,MT,sinop,delivered,2018-07-30 03:17:41,2018-07-30 06:17:41,2018-08-03 03:17:41,2018-08-23 03:17:41,0,4,24,1,151.06,5.81,0.0385,1,brinquedos,3.0
O02619,C01706,RS,caxias do sul,delivered,2017-12-09 17:01:22,2017-12-11 03:01:22,2017-12-12 17:01:22,2017-12-14 17:01:22,0,3,5,1,216.72,11.55,0.0533,1,market_place,4.0
O02622,C00182,GO,rio verde,delivered,2016-12-26 21:58:10,2016-12-28 00:58:10,2017-01-11 21:58:10,2017-01-18 21:58:10,0,16,23,1,341.72,24.29,0.0711,1,automotivo,4.0
O02641,C01924,AC,sena madureira,delivered,2018-05-15 11:31:55,2018-05-16 14:31:55,2018-05-24 11:31:55,2018-05-24 11:31:55,0,9,9,1,128.39,17.58,0.1369,1,fashion_underwear,5.0
O02643,C01238,PB,campina grande,delivered,2018-05-27 10:07:11,2018-05-28 05:07:11,2018-06-03 10:07:11,2018-06-12 10:07:11,0,7,16,1,310.91,42.07,0.1353,1,casa_iluminacao,5.0
O02648,C01195,MT,sinop,delivered,2018-05-28 02:06:23,2018-05-28 14:06:23,2018-06-11 02:06:23,2018-06-14 02:06:23,0,14,17,2,648.62,77.68,0.1237,1,fashion_roupa_feminina,2.0
O02653,C00026,RR,caracarai,delivered,2017-12-12 18:06:55,2017-12-13 02:06:55,2017-12-31 18:06:55,2017-12-22 18:06:55,1,19,10,2,394.36,57.57,0.1678,1,casa_conforto_2,4.0
O02657,C00102,ES,linhares,delivered,2018-08-26 13:02:18,2018-08-27 15:02:18,2018-09-17 13:02:18,2018-09-02 13:02:18,1,22,7,2,534.61,89.56,0.184,1,casa_banheiro,1.0
O02666,C00064,RS,porto alegre,delivered,2018-09-23 14:41:45,2018-09-24 18:41:45,2018-10-21 14:41:45,2018-10-01 14:41:45,1,28,8,2,715.78,51.27,0.0783,1,alimentos_bebidas,3.0
O02683,C01127,AP,oida,delivered,2016-09-01 03:11:05,2016-09-01 21:11:05,2016-09-04 03:11:05,2016-09-20 03:11:05,0,3,19,1,101.77,35.4,0.3478,1,casa_utilidades,4.0
O02703,C00186,CE,caucaia,delivered,2018-04-17 15:04:57,2018-04-18 10:04:57,2018-05-12 15:04:57,2018-05-11 15:04:57,1,25,24,2,665.56,47.52,0.0714,1,artigos_nautica,5.0
O02720,C01173,RJ,rio de janeiro,delivered,2018-02-09 13:17:17,2018-02-11 12:17:17,2018-02-20 13:17:17,2018-02-27 13:17:17,0,11,18,1,499.67,27.15,0.0543,1,moveis_cozinha,5.0
O02722,C00271,AP,macapa,delivered,2018-05-26 22:39:26,2018-05-27 10:39:26,2018-06-20 22:39:26,2018-06-18 22:39:26,1,25,23,1,142.36,37.57,0.2639,1,flores,5.0
O02725,C00266,PE,jaboatao,delivered,2018-04-04 22:37:23,2018-04-06 06:37:23,2018-04-21 22:37:23,2018-04-09 22:37:23,1,17,5,2,511.1,40.78,0.2781,1,casa_banheiro,1.0
O02734,C01551,ES,linhares,delivered,2018-03-31 08:54:19,2018-04-01 21:54:19,2018-04-22 08:54:19,2018-04-16 08:54:19,1,22,16,2,401.92,59.78,0.2512,1,casa_garagem,2.0
O02736,C00086,RN,mossoro,delivered,2016-11-16 22:56:50,2016-11-18 14:56:50,2016-12-02 22:56:50,2016-11-22 22:56:50,1,16,6,1,137.58,15.52,0.1128,0,beleza_saude,1.0
O02745,C00253,SC,blumenau,delivered,2018-10-07 08:25:52,2018-10-09 00:25:52,2018-10-20 08:25:52,2018-10-25 08:25:52,0,13,18,2,567.84,83.86,0.1525,1,casa_jardim,5.0
O02772,C01915,MT,tangara da serra,delivered,2018-08-16 21:06:06,2018-08-17 22:06:06,2018-09-06 21:06:06,2018-09-10 21:06:06,0,21,25,2,551.64,65.93,0.19,1,consoles_games,1.0
O02775,C01335,AP,macapa,delivered,2017-04-07 13:21:14,2017-04-07 16:21:14,2017-05-01 13:21:14,2017-04-17 13:21:14,1,24,10,3,579.7,83.79,0.1922,1,casa_jardim,5.0
O02787,C00448,RR,boa vista,delivered,2017-07-14 12:25:34,2017-07-14 17:25:34,2017-08-09 12:25:34,2017-08-04 12:25:34,1,26,21,1,481.77,27.57,0.0572,1,construcao_ferramentas,1.0
O02789,C00058,SP,sao paulo,delivered,2018-07-21 02:22:01,2018-07-21 03:22:01,2018-08-04 02:22:01,2018-07-27 02:22:01,1,14,6,1,359.07,36.23,0.1009,1,market_place,3.0
O02808,C01650,RN,caico,delivered,2016-12-25 22:24:06,2016-12-27 17:24:06,2016-12-31 22:24:06,2017-01-09 22:24:06,0,6,15,2,214.26,49.78,0.518,1,moveis_presentes,4.0
O02810,C00516,RR,rorainopolis,delivered,2016-09-26 07:05:53,2016-09-26 08:05:53,2016-10-04 07:05:53,2016-10-15 07:05:53,0,8,19,1,450.08,15.61,0.0347,1,sinalizacao_seguranca,1.0
O02813,C00331,SC,joinville,delivered,2018-02-12 17:41:52,2018-02-13 19:41:52,2018-03-10 17:41:52,2018-03-05 17:41:52,1,26,21,1,174.97,22.23,0.1271,0,casa_iluminacao,1.0
O02832,C01612,AP,porto grande,delivered,2018-06-07 13:31:17,2018-06-08 23:31:17,2018-06-19 13:31:17,2018-06-13 13:31:17,1,12,6,3,889.73,100.79,0.1102,1,automotivo,2.0
O02833,C00732,PA,maraba,delivered,2016-12-20 17:55:31,2016-12-21 20:55:31,2016-12-31 17:55:31,2017-01-04 17:55:31,0,11,15,1,336.48,26.78,0.0796,1,construcao_ferramentas,4.0
O02841,C01317,PE,petrolina,delivered,2018-06-01 19:06:12,2018-06-01 23:06:12,2018-06-29 19:06:12,2018-06-16 19:06:12,1,28,15,1,87.43,20.18,0.2308,1,casa_limpeza,5.0
O02847,C00798,PB,campina grande,delivered,2017-10-25 21:34:53,2017-10-27 07:34:53,2017-11-07 21:34:53,2017-10-31 21:34:53,1,13,6,1,275.06,35.41,0.1287,1,audio,3.0
O02849,C00613,RO,porto velho,delivered,2016-09-22 23:57:00,2016-09-24 12:57:00,2016-10-15 23:57:00,2016-10-17 23:57:00,0,23,25,5,1369.6,182.28,0.5337,1,audio,1.0
O02890,C01875,PA,santarem,delivered,2018-05-18 03:48:56,2018-05-19 04:48:56,2018-06-17 03:48:56,2018-06-11 03:48:56,1,30,24,1,254.25,25.75,0.1013,1,casa_iluminacao,3.0
O02891,C00076,RJ,niteroi,delivered,2017-03-03 23:04:51,2017-03-04 03:04:51,2017-03-10 23:04:51,2017-03-15 23:04:51,0,7,12,1,210.86,13.82,0.0655,1,casa_outros,1.0
O02894,C01358,RR,rorainopolis,delivered,2018-07-11 07:49:23,2018-07-13 02:49:23,2018-07-28 07:49:23,2018-07-17 07:49:23,1,17,6,1,398.95,40.4,0.1013,0,fashion_underwear,1.0
O02895,C00497,DF,ceilandia,delivered,2018-01-05 04:09:00,2018-01-05 07:09:00,2018-01-18 04:09:00,2018-01-24 04:09:00,0,13,19,1,261.66,16.26,0.0621,1,artes,5.0
O02896,C01047,SE,lagarto,delivered,2018-06-05 18:18:12,2018-06-07 04:18:12,2018-07-05 18:18:12,2018-06-17 18:18:12,1,30,12,2,755.26,27.69,0.0359,1,casa_escritorio,2.0
O02903,C00638,BA,itabuna,delivered,2018-03-26 02:46:47,2018-03-27 11:46:47,2018-04-01 02:46:47,2018-04-02 02:46:47,0,6,7,2,428.24,73.33,0.2616,1,casa_utilidades,2.0
O02915,C00654,AL,delmiro gouveia,delivered,2018-09-16 06:58:00,2018-09-16 20:58:00,2018-10-05 06:58:00,2018-09-27 06:58:00,1,19,11,1,270.01,29.34,0.1087,1,artes,5.0
O02919,C01586,SP,santos,delivered,2017-07-21 16:52:08,2017-07-23 14:52:08,2017-08-11 16:52:08,2017-07-28 16:52:08,1,21,7,2,635.09,46.89,0.0738,1,eletrodomesticos,4.0
O02920,C00679,PB,campina grande,delivered,2018-03-27 02:48:00,2018-03-29 00:48:00,2018-04-19 02:48:00,2018-04-06 02:48:00,1,23,10,1,339.09,16.92,0.0499,1,musica_arte,1.0
O02930,C00829,DF,samambaia,delivered,2016-12-21 13:05:42,2016-12-23 07:05:42,2017-01-02 13:05:42,2016-12-29 13:05:42,1,12,8,1,115.67,34.84,0.3012,1,fashion_esporte,2.0
O02931,C00467,SP,guarulhos,delivered,2017-12-10 19:17:19,2017-12-11 13:17:19,2017-12-25 19:17:19,2017-12-16 19:17:19,1,15,6,1,33.24,34.74,1.0451,1,moveis_quarto,3.0
O02938,C00773,BA,itabuna,delivered,2018-08-04 19:26:09,2018-08-06 01:26:09,2018-08-30 19:26:09,2018-08-21 19:26:09,1,26,17,1,192.39,9.17,0.0477,1,casa_iluminacao,1.0
O02964,C00275,GO,luziania,delivered,2016-09-13 13:08:27,2016-09-14 08:08:27,2016-09-26 13:08:27,2016-09-27 13:08:27,0,13,14,1,388.23,20.58,0.053,1,brinquedos,5.0
O02973,C00264,RN,sao goncalo do amarante,delivered,2018-01-27 16:12:52,2018-01-28 22:12:52,2018-02-12 16:12:52,2018-02-21 16:12:52,0,16,25,1,361.13,8.71,0.0241,1,casa_sala,3.0
O02979,C01864,PA,santarem,delivered,2016-09-30 07:24:30,2016-10-02 03:24:30,2016-10-29 07:24:30,2016-10-09 07:24:30,1,29,9,2,553.17,79.23,0.1436,1,casa_iluminacao,2.0
O03014,C00054,PA,santarem,delivered,2018-06-04 12:13:09,2018-06-04 19:13:09,2018-06-24 12:13:09,2018-06-13 12:13:09,1,20,9,2,404.08,58.0,0.1879,1,perfumaria,4.0
O03015,C00607,MS,dourados,delivered,2018-09-01 17:22:11,2018-09-03 07:22:11,2018-09-23 17:22:11,2018-09-25 17:22:11,0,22,24,2,174.7,76.19,0.4325,1,cds_dvds_musicais,5.0
O03019,C00048,DF,brasilia,delivered,2018-10-13 05:20:06,2018-10-13 19:20:06,2018-10-28 05:20:06,2018-10-19 05:20:06,1,15,6,1,433.6,17.87,0.0412,1,flores,1.0
O03022,C01852,AP,santana,delivered,2016-09-30 16:03:42,2016-10-02 04:03:42,2016-10-15 16:03:42,2016-10-13 16:03:42,1,15,13,2,474.17,70.72,0.149,1,alimentos_bebidas,4.0
O03032,C01162,DF,ceilandia,delivered,2018-08-16 20:10:45,2018-08-17 02:10:45,2018-09-02 20:10:45,2018-08-21 20:10:45,1,17,5,1,324.68,11.36,0.035,1,casa_lavanderia,3.0
O03034,C00068,AC,sena madureira,delivered,2017-02-10 22:10:55,2017-02-11 23:10:55,2017-02-24 22:10:55,2017-03-05 22:10:55,0,14,23,1,449.64,12.32,0.0274,1,relogios_presentes,5.0
O03052,C00203,SC,criciuma,delivered,2017-01-13 05:36:47,2017-01-14 13:36:47,2017-01-20 05:36:47,2017-01-21 05:36:47,0,7,8,3,907.85,68.86,0.1207,1,casa_conforto,5.0
O03057,C01583,SE,nossa senhora do socorro,delivered,2017-07-29 01:56:29,2017-07-30 05:56:29,2017-08-17 01:56:29,2017-08-14 01:56:29,1,19,16,2,324.88,51.23,0.1542,1,casa_escritorio,1.0
O03086,C00734,PB,patos,delivered,2017-12-06 14:56:13,2017-12-06 17:56:13,2017-12-11 14:56:13,2017-12-12 14:56:13,0,5,6,2,224.29,71.91,0.3669,1,casa_iluminacao,4.0
O03098,C00590,ES,cariacica,delivered,2017-03-20 05:28:23,2017-03-21 17:28:23,2017-03-25 05:28:23,2017-04-14 05:28:23,0,5,25,3,631.42,38.19,0.0718,1,brinquedos,5.0
O03103,C01684,TO,palmas,delivered,2018-05-19 06:11:34,2018-05-20 21:11:34,2018-06-01 06:11:34,2018-06-03 06:11:34,0,13,15,2,611.26,64.77,0.1718,1,consoles_games,5.0
O03135,C01989,TO,palmas,delivered,2017-08-01 16:30:53,2017-08-02 00:30:53,2017-08-22 16:30:53,2017-08-11 16:30:53,1,21,10,1,177.75,11.14,0.0627,1,fashion_bolsas,2.0
O03144,C01987,PR,maringa,delivered,2017-12-25 04:14:44,2017-12-25 05:14:44,2018-01-15 04:14:44,2018-01-18 04:14:44,0,21,24,1,60.73,24.3,0.4001,1,papelaria,5.0
O03146,C01489,PE,jaboatao,delivered,2017-08-04 09:37:27,2017-08-04 18:37:27,2017-08-09 09:37:27,2017-08-21 09:37:27,0,5,17,1,310.19,17.84,0.0575,1,artigos_nautica,4.0
O03161,C01059,CE,juazeiro do norte,delivered,2017-11-16 22:19:40,2017-11-18 16:19:40,2017-12-02 22:19:40,2017-11-28 22:19:40,1,16,12,1,190.9,30.92,0.162,1,eletrodomesticos_2,2.0
O03178,C01257,AP,santana,delivered,2018-08-30 23:20:34,2018-09-01 02:20:34,2018-09-16 23:20:34,2018-09-20 23:20:34,0,17,21,1,174.54,26.41,0.1513,1,moveis_escritorio,5.0
O03189,C01829,SE,itabaiana,delivered,2018-10-07 12:19:04,2018-10-08 18:19:04,2018-11-06 12:19:04,2018-10-12 12:19:04,1,30,5,4,620.71,55.17,0.1468,1,beleza_saude,1.0
O03194,C01586,SP,santos,delivered,2017-09-13 12:16:25,2017-09-14 01:16:25,2017-10-09 12:16:25,2017-09-22 12:16:25,1,26,9,1,151.76,17.22,0.1135,1,fraldas_higiene,3.0
O03203,C00341,DF,guara,delivered,2018-05-23 21:04:47,2018-05-25 05:04:47,2018-06-15 21:04:47,2018-05-30 21:04:47,1,23,7,1,91.05,24.79,0.2723,1,eletrodomesticos,3.0
O03214,C00578,ES,cariacica,delivered,2016-12-05 10:29:38,2016-12-06 04:29:38,2016-12-19 10:29:38,2016-12-22 10:29:38,0,14,17,2,519.55,88.02,0.2919,1,relogios_presentes,4.0
O03222,C00830,RN,caico,delivered,2017-07-15 05:20:56,2017-07-16 12:20:56,2017-07-31 05:20:56,2017-07-22 05:20:56,1,16,7,2,851.55,34.63,0.0406,1,moveis_cozinha,1.0
O03225,C01693,PB,bayeux,delivered,2018-04-22 16:00:42,2018-04-23 21:00:42,2018-05-18 16:00:42,2018-05-13 16:00:42,1,26,21,1,240.81,18.9,0.0785,1,cool_stuff,1.0
O03231,C01185,PI,campo maior,delivered,2017-05-12 08:36:09,2017-05-13 03:36:09,2017-05-27 08:36:09,2017-05-21 08:36:09,1,15,9,1,328.24,14.42,0.0439,1,portateis_casa_forno_cafe,2.0
O03233,C00137,TO,gurupi,delivered,2018-01-27 00:38:42,2018-01-28 11:38:42,2018-02-12 00:38:42,2018-02-14 00:38:42,0,16,18,1,32.71,5.14,0.1571,1,la_cuisine,4.0
O03245,C01033,RR,caracarai,delivered,2018-04-29 17:51:53,2018-04-30 06:51:53,2018-05-21 17:51:53,2018-05-05 17:51:53,1,22,6,2,334.23,24.05,0.0705,1,casa_construcao,5.0
O03247,C01468,PB,bayeux,delivered,2017-11-07 21:07:32,2017-11-08 07:07:32,2017-12-01 21:07:32,2017-11-21 21:07:32,1,24,14,3,99.54,86.08,1.0401,1,audio,3.0
O03270,C00794,CE,sobral,delivered,2017-11-15 14:32:11,2017-11-17 10:32:11,2017-12-13 14:32:11,2017-11-24 14:32:11,1,28,9,1,466.99,28.26,0.0605,1,consoles_games,1.0
O03273,C01595,PA,anamideua,delivered,2017-04-09 13:39:35,2017-04-10 09:39:35,2017-04-22 13:39:35,2017-04-22 13:39:35,0,13,13,1,56.02,8.9,0.1589,1,moveis_presentes,5.0
O03277,C01618,AL,delmiro gouveia,delivered,2016-09-28 03:15:18,2016-09-29 00:15:18,2016-10-01 03:15:18,2016-10-20 03:15:18,0,3,22,1,178.05,34.26,0.1924,1,eletronicos,5.0
O03289,C00870,SP,campinas,delivered,2017-01-16 12:16:55,2017-01-17 04:16:55,2017-01-31 12:16:55,2017-01-26 12:16:55,1,15,10,1,218.83,33.56,0.1534,1,dvds_blu_ray,4.0
O03310,C01385,SE,aracaju,delivered,2016-09-02 01:11:38,2016-09-03 07:11:38,2016-09-23 01:11:38,2016-09-14 01:11:38,1,21,12,1,452.85,34.45,0.0761,1,casa_sala,4.0
O03351,C00065,CE,maracanau,delivered,2018-03-08 01:48:01,2018-03-08 03:48:01,2018-04-05 01:48:01,2018-03-22 01:48:01,1,28,14,1,477.94,37.72,0.0789,1,eletronicos,3.0
O03365,C00292,PA,anamideua,delivered,2017-09-07 06:35:18,2017-09-09 01:35:18,2017-09-10 06:35:18,2017-09-20 06:35:18,0,3,13,3,427.68,95.22,0.2862,1,alimentos_bebidas,3.0
O03367,C00306,MS,dourados,delivered,2018-07-07 09:34:54,2018-07-09 05:34:54,2018-07-15 09:34:54,2018-07-23 09:34:54,0,8,16,1,442.45,36.52,0.0825,1,flores,2.0
O03385,C00903,SE,itabaiana,delivered,2017-08-20 12:12:05,2017-08-22 08:12:05,2017-08-28 12:12:05,2017-08-31 12:12:05,0,8,11,1,44.64,29.3,0.6564,1,casa_utilidades,5.0
O03387,C01961,RR,alto alegre,delivered,2016-10-30 18:34:30,2016-10-31 14:34:30,2016-11-29 18:34:30,2016-11-06 18:34:30,1,30,7,2,680.7,61.27,0.1107,1,perfumaria,3.0
O03416,C01616,BA,feira de santana,delivered,2018-06-21 14:31:42,2018-06-23 01:31:42,2018-06-25 14:31:42,2018-06-28 14:31:42,0,4,7,1,218.84,23.2,0.106,1,eletroportateis,4.0
O03443,C01494,PA,santarem,delivered,2017-04-06 03:44:37,2017-04-06 17:44:37,2017-05-01 03:44:37,2017-04-20 03:44:37,1,25,14,3,851.57,113.94,0.1329,1,artigos_nautica,2.0
O03446,C00002,DF,taguatinga,delivered,2017-12-06 03:37:33,2017-12-07 23:37:33,2018-01-03 03:37:33,2017-12-25 03:37:33,1,28,19,1,110.56,12.55,0.1135,1,market_place,3.0
O03467,C01905,DF,guara,delivered,2017-03-29 10:31:25,2017-03-29 17:31:25,2017-04-04 10:31:25,2017-04-11 10:31:25,0,6,13,1,257.15,34.98,0.136,1,instrumentos_musicais,3.0
O03476,C01747,RR,boa vista,delivered,2016-11-23 04:33:43,2016-11-24 06:33:43,2016-12-01 04:33:43,2016-11-29 04:33:43,1,8,6,1,173.87,28.6,0.1645,1,pc_gamer,2.0
O03478,C00873,AL,delmiro gouveia,delivered,2018-10-08 00:23:41,2018-10-08 23:23:41,2018-11-01 00:23:41,2018-10-18 00:23:41,1,24,10,2,343.42,11.37,0.0379,1,casa_banheiro,3.0
O03484,C00461,RO,ji-parana,delivered,2018-02-13 21:13:41,2018-02-15 18:13:41,2018-03-14 21:13:41,2018-02-25 21:13:41,1,29,12,1,423.94,41.63,0.0982,1,livros_interesse,3.0
O03497,C01103,RR,alto alegre,delivered,2018-08-24 01:31:06,2018-08-24 10:31:06,2018-09-19 01:31:06,2018-08-30 01:31:06,1,26,6,1,230.54,36.01,0.1562,1,casa_iluminacao,1.0
O03505,C00193,ES,vitoria,delivered,2017-08-23 13:39:08,2017-08-23 17:39:08,2017-09-02 13:39:08,2017-09-02 13:39:08,0,10,10,3,765.87,121.02,0.1863,1,automotivo,5.0
O03506,C01503,RS,caxias do sul,delivered,2017-08-31 13:49:14,2017-09-01 17:49:14,2017-09-03 13:49:14,2017-09-08 13:49:14,0,3,8,1,321.33,33.81,0.1052,1,casa_garagem,5.0
O03523,C01281,AM,parintins,delivered,2017-06-26 01:36:10,2017-06-27 16:36:10,2017-07-25 01:36:10,2017-07-20 01:36:10,1,29,24,2,799.85,44.91,0.0616,1,livros_interesse,3.0
O03554,C01755,RO,cacoal,delivered,2017-08-23 05:53:54,2017-08-24 13:53:54,2017-08-27 05:53:54,2017-09-01 05:53:54,0,4,9,2,576.18,51.05,0.1637,1,casa_banheiro,5.0
O03564,C01577,SC,blumenau,delivered,2017-01-02 10:43:16,2017-01-02 20:43:16,2017-01-23 10:43:16,2017-01-19 10:43:16,1,21,17,1,248.02,31.1,0.1254,1,carnes,4.0
O03585,C00047,SP,sao paulo,delivered,2018-09-16 16:23:08,2018-09-17 19:23:08,2018-09-21 16:23:08,2018-09-30 16:23:08,0,5,14,2,903.37,41.93,0.0469,1,la_cuisine,3.0
O03587,C00650,AP,oida,delivered,2018-09-02 23:01:59,2018-09-03 13:01:59,2018-09-11 23:01:59,2018-09-08 23:01:59,1,9,6,1,406.09,27.62,0.068,1,cool_stuff,4.0
O03619,C00982,PB,campina grande,delivered,2017-12-14 20:01:00,2017-12-15 03:01:00,2017-12-23 20:01:00,2017-12-30 20:01:00,0,9,16,3,700.51,52.66,0.1013,1,fashion_roupa_feminina,5.0
O03620,C00157,PB,bayeux,delivered,2018-10-26 05:45:16,2018-10-28 01:45:16,2018-11-02 05:45:16,2018-11-11 05:45:16,0,7,16,3,569.94,62.56,0.226,1,casa_conforto,4.0
O03634,C01412,SC,sao jose,delivered,2018-03-29 17:41:01,2018-03-31 06:41:01,2018-04-27 17:41:01,2018-04-10 17:41:01,1,29,12,1,178.82,10.21,0.0571,1,fashion_calcados,1.0
O03638,C00511,PR,curitiba,delivered,2017-01-09 06:03:35,2017-01-10 04:03:35,2017-01-23 06:03:35,2017-01-25 06:03:35,0,14,16,1,192.96,6.94,0.036,1,seguros_servicos,5.0
O03644,C01816,BA,itabuna,delivered,2017-12-16 14:07:38,2017-12-16 22:07:38,2018-01-11 14:07:38,2017-12-26 14:07:38,1,26,10,2,597.35,68.54,0.1151,1,flores,1.0
O03655,C01528,MG,juiz de fora,delivered,2016-09-07 00:44:22,2016-09-07 01:44:22,2016-09-17 00:44:22,2016-09-16 00:44:22,1,10,9,1,102.55,21.64,0.211,1,moveis_presentes,2.0
O03659,C01145,PI,campo maior,delivered,2018-02-10 13:13:02,2018-02-12 05:13:02,2018-02-17 13:13:02,2018-02-23 13:13:02,0,7,13,1,417.86,37.68,0.0902,1,seguros_servicos,5.0
O03681,C00594,AP,oida,delivered,2017-12-23 12:33:10,2017-12-23 17:33:10,2018-01-19 12:33:10,2017-12-31 12:33:10,1,27,8,2,223.97,51.17,0.2527,1,casa_utilidades,1.0
O03693,C00994,MS,três lagoas,delivered,2018-05-30 03:25:25,2018-05-31 20:25:25,2018-06-02 03:25:25,2018-06-23 03:25:25,0,3,24,2,472.62,78.3,0.2643,1,casa_garagem,3.0
O03699,C01101,AL,penedo,delivered,2018-08-12 11:23:34,2018-08-13 05:23:34,2018-09-05 11:23:34,2018-08-19 11:23:34,1,24,7,1,497.92,5.8,0.0116,1,moda_roupa,5.0
O03700,C01446,BA,itabuna,delivered,2017-11-27 06:12:35,2017-11-28 16:12:35,2017-12-05 06:12:35,2017-12-15 06:12:35,0,8,18,1,242.78,36.03,0.1484,1,consoles_games,5.0
O03709,C01179,PE,petrolina,delivered,2018-09-09 12:11:45,2018-09-11 06:11:45,2018-09-17 12:11:45,2018-09-22 12:11:45,0,8,13,1,155.96,12.51,0.0802,1,audio,5.0
O03711,C00626,SC,sao jose,delivered,2017-05-19 00:51:46,2017-05-20 07:51:46,2017-06-08 00:51:46,2017-05-25 00:51:46,1,20,6,1,147.02,41.23,0.2804,1,casa_utilidades,3.0
O03717,C00535,PI,floriano,delivered,2017-10-29 09:58:59,2017-10-30 12:58:59,2017-11-12 09:58:59,2017-11-10 09:58:59,1,14,12,2,650.37,58.43,0.118,1,casa_construcao,2.0
O03723,C01682,PI,campo maior,delivered,2018-02-25 04:33:50,2018-02-26 07:33:50,2018-03-20 04:33:50,2018-03-06 04:33:50,1,23,9,1,314.84,8.34,0.0265,1,pc_gamer,3.0
O03747,C01946,RN,natal,delivered,2018-01-31 08:06:18,2018-02-02 02:06:18,2018-02-17 08:06:18,2018-02-12 08:06:18,1,17,12,1,106.88,48.61,0.4548,1,portateis_cozinha,1.0
O03749,C00493,AM,manacapuru,delivered,2016-12-21 11:16:41,2016-12-23 06:16:41,2017-01-10 11:16:41,2017-01-10 11:16:41,0,20,20,1,283.33,25.15,0.0888,1,utilidades_domesticas,3.0
O03764,C01002,GO,aparecida de goiania,delivered,2017-09-17 11:01:28,2017-09-18 06:01:28,2017-10-01 11:01:28,2017-10-02 11:01:28,0,14,15,3,510.69,93.36,0.249,1,casa_banheiro,3.0
O03772,C00815,AM,coari,delivered,2017-05-01 11:40:22,2017-05-01 19:40:22,2017-05-15 11:40:22,2017-05-24 11:40:22,0,14,23,1,453.34,16.53,0.0365,1,livros_interesse,5.0
O03773,C01660,RO,cacoal,delivered,2017-09-03 03:47:36,2017-09-04 22:47:36,2017-10-01 03:47:36,2017-09-26 03:47:36,1,28,23,4,1403.71,137.55,0.0967,1,cama_mesa_banho,5.0
O03783,C00983,RJ,niteroi,delivered,2018-06-06 04:46:03,2018-06-07 09:46:03,2018-06-11 04:46:03,2018-06-19 04:46:03,0,5,13,1,356.81,6.76,0.0189,1,instrumentos_musicais,4.0
O03785,C01361,MS,três lagoas,delivered,2016-11-20 01:54:28,2016-11-21 07:54:28,2016-11-30 01:54:28,2016-12-06 01:54:28,0,10,16,1,142.8,22.6,0.1583,1,casa_garagem,5.0
O03800,C01047,SE,lagarto,delivered,2016-09-29 09:54:42,2016-10-01 05:54:42,2016-10-03 09:54:42,2016-10-10 09:54:42,0,4,11,2,320.63,37.76,0.1188,1,papelaria,5.0
O03801,C01132,AP,laranjal do jari,delivered,2017-02-03 18:14:07,2017-02-05 15:14:07,2017-02-20 18:14:07,2017-02-21 18:14:07,0,17,18,1,429.34,47.77,0.1113,1,casa_garagem,1.0
O03804,C00058,SP,sao paulo,delivered,2016-12-25 17:35:29,2016-12-26 10:35:29,2017-01-04 17:35:29,2017-01-05 17:35:29,0,10,11,1,29.0,40.48,1.3959,1,ferramentas_jardim,2.0
O03806,C01842,PE,olinda,delivered,2017-01-30 09:02:51,2017-01-30 17:02:51,2017-02-07 09:02:51,2017-02-21 09:02:51,0,8,22,1,61.59,30.46,0.4946,1,fashion_roupa_feminina,5.0
O03818,C00171,TO,palmas,delivered,2018-05-17 08:43:46,2018-05-17 11:43:46,2018-06-10 08:43:46,2018-05-29 08:43:46,1,24,12,2,707.94,24.64,0.0363,1,eletronicos,4.0
O03825,C00947,AM,manaus,delivered,2017-11-05 17:26:59,2017-11-06 05:26:59,2017-11-18 17:26:59,2017-11-17 17:26:59,1,13,12,1,133.12,8.73,0.0656,1,moveis_jardim,4.0
O03845,C01549,MG,juiz de fora,delivered,2018-08-06 13:24:09,2018-08-07 15:24:09,2018-09-05 13:24:09,2018-08-24 13:24:09,1,30,18,1,44.46,22.78,0.5124,1,casa_escritorio,3.0
O03846,C01757,MT,varzea grande,delivered,2016-12-04 04:51:39,2016-12-04 05:51:39,2016-12-14 04:51:39,2016-12-18 04:51:39,0,10,14,1,23.05,37.36,1.6208,1,eletrodomesticos,1.0
O03862,C01553,ES,vitoria,delivered,2017-07-13 16:29:55,2017-07-15 06:29:55,2017-08-01 16:29:55,2017-07-26 16:29:55,1,19,13,1,274.63,19.9,0.0725,1,portateis_cozinha,4.0
O03863,C01960,DF,guara,delivered,2018-04-14 15:50:13,2018-04-16 01:50:13,2018-05-10 15:50:13,2018-05-02 15:50:13,1,26,18,1,170.6,43.82,0.2569,1,utilidades_domesticas,3.0
O03880,C01102,GO,luziania,delivered,2018-05-02 14:54:27,2018-05-03 11:54:27,2018-05-24 14:54:27,2018-05-16 14:54:27,1,22,14,1,448.06,46.4,0.1036,1,casa_conforto,2.0
O03893,C01851,SE,aracaju,delivered,2018-01-20 11:13:26,2018-01-21 23:13:26,2018-02-05 11:13:26,2018-01-31 11:13:26,1,16,11,1,269.41,20.47,0.076,1,eletronicos,2.0
O03902,C01080,SE,lagarto,delivered,2018-09-28 13:35:20,2018-09-29 09:35:20,2018-10-03 13:35:20,2018-10-07 13:35:20,0,5,9,1,212.1,11.86,0.0559,1,portateis_cozinha,5.0
O03915,C00470,ES,vitoria,delivered,2017-03-29 01:35:12,2017-03-30 03:35:12,2017-04-09 01:35:12,2017-04-20 01:35:12,0,11,22,2,102.55,66.12,0.8487,1,cool_stuff,5.0
O03931,C01420,PR,maringa,delivered,2016-12-18 21:08:23,2016-12-19 09:08:23,2017-01-08 21:08:23,2017-01-07 21:08:23,1,21,20,1,93.42,48.99,0.5244,1,portateis_casa_forno_cafe,3.0
O03936,C00338,AL,maceio,delivered,2018-04-08 16:54:05,2018-04-09 16:54:05,2018-04-21 16:54:05,2018-04-25 16:54:05,0,13,17,1,420.44,32.04,0.0762,1,casa_construcao,4.0
O03956,C00723,MG,juiz de fora,delivered,2017-09-23 02:42:42,2017-09-24 17:42:42,2017-10-01 02:42:42,2017-10-03 02:42:42,0,8,10,1,19.16,40.32,2.1044,1,casa_iluminacao,4.0
O03961,C00639,TO,gurupi,delivered,2017-12-12 18:02:46,2017-12-13 04:02:46,2017-12-30 18:02:46,2017-12-24 18:02:46,1,18,12,1,158.3,43.4,0.2742,1,instrumentos_musicais,3.0
O03967,C01772,AC,tarauaca,delivered,2017-06-12 15:06:43,2017-06-14 12:06:43,2017-07-01 15:06:43,2017-07-02 15:06:43,0,19,20,1,110.54,16.5,0.1493,1,esporte_lazer,4.0
O03969,C00202,CE,maracanau,delivered,2017-08-10 19:13:25,2017-08-11 11:13:25,2017-08-28 19:13:25,2017-08-22 19:13:25,1,18,12,2,241.99,78.47,1.0924,1,la_cuisine,4.0
O03990,C01346,BA,salvador,delivered,2018-03-21 12:24:03,2018-03-23 10:24:03,2018-04-03 12:24:03,2018-03-30 12:24:03,1,13,9,1,465.3,21.17,0.0455,1,telefonia,1.0
O03992,C00086,RN,mossoro,delivered,2017-11-24 04:43:56,2017-11-24 14:43:56,2017-12-16 04:43:56,2017-12-16 04:43:56,0,22,22,1,221.97,31.9,0.1437,1,casa_construcao,5.0
O03993,C01351,CE,caucaia,delivered,2018-04-22 17:12:43,2018-04-24 02:12:43,2018-05-16 17:12:43,2018-05-17 17:12:43,0,24,25,1,465.81,18.78,0.0403,1,automotivo,5.0
O04016,C00883,RN,parnamirim,delivered,2016-11-10 13:53:43,2016-11-11 12:53:43,2016-12-08 13:53:43,2016-11-26 13:53:43,1,28,16,2,620.94,46.88,0.0737,1,beleza_saude,4.0
O04024,C00221,ES,serra,delivered,2018-03-31 14:28:07,2018-04-01 09:28:07,2018-04-24 14:28:07,2018-04-09 14:28:07,1,24,9,3,649.84,63.54,0.1279,1,casa_conforto,4.0
O04032,C00510,AC,rio branco,delivered,2017-08-08 09:12:33,2017-08-10 04:12:33,2017-08-11 09:12:33,2017-08-31 09:12:33,0,3,23,2,388.5,72.86,0.1955,1,moveis_decoracao,3.0
O04040,C00261,AM,itacoatiara,delivered,2017-09-24 01:39:19,2017-09-24 04:39:19,2017-10-06 01:39:19,2017-09-30 01:39:19,1,12,6,1,368.0,24.18,0.0657,1,fashion_calcados,2.0
O04044,C00340,AP,laranjal do jari,delivered,2018-10-28 08:24:04,2018-10-28 09:24:04,2018-11-13 08:24:04,2018-11-14 08:24:04,0,16,17,1,265.09,19.95,0.0753,1,moveis_escritorio,3.0
O04051,C01115,AP,laranjal do jari,delivered,2018-05-04 07:51:42,2018-05-04 20:51:42,2018-05-14 07:51:42,2018-05-23 07:51:42,0,10,19,1,24.13,20.56,0.8521,1,utilidades_domesticas,5.0
O04057,C00931,BA,ilheus,delivered,2017-01-22 17:12:17,2017-01-24 02:12:17,2017-02-17 17:12:17,2017-01-30 17:12:17,1,26,8,1,70.94,35.69,0.5031,1,fashion_roupa_masculina,2.0
O04077,C00146,ES,linhares,delivered,2016-09-07 16:34:35,2016-09-08 17:34:35,2016-09-15 16:34:35,2016-09-25 16:34:35,0,8,18,1,398.04,22.51,0.0566,0,carnes,5.0
O04086,C00025,PE,recife,delivered,2017-09-18 20:33:34,2017-09-19 22:33:34,2017-09-21 20:33:34,2017-09-24 20:33:34,0,3,6,1,197.64,26.64,0.1348,1,market_place,5.0
O04106,C00929,AM,manaus,delivered,2017-01-22 16:13:53,2017-01-23 09:13:53,2017-02-01 16:13:53,2017-02-04 16:13:53,0,10,13,1,23.67,19.63,0.8293,1,seguros_servicos,4.0
O04114,C00032,PA,santarem,delivered,2017-02-05 20:49:45,2017-02-06 15:49:45,2017-02-28 20:49:45,2017-03-02 20:49:45,0,23,25,1,496.87,42.33,0.0852,1,musica_arte,1.0
O04119,C00113,BA,feira de santana,delivered,2018-01-25 11:57:59,2018-01-25 13:57:59,2018-02-02 11:57:59,2018-02-11 11:57:59,0,8,17,2,639.65,27.48,0.0476,1,casa_garagem,5.0
O04157,C01949,TO,porto nacional,delivered,2018-10-01 17:33:29,2018-10-02 23:33:29,2018-10-27 17:33:29,2018-10-20 17:33:29,1,26,19,3,809.54,29.63,0.0393,1,moveis_decoracao,1.0
O04160,C00522,AC,tarauaca,delivered,2018-08-03 06:51:57,2018-08-04 00:51:57,2018-08-08 06:51:57,2018-08-10 06:51:57,0,5,7,1,98.5,5.84,0.0593,0,cama_mesa_banho,5.0
O04169,C01638,PA,castanhal,delivered,2017-02-19 20:36:25,2017-02-19 23:36:25,2017-03-15 20:36:25,2017-03-12 20:36:25,1,24,21,1,427.96,8.33,0.0195,1,moveis_sala,2.0
O04186,C01254,MA,imperatriz,delivered,2018-04-22 20:44:29,2018-04-24 08:44:29,2018-05-16 20:44:29,2018-05-06 20:44:29,1,24,14,1,68.8,22.96,0.3337,0,moveis_escritorio,2.0
O04193,C01057,MG,contagem,delivered,2016-09-06 13:57:15,2016-09-08 03:57:15,2016-09-12 13:57:15,2016-09-14 13:57:15,0,6,8,1,499.49,17.26,0.0346,1,livros_interesse,5.0
O04198,C01354,MS,três lagoas,delivered,2016-11-14 13:21:12,2016-11-15 10:21:12,2016-12-04 13:21:12,2016-11-25 13:21:12,1,20,11,2,397.55,26.59,0.0664,1,cool_stuff,1.0
O04204,C01405,RR,alto alegre,delivered,2018-07-09 08:57:38,2018-07-09 20:57:38,2018-08-03 08:57:38,2018-07-31 08:57:38,1,25,22,1,69.84,14.4,0.2062,1,casa_limpeza,3.0
O04211,C01222,TO,palmas,delivered,2017-06-09 05:54:33,2017-06-09 08:54:33,2017-07-07 05:54:33,2017-06-25 05:54:33,1,28,16,1,426.66,13.5,0.0316,1,casa_banheiro,1.0
O04232,C01203,AM,itacoatiara,delivered,2017-11-17 01:25:56,2017-11-18 17:25:56,2017-12-09 01:25:56,2017-12-12 01:25:56,0,22,25,1,369.25,20.64,0.0559,1,artigos_nautica,5.0
O04237,C00584,MS,campo grande,delivered,2017-08-27 19:15:53,2017-08-28 15:15:53,2017-09-25 19:15:53,2017-09-12 19:15:53,1,29,16,2,781.59,40.5,0.0569,1,artes,3.0
O04238,C01164,MS,campo grande,delivered,2017-02-17 12:28:52,2017-02-19 09:28:52,2017-03-17 12:28:52,2017-03-02 12:28:52,1,28,13,1,309.79,9.12,0.0294,1,moveis_decoracao,3.0
O04240,C01887,RJ,duque de caxias,delivered,2018-01-25 16:32:33,2018-01-27 09:32:33,2018-02-24 16:32:33,2018-02-17 16:32:33,1,30,23,2,859.58,85.67,0.1004,1,consoles_games,1.0
O04249,C00006,SP,ribeirao preto,delivered,2018-10-05 04:27:44,2018-10-06 13:27:44,2018-10-20 04:27:44,2018-10-28 04:27:44,0,15,23,1,406.31,46.1,0.1135,1,moda_roupa,4.0
O04256,C00538,PI,parnaiba,delivered,2016-11-23 07:28:30,2016-11-23 20:28:30,2016-11-30 07:28:30,2016-12-05 07:28:30,0,7,12,1,321.3,42.7,0.1329,1,fashion_roupa_masculina,4.0
O04261,C00399,RO,ariquemes,delivered,2018-06-12 11:46:23,2018-06-13 07:46:23,2018-07-10 11:46:23,2018-06-28 11:46:23,1,28,16,1,322.97,22.56,0.0699,1,market_place,2.0
O04264,C00979,AL,rio largo,delivered,2016-09-23 03:59:31,2016-09-24 06:59:31,2016-10-10 03:59:31,2016-10-10 03:59:31,0,17,17,3,626.39,91.39,0.1827,1,instrumentos_musicais,2.0
O04287,C01774,SP,sao paulo,delivered,2016-11-26 10:54:19,2016-11-27 22:54:19,2016-12-03 10:54:19,2016-12-17 10:54:19,0,7,21,1,406.45,15.52,0.0382,1,papelaria,1.0
O04289,C01597,AC,rio branco,delivered,2016-11-24 02:31:29,2016-11-24 23:31:29,2016-12-14 02:31:29,2016-12-09 02:31:29,1,20,15,1,461.13,6.42,0.0139,1,beleza_saude,1.0
O04311,C01986,TO,porto nacional,delivered,2018-03-26 04:11:11,2018-03-27 21:11:11,2018-04-12 04:11:11,2018-04-18 04:11:11,0,17,23,3,888.88,65.25,0.1147,1,fashion_esporte,2.0
O04331,C01360,AC,sena madureira,delivered,2018-02-01 11:34:34,2018-02-03 04:34:34,2018-02-23 11:34:34,2018-02-19 11:34:34,1,22,18,3,832.57,75.79,0.2806,1,flores,4.0
O04345,C01505,RS,canoas,delivered,2016-11-10 02:40:16,2016-11-11 22:40:16,2016-11-21 02:40:16,2016-11-23 02:40:16,0,11,13,3,1049.84,78.4,0.0802,1,casa_iluminacao,3.0
O04378,C01257,AP,santana,delivered,2017-09-27 23:17:25,2017-09-29 09:17:25,2017-10-10 23:17:25,2017-10-09 23:17:25,1,13,12,1,54.41,25.86,0.4753,1,papelaria,4.0
O04387,C00711,PB,campina grande,delivered,2018-01-28 16:50:47,2018-01-30 01:50:47,2018-02-07 16:50:47,2018-02-13 16:50:47,0,10,16,2,444.11,59.29,1.5009,1,audio,5.0
O04393,C01078,ES,linhares,delivered,2017-12-26 19:41:13,2017-12-27 07:41:13,2018-01-03 19:41:13,2018-01-17 19:41:13,0,8,22,1,327.69,7.13,0.0218,1,musica_arte,4.0
O04420,C00677,MS,ponta pora,delivered,2018-03-02 04:48:17,2018-03-03 15:48:17,2018-03-27 04:48:17,2018-03-21 04:48:17,1,25,19,1,381.18,47.41,0.1244,1,fashion_bolsas,3.0
O04452,C01685,PB,santa rita,delivered,2016-10-31 06:01:01,2016-11-01 06:01:01,2016-11-24 06:01:01,2016-11-10 06:01:01,1,24,10,2,729.45,50.48,0.0796,1,eletrodomesticos,1.0
O04464,C01760,AC,feijo,delivered,2017-12-19 06:58:56,2017-12-20 18:58:56,2018-01-10 06:58:56,2018-01-09 06:58:56,1,22,21,2,465.21,84.17,0.1811,1,construcao_ferramentas,4.0
O04465,C01948,AL,arapiraca,delivered,2016-11-18 19:41:52,2016-11-20 07:41:52,2016-12-07 19:41:52,2016-11-25 19:41:52,1,19,7,3,975.9,73.25,0.1239,1,carnes,2.0
O04474,C00596,GO,anapolis,delivered,2016-10-26 13:24:18,2016-10-27 10:24:18,2016-10-29 13:24:18,2016-11-03 13:24:18,0,3,8,1,155.9,14.38,0.0922,1,fashion_bolsas,5.0
O04479,C00734,PB,patos,delivered,2018-08-15 09:20:46,2018-08-15 19:20:46,2018-09-13 09:20:46,2018-09-01 09:20:46,1,29,17,2,850.77,66.15,0.0831,1,perfumaria,3.0
O04493,C01421,MG,contagem,delivered,2017-06-27 08:17:51,2017-06-29 00:17:51,2017-07-05 08:17:51,2017-07-09 08:17:51,0,8,12,3,912.18,100.56,0.1109,1,casa_limpeza,2.0
O04514,C01058,GO,aparecida de goiania,delivered,2017-05-17 11:19:00,2017-05-18 13:19:00,2017-05-20 11:19:00,2017-06-01 11:19:00,0,3,15,1,182.79,41.08,0.2247,1,utilidades_domesticas,3.0
O04519,C01653,RN,natal,delivered,2016-10-13 09:54:48,2016-10-13 22:54:48,2016-11-10 09:54:48,2016-10-26 09:54:48,1,28,13,5,1857.95,100.03,0.06,1,alimentos_bebidas,5.0
O04575,C01727,PA,santarem,delivered,2016-10-03 21:27:37,2016-10-05 02:27:37,2016-10-13 21:27:37,2016-10-23 21:27:37,0,10,20,2,851.23,60.32,0.0719,1,audio,4.0
O04579,C01823,SC,criciuma,delivered,2017-08-31 09:42:56,2017-09-01 03:42:56,2017-09-22 09:42:56,2017-09-09 09:42:56,1,22,9,2,616.45,42.43,0.0725,1,papelaria,4.0
O04587,C00397,RR,mucajai,delivered,2017-12-22 10:08:26,2017-12-23 08:08:26,2018-01-18 10:08:26,2017-12-31 10:08:26,1,27,9,1,63.7,21.82,0.3425,1,moveis_decoracao,3.0
O04609,C01282,GO,aparecida de goiania,delivered,2016-09-20 15:18:08,2016-09-21 09:18:08,2016-10-07 15:18:08,2016-09-28 15:18:08,1,17,8,2,110.06,75.71,0.8339,1,moveis_cozinha,3.0
O04615,C00593,RJ,duque de caxias,delivered,2016-10-17 18:51:32,2016-10-18 15:51:32,2016-10-24 18:51:32,2016-11-11 18:51:32,0,7,25,1,55.57,9.63,0.1733,1,casa_iluminacao,5.0
O04617,C01070,TO,palmas,delivered,2018-03-18 08:55:39,2018-03-20 00:55:39,2018-04-13 08:55:39,2018-03-27 08:55:39,1,26,9,2,508.49,57.93,0.3346,1,casa_garagem,2.0
O04624,C00890,PA,maraba,delivered,2018-05-22 19:31:35,2018-05-24 12:31:35,2018-05-26 19:31:35,2018-06-08 19:31:35,0,4,17,3,1322.75,102.93,0.0753,1,fashion_bolsas,4.0
O04663,C00734,PB,patos,delivered,2017-09-26 03:00:11,2017-09-27 13:00:11,2017-10-09 03:00:11,2017-10-06 03:00:11,1,13,10,2,645.79,69.06,0.1123,1,casa_lavanderia,2.0
O04678,C00343,SE,aracaju,delivered,2018-02-09 04:59:33,2018-02-10 11:59:33,2018-02-28 04:59:33,2018-02-14 04:59:33,1,19,5,1,332.14,47.05,0.1417,1,alimentos_bebidas,2.0
O04690,C01230,DF,ceilandia,delivered,2018-06-19 10:20:40,2018-06-19 16:20:40,2018-07-10 10:20:40,2018-07-01 10:20:40,1,21,12,1,255.83,49.98,0.1954,1,telefonia,4.0
O04696,C00796,ES,cariacica,delivered,2018-05-14 11:42:01,2018-05-14 18:42:01,2018-05-22 11:42:01,2018-06-01 11:42:01,0,8,18,1,103.81,34.1,0.3285,1,casa_limpeza,5.0
O04699,C00345,RS,caxias do sul,delivered,2017-02-19 03:20:21,2017-02-19 11:20:21,2017-02-23 03:20:21,2017-03-16 03:20:21,0,4,25,1,498.53,24.5,0.0491,1,casa_garagem,4.0
O04702,C00401,SP,campinas,delivered,2016-12-02 02:23:25,2016-12-02 14:23:25,2016-12-23 02:23:25,2016-12-23 02:23:25,0,21,21,2,327.39,61.82,0.4427,1,eletrodomesticos_2,5.0
O04708,C00100,RS,caxias do sul,delivered,2017-11-22 17:08:43,2017-11-23 16:08:43,2017-11-30 17:08:43,2017-11-29 17:08:43,1,8,7,3,913.2,98.87,0.1457,1,cds_dvds_musicais,4.0
O04716,C01393,MT,rondonopolis,delivered,2018-01-30 09:24:44,2018-01-31 18:24:44,2018-02-28 09:24:44,2018-02-08 09:24:44,1,29,9,1,336.66,5.17,0.0154,1,relogios_presentes,3.0
O04734,C01683,BA,itabuna,delivered,2017-12-03 19:32:07,2017-12-03 22:32:07,2017-12-17 19:32:07,2017-12-23 19:32:07,0,14,20,2,490.4,40.01,0.083,1,beleza_saude,5.0
O04741,C00738,GO,luziania,delivered,2017-08-20 15:50:52,2017-08-21 13:50:52,2017-08-25 15:50:52,2017-08-31 15:50:52,0,5,11,1,444.36,28.49,0.0641,1,moveis_quarto,5.0
O04747,C01897,PR,cascavel,delivered,2018-09-25 03:54:49,2018-09-26 12:54:49,2018-10-20 03:54:49,2018-10-06 03:54:49,1,25,11,1,228.01,9.75,0.0428,1,fashion_calcados,3.0
O04749,C01412,SC,sao jose,delivered,2017-12-16 20:07:55,2017-12-16 23:07:55,2017-12-22 20:07:55,2017-12-24 20:07:55,0,6,8,2,452.37,54.1,0.1328,1,livros_interesse,5.0
O04762,C00383,AP,oida,delivered,2018-09-03 19:15:36,2018-09-04 06:15:36,2018-09-14 19:15:36,2018-09-22 19:15:36,0,11,19,3,713.21,95.12,0.2094,1,casa_quarto,4.0
O04767,C01468,PB,bayeux,delivered,2018-04-29 21:13:18,2018-05-01 09:13:18,2018-05-08 21:13:18,2018-05-07 21:13:18,1,9,8,5,975.15,74.98,0.1365,1,alimentos_bebidas,2.0
O04769,C00071,MS,dourados,delivered,2018-09-17 20:12:23,2018-09-18 15:12:23,2018-09-22 20:12:23,2018-09-30 20:12:23,0,5,13,1,90.96,6.64,0.073,1,eletronicos,5.0
O04801,C00697,AP,macapa,delivered,2017-11-05 11:40:50,2017-11-07 01:40:50,2017-11-25 11:40:50,2017-11-12 11:40:50,1,20,7,1,470.32,20.46,0.0435,1,carnes,3.0
O04803,C00372,ES,cariacica,delivered,2017-03-03 20:28:18,2017-03-03 22:28:18,2017-03-29 20:28:18,2017-03-15 20:28:18,1,26,12,1,398.15,14.19,0.0356,1,cool_stuff,2.0
O04821,C00536,MG,uberlandia,delivered,2016-09-20 19:57:40,2016-09-21 01:57:40,2016-10-16 19:57:40,2016-10-11 19:57:40,1,26,21,2,599.81,64.42,0.1064,1,moveis_escritorio,3.0
O04823,C01691,DF,taguatinga,delivered,2018-08-17 00:04:57,2018-08-18 22:04:57,2018-08-29 00:04:57,2018-09-11 00:04:57,0,12,25,1,29.63,5.58,0.1883,1,perfumaria,5.0
O04840,C01752,SE,estancia,delivered,2018-06-01 00:49:37,2018-06-01 18:49:37,2018-06-19 00:49:37,2018-06-07 00:49:37,1,18,6,1,242.47,38.55,0.159,1,construcao_ferramentas,1.0
O04843,C01507,RR,caracarai,delivered,2018-02-03 01:27:22,2018-02-04 11:27:22,2018-03-01 01:27:22,2018-02-20 01:27:22,1,26,17,1,395.98,32.66,0.0825,1,casa_banheiro,4.0
O04848,C00907,SE,lagarto,delivered,2018-10-10 04:42:57,2018-10-10 15:42:57,2018-10-13 04:42:57,2018-11-01 04:42:57,0,3,22,1,62.93,33.7,0.5355,1,alimentos_bebidas,5.0
O04876,C00124,SE,estancia,delivered,2018-09-18 00:42:21,2018-09-18 06:42:21,2018-10-13 00:42:21,2018-10-10 00:42:21,1,25,22,2,546.16,22.63,0.0683,1,casa_quarto,1.0
O04896,C01350,BA,itabuna,delivered,2018-01-04 00:51:22,2018-01-06 00:51:22,2018-01-07 00:51:22,2018-01-15 00:51:22,0,3,11,2,551.49,91.32,0.1696,1,eletroportateis,4.0
O04906,C00241,RN,sao goncalo do amarante,delivered,2017-04-15 18:08:13,2017-04-17 11:08:13,2017-04-24 18:08:13,2017-04-22 18:08:13,1,9,7,2,721.14,82.45,0.1153,1,automotivo,1.0
O04909,C01912,ES,cariacica,delivered,2017-03-16 05:22:15,2017-03-16 09:22:15,2017-04-15 05:22:15,2017-03-24 05:22:15,1,30,8,1,193.78,43.48,0.2244,1,fashion_roupa_feminina,3.0
O04910,C01602,PB,joao pessoa,delivered,2016-10-21 12:54:21,2016-10-23 01:54:21,2016-10-25 12:54:21,2016-11-06 12:54:21,0,4,16,2,518.91,46.61,0.6163,1,telefonia,5.0
O04929,C00755,PB,santa rita,delivered,2018-01-30 17:45:54,2018-02-01 02:45:54,2018-03-01 17:45:54,2018-02-05 17:45:54,1,30,6,1,307.07,12.05,0.0392,1,sinalizacao_seguranca,1.0
O04932,C00763,AP,macapa,delivered,2017-06-07 11:53:28,2017-06-08 11:53:28,2017-07-02 11:53:28,2017-06-15 11:53:28,1,25,8,1,55.83,5.92,0.106,1,fashion_calcados,1.0
O04934,C01509,PI,parnaiba,delivered,2017-09-21 18:01:10,2017-09-23 01:01:10,2017-10-13 18:01:10,2017-09-27 18:01:10,1,22,6,2,494.05,94.81,0.2024,1,construcao_ferramentas,3.0
O04937,C01122,MG,contagem,delivered,2017-12-27 09:45:17,2017-12-28 22:45:17,2018-01-12 09:45:17,2018-01-15 09:45:17,0,16,19,2,506.67,43.21,0.106,1,casa_garagem,5.0
O04951,C01433,GO,anapolis,delivered,2018-06-07 01:52:00,2018-06-08 04:52:00,2018-06-27 01:52:00,2018-07-01 01:52:00,0,20,24,1,152.42,42.7,0.2801,1,moveis_sala,5.0
O04960,C00755,PB,santa rita,delivered,2018-04-01 13:54:55,2018-04-03 01:54:55,2018-04-06 13:54:55,2018-04-08 13:54:55,0,5,7,1,76.82,44.66,0.5814,1,instrumentos_musicais,5.0
O04962,C00584,MS,campo grande,delivered,2016-11-15 07:44:55,2016-11-15 10:44:55,2016-11-24 07:44:55,2016-11-27 07:44:55,0,9,12,1,290.08,10.23,0.0353,1,casa_quarto,4.0
O04964,C00088,RO,cacoal,delivered,2017-06-15 07:05:56,2017-06-15 08:05:56,2017-06-25 07:05:56,2017-07-07 07:05:56,0,10,22,2,442.89,68.36,0.151,1,casa_quarto,5.0
O04965,C01148,GO,anapolis,delivered,2018-07-28 05:43:58,2018-07-29 15:43:58,2018-08-20 05:43:58,2018-08-04 05:43:58,1,23,7,1,444.39,42.7,0.0961,1,ferramentas_jardim,3.0
O04967,C00204,PI,campo maior,delivered,2018-06-03 08:27:23,2018-06-04 13:27:23,2018-06-13 08:27:23,2018-06-16 08:27:23,0,10,13,1,432.81,15.05,0.0348,1,casa_conforto,5.0
O04968,C01804,AP,porto grande,delivered,2017-03-29 21:26:11,2017-03-31 21:26:11,2017-04-08 21:26:11,2017-04-12 21:26:11,0,10,14,1,386.06,25.85,0.067,1,moveis_quarto,4.0
O04978,C01655,MT,varzea grande,delivered,2018-07-12 02:35:42,2018-07-13 04:35:42,2018-07-19 02:35:42,2018-07-23 02:35:42,0,7,11,3,1062.16,100.11,0.0921,1,beleza_saude,5.0
O04987,C01384,SE,itabaiana,delivered,2016-12-09 22:05:30,2016-12-10 12:05:30,2016-12-27 22:05:30,2016-12-23 22:05:30,1,18,14,1,234.21,9.94,0.0424,1,casa_sala,3.0
O04989,C01613,RJ,rio de janeiro,delivered,2018-01-26 04:11:44,2018-01-27 01:11:44,2018-02-19 04:11:44,2018-02-10 04:11:44,1,24,15,1,206.57,27.04,0.1309,1,flores,1.0
O04993,C01878,MT,tangara da serra,delivered,2018-05-08 13:00:04,2018-05-10 06:00:04,2018-05-31 13:00:04,2018-05-26 13:00:04,1,23,18,4,1076.77,118.93,0.1103,1,construcao_ferramentas,4.0
O00014,C00325,RR,caracarai,delivered,2018-07-12 11:30:47,2018-07-13 02:30:47,2018-08-09 11:30:47,2018-07-21 11:30:47,1,28,9,2,441.46,16.83,0.0563,1,beleza_saude,0.0
O00196,C00488,MT,cuiaba,delivered,2017-08-27 10:49:59,2017-08-27 16:49:59,2017-09-06 10:49:59,2017-09-14 10:49:59,0,10,18,3,1114.22,69.06,0.0683,1,cds_dvds_musicais,0.0
O00882,C01475,DF,taguatinga,unavailable,2018-01-22 12:49:13,2018-01-23 18:49:13,,,0,,,3,1046.63,77.84,0.0767,1,moveis_colchao_estofado,0.0
O01303,C01768,AC,feijo,delivered,2017-04-01 00:54:45,2017-04-02 03:54:45,2017-04-11 00:54:45,2017-04-26 00:54:45,0,10,25,2,644.17,60.97,0.1275,1,cds_dvds_musicais,0.0
O01563,C01992,SP,ribeirao preto,delivered,2018-10-28 08:39:45,2018-10-29 08:39:45,2018-10-31 08:39:45,2018-11-19 08:39:45,0,3,22,1,381.07,10.77,0.0283,1,eletrodomesticos_2,0.0
O02418,C00281,MA,sao jose de ribamar,shipped,2016-12-28 14:54:28,2016-12-29 19:54:28,,2017-01-12 14:54:28,0,,15,3,735.92,98.13,0.1324,1,alimentos_bebidas,0.0
O02664,C00608,PR,maringa,delivered,2016-09-18 15:24:07,2016-09-19 13:24:07,2016-10-13 15:24:07,2016-10-13 15:24:07,0,25,25,1,280.3,19.26,0.0687,1,sinalizacao_seguranca,0.0
O02696,C00241,RN,sao goncalo do amarante,unavailable,2017-11-04 04:53:27,2017-11-04 06:53:27,,,0,,,1,460.17,23.68,0.0515,1,automotivo,0.0
O03509,C01371,MS,ponta pora,delivered,2016-10-18 20:57:12,2016-10-19 07:57:12,2016-10-28 20:57:12,2016-11-03 20:57:12,0,10,16,1,315.79,25.7,0.0814,1,casa_cozinha,0.0
O04545,C01242,RS,canoas,delivered,2018-09-26 14:48:14,2018-09-28 12:48:14,2018-10-20 14:48:14,2018-10-02 14:48:14,1,24,6,1,121.63,45.96,0.3779,1,casa_sala,0.0
O04888,C00948,AC,cruzeiro do sul,shipped,2017-07-28 23:42:12,2017-07-30 03:42:12,,2017-08-12 23:42:12,0,,15,1,136.3,17.01,0.1248,1,construcao_ferramentas,0.0
O00100,C01711,PB,bayeux,delivered,2017-08-21 15:10:52,2017-08-23 01:10:52,2017-09-17 15:10:52,2017-08-30 15:10:52,1,27,9,1,46.31,29.41,0.6351,1,eletrodomesticos,0.0
O00191,C00622,MT,tangara da serra,shipped,2017-08-20 19:19:37,2017-08-20 21:19:37,,2017-08-25 19:19:37,0,,5,1,206.72,10.73,0.0519,0,casa_outros,0.0
O00364,C01315,RR,alto alegre,delivered,2018-09-14 16:31:46,2018-09-15 18:31:46,2018-10-09 16:31:46,2018-09-27 16:31:46,1,25,13,2,500.49,69.92,0.2254,1,pc_gamer,0.0
O00407,C00165,PE,jaboatao,delivered,2017-06-14 18:09:01,2017-06-15 10:09:01,2017-06-30 18:09:01,2017-06-21 18:09:01,1,16,7,2,65.91,53.98,0.8073,1,construcao_ferramentas,0.0
O01271,C00099,AP,porto grande,delivered,2017-07-06 13:02:55,2017-07-07 05:02:55,2017-07-29 13:02:55,2017-07-17 13:02:55,1,23,11,1,346.99,24.01,0.0692,1,moveis_escritorio,0.0
O01483,C00117,SC,blumenau,delivered,2017-07-02 23:48:37,2017-07-03 00:48:37,2017-07-20 23:48:37,2017-07-09 23:48:37,1,18,7,1,385.16,6.46,0.0168,1,fashion_underwear,0.0
O01936,C00442,RR,caracarai,delivered,2016-12-25 06:07:43,2016-12-25 17:07:43,2017-01-12 06:07:43,2017-01-06 06:07:43,1,18,12,1,182.23,48.92,0.2685,1,moveis_decoracao,0.0
O01976,C00887,PR,ponta grossa,shipped,2017-12-17 20:21:27,2017-12-18 21:21:27,,2017-12-26 20:21:27,0,,9,2,928.46,33.75,0.037,1,brinquedos,0.0
O03507,C01826,RR,alto alegre,delivered,2017-02-03 03:43:23,2017-02-04 21:43:23,2017-02-15 03:43:23,2017-02-16 03:43:23,0,12,13,2,924.81,85.1,0.092,1,casa_quarto,0.0
O03939,C01563,AP,santana,shipped,2017-08-18 16:35:44,2017-08-19 10:35:44,,2017-09-12 16:35:44,0,,25,1,480.74,28.23,0.0587,1,consoles_games,0.0
O04306,C01549,MG,juiz de fora,delivered,2018-04-10 16:00:19,2018-04-11 09:00:19,2018-04-13 16:00:19,2018-04-15 16:00:19,0,3,5,1,291.56,6.77,0.0232,1,market_place,0.0
O04324,C00188,BA,salvador,shipped,2016-10-25 08:26:16,2016-10-26 21:26:16,,2016-10-31 08:26:16,0,,6,1,136.06,42.63,0.3133,1,beleza_saude,0.0
O00644,C00735,RR,mucajai,canceled,2018-02-17 11:06:12,2018-02-18 10:06:12,,,0,,,1,84.61,45.28,0.5352,1,cds_dvds_musicais,0.0
O00709,C00386,RO,vilhena,delivered,2017-01-17 13:09:03,2017-01-18 09:09:03,2017-02-12 13:09:03,2017-02-09 13:09:03,1,26,23,1,135.08,36.95,0.2735,1,beleza_saude,0.0
O00768,C01908,SC,sao jose,delivered,2018-03-09 02:36:14,2018-03-09 15:36:14,2018-03-18 02:36:14,2018-03-23 02:36:14,0,9,14,3,1071.7,64.31,0.0567,1,moveis_escritorio,0.0
O01546,C00210,BA,vitoria da conquista,canceled,2018-06-01 06:59:07,2018-06-02 07:59:07,,,0,,,1,145.82,10.04,0.0689,1,casa_limpeza,0.0
O01882,C01866,RO,ji-parana,delivered,2016-12-06 05:29:31,2016-12-07 23:29:31,2017-01-02 05:29:31,2016-12-31 05:29:31,1,27,25,2,240.0,57.5,0.8016,1,malas_acessorios,0.0
O02911,C00598,AL,arapiraca,canceled,2017-10-15 04:26:05,2017-10-16 07:26:05,,,0,,,1,309.24,32.48,0.105,1,cool_stuff,0.0
O03343,C01519,PA,santarem,shipped,2017-08-22 04:21:01,2017-08-23 23:21:01,,2017-09-07 04:21:01,0,,16,3,1077.61,81.22,0.0761,1,construcao_ferramentas,0.0
O04001,C01137,SP,santos,canceled,2017-02-24 21:48:59,2017-02-26 00:48:59,,,0,,,2,353.15,87.21,0.8207,1,fashion_roupa_masculina,0.0
O00576,C00616,AC,rio branco,delivered,2017-08-23 07:07:01,2017-08-25 04:07:01,2017-09-15 07:07:01,2017-09-09 07:07:01,1,23,17,1,72.61,17.25,0.2376,1,artes,0.0
O01010,C01060,RJ,nova iguaçu,canceled,2017-07-02 00:40:50,2017-07-02 03:40:50,,,0,,,2,553.05,45.99,0.0765,1,audio,0.0
O02432,C01404,AP,oida,delivered,2018-05-19 18:27:56,2018-05-20 04:27:56,2018-05-27 18:27:56,2018-06-10 18:27:56,0,8,22,1,85.31,37.85,0.4437,1,bebes,0.0
O03662,C00679,PB,campina grande,shipped,2016-10-06 20:02:18,2016-10-08 18:02:18,,2016-10-31 20:02:18,0,,25,5,1047.69,106.43,0.2217,1,alimentos_bebidas,0.0
O03769,C01350,BA,itabuna,delivered,2016-11-01 01:43:11,2016-11-01 08:43:11,2016-11-05 01:43:11,2016-11-18 01:43:11,0,4,17,1,374.12,19.98,0.0534,1,moveis_escritorio,0.0
O04561,C01754,CE,fortaleza,delivered,2018-10-25 05:41:56,2018-10-25 21:41:56,2018-11-15 05:41:56,2018-11-13 05:41:56,1,21,19,1,294.89,15.5,0.0526,1,casa_lavanderia,0.0
O04721,C00595,SP,sao paulo,shipped,2018-03-12 19:43:22,2018-03-14 01:43:22,,2018-04-06 19:43:22,0,,25,1,320.22,39.26,0.1226,1,alimentos_bebidas,0.0
O01565,C00972,AM,itacoatiara,delivered,2018-01-11 09:51:07,2018-01-12 16:51:07,2018-02-09 09:51:07,2018-01-21 09:51:07,1,29,10,2,622.07,19.01,0.0321,1,casa_utilidades,0.0
O01719,C00493,AM,manacapuru,unavailable,2017-01-18 22:46:43,2017-01-19 07:46:43,,,0,,,2,275.53,67.02,0.4214,1,alimentos_bebidas,0.0
O02529,C01624,PE,petrolina,shipped,2017-05-11 11:22:49,2017-05-12 03:22:49,,2017-05-18 11:22:49,0,,7,2,453.92,74.57,0.2459,1,casa_cozinha,0.0
O03528,C00210,BA,vitoria da conquista,shipped,2018-04-16 05:59:26,2018-04-17 09:59:26,,2018-04-29 05:59:26,0,,13,2,917.1,41.05,0.0449,1,ferramentas_jardim,0.0
O03572,C01042,PR,cascavel,delivered,2018-04-10 10:57:51,2018-04-12 10:57:51,2018-04-20 10:57:51,2018-04-22 10:57:51,0,10,12,1,282.49,25.8,0.0913,1,seguros_servicos,0.0
O03854,C01109,SE,itabaiana,delivered,2017-01-23 01:12:41,2017-01-24 00:12:41,2017-02-22 01:12:41,2017-02-07 01:12:41,1,30,15,1,206.83,9.06,0.0438,1,moveis_quarto,0.0
O04394,C00587,DF,taguatinga,delivered,2018-07-30 12:12:49,2018-07-30 15:12:49,2018-08-03 12:12:49,2018-08-11 12:12:49,0,4,12,1,237.93,17.37,0.073,1,musica_arte,0.0
O04536,C00625,MA,timon,canceled,2017-06-09 13:12:19,2017-06-11 04:12:19,,,0,,,3,399.11,29.87,0.0877,1,casa_garagem,0.0
O00699,C00396,AM,itacoatiara,shipped,2017-04-30 04:14:13,2017-05-01 20:14:13,,2017-05-19 04:14:13,0,,19,1,236.67,15.42,0.0652,1,papelaria,0.0
O02319,C00388,RS,pelotas,delivered,2017-10-09 13:05:07,2017-10-11 08:05:07,2017-10-23 13:05:07,2017-10-20 13:05:07,1,14,11,1,185.23,38.09,0.2056,1,cool_stuff,0.0
O03027,C01538,MA,timon,shipped,2018-05-23 20:37:31,2018-05-24 10:37:31,,2018-06-03 20:37:31,0,,11,1,211.75,43.56,0.2057,1,automotivo,0.0
O03092,C01959,RJ,niteroi,unavailable,2018-10-01 05:13:30,2018-10-02 17:13:30,,,0,,,2,297.35,56.71,1.3331,1,casa_escritorio,0.0
O03995,C01405,RR,alto alegre,canceled,2017-08-02 04:33:32,2017-08-04 01:33:32,,,0,,,1,123.78,44.08,0.3561,1,brinquedos,0.0
O00290,C00198,RR,boa vista,canceled,2017-08-07 02:19:18,2017-08-07 10:19:18,,,0,,,1,135.9,7.5,0.0552,1,cool_stuff,0.0
O01718,C01336,AL,arapiraca,delivered,2017-06-11 22:05:35,2017-06-12 09:05:35,2017-07-06 22:05:35,2017-06-30 22:05:35,1,25,19,1,462.79,49.46,0.1069,1,casa_conforto,0.0
O01911,C01545,DF,brasilia,unavailable,2017-11-28 15:55:32,2017-11-29 08:55:32,,,0,,,1,278.91,24.66,0.0884,1,telefonia,0.0
O02782,C01874,PB,patos,delivered,2018-07-20 12:02:25,2018-07-21 09:02:25,2018-08-14 12:02:25,2018-08-13 12:02:25,1,25,24,1,143.71,10.3,0.0717,1,papelaria,0.0
O02803,C00876,BA,ilheus,delivered,2016-10-24 09:50:33,2016-10-25 23:50:33,2016-11-06 09:50:33,2016-11-08 09:50:33,0,13,15,1,232.24,36.85,0.1587,1,carnes,0.0
O02811,C00895,MA,sao jose de ribamar,shipped,2017-05-12 18:05:39,2017-05-13 03:05:39,,2017-06-04 18:05:39,0,,23,2,518.59,40.26,0.0803,1,casa_escritorio,0.0
O02983,C00040,RS,pelotas,delivered,2017-01-27 06:34:37,2017-01-28 08:34:37,2017-02-06 06:34:37,2017-02-07 06:34:37,0,10,11,3,718.11,77.64,0.1525,1,market_place,0.0
O03279,C01797,DF,ceilandia,canceled,2017-02-25 22:25:13,2017-02-27 00:25:13,,,0,,,1,173.49,5.15,0.0297,1,moveis_cozinha,0.0
O03679,C00249,RO,ji-parana,delivered,2017-10-04 05:27:21,2017-10-05 15:27:21,2017-10-31 05:27:21,2017-10-19 05:27:21,1,27,15,3,612.93,96.36,0.3804,1,casa_lavanderia,0.0
O03874,C00589,MA,timon,delivered,2017-07-11 08:31:35,2017-07-11 19:31:35,2017-08-04 08:31:35,2017-07-23 08:31:35,1,24,12,1,456.86,44.99,0.0985,1,market_place,0.0
O00734,C01576,SE,itabaiana,shipped,2016-11-03 18:31:33,2016-11-05 13:31:33,,2016-11-14 18:31:33,0,,11,4,739.2,113.02,0.3507,1,audio,0.0
O01834,C00173,AM,manacapuru,delivered,2018-05-05 14:48:39,2018-05-06 14:48:39,2018-05-17 14:48:39,2018-05-28 14:48:39,0,12,23,1,361.12,26.97,0.0747,1,moveis_quarto,0.0
O02659,C01784,AP,laranjal do jari,shipped,2017-11-16 13:23:38,2017-11-18 12:23:38,,2017-11-23 13:23:38,0,,7,3,1296.62,73.79,0.0597,1,brinquedos,0.0
O03267,C00734,PB,patos,delivered,2018-10-05 06:57:46,2018-10-05 12:57:46,2018-10-11 06:57:46,2018-10-19 06:57:46,0,6,14,3,630.51,121.86,0.7391,1,audio,0.0
O03456,C01530,PR,londrina,unavailable,2017-04-14 04:45:21,2017-04-16 02:45:21,,,0,,,1,60.5,27.05,0.4471,1,brinquedos,0.0
O04052,C00481,PB,patos,delivered,2018-08-19 17:29:18,2018-08-19 22:29:18,2018-08-23 17:29:18,2018-08-31 17:29:18,0,4,12,2,518.34,65.28,0.1236,1,audio,0.0
O04146,C00891,SE,lagarto,delivered,2018-10-29 01:21:06,2018-10-29 09:21:06,2018-11-04 01:21:06,2018-11-05 01:21:06,0,6,7,1,126.22,17.54,0.139,1,ferramentas_jardim,0.0
O00424,C01966,AL,arapiraca,delivered,2018-05-18 00:35:16,2018-05-19 04:35:16,2018-05-30 00:35:16,2018-06-05 00:35:16,0,12,18,2,489.59,70.39,0.1503,1,casa_sala,0.0
O00521,C01282,GO,aparecida de goiania,canceled,2018-07-16 14:01:19,2018-07-16 22:01:19,,,0,,,1,446.83,49.12,0.1099,1,perfumaria,0.0
O00524,C00194,ES,linhares,delivered,2018-07-21 11:37:53,2018-07-22 09:37:53,2018-08-10 11:37:53,2018-07-31 11:37:53,1,20,10,1,117.35,31.42,0.2677,1,artigos_nautica,0.0
O00628,C00145,RR,rorainopolis,shipped,2018-02-13 07:27:50,2018-02-14 01:27:50,,2018-02-19 07:27:50,0,,6,2,501.71,84.41,0.43,1,cool_stuff,0.0
O00663,C00026,RR,caracarai,canceled,2017-12-06 01:15:00,2017-12-06 17:15:00,,,0,,,1,77.96,43.01,0.5517,1,alimentos_bebidas,0.0
O01925,C00755,PB,santa rita,canceled,2017-01-13 08:07:54,2017-01-14 12:07:54,,,0,,,1,251.65,27.98,0.1112,1,market_place,0.0
O02169,C00020,CE,caucaia,delivered,2017-11-18 02:33:20,2017-11-19 14:33:20,2017-12-01 02:33:20,2017-11-25 02:33:20,1,13,7,2,420.01,49.57,0.1587,1,casa_quarto,0.0
O02309,C00312,RO,ji-parana,delivered,2017-09-01 05:02:58,2017-09-01 14:02:58,2017-09-10 05:02:58,2017-09-20 05:02:58,0,9,19,1,318.72,19.18,0.0602,1,moveis_jardim,0.0
O02838,C01681,PB,joao pessoa,delivered,2018-09-01 01:04:47,2018-09-01 04:04:47,2018-09-18 01:04:47,2018-09-06 01:04:47,1,17,5,1,485.64,25.63,0.0528,1,artes,0.0
O02922,C01751,DF,samambaia,delivered,2018-04-03 04:47:30,2018-04-03 09:47:30,2018-04-26 04:47:30,2018-04-16 04:47:30,1,23,13,1,175.54,20.21,0.1151,1,market_place,0.0
O00686,C01736,TO,palmas,delivered,2018-02-16 06:58:40,2018-02-16 18:58:40,2018-03-02 06:58:40,2018-02-26 06:58:40,1,14,10,1,215.18,18.04,0.0838,1,eletronicos,0.0
O01041,C01130,MS,dourados,shipped,2018-09-12 03:52:45,2018-09-12 06:52:45,,2018-10-02 03:52:45,0,,20,1,201.38,27.74,0.1377,1,musica_arte,0.0
O01218,C01148,GO,anapolis,shipped,2018-09-15 14:24:26,2018-09-16 16:24:26,,2018-10-08 14:24:26,0,,23,3,1125.22,88.75,0.0737,1,casa_garagem,0.0
O02394,C01635,CE,caucaia,delivered,2017-11-20 12:31:43,2017-11-22 00:31:43,2017-12-16 12:31:43,2017-12-12 12:31:43,1,26,22,2,247.95,17.29,0.113,1,artes,0.0
O03175,C01932,GO,rio verde,canceled,2018-02-19 14:25:22,2018-02-20 05:25:22,,,0,,,1,81.43,45.57,0.5596,1,flores,0.0
O04171,C01467,RR,caracarai,delivered,2018-06-25 22:44:06,2018-06-26 21:44:06,2018-07-07 22:44:06,2018-07-17 22:44:06,0,12,22,1,483.16,34.86,0.0722,1,construcao_ferramentas,0.0
O00253,C00837,CE,maracanau,unavailable,2018-06-17 00:51:35,2018-06-18 09:51:35,,,0,,,2,992.61,71.41,0.0718,1,artes,0.0
O00401,C00863,AL,arapiraca,canceled,2018-06-24 14:29:15,2018-06-25 08:29:15,,,0,,,1,393.02,27.69,0.0705,1,moveis_quarto,0.0
O00754,C00427,MS,três lagoas,delivered,2018-05-24 09:02:08,2018-05-25 12:02:08,2018-06-10 09:02:08,2018-06-12 09:02:08,0,17,19,1,30.48,10.43,0.3422,1,fashion_underwear,0.0
O01113,C00438,AM,coari,delivered,2017-11-21 16:54:25,2017-11-22 00:54:25,2017-12-06 16:54:25,2017-12-13 16:54:25,0,15,22,1,189.08,47.68,0.2522,1,pc_gamer,0.0
O02705,C00271,AP,macapa,shipped,2017-07-08 19:48:15,2017-07-08 23:48:15,,2017-08-01 19:48:15,0,,24,1,90.29,27.8,0.3079,1,flores,0.0
O02914,C00136,RO,vilhena,shipped,2018-07-04 02:21:58,2018-07-04 16:21:58,,2018-07-28 02:21:58,0,,24,1,263.0,13.68,0.052,1,carnes,0.0
O03549,C01491,GO,rio verde,shipped,2018-10-25 18:35:39,2018-10-26 22:35:39,,2018-11-02 18:35:39,0,,8,1,427.49,10.14,0.0237,1,cama_mesa_banho,0.0
O03877,C01710,CE,fortaleza,unavailable,2018-04-10 23:06:54,2018-04-12 12:06:54,,,0,,,2,272.6,70.47,0.2597,1,fashion_underwear,0.0
O04336,C00903,SE,itabaiana,shipped,2017-11-28 04:08:13,2017-11-28 07:08:13,,2017-12-14 04:08:13,0,,16,1,78.76,6.22,0.079,1,eletrodomesticos_2,0.0
O04649,C00600,MS,ponta pora,shipped,2018-03-23 04:02:08,2018-03-24 21:02:08,,2018-03-31 04:02:08,0,,8,1,202.09,27.49,0.136,1,dvds_blu_ray,0.0
O00428,C00308,CE,juazeiro do norte,shipped,2016-09-11 19:21:56,2016-09-12 17:21:56,,2016-10-04 19:21:56,0,,23,2,290.22,80.35,0.3221,1,livros_interesse,0.0
O00437,C00883,RN,parnamirim,canceled,2017-11-01 17:25:04,2017-11-02 16:25:04,,,0,,,1,495.44,12.81,0.0259,1,beleza_saude,0.0
O01522,C01059,CE,juazeiro do norte,delivered,2017-01-30 08:23:28,2017-02-01 07:23:28,2017-02-16 08:23:28,2017-02-07 08:23:28,1,17,8,2,498.47,68.92,0.132,1,artigos_nautica,0.0
O01535,C00039,AM,itacoatiara,canceled,2016-10-20 20:12:06,2016-10-21 00:12:06,,,0,,,1,445.13,17.08,0.0384,1,automotivo,0.0
O02612,C00704,RJ,nova iguaçu,delivered,2016-11-20 11:25:55,2016-11-20 18:25:55,2016-12-20 11:25:55,2016-12-03 11:25:55,1,30,13,3,700.89,123.2,0.1825,1,beleza_saude,0.0
O04292,C01702,AL,maceio,unavailable,2016-10-11 01:35:57,2016-10-11 07:35:57,,,0,,,1,135.08,43.57,0.3225,1,moveis_sala,0.0
O00355,C01725,AL,penedo,shipped,2017-07-30 06:44:46,2017-07-30 17:44:46,,2017-08-12 06:44:46,0,,13,2,649.2,80.72,0.1277,1,casa_quarto,0.0
O00463,C00199,MT,rondonopolis,delivered,2018-05-08 18:37:05,2018-05-09 08:37:05,2018-05-14 18:37:05,2018-05-31 18:37:05,0,6,23,1,306.57,37.84,0.1234,1,beleza_saude,0.0
O01480,C00047,SP,sao paulo,delivered,2017-04-20 19:09:08,2017-04-22 13:09:08,2017-05-17 19:09:08,2017-05-13 19:09:08,1,27,23,2,489.43,27.69,0.105,1,fashion_calcados,0.0
O01812,C00604,PI,campo maior,shipped,2017-03-18 00:05:02,2017-03-19 17:05:02,,2017-03-30 00:05:02,0,,12,2,645.26,20.27,0.0323,1,brinquedos,0.0
O02588,C00850,RR,alto alegre,delivered,2017-07-15 10:43:57,2017-07-16 06:43:57,2017-07-23 10:43:57,2017-08-05 10:43:57,0,8,21,2,768.69,45.85,0.0599,1,casa_banheiro,0.0
O02828,C00677,MS,ponta pora,shipped,2018-10-16 13:50:43,2018-10-18 08:50:43,,2018-11-02 13:50:43,0,,17,2,205.25,91.63,0.498,1,papelaria,0.0
O02862,C01325,MG,belo horizonte,canceled,2017-08-08 10:06:28,2017-08-08 21:06:28,,,0,,,1,489.68,38.13,0.0779,1,casa_garagem,0.0
O03439,C00726,MG,uberlandia,delivered,2018-05-16 14:36:32,2018-05-16 21:36:32,2018-05-31 14:36:32,2018-06-02 14:36:32,0,15,17,1,362.33,39.66,0.1095,1,utilidades_domesticas,0.0
O04920,C00085,RO,ji-parana,shipped,2017-09-14 12:59:16,2017-09-14 16:59:16,,2017-09-22 12:59:16,0,,8,3,797.87,78.55,0.4034,1,beleza_saude,0.0
O00852,C01202,MA,imperatriz,canceled,2017-03-19 16:09:27,2017-03-20 13:09:27,,,0,,,1,269.59,9.9,0.0367,1,moveis_escritorio,0.0
O02355,C00031,AC,feijo,canceled,2016-10-27 16:47:50,2016-10-28 19:47:50,,,0,,,2,349.94,75.92,0.218,1,brinquedos,0.0
O04090,C01081,RS,pelotas,shipped,2017-02-08 09:56:21,2017-02-08 17:56:21,,2017-02-15 09:56:21,0,,7,1,270.95,12.38,0.0457,1,alimentos_bebidas,0.0
O04284,C01517,DF,ceilandia,shipped,2017-05-03 17:56:17,2017-05-05 06:56:17,,2017-05-28 17:56:17,0,,25,3,786.7,53.17,0.0657,1,casa_construcao,0.0
O00052,C00651,AC,sena madureira,delivered,2018-01-11 06:59:28,2018-01-11 19:59:28,2018-02-08 06:59:28,2018-01-31 06:59:28,1,28,20,1,187.92,10.43,0.0555,1,papelaria,0.0
O00082,C00721,PB,campina grande,shipped,2017-10-18 13:29:33,2017-10-18 21:29:33,,2017-10-25 13:29:33,0,,7,3,803.82,83.34,0.1485,1,artigos_nautica,0.0
O00181,C00154,DF,taguatinga,shipped,2017-09-10 23:59:04,2017-09-12 09:59:04,,2017-10-01 23:59:04,0,,21,1,112.89,11.21,0.0993,1,casa_construcao,0.0
O00800,C00381,AM,coari,canceled,2017-01-21 10:58:06,2017-01-23 08:58:06,,,0,,,1,481.0,7.32,0.0152,1,papelaria,0.0
O00863,C00919,PR,curitiba,delivered,2017-05-06 02:12:13,2017-05-06 10:12:13,2017-06-05 02:12:13,2017-05-19 02:12:13,1,30,13,1,310.86,34.05,0.1095,1,construcao_ferramentas,0.0
O01160,C00523,SC,sao jose,canceled,2018-10-14 02:45:08,2018-10-14 03:45:08,,,0,,,2,292.26,71.8,0.2414,1,bebes,0.0
O01938,C00943,AL,delmiro gouveia,delivered,2018-02-09 19:16:07,2018-02-11 16:16:07,2018-02-28 19:16:07,2018-03-03 19:16:07,0,19,22,1,423.67,16.76,0.0396,1,perfumaria,0.0
O02101,C00818,MA,imperatriz,delivered,2018-04-21 06:09:46,2018-04-21 17:09:46,2018-05-05 06:09:46,2018-05-14 06:09:46,0,14,23,2,784.4,39.76,0.0494,1,carnes,0.0
O03131,C00619,DF,brasilia,delivered,2017-01-14 04:04:29,2017-01-15 07:04:29,2017-02-10 04:04:29,2017-01-24 04:04:29,1,27,10,1,266.36,43.4,0.1629,1,eletroportateis,0.0
O03778,C00440,PE,olinda,canceled,2017-10-25 13:42:30,2017-10-25 19:42:30,,,0,,,1,117.53,36.58,0.3112,1,eletrodomesticos_2,0.0
O04093,C00587,DF,taguatinga,shipped,2017-12-01 06:50:56,2017-12-01 12:50:56,,2017-12-17 06:50:56,0,,16,1,331.73,19.79,0.0597,1,relogios_presentes,0.0
O04163,C01969,RJ,niteroi,canceled,2018-03-06 16:48:57,2018-03-07 18:48:57,,,0,,,1,12.07,20.48,1.6968,1,casa_limpeza,0.0
O04454,C01449,RO,porto velho,shipped,2016-10-12 19:15:53,2016-10-13 14:15:53,,2016-11-01 19:15:53,0,,20,2,553.5,58.77,0.2106,1,alimentos_bebidas,0.0
O00278,C00571,RO,cacoal,delivered,2017-02-28 22:02:30,2017-03-01 21:02:30,2017-03-26 22:02:30,2017-03-12 22:02:30,1,26,12,1,191.59,34.38,0.1794,1,fraldas_higiene,0.0
O00698,C00715,CE,maracanau,delivered,2017-06-08 06:25:27,2017-06-09 20:25:27,2017-06-14 06:25:27,2017-06-28 06:25:27,0,6,20,1,476.91,30.93,0.0649,1,seguros_servicos,0.0
O01824,C01850,AM,manacapuru,delivered,2017-01-28 01:25:01,2017-01-29 17:25:01,2017-02-04 01:25:01,2017-02-04 01:25:01,0,7,7,1,412.75,49.63,0.1202,1,consoles_games,0.0
O02083,C00336,RO,vilhena,shipped,2018-08-12 12:41:03,2018-08-13 16:41:03,,2018-08-24 12:41:03,0,,12,1,62.86,41.28,0.6567,1,eletrodomesticos,0.0
O02363,C00208,RO,vilhena,delivered,2018-10-06 22:31:13,2018-10-07 11:31:13,2018-10-11 22:31:13,2018-10-27 22:31:13,0,5,21,1,349.95,21.34,0.061,1,casa_sala,0.0
O02550,C00942,TO,porto nacional,delivered,2017-06-05 13:33:56,2017-06-06 19:33:56,2017-06-20 13:33:56,2017-06-26 13:33:56,0,15,21,2,500.03,60.98,0.3491,1,casa_limpeza,0.0
O02759,C01912,ES,cariacica,shipped,2017-01-03 04:49:24,2017-01-04 22:49:24,,2017-01-28 04:49:24,0,,25,3,1299.25,44.69,0.036,1,casa_garagem,0.0
O04116,C01228,MG,contagem,delivered,2017-09-04 16:33:57,2017-09-05 09:33:57,2017-09-22 16:33:57,2017-09-12 16:33:57,1,18,8,1,474.48,17.98,0.0379,1,portateis_cozinha,0.0
O00001,C00034,RS,caxias do sul,delivered,2018-06-01 21:37:02,2018-06-02 04:37:02,2018-06-28 21:37:02,2018-06-25 21:37:02,1,27,24,2,483.96,45.04,0.113,1,casa_cozinha,3.0
O00020,C01294,ES,cariacica,delivered,2018-03-11 07:43:54,2018-03-11 19:43:54,2018-03-21 07:43:54,2018-03-25 07:43:54,0,10,14,2,248.19,25.27,0.0966,1,fashion_bolsas,5.0
O00021,C00397,RR,mucajai,delivered,2017-09-16 23:44:50,2017-09-18 22:44:50,2017-10-14 23:44:50,2017-10-03 23:44:50,1,28,17,1,58.28,32.31,0.5544,1,eletronicos,3.0
O00024,C01776,MT,sinop,delivered,2017-02-08 15:44:54,2017-02-08 23:44:54,2017-03-02 15:44:54,2017-02-16 15:44:54,1,22,8,2,397.86,65.84,0.2243,1,casa_banheiro,4.0
O00028,C00997,MG,uberlandia,delivered,2016-12-28 13:08:35,2016-12-29 03:08:35,2017-01-12 13:08:35,2017-01-12 13:08:35,0,15,15,1,432.68,46.42,0.1073,1,esporte_lazer,5.0
O00029,C01298,SC,criciuma,delivered,2018-08-02 09:58:11,2018-08-02 20:58:11,2018-08-05 09:58:11,2018-08-12 09:58:11,0,3,10,2,248.65,62.7,0.3807,1,la_cuisine,5.0
O00031,C00711,PB,campina grande,delivered,2018-09-22 17:30:33,2018-09-24 09:30:33,2018-09-25 17:30:33,2018-10-02 17:30:33,0,3,10,1,484.26,39.84,0.0823,1,seguros_servicos,5.0
O00041,C01671,AC,feijo,delivered,2018-01-09 03:48:44,2018-01-10 19:48:44,2018-01-24 03:48:44,2018-01-27 03:48:44,0,15,18,1,261.14,43.93,0.1682,0,eletrodomesticos_2,5.0
O00049,C01841,SC,sao jose,delivered,2017-08-28 09:46:25,2017-08-29 21:46:25,2017-09-09 09:46:25,2017-09-21 09:46:25,0,12,24,1,467.54,34.83,0.0745,1,telefonia,5.0
O00055,C00584,MS,campo grande,delivered,2016-09-28 16:59:07,2016-09-30 10:59:07,2016-10-19 16:59:07,2016-10-03 16:59:07,1,21,5,3,901.8,63.99,0.0861,1,carnes,3.0
O00066,C01622,PB,santa rita,delivered,2018-04-13 14:53:26,2018-04-14 08:53:26,2018-04-20 14:53:26,2018-05-06 14:53:26,0,7,23,3,646.15,105.01,0.1856,1,audio,4.0
O00071,C01457,RN,natal,delivered,2017-01-07 14:47:39,2017-01-08 13:47:39,2017-02-06 14:47:39,2017-01-19 14:47:39,1,30,12,1,495.99,13.39,0.027,1,relogios_presentes,5.0
O00072,C01351,CE,caucaia,delivered,2017-07-17 20:10:53,2017-07-19 17:10:53,2017-08-04 20:10:53,2017-07-23 20:10:53,1,18,6,2,781.02,64.61,0.0821,1,alimentos_bebidas,2.0
O00096,C01365,MG,belo horizonte,delivered,2018-09-08 06:23:46,2018-09-09 10:23:46,2018-09-16 06:23:46,2018-09-21 06:23:46,0,8,13,1,13.35,8.78,0.6577,1,cool_stuff,4.0
O00097,C01805,BA,salvador,delivered,2016-12-29 13:54:47,2016-12-30 00:54:47,2017-01-28 13:54:47,2017-01-03 13:54:47,1,30,5,2,452.63,33.29,0.0834,1,beleza_saude,1.0
O00104,C00617,SC,criciuma,delivered,2018-02-01 10:41:12,2018-02-02 20:41:12,2018-03-03 10:41:12,2018-02-25 10:41:12,1,30,24,1,60.15,23.12,0.3844,1,utilidades_domesticas,2.0
O00111,C01207,SP,sao paulo,delivered,2018-06-11 05:51:30,2018-06-11 23:51:30,2018-06-15 05:51:30,2018-07-04 05:51:30,0,4,23,1,353.39,45.31,0.1282,1,casa_outros,5.0
O00125,C00513,TO,porto nacional,delivered,2017-03-30 18:55:04,2017-03-31 21:55:04,2017-04-11 18:55:04,2017-04-13 18:55:04,0,12,14,1,45.75,40.15,0.8776,1,alimentos_bebidas,5.0
O00128,C00197,RO,cacoal,delivered,2017-04-04 07:45:02,2017-04-05 17:45:02,2017-04-17 07:45:02,2017-04-25 07:45:02,0,13,21,1,63.77,38.64,0.6059,1,market_place,2.0
O00135,C00943,AL,delmiro gouveia,delivered,2016-11-24 10:10:28,2016-11-24 16:10:28,2016-12-23 10:10:28,2016-12-19 10:10:28,1,29,25,2,261.78,57.84,0.3009,1,brinquedos,2.0
O00146,C00534,RR,rorainopolis,delivered,2018-07-15 03:56:50,2018-07-16 22:56:50,2018-07-31 03:56:50,2018-07-24 03:56:50,1,16,9,2,420.72,48.19,0.2643,1,portateis_cozinha,3.0
O00147,C01303,MG,contagem,delivered,2016-10-04 15:27:51,2016-10-05 03:27:51,2016-10-30 15:27:51,2016-10-16 15:27:51,1,26,12,1,217.4,43.73,0.2011,1,casa_cozinha,2.0
O00149,C01965,BA,itabuna,delivered,2018-10-06 19:02:06,2018-10-07 19:02:06,2018-10-21 19:02:06,2018-10-23 19:02:06,0,15,17,2,532.25,63.62,0.1188,1,eletronicos,5.0
O00159,C00991,MS,três lagoas,delivered,2018-04-08 21:47:05,2018-04-10 04:47:05,2018-04-16 21:47:05,2018-05-01 21:47:05,0,8,23,2,254.79,58.82,0.5421,1,casa_banheiro,4.0
O00160,C01452,PA,maraba,delivered,2018-10-28 13:35:33,2018-10-30 08:35:33,2018-11-04 13:35:33,2018-11-12 13:35:33,0,7,15,1,449.24,5.38,0.012,1,la_cuisine,5.0
O00164,C00216,MG,contagem,delivered,2017-05-29 07:06:50,2017-05-31 06:06:50,2017-06-25 07:06:50,2017-06-16 07:06:50,1,27,18,2,709.25,51.8,0.078,1,livros_interesse,2.0
O00174,C00380,RS,porto alegre,delivered,2018-10-11 18:45:44,2018-10-12 07:45:44,2018-11-01 18:45:44,2018-10-31 18:45:44,1,21,20,2,780.9,49.0,0.0634,1,casa_construcao,1.0
O00190,C01018,MA,sao luis,delivered,2018-10-29 12:51:31,2018-10-30 03:51:31,2018-11-14 12:51:31,2018-11-18 12:51:31,0,16,20,1,383.96,49.85,0.1298,1,fashion_bolsas,5.0
O00197,C01531,SP,sao paulo,delivered,2016-11-11 02:47:29,2016-11-11 03:47:29,2016-11-21 02:47:29,2016-11-17 02:47:29,1,10,6,1,287.09,16.9,0.0589,0,casa_utilidades,3.0
O00212,C00422,AC,rio branco,delivered,2018-04-13 06:20:05,2018-04-13 18:20:05,2018-05-03 06:20:05,2018-04-19 06:20:05,1,20,6,1,466.57,17.59,0.0377,1,artes,5.0
O00238,C00064,RS,porto alegre,delivered,2017-05-08 00:53:42,2017-05-09 00:53:42,2017-05-15 00:53:42,2017-05-31 00:53:42,0,7,23,1,33.07,28.1,0.8497,1,casa_outros,5.0
O00239,C00053,BA,itabuna,delivered,2017-02-13 00:37:11,2017-02-14 15:37:11,2017-02-26 00:37:11,2017-03-06 00:37:11,0,13,21,1,262.68,40.16,0.1529,1,relogios_presentes,5.0
O00240,C01466,SE,nossa senhora do socorro,delivered,2018-10-30 10:24:29,2018-11-01 00:24:29,2018-11-08 10:24:29,2018-11-16 10:24:29,0,9,17,1,175.66,49.59,0.2823,1,perfumaria,5.0
O00241,C01702,AL,maceio,delivered,2016-10-21 15:23:54,2016-10-23 10:23:54,2016-11-05 15:23:54,2016-11-15 15:23:54,0,15,25,1,158.79,6.94,0.0437,1,carnes,3.0
O00248,C00912,RN,mossoro,delivered,2018-05-30 19:08:31,2018-05-31 19:08:31,2018-06-19 19:08:31,2018-06-20 19:08:31,0,20,21,3,964.51,116.89,0.1372,1,casa_garagem,3.0
O00283,C01380,PA,maraba,delivered,2017-07-01 23:24:57,2017-07-02 16:24:57,2017-07-19 23:24:57,2017-07-11 23:24:57,1,18,10,1,464.02,8.18,0.0176,1,bebes,2.0
O00296,C01040,BA,feira de santana,delivered,2017-08-01 03:44:21,2017-08-02 06:44:21,2017-08-28 03:44:21,2017-08-16 03:44:21,1,27,15,1,104.5,32.39,0.31,1,moveis_presentes,2.0
O00301,C01942,RN,parnamirim,delivered,2018-01-26 03:31:01,2018-01-26 12:31:01,2018-01-29 03:31:01,2018-01-31 03:31:01,0,3,5,2,393.74,67.67,0.3362,1,cool_stuff,2.0
O00308,C00580,MS,dourados,delivered,2017-12-13 07:29:00,2017-12-13 09:29:00,2018-01-09 07:29:00,2017-12-25 07:29:00,1,27,12,1,27.47,22.58,0.822,1,portateis_cozinha,1.0
O00336,C01950,AL,rio largo,delivered,2018-03-31 17:19:35,2018-04-02 03:19:35,2018-04-18 17:19:35,2018-04-19 17:19:35,0,18,19,1,450.76,34.95,0.0775,1,seguros_servicos,5.0
O00337,C00432,SE,aracaju,delivered,2018-01-26 21:53:49,2018-01-28 21:53:49,2018-02-25 21:53:49,2018-02-04 21:53:49,1,30,9,1,177.63,37.89,0.2133,1,casa_limpeza,1.0
O00345,C00159,MT,tangara da serra,delivered,2017-04-25 18:41:48,2017-04-26 01:41:48,2017-05-06 18:41:48,2017-05-05 18:41:48,1,11,10,1,186.86,31.1,0.1664,0,cool_stuff,4.0
O00354,C00728,PE,jaboatao,delivered,2017-12-29 07:19:24,2017-12-30 17:19:24,2018-01-03 07:19:24,2018-01-22 07:19:24,0,5,24,1,306.99,12.48,0.0407,1,moveis_escritorio,5.0
O00373,C00134,PE,petrolina,delivered,2017-06-27 17:19:19,2017-06-29 02:19:19,2017-07-08 17:19:19,2017-07-04 17:19:19,1,11,7,1,128.76,42.17,0.3275,1,musica_arte,2.0
O00374,C00354,AL,rio largo,delivered,2018-07-21 19:06:29,2018-07-21 22:06:29,2018-07-30 19:06:29,2018-08-11 19:06:29,0,9,21,2,439.6,30.66,0.0912,1,artigos_nautica,3.0
O00383,C01158,SC,criciuma,delivered,2018-01-04 04:13:13,2018-01-05 07:13:13,2018-01-13 04:13:13,2018-01-17 04:13:13,0,9,13,2,720.0,18.64,0.0316,1,casa_cozinha,5.0
O00397,C01541,SP,ribeirao preto,delivered,2016-10-04 18:53:51,2016-10-05 23:53:51,2016-10-21 18:53:51,2016-10-27 18:53:51,0,17,23,1,112.27,43.57,0.3881,1,consoles_games,5.0
O00398,C01180,RO,porto velho,delivered,2018-07-08 16:48:00,2018-07-10 15:48:00,2018-08-06 16:48:00,2018-07-20 16:48:00,1,29,12,1,186.9,13.88,0.0743,1,cool_stuff,1.0
O00409,C00011,RS,porto alegre,delivered,2018-09-12 12:40:39,2018-09-12 23:40:39,2018-09-30 12:40:39,2018-10-04 12:40:39,0,18,22,1,287.7,46.06,0.1601,1,papelaria,5.0
O00412,C00264,RN,sao goncalo do amarante,delivered,2018-01-08 13:11:52,2018-01-08 22:11:52,2018-01-21 13:11:52,2018-01-22 13:11:52,0,13,14,2,452.86,30.68,0.1548,1,beleza_saude,1.0
O00430,C00891,SE,lagarto,delivered,2016-11-15 09:50:11,2016-11-16 15:50:11,2016-11-21 09:50:11,2016-12-05 09:50:11,0,6,20,1,25.76,17.42,0.6762,1,construcao_ferramentas,4.0
O00441,C00692,AC,tarauaca,delivered,2017-12-14 02:51:11,2017-12-15 06:51:11,2017-12-22 02:51:11,2017-12-27 02:51:11,0,8,13,2,214.86,53.44,0.2596,1,casa_sala,4.0
O00448,C01602,PB,joao pessoa,delivered,2018-06-06 15:08:58,2018-06-08 10:08:58,2018-06-17 15:08:58,2018-06-25 15:08:58,0,11,19,1,199.02,5.4,0.0271,1,alimentos_bebidas,5.0
O00480,C01716,BA,feira de santana,delivered,2018-01-28 14:14:21,2018-01-29 01:14:21,2018-02-23 14:14:21,2018-02-04 14:14:21,1,26,7,2,460.85,45.89,0.0879,1,casa_construcao,1.0
O00483,C00248,ES,serra,delivered,2016-10-07 20:21:01,2016-10-09 01:21:01,2016-11-02 20:21:01,2016-10-13 20:21:01,1,26,6,2,237.71,65.83,0.6076,1,casa_utilidades,3.0
O00492,C01069,PE,petrolina,delivered,2017-11-23 01:27:57,2017-11-23 03:27:57,2017-12-07 01:27:57,2017-12-16 01:27:57,0,14,23,1,247.91,48.94,0.1974,1,casa_quarto,5.0
O00494,C01163,CE,juazeiro do norte,delivered,2017-12-18 09:34:53,2017-12-19 16:34:53,2018-01-11 09:34:53,2018-01-01 09:34:53,1,24,14,2,537.5,84.63,0.227,1,casa_construcao,1.0
O00496,C00527,PE,recife,delivered,2017-08-21 01:24:00,2017-08-21 03:24:00,2017-09-11 01:24:00,2017-09-04 01:24:00,1,21,14,1,164.42,14.24,0.0866,1,casa_conforto,4.0
O00505,C01840,DF,samambaia,delivered,2017-08-21 18:17:59,2017-08-23 18:17:59,2017-09-14 18:17:59,2017-08-27 18:17:59,1,24,6,2,759.33,41.14,0.0546,1,carnes,3.0
O00537,C01634,PR,curitiba,delivered,2017-07-31 23:01:47,2017-08-02 15:01:47,2017-08-30 23:01:47,2017-08-13 23:01:47,1,30,13,1,116.37,38.5,0.3308,1,market_place,1.0
O00555,C01176,MT,sinop,delivered,2018-08-29 16:57:44,2018-08-31 08:57:44,2018-09-07 16:57:44,2018-09-05 16:57:44,1,9,7,1,336.54,6.07,0.018,1,casa_outros,2.0
O00561,C01091,AL,penedo,delivered,2018-08-13 02:16:50,2018-08-14 20:16:50,2018-09-09 02:16:50,2018-09-05 02:16:50,1,27,23,2,678.02,44.75,0.0551,1,alimentos_bebidas,4.0
O00591,C00662,PE,recife,delivered,2018-03-22 21:54:42,2018-03-24 13:54:42,2018-03-28 21:54:42,2018-04-11 21:54:42,0,6,20,1,200.7,24.36,0.1214,1,pc_gamer,5.0
O00600,C00332,CE,sobral,delivered,2018-05-10 08:25:08,2018-05-11 05:25:08,2018-05-28 08:25:08,2018-05-30 08:25:08,0,18,20,1,461.72,28.88,0.0625,1,moveis_quarto,5.0
O00601,C01757,MT,varzea grande,delivered,2018-02-17 05:35:14,2018-02-17 18:35:14,2018-03-18 05:35:14,2018-03-12 05:35:14,1,29,23,5,1242.38,110.44,0.1002,1,cama_mesa_banho,4.0
O00602,C00831,CE,maracanau,delivered,2018-08-04 07:39:46,2018-08-04 21:39:46,2018-08-15 07:39:46,2018-08-26 07:39:46,0,11,22,2,271.36,62.0,0.228,1,dvds_blu_ray,5.0
O00618,C00799,SC,joinville,delivered,2018-06-17 09:51:55,2018-06-18 16:51:55,2018-06-24 09:51:55,2018-07-01 09:51:55,0,7,14,1,364.01,43.4,0.1192,1,moveis_cozinha,5.0
O00626,C01074,GO,anapolis,delivered,2017-02-07 09:39:37,2017-02-09 02:39:37,2017-02-17 09:39:37,2017-02-26 09:39:37,0,10,19,1,434.85,39.39,0.0906,1,moda_roupa,5.0
O00629,C00782,GO,rio verde,delivered,2017-10-02 19:57:17,2017-10-03 03:57:17,2017-10-18 19:57:17,2017-10-25 19:57:17,0,16,23,1,207.15,6.26,0.0302,1,automotivo,5.0
O00631,C01499,SC,sao jose,delivered,2018-03-18 04:49:14,2018-03-18 20:49:14,2018-04-11 04:49:14,2018-04-07 04:49:14,1,24,20,1,219.05,40.69,0.1858,1,casa_garagem,2.0
O00637,C01243,RS,canoas,delivered,2018-04-18 07:53:08,2018-04-18 10:53:08,2018-05-09 07:53:08,2018-05-13 07:53:08,0,21,25,2,202.06,20.99,0.1686,1,casa_conforto,5.0
O00643,C00599,ES,vitoria,delivered,2018-06-03 05:50:19,2018-06-03 07:50:19,2018-07-03 05:50:19,2018-06-16 05:50:19,1,30,13,1,377.56,29.0,0.0768,1,musica_arte,3.0
O00658,C00813,CE,fortaleza,delivered,2017-03-26 15:48:10,2017-03-27 16:48:10,2017-04-21 15:48:10,2017-04-09 15:48:10,1,26,14,1,124.65,15.01,0.1204,1,casa_limpeza,5.0
O00664,C01757,MT,varzea grande,delivered,2018-09-21 17:44:02,2018-09-22 22:44:02,2018-10-11 17:44:02,2018-10-14 17:44:02,0,20,23,3,542.39,116.59,0.4013,1,artes,5.0
O00667,C01646,PB,joao pessoa,delivered,2017-10-15 10:07:47,2017-10-16 14:07:47,2017-10-25 10:07:47,2017-10-30 10:07:47,0,10,15,4,639.96,135.09,0.4655,1,casa_escritorio,5.0
O00682,C01496,DF,brasilia,delivered,2017-05-09 10:14:26,2017-05-11 09:14:26,2017-05-31 10:14:26,2017-05-19 10:14:26,1,22,10,1,283.58,29.45,0.1039,1,moveis_escritorio,3.0
O00687,C01449,RO,porto velho,delivered,2018-07-01 13:01:00,2018-07-02 06:01:00,2018-07-09 13:01:00,2018-07-14 13:01:00,0,8,13,1,336.56,9.44,0.028,1,sinalizacao_seguranca,5.0
O00708,C01020,SE,estancia,delivered,2017-11-21 03:21:57,2017-11-22 23:21:57,2017-12-10 03:21:57,2017-11-27 03:21:57,1,19,6,1,20.68,41.97,2.0295,1,instrumentos_musicais,4.0
O00728,C00584,MS,campo grande,delivered,2017-11-19 23:13:06,2017-11-20 18:13:06,2017-11-30 23:13:06,2017-11-27 23:13:06,1,11,8,3,720.21,76.04,0.5648,1,eletroportateis,3.0
O00739,C00131,TO,porto nacional,delivered,2017-08-16 21:23:30,2017-08-17 09:23:30,2017-08-29 21:23:30,2017-09-04 21:23:30,0,13,19,1,445.85,17.01,0.0382,1,cool_stuff,5.0
O00740,C00052,GO,luziania,delivered,2018-07-17 08:10:02,2018-07-17 13:10:02,2018-08-08 08:10:02,2018-08-07 08:10:02,1,22,21,1,178.4,35.31,0.1979,1,automotivo,2.0
O00750,C01099,AP,porto grande,delivered,2018-03-14 10:48:41,2018-03-15 01:48:41,2018-04-06 10:48:41,2018-03-24 10:48:41,1,23,10,1,143.51,39.85,0.2777,1,cama_mesa_banho,1.0
O00751,C01973,RS,canoas,delivered,2018-04-27 10:31:54,2018-04-28 03:31:54,2018-05-11 10:31:54,2018-05-02 10:31:54,1,14,5,1,130.67,39.56,0.3027,1,moveis_cozinha,2.0
O00757,C00399,RO,ariquemes,delivered,2018-03-19 13:05:22,2018-03-20 19:05:22,2018-04-15 13:05:22,2018-04-06 13:05:22,1,27,18,2,303.6,93.06,0.3753,1,beleza_saude,3.0
O00786,C00692,AC,tarauaca,delivered,2016-11-02 20:17:57,2016-11-03 14:17:57,2016-11-29 20:17:57,2016-11-21 20:17:57,1,27,19,2,182.12,66.59,0.3524,1,eletronicos,4.0
O00794,C01835,ES,serra,delivered,2017-02-24 08:31:44,2017-02-24 10:31:44,2017-03-24 08:31:44,2017-03-04 08:31:44,1,28,8,1,267.85,15.86,0.0592,1,seguros_servicos,2.0
O00797,C01509,PI,parnaiba,delivered,2018-02-12 22:25:38,2018-02-14 14:25:38,2018-03-05 22:25:38,2018-03-09 22:25:38,0,21,25,2,638.9,33.08,0.058,1,audio,5.0
O00809,C00447,PA,maraba,delivered,2018-06-25 13:56:29,2018-06-26 06:56:29,2018-07-21 13:56:29,2018-07-07 13:56:29,1,26,12,2,583.24,72.08,0.1631,1,consoles_games,4.0
O00832,C01485,RO,ji-parana,delivered,2018-04-03 23:40:18,2018-04-05 20:40:18,2018-04-17 23:40:18,2018-04-26 23:40:18,0,14,23,1,373.04,21.38,0.0573,1,telefonia,1.0
O00839,C01537,SE,estancia,delivered,2017-04-19 11:05:32,2017-04-21 03:05:32,2017-05-08 11:05:32,2017-05-09 11:05:32,0,19,20,2,731.27,39.38,0.0579,1,fashion_bolsas,5.0
O00854,C00646,MA,imperatriz,delivered,2018-04-06 14:05:46,2018-04-08 02:05:46,2018-04-22 14:05:46,2018-05-01 14:05:46,0,16,25,1,134.28,24.59,0.1831,1,alimentos_bebidas,5.0
O00867,C01549,MG,juiz de fora,delivered,2018-05-08 20:49:15,2018-05-08 22:49:15,2018-05-20 20:49:15,2018-05-28 20:49:15,0,12,20,1,479.47,37.52,0.0783,1,carnes,5.0
O00886,C00622,MT,tangara da serra,delivered,2018-07-24 09:03:44,2018-07-25 10:03:44,2018-08-01 09:03:44,2018-08-01 09:03:44,0,8,8,2,704.5,41.81,0.0586,1,casa_garagem,3.0
O00888,C00156,MS,dourados,delivered,2017-11-09 22:21:42,2017-11-11 01:21:42,2017-11-21 22:21:42,2017-11-15 22:21:42,1,12,6,1,172.96,18.69,0.1081,1,casa_conforto,2.0
O00897,C01643,CE,maracanau,delivered,2017-10-21 05:05:10,2017-10-21 07:05:10,2017-11-20 05:05:10,2017-11-01 05:05:10,1,30,11,1,415.69,13.24,0.0319,1,casa_banheiro,4.0
O00927,C01271,SE,nossa senhora do socorro,delivered,2018-02-28 08:16:33,2018-03-02 04:16:33,2018-03-03 08:16:33,2018-03-17 08:16:33,0,3,17,1,122.61,33.2,0.2708,1,construcao_ferramentas,5.0
O00933,C01767,AC,feijo,delivered,2016-10-14 20:42:17,2016-10-16 05:42:17,2016-11-02 20:42:17,2016-10-24 20:42:17,1,19,10,3,754.06,78.17,0.108,1,casa_garagem,3.0
O00940,C00697,AP,macapa,delivered,2018-10-07 09:27:36,2018-10-08 00:27:36,2018-11-04 09:27:36,2018-10-15 09:27:36,1,28,8,1,283.28,16.44,0.058,1,musica_arte,2.0
O00945,C00134,PE,petrolina,delivered,2017-01-14 12:39:11,2017-01-15 05:39:11,2017-02-07 12:39:11,2017-01-30 12:39:11,1,24,16,2,583.04,42.3,0.0792,1,artigos_nautica,4.0
O00960,C00801,SC,sao jose,delivered,2018-07-31 18:48:57,2018-08-02 09:48:57,2018-08-10 18:48:57,2018-08-09 18:48:57,1,10,9,2,743.81,75.99,0.1103,1,casa_quarto,5.0
O00966,C01883,MG,montes claros,delivered,2017-12-23 16:21:40,2017-12-24 23:21:40,2018-01-07 16:21:40,2018-01-15 16:21:40,0,15,23,1,260.92,9.74,0.0373,1,market_place,5.0
O00974,C01460,RS,santa maria,delivered,2018-01-12 21:03:35,2018-01-13 11:03:35,2018-02-02 21:03:35,2018-02-02 21:03:35,0,21,21,1,204.62,47.78,0.2335,1,moveis_colchao_estofado,5.0
O00989,C00583,AL,maceio,delivered,2018-06-30 16:12:14,2018-07-01 08:12:14,2018-07-22 16:12:14,2018-07-24 16:12:14,0,22,24,3,592.51,60.2,0.1149,1,casa_garagem,5.0
O00997,C00837,CE,maracanau,delivered,2018-07-22 22:28:51,2018-07-24 03:28:51,2018-08-06 22:28:51,2018-08-15 22:28:51,0,15,24,1,494.6,46.34,0.0937,1,fashion_underwear,5.0
O01000,C00660,AM,parintins,delivered,2016-10-03 04:20:28,2016-10-04 12:20:28,2016-10-18 04:20:28,2016-10-22 04:20:28,0,15,19,1,242.93,36.1,0.1486,1,ferramentas_jardim,4.0
O01017,C01655,MT,varzea grande,delivered,2017-07-01 12:28:51,2017-07-03 03:28:51,2017-07-06 12:28:51,2017-07-09 12:28:51,0,5,8,3,847.3,54.88,0.0655,1,casa_construcao,4.0
O01020,C00504,SC,florianopolis,delivered,2016-09-14 14:05:34,2016-09-15 11:05:34,2016-10-11 14:05:34,2016-09-27 14:05:34,1,27,13,4,953.56,71.37,0.1765,1,casa_quarto,4.0
O01022,C00277,SE,estancia,delivered,2017-05-18 10:15:30,2017-05-18 14:15:30,2017-06-17 10:15:30,2017-05-27 10:15:30,1,30,9,1,419.75,16.41,0.0391,1,casa_sala,3.0
O01024,C00932,RJ,niteroi,delivered,2017-05-31 01:52:44,2017-06-01 23:52:44,2017-06-10 01:52:44,2017-06-10 01:52:44,0,10,10,1,57.92,36.58,0.6316,1,fashion_roupa_feminina,4.0
O01047,C01200,MT,cuiaba,delivered,2017-03-11 12:52:29,2017-03-12 17:52:29,2017-03-27 12:52:29,2017-04-01 12:52:29,0,16,21,1,112.74,48.0,0.4258,1,malas_acessorios,5.0
O01050,C00548,RR,caracarai,delivered,2017-04-12 14:54:00,2017-04-13 00:54:00,2017-04-21 14:54:00,2017-04-19 14:54:00,1,9,7,1,55.05,17.57,0.3192,1,papelaria,3.0
O01069,C01901,RR,rorainopolis,delivered,2018-05-09 16:48:01,2018-05-11 06:48:01,2018-05-25 16:48:01,2018-05-21 16:48:01,1,16,12,2,706.76,58.34,0.092,1,moveis_presentes,2.0
O01088,C01187,CE,caucaia,delivered,2017-09-07 16:02:15,2017-09-09 14:02:15,2017-09-23 16:02:15,2017-09-15 16:02:15,1,16,8,1,198.45,46.18,0.2327,1,moveis_jardim,5.0
O01118,C00418,RS,porto alegre,delivered,2017-05-13 14:54:25,2017-05-14 14:54:25,2017-05-25 14:54:25,2017-05-27 14:54:25,0,12,14,1,445.64,30.85,0.0692,1,casa_sala,5.0
O01146,C00475,RJ,nova iguaçu,delivered,2016-11-16 05:47:12,2016-11-16 23:47:12,2016-12-13 05:47:12,2016-12-08 05:47:12,1,27,22,1,40.37,33.12,0.8204,1,musica_arte,3.0
O01148,C00609,SC,sao jose,delivered,2017-12-07 05:19:16,2017-12-07 12:19:16,2018-01-03 05:19:16,2017-12-13 05:19:16,1,27,6,1,414.17,31.08,0.075,1,fraldas_higiene,5.0
O01151,C00009,AM,parintins,delivered,2017-02-13 22:51:44,2017-02-15 05:51:44,2017-03-13 22:51:44,2017-03-01 22:51:44,1,28,16,1,86.29,25.8,0.299,1,casa_limpeza,2.0
O01165,C01177,MA,caxias,delivered,2016-09-05 09:03:00,2016-09-07 03:03:00,2016-09-11 09:03:00,2016-09-10 09:03:00,1,6,5,3,620.39,111.49,0.1891,1,carnes,4.0
O01167,C01484,RJ,campos,delivered,2017-03-11 10:52:30,2017-03-12 10:52:30,2017-03-27 10:52:30,2017-03-28 10:52:30,0,16,17,1,149.97,16.87,0.1125,1,casa_conforto_2,5.0
O01186,C01501,RR,mucajai,delivered,2017-12-20 21:06:37,2017-12-22 20:06:37,2017-12-31 21:06:37,2018-01-02 21:06:37,0,11,13,3,639.11,62.09,0.1294,1,portateis_cozinha,5.0
O01222,C01076,AL,penedo,delivered,2017-01-24 07:17:40,2017-01-25 00:17:40,2017-02-13 07:17:40,2017-02-02 07:17:40,1,20,9,1,444.92,22.27,0.0501,1,audio,3.0
O01243,C01463,AM,itacoatiara,delivered,2016-11-01 04:02:36,2016-11-02 21:02:36,2016-11-17 04:02:36,2016-11-12 04:02:36,1,16,11,1,288.07,45.21,0.1569,1,casa_construcao,4.0
O01251,C00132,RR,alto alegre,delivered,2018-05-14 22:13:15,2018-05-15 16:13:15,2018-06-07 22:13:15,2018-05-21 22:13:15,1,24,7,1,23.28,37.68,1.6186,1,eletrodomesticos,3.0
O01279,C01410,BA,itabuna,delivered,2018-04-10 02:25:57,2018-04-11 00:25:57,2018-05-05 02:25:57,2018-04-30 02:25:57,1,25,20,1,483.08,16.34,0.0338,1,eletronicos,2.0
O01281,C01878,MT,tangara da serra,delivered,2016-09-05 18:36:39,2016-09-07 10:36:39,2016-09-20 18:36:39,2016-09-21 18:36:39,0,15,16,1,182.41,43.88,0.2406,1,perfumaria,5.0
O01283,C01237,DF,ceilandia,delivered,2016-12-20 03:48:59,2016-12-20 11:48:59,2017-01-12 03:48:59,2017-01-12 03:48:59,0,23,23,1,265.22,37.17,0.1401,1,perfumaria,5.0
O01306,C01157,RO,ariquemes,delivered,2016-12-10 17:24:27,2016-12-11 12:24:27,2016-12-18 17:24:27,2016-12-15 17:24:27,1,8,5,1,10.46,11.61,1.1099,1,papelaria,4.0
O01310,C01097,RJ,nova iguaçu,delivered,2018-03-23 20:11:53,2018-03-25 10:11:53,2018-04-13 20:11:53,2018-04-04 20:11:53,1,21,12,1,339.24,16.85,0.0497,1,alimentos_bebidas,2.0
O01313,C01953,PE,recife,delivered,2017-05-31 01:04:59,2017-05-31 14:04:59,2017-06-29 01:04:59,2017-06-12 01:04:59,1,29,12,4,911.15,101.14,0.3113,1,artigos_nautica,2.0
O01317,C00063,DF,guara,delivered,2018-07-19 14:33:25,2018-07-20 02:33:25,2018-07-31 14:33:25,2018-08-10 14:33:25,0,12,22,1,349.68,37.92,0.1084,1,eletronicos,5.0
O01345,C01158,SC,criciuma,delivered,2016-12-13 18:15:53,2016-12-14 11:15:53,2017-01-01 18:15:53,2017-01-04 18:15:53,0,19,22,2,497.34,69.86,0.2039,1,casa_conforto_2,4.0
O01349,C00022,SC,criciuma,delivered,2017-07-16 07:51:39,2017-07-16 18:51:39,2017-07-21 07:51:39,2017-08-09 07:51:39,0,5,24,1,104.71,32.63,0.3116,1,perfumaria,5.0
O01359,C00029,MS,dourados,delivered,2017-05-09 20:17:47,2017-05-11 13:17:47,2017-05-27 20:17:47,2017-06-01 20:17:47,0,18,23,1,53.93,28.91,0.5361,1,livros_interesse,5.0
O01367,C00980,PE,recife,delivered,2016-12-04 21:33:39,2016-12-05 23:33:39,2016-12-22 21:33:39,2016-12-16 21:33:39,1,18,12,4,1085.78,111.47,0.1323,1,carnes,1.0
O01382,C01049,RO,cacoal,delivered,2016-12-12 13:18:07,2016-12-14 07:18:07,2016-12-26 13:18:07,2016-12-31 13:18:07,0,14,19,1,493.39,46.43,0.0941,1,dvds_blu_ray,2.0
O01414,C00602,RS,canoas,delivered,2018-08-06 18:17:40,2018-08-07 01:17:40,2018-08-19 18:17:40,2018-08-17 18:17:40,1,13,11,1,250.51,44.89,0.1792,1,papelaria,3.0
O01417,C00488,MT,cuiaba,delivered,2018-06-25 03:45:17,2018-06-26 08:45:17,2018-06-29 03:45:17,2018-06-30 03:45:17,0,4,5,2,294.92,57.03,0.7422,1,esporte_lazer,4.0
O01463,C00449,SE,nossa senhora do socorro,delivered,2017-05-09 23:27:22,2017-05-11 01:27:22,2017-05-12 23:27:22,2017-06-01 23:27:22,0,3,23,1,434.13,39.0,0.0898,1,eletroportateis,1.0
O01468,C01556,PR,curitiba,delivered,2018-10-14 03:38:05,2018-10-16 02:38:05,2018-11-01 03:38:05,2018-10-29 03:38:05,1,18,15,1,122.06,48.23,0.3951,1,fashion_esporte,2.0
O01471,C01123,PR,cascavel,delivered,2017-06-20 17:34:10,2017-06-21 05:34:10,2017-06-24 17:34:10,2017-07-03 17:34:10,0,4,13,1,247.82,6.6,0.0266,1,alimentos_bebidas,3.0
O01472,C01559,MG,uberlandia,delivered,2018-09-30 13:12:24,2018-10-02 04:12:24,2018-10-24 13:12:24,2018-10-19 13:12:24,1,24,19,3,752.56,65.77,0.08,1,casa_construcao,3.0
O01488,C01580,CE,fortaleza,delivered,2017-01-17 14:58:52,2017-01-17 22:58:52,2017-02-01 14:58:52,2017-01-25 14:58:52,1,15,8,1,53.31,18.12,0.3399,1,relogios_presentes,2.0
O01501,C01687,RO,ariquemes,delivered,2016-09-27 13:06:24,2016-09-27 20:06:24,2016-10-14 13:06:24,2016-10-05 13:06:24,1,17,8,1,90.18,31.33,0.3474,1,cool_stuff,4.0
O01507,C01014,BA,feira de santana,delivered,2017-11-06 18:00:37,2017-11-06 22:00:37,2017-11-28 18:00:37,2017-11-12 18:00:37,1,22,6,1,293.69,12.68,0.0432,1,casa_limpeza,3.0
O01528,C01442,MG,montes claros,delivered,2017-07-03 08:02:56,2017-07-03 10:02:56,2017-07-19 08:02:56,2017-07-13 08:02:56,1,16,10,1,150.75,13.48,0.0894,1,carnes,1.0
O01529,C00715,CE,maracanau,delivered,2018-03-06 23:47:37,2018-03-08 04:47:37,2018-03-22 23:47:37,2018-03-30 23:47:37,0,16,24,3,672.33,93.98,0.1551,1,casa_utilidades,3.0
O01533,C01717,MS,ponta pora,delivered,2018-07-12 14:14:43,2018-07-13 16:14:43,2018-07-19 14:14:43,2018-07-19 14:14:43,0,7,7,1,260.81,19.71,0.0756,1,casa_cozinha,5.0
O01555,C01292,TO,gurupi,delivered,2017-10-09 02:32:37,2017-10-09 09:32:37,2017-10-29 02:32:37,2017-10-16 02:32:37,1,20,7,1,245.58,8.35,0.034,1,automotivo,3.0
O01560,C01988,MT,varzea grande,delivered,2018-05-13 19:51:35,2018-05-14 12:51:35,2018-05-20 19:51:35,2018-05-23 19:51:35,0,7,10,2,275.08,85.33,0.8283,1,alimentos_bebidas,5.0
O01564,C00354,AL,rio largo,delivered,2016-12-05 20:52:57,2016-12-05 22:52:57,2016-12-09 20:52:57,2016-12-23 20:52:57,0,4,18,1,171.57,13.36,0.0779,1,livros_interesse,5.0
O01566,C01725,AL,penedo,delivered,2017-06-21 11:14:13,2017-06-22 12:14:13,2017-07-03 11:14:13,2017-07-15 11:14:13,0,12,24,1,22.41,23.72,1.0585,1,papelaria,5.0
O01567,C00826,PI,teresina,delivered,2017-01-21 03:30:19,2017-01-22 21:30:19,2017-01-29 03:30:19,2017-02-11 03:30:19,0,8,21,2,612.72,67.97,0.1108,1,casa_utilidades,4.0
O01582,C01188,SP,campinas,delivered,2017-09-13 17:35:20,2017-09-15 10:35:20,2017-10-03 17:35:20,2017-10-05 17:35:20,0,20,22,2,714.25,37.91,0.0496,1,beleza_saude,5.0
O01592,C01140,GO,rio verde,delivered,2017-01-25 15:19:17,2017-01-26 17:19:17,2017-02-23 15:19:17,2017-01-30 15:19:17,1,29,5,1,138.8,40.34,0.2906,1,fashion_bolsas,3.0
O01610,C00720,AL,penedo,delivered,2017-02-24 03:25:49,2017-02-24 08:25:49,2017-03-12 03:25:49,2017-03-02 03:25:49,1,16,6,2,529.8,56.97,0.2911,0,casa_iluminacao,3.0
O01612,C01999,CE,juazeiro do norte,delivered,2017-03-15 08:47:09,2017-03-15 15:47:09,2017-03-26 08:47:09,2017-03-30 08:47:09,0,11,15,1,385.6,28.44,0.0738,1,eletroportateis,5.0
O01616,C01398,SE,estancia,delivered,2017-10-31 14:24:18,2017-11-02 14:24:18,2017-11-22 14:24:18,2017-11-18 14:24:18,1,22,18,2,447.29,41.96,0.0909,1,casa_garagem,2.0
O01618,C00537,CE,maracanau,delivered,2017-05-10 09:25:58,2017-05-10 10:25:58,2017-05-22 09:25:58,2017-05-25 09:25:58,0,12,15,3,818.31,58.39,0.0987,1,casa_jardim,1.0
O01629,C00980,PE,recife,delivered,2018-09-07 06:04:41,2018-09-08 02:04:41,2018-10-04 06:04:41,2018-09-22 06:04:41,1,27,15,4,1182.93,103.11,0.0783,1,casa_lavanderia,3.0
O01640,C01495,RN,mossoro,delivered,2018-04-23 10:15:20,2018-04-24 21:15:20,2018-05-13 10:15:20,2018-05-09 10:15:20,1,20,16,1,72.46,34.66,0.4783,1,casa_limpeza,2.0
O01650,C01390,PB,santa rita,delivered,2017-05-17 10:15:44,2017-05-18 18:15:44,2017-05-26 10:15:44,2017-06-08 10:15:44,0,9,22,1,436.03,19.28,0.0442,1,automotivo,5.0
O01652,C00725,PA,castanhal,delivered,2016-09-20 14:20:35,2016-09-22 08:20:35,2016-10-18 14:20:35,2016-09-27 14:20:35,1,28,7,1,339.09,19.19,0.0566,1,casa_escritorio,5.0
O01661,C01679,GO,anapolis,delivered,2018-03-16 18:36:33,2018-03-18 15:36:33,2018-04-07 18:36:33,2018-04-09 18:36:33,0,22,24,2,767.65,92.24,0.121,1,perfumaria,5.0
O01683,C01314,SP,ribeirao preto,delivered,2017-04-03 18:26:03,2017-04-04 07:26:03,2017-04-19 18:26:03,2017-04-26 18:26:03,0,16,23,2,586.49,16.75,0.0465,1,casa_limpeza,5.0
O01696,C01082,MA,sao jose de ribamar,delivered,2017-08-30 15:07:44,2017-09-01 02:07:44,2017-09-19 15:07:44,2017-09-20 15:07:44,0,20,21,1,181.26,16.79,0.0926,1,seguros_servicos,4.0
O01699,C00879,MS,campo grande,delivered,2017-06-08 13:37:55,2017-06-09 13:37:55,2017-06-13 13:37:55,2017-07-01 13:37:55,0,5,23,1,411.9,33.56,0.0815,0,sinalizacao_seguranca,5.0
O01701,C00046,SP,ribeirao preto,delivered,2017-01-14 02:40:50,2017-01-14 11:40:50,2017-02-08 02:40:50,2017-01-30 02:40:50,1,25,16,2,755.36,81.64,0.1202,1,cool_stuff,2.0
O01721,C00013,RR,boa vista,delivered,2018-09-18 22:30:53,2018-09-19 03:30:53,2018-10-02 22:30:53,2018-10-10 22:30:53,0,14,22,1,323.06,14.7,0.0455,1,instrumentos_musicais,2.0
O01726,C00090,TO,gurupi,delivered,2016-10-21 23:55:05,2016-10-23 05:55:05,2016-11-06 23:55:05,2016-11-13 23:55:05,0,16,23,2,290.7,75.19,0.9255,1,casa_escritorio,4.0
O01754,C01299,PE,caruaru,delivered,2016-10-07 23:04:03,2016-10-09 01:04:03,2016-10-21 23:04:03,2016-10-19 23:04:03,1,14,12,4,1402.37,93.8,0.0749,1,artes,5.0
O01791,C01836,PR,cascavel,delivered,2018-02-02 15:30:04,2018-02-03 21:30:04,2018-02-23 15:30:04,2018-02-24 15:30:04,0,21,22,1,496.4,39.86,0.0803,0,telefonia,5.0
O01827,C00084,SC,florianopolis,delivered,2017-05-06 04:28:26,2017-05-07 18:28:26,2017-05-25 04:28:26,2017-05-17 04:28:26,1,19,11,1,480.99,49.7,0.1033,1,brinquedos,3.0
O01832,C01813,RO,porto velho,delivered,2018-03-27 13:26:58,2018-03-28 16:26:58,2018-04-11 13:26:58,2018-04-15 13:26:58,0,15,19,1,137.71,14.45,0.1049,1,casa_garagem,4.0
O01852,C00758,PB,campina grande,delivered,2018-08-27 07:27:38,2018-08-29 06:27:38,2018-09-21 07:27:38,2018-09-19 07:27:38,1,25,23,2,685.41,76.21,0.1326,1,moveis_escritorio,1.0
O01859,C00162,AM,coari,delivered,2017-06-03 02:08:24,2017-06-04 00:08:24,2017-06-06 02:08:24,2017-06-25 02:08:24,0,3,22,1,86.54,17.57,0.203,1,portateis_casa_forno_cafe,5.0
O01867,C00108,AL,maceio,delivered,2017-10-17 07:24:44,2017-10-19 01:24:44,2017-10-26 07:24:44,2017-10-29 07:24:44,0,9,12,2,145.01,60.45,0.5948,1,casa_conforto,4.0
O01872,C01016,PI,campo maior,delivered,2018-03-08 10:37:42,2018-03-08 21:37:42,2018-03-14 10:37:42,2018-03-15 10:37:42,0,6,7,1,352.66,13.33,0.0378,1,moveis_colchao_estofado,4.0
O01885,C00075,MA,caxias,delivered,2016-10-10 07:53:42,2016-10-10 17:53:42,2016-11-03 07:53:42,2016-10-20 07:53:42,1,24,10,1,382.27,49.03,0.1283,1,perfumaria,4.0
O01898,C01602,PB,joao pessoa,delivered,2018-03-04 23:31:25,2018-03-05 14:31:25,2018-03-20 23:31:25,2018-03-22 23:31:25,0,16,18,2,163.11,62.43,0.5306,1,automotivo,5.0
O01906,C01365,MG,belo horizonte,delivered,2018-07-08 08:20:56,2018-07-10 06:20:56,2018-07-28 08:20:56,2018-07-21 08:20:56,1,20,13,1,482.11,5.47,0.0113,1,fashion_bolsas,3.0
O01917,C01089,AM,coari,delivered,2016-11-26 02:16:37,2016-11-26 20:16:37,2016-12-24 02:16:37,2016-12-16 02:16:37,1,28,20,2,632.17,45.23,0.075,1,esporte_lazer,3.0
O01923,C01497,AL,penedo,delivered,2017-11-05 01:40:23,2017-11-06 08:40:23,2017-11-18 01:40:23,2017-11-18 01:40:23,0,13,13,1,352.43,26.07,0.074,1,musica_arte,5.0
O01931,C00346,ES,cariacica,delivered,2018-07-08 02:56:33,2018-07-08 13:56:33,2018-07-13 02:56:33,2018-08-01 02:56:33,0,5,24,3,956.72,69.76,0.1202,1,casa_jardim,4.0
O01939,C01274,PB,bayeux,delivered,2018-09-09 03:02:13,2018-09-10 21:02:13,2018-09-23 03:02:13,2018-09-21 03:02:13,1,14,12,1,192.18,36.46,0.1897,1,fashion_roupa_feminina,3.0
O01960,C00161,AM,parintins,delivered,2018-01-01 19:16:27,2018-01-03 11:16:27,2018-01-20 19:16:27,2018-01-25 19:16:27,0,19,24,2,691.66,74.62,0.109,1,cds_dvds_musicais,4.0
O01961,C01741,RN,mossoro,delivered,2018-02-04 00:35:17,2018-02-05 16:35:17,2018-02-16 00:35:17,2018-02-22 00:35:17,0,12,18,3,1200.43,109.79,0.0896,1,la_cuisine,5.0
O01979,C01503,RS,caxias do sul,delivered,2018-08-18 20:53:00,2018-08-19 18:53:00,2018-09-17 20:53:00,2018-09-03 20:53:00,1,30,16,1,180.06,38.91,0.2161,1,casa_conforto,4.0
O01985,C00760,GO,rio verde,delivered,2016-11-14 15:43:45,2016-11-15 05:43:45,2016-11-22 15:43:45,2016-11-25 15:43:45,0,8,11,2,471.76,84.23,0.2697,1,construcao_ferramentas,5.0
O02022,C01627,PA,castanhal,delivered,2017-06-17 10:01:24,2017-06-17 17:01:24,2017-06-22 10:01:24,2017-06-23 10:01:24,0,5,6,1,256.08,13.11,0.0512,1,beleza_saude,5.0
O02024,C01410,BA,itabuna,delivered,2018-06-09 02:56:39,2018-06-11 02:56:39,2018-07-03 02:56:39,2018-06-16 02:56:39,1,24,7,2,277.8,49.8,0.3719,1,artigos_nautica,3.0
O02028,C01506,CE,juazeiro do norte,delivered,2017-02-17 22:25:41,2017-02-19 06:25:41,2017-02-25 22:25:41,2017-02-26 22:25:41,0,8,9,2,594.98,52.61,0.0805,1,construcao_ferramentas,5.0
O02041,C00814,RN,caico,delivered,2018-06-26 12:53:03,2018-06-28 05:53:03,2018-07-04 12:53:03,2018-07-20 12:53:03,0,8,24,1,439.42,6.37,0.0145,1,alimentos_bebidas,5.0
O02042,C01518,ES,serra,delivered,2018-01-05 17:11:00,2018-01-06 20:11:00,2018-01-13 17:11:00,2018-01-24 17:11:00,0,8,19,1,378.28,40.28,0.1065,1,casa_escritorio,5.0
O02050,C01323,AC,cruzeiro do sul,delivered,2018-05-28 17:55:08,2018-05-29 05:55:08,2018-06-23 17:55:08,2018-06-11 17:55:08,1,26,14,1,61.38,44.99,0.733,1,audio,4.0
O02052,C01359,GO,anapolis,delivered,2017-10-08 16:00:35,2017-10-10 08:00:35,2017-10-31 16:00:35,2017-10-30 16:00:35,1,23,22,2,627.72,91.22,0.1507,1,beleza_saude,2.0
O02076,C00840,PE,recife,delivered,2016-10-03 12:34:45,2016-10-05 12:34:45,2016-10-11 12:34:45,2016-10-08 12:34:45,1,8,5,1,462.86,5.64,0.0122,0,casa_limpeza,2.0
O02079,C00008,MS,ponta pora,delivered,2018-01-13 20:17:11,2018-01-15 13:17:11,2018-02-10 20:17:11,2018-01-23 20:17:11,1,28,10,2,358.3,72.57,1.3842,1,casa_banheiro,5.0
O02103,C01264,AC,cruzeiro do sul,delivered,2018-10-28 22:53:51,2018-10-30 12:53:51,2018-11-05 22:53:51,2018-11-12 22:53:51,0,8,15,3,335.44,37.27,0.1312,1,consoles_games,1.0
O02105,C01304,SC,criciuma,delivered,2016-09-15 00:45:16,2016-09-16 05:45:16,2016-09-22 00:45:16,2016-10-08 00:45:16,0,7,23,1,342.17,35.46,0.1036,1,casa_utilidades,5.0
O02107,C01567,AM,parintins,delivered,2018-06-03 00:41:13,2018-06-04 04:41:13,2018-06-15 00:41:13,2018-06-10 00:41:13,1,12,7,1,468.9,36.31,0.0774,0,casa_banheiro,3.0
O02108,C01566,AP,oida,delivered,2018-07-13 05:04:46,2018-07-14 18:04:46,2018-07-31 05:04:46,2018-07-18 05:04:46,1,18,5,1,327.5,18.76,0.0573,1,moveis_escritorio,2.0
O02115,C00219,PB,santa rita,delivered,2018-04-15 14:01:21,2018-04-16 09:01:21,2018-05-05 14:01:21,2018-04-20 14:01:21,1,20,5,1,52.0,18.7,0.3596,1,alimentos_bebidas,1.0
O02120,C01721,AC,feijo,delivered,2017-06-06 06:52:44,2017-06-07 00:52:44,2017-06-17 06:52:44,2017-06-22 06:52:44,0,11,16,1,206.32,13.18,0.0639,1,la_cuisine,4.0
O02154,C00349,MT,tangara da serra,delivered,2018-02-20 22:04:49,2018-02-21 07:04:49,2018-03-05 22:04:49,2018-02-28 22:04:49,1,13,8,2,610.75,55.45,0.1238,1,papelaria,4.0
O02173,C00871,GO,aparecida de goiania,delivered,2018-09-14 02:47:01,2018-09-14 15:47:01,2018-10-14 02:47:01,2018-10-01 02:47:01,1,30,17,1,47.7,27.11,0.5683,1,relogios_presentes,2.0
O02179,C01619,AM,coari,delivered,2016-10-16 00:56:33,2016-10-17 21:56:33,2016-10-20 00:56:33,2016-11-07 00:56:33,0,4,22,1,241.23,14.82,0.0614,1,fraldas_higiene,1.0
O02181,C01856,BA,feira de santana,delivered,2017-08-30 10:22:58,2017-09-01 06:22:58,2017-09-07 10:22:58,2017-09-07 10:22:58,0,8,8,1,174.59,7.29,0.0418,1,automotivo,5.0
O02193,C01072,RJ,rio de janeiro,delivered,2018-05-01 17:41:12,2018-05-03 03:41:12,2018-05-09 17:41:12,2018-05-12 17:41:12,0,8,11,2,596.3,61.02,0.2471,1,eletroportateis,5.0
O02198,C01291,AM,manacapuru,delivered,2017-05-18 07:22:34,2017-05-18 14:22:34,2017-06-08 07:22:34,2017-05-24 07:22:34,1,21,6,3,938.52,83.64,0.084,1,casa_garagem,2.0
O02204,C00250,RN,mossoro,delivered,2017-09-10 14:01:10,2017-09-12 04:01:10,2017-09-20 14:01:10,2017-10-02 14:01:10,0,10,22,2,593.9,69.89,0.152,1,portateis_cozinha,4.0
O02210,C01856,BA,feira de santana,delivered,2018-02-16 05:19:32,2018-02-18 02:19:32,2018-03-07 05:19:32,2018-03-08 05:19:32,0,19,20,2,127.83,43.56,0.4594,1,cool_stuff,4.0
O02223,C01654,GO,goiania,delivered,2017-10-01 22:53:30,2017-10-02 15:53:30,2017-10-26 22:53:30,2017-10-19 22:53:30,1,25,18,3,1041.64,104.88,0.11,1,cool_stuff,2.0
O02225,C01964,RR,boa vista,delivered,2018-01-16 06:36:32,2018-01-17 23:36:32,2018-01-29 06:36:32,2018-02-07 06:36:32,0,13,22,1,197.45,8.52,0.0432,1,moda_roupa,3.0
O02249,C00139,RO,ji-parana,delivered,2017-05-23 16:26:19,2017-05-24 07:26:19,2017-06-14 16:26:19,2017-05-29 16:26:19,1,22,6,2,812.42,25.68,0.0334,1,perfumaria,2.0
O02271,C01666,BA,vitoria da conquista,delivered,2018-04-15 08:34:59,2018-04-16 21:34:59,2018-05-04 08:34:59,2018-05-05 08:34:59,0,19,20,1,65.61,8.82,0.1344,1,relogios_presentes,5.0
O02277,C00111,PR,ponta grossa,delivered,2017-04-13 18:47:51,2017-04-14 09:47:51,2017-04-25 18:47:51,2017-04-22 18:47:51,1,12,9,1,484.24,11.48,0.0237,1,alimentos_bebidas,2.0
O02279,C00296,RS,canoas,delivered,2018-02-14 18:39:36,2018-02-15 06:39:36,2018-03-07 18:39:36,2018-02-27 18:39:36,1,21,13,1,330.9,32.99,0.0997,1,moveis_quarto,3.0
O02284,C00194,ES,linhares,delivered,2017-08-15 23:31:58,2017-08-16 08:31:58,2017-08-20 23:31:58,2017-09-09 23:31:58,0,5,25,2,490.41,68.34,0.1724,1,moveis_decoracao,5.0
O02285,C00954,RR,caracarai,delivered,2017-12-11 04:50:06,2017-12-13 03:50:06,2018-01-04 04:50:06,2017-12-20 04:50:06,1,24,9,1,491.18,36.47,0.0742,1,ferramentas_jardim,3.0
O02299,C00571,RO,cacoal,delivered,2017-10-23 21:37:31,2017-10-25 06:37:31,2017-11-09 21:37:31,2017-10-29 21:37:31,1,17,6,1,214.67,21.11,0.0983,1,brinquedos,1.0
O02303,C01406,RO,cacoal,delivered,2017-04-19 12:10:16,2017-04-19 13:10:16,2017-05-02 12:10:16,2017-04-24 12:10:16,1,13,5,5,1029.75,79.48,0.2753,1,consoles_games,3.0
O02314,C01055,PR,maringa,delivered,2017-11-05 19:36:45,2017-11-07 15:36:45,2017-11-21 19:36:45,2017-11-13 19:36:45,1,16,8,1,132.22,7.85,0.0594,0,carnes,5.0
O02317,C01357,SC,florianopolis,delivered,2018-03-28 19:29:07,2018-03-30 16:29:07,2018-04-16 19:29:07,2018-04-06 19:29:07,1,19,9,2,619.57,47.88,0.0772,1,eletronicos,4.0
O02330,C00931,BA,ilheus,delivered,2016-09-28 00:36:05,2016-09-28 01:36:05,2016-10-06 00:36:05,2016-10-22 00:36:05,0,8,24,1,183.52,8.46,0.0461,1,moveis_presentes,4.0
O02332,C00238,AL,penedo,delivered,2018-06-13 09:15:24,2018-06-13 14:15:24,2018-07-11 09:15:24,2018-07-08 09:15:24,1,28,25,2,478.26,84.79,0.1888,1,casa_banheiro,2.0
O02364,C00301,PE,petrolina,delivered,2018-08-22 04:14:06,2018-08-22 20:14:06,2018-09-15 04:14:06,2018-09-09 04:14:06,1,24,18,1,372.23,12.2,0.0328,1,market_place,4.0
O02370,C00402,RO,vilhena,delivered,2017-11-08 08:36:08,2017-11-08 14:36:08,2017-11-16 08:36:08,2017-11-20 08:36:08,0,8,12,2,588.74,69.87,0.1749,1,casa_iluminacao,5.0
O02379,C01685,PB,santa rita,delivered,2018-08-26 21:24:18,2018-08-28 15:24:18,2018-08-30 21:24:18,2018-09-03 21:24:18,0,4,8,2,279.26,76.09,0.2857,1,moveis_sala,4.0
O02386,C01083,AL,penedo,delivered,2018-07-22 04:07:11,2018-07-23 14:07:11,2018-08-09 04:07:11,2018-07-31 04:07:11,1,18,9,1,456.25,12.52,0.0274,1,livros_interesse,1.0
O02398,C01988,MT,varzea grande,delivered,2017-03-08 19:24:07,2017-03-09 21:24:07,2017-04-05 19:24:07,2017-03-25 19:24:07,1,28,17,1,486.34,19.86,0.0408,1,fashion_underwear,1.0
O02415,C01868,AP,oida,delivered,2018-10-15 15:43:29,2018-10-16 18:43:29,2018-10-22 15:43:29,2018-11-04 15:43:29,0,7,20,2,693.86,47.09,0.0653,1,casa_garagem,5.0
O02430,C01031,RN,sao goncalo do amarante,delivered,2018-01-17 19:26:14,2018-01-19 17:26:14,2018-01-25 19:26:14,2018-02-03 19:26:14,0,8,17,1,314.67,26.71,0.0849,1,moda_roupa,4.0
O02442,C01408,RN,natal,delivered,2017-04-13 22:10:19,2017-04-15 05:10:19,2017-04-29 22:10:19,2017-04-20 22:10:19,1,16,7,2,89.22,73.84,0.8486,1,casa_construcao,2.0
O02445,C00843,MT,sinop,delivered,2018-08-01 09:51:35,2018-08-01 13:51:35,2018-08-20 09:51:35,2018-08-25 09:51:35,0,19,24,1,455.25,38.03,0.0835,1,la_cuisine,5.0
O02456,C01957,TO,gurupi,delivered,2016-09-13 05:10:38,2016-09-13 19:10:38,2016-10-11 05:10:38,2016-09-23 05:10:38,1,28,10,1,172.35,26.0,0.1509,1,artes,1.0
O02459,C01015,MS,dourados,delivered,2016-12-30 06:52:49,2016-12-30 10:52:49,2017-01-02 06:52:49,2017-01-06 06:52:49,0,3,7,1,97.92,10.19,0.1041,1,musica_arte,4.0
O02468,C01675,PB,joao pessoa,delivered,2018-01-18 22:44:31,2018-01-19 05:44:31,2018-01-28 22:44:31,2018-02-11 22:44:31,0,10,24,2,291.86,87.06,0.2967,1,fashion_bolsas,5.0
O02471,C00456,AM,itacoatiara,delivered,2018-02-23 16:40:47,2018-02-25 10:40:47,2018-03-22 16:40:47,2018-03-18 16:40:47,1,27,23,2,220.62,55.43,0.2471,1,alimentos_bebidas,2.0
O02476,C00766,RJ,rio de janeiro,delivered,2016-10-07 08:13:33,2016-10-08 13:13:33,2016-10-26 08:13:33,2016-10-29 08:13:33,0,19,22,1,362.84,11.99,0.033,1,moveis_jardim,5.0
O02477,C00891,SE,lagarto,delivered,2017-12-13 03:14:24,2017-12-13 04:14:24,2017-12-31 03:14:24,2017-12-29 03:14:24,1,18,16,1,198.53,19.69,0.0992,1,fashion_roupa_feminina,3.0
O02503,C01824,AP,oida,delivered,2018-06-24 08:07:13,2018-06-24 16:07:13,2018-07-21 08:07:13,2018-07-06 08:07:13,1,27,12,1,366.76,47.2,0.1287,1,eletronicos,2.0
O02511,C01419,RN,caico,delivered,2017-09-26 10:02:53,2017-09-26 19:02:53,2017-10-01 10:02:53,2017-10-17 10:02:53,0,5,21,1,162.61,28.89,0.1777,1,moveis_jardim,5.0
O02515,C00783,CE,sobral,delivered,2017-07-06 00:12:01,2017-07-06 14:12:01,2017-08-02 00:12:01,2017-07-16 00:12:01,1,27,10,1,161.42,14.91,0.0924,1,casa_outros,4.0
O02525,C01138,SC,criciuma,delivered,2017-05-06 00:50:37,2017-05-06 12:50:37,2017-05-20 00:50:37,2017-05-11 00:50:37,1,14,5,2,762.25,60.03,0.0874,1,fashion_bolsas,1.0
O02530,C00589,MA,timon,delivered,2017-05-30 20:35:19,2017-06-01 11:35:19,2017-06-02 20:35:19,2017-06-23 20:35:19,0,3,24,2,654.3,32.44,0.0609,1,market_place,4.0
O02539,C00860,MT,tangara da serra,delivered,2016-10-04 00:55:00,2016-10-05 10:55:00,2016-10-22 00:55:00,2016-10-10 00:55:00,1,18,6,3,260.88,84.44,0.478,1,eletroportateis,4.0
O02548,C00282,MT,sinop,delivered,2017-07-08 18:23:27,2017-07-10 16:23:27,2017-07-22 18:23:27,2017-07-21 18:23:27,1,14,13,1,221.21,24.78,0.112,1,musica_arte,3.0
O02561,C00736,CE,juazeiro do norte,delivered,2017-11-30 19:33:40,2017-12-02 06:33:40,2017-12-10 19:33:40,2017-12-17 19:33:40,0,10,17,2,918.52,93.88,0.1022,1,casa_limpeza,5.0
O02567,C01598,AP,oida,delivered,2016-09-25 20:39:05,2016-09-25 23:39:05,2016-10-05 20:39:05,2016-10-15 20:39:05,0,10,20,1,324.19,28.34,0.0874,1,eletroportateis,5.0
O02575,C01529,DF,ceilandia,delivered,2016-10-23 03:08:07,2016-10-23 07:08:07,2016-11-10 03:08:07,2016-11-02 03:08:07,1,18,10,2,745.12,70.85,0.0931,1,eletronicos,1.0
O02613,C01808,PE,caruaru,delivered,2017-04-09 11:02:39,2017-04-11 05:02:39,2017-04-22 11:02:39,2017-04-14 11:02:39,1,13,5,1,444.54,14.65,0.033,1,consoles_games,1.0
O02620,C00938,SP,ribeirao preto,delivered,2017-04-17 19:56:04,2017-04-19 05:56:04,2017-05-08 19:56:04,2017-05-02 19:56:04,1,21,15,2,624.63,62.57,0.0919,1,alimentos_bebidas,1.0
O02628,C01334,ES,cariacica,delivered,2017-06-13 15:33:32,2017-06-15 09:33:32,2017-07-02 15:33:32,2017-07-03 15:33:32,0,19,20,1,456.41,22.05,0.0483,1,artigos_nautica,4.0
O02630,C01660,RO,cacoal,delivered,2017-04-10 12:40:08,2017-04-11 08:40:08,2017-04-24 12:40:08,2017-04-21 12:40:08,1,14,11,2,320.36,79.96,0.3064,1,eletronicos,1.0
O02645,C00277,SE,estancia,delivered,2016-11-18 10:41:28,2016-11-19 03:41:28,2016-12-07 10:41:28,2016-12-05 10:41:28,1,19,17,1,425.75,31.97,0.0751,1,fashion_roupa_feminina,1.0
O02651,C01772,AC,tarauaca,delivered,2018-05-15 02:16:02,2018-05-16 14:16:02,2018-06-09 02:16:02,2018-06-04 02:16:02,1,25,20,2,299.5,50.25,0.1647,1,casa_conforto_2,3.0
O02655,C00410,MT,sinop,delivered,2017-06-22 12:46:39,2017-06-24 03:46:39,2017-06-29 12:46:39,2017-07-09 12:46:39,0,7,17,1,429.47,26.43,0.0615,1,construcao_ferramentas,5.0
O02684,C01536,RN,sao goncalo do amarante,delivered,2018-06-09 04:57:46,2018-06-09 13:57:46,2018-06-22 04:57:46,2018-06-16 04:57:46,1,13,7,1,46.39,33.46,0.7213,1,moveis_escritorio,1.0
O02687,C01748,DF,taguatinga,delivered,2018-03-10 00:21:40,2018-03-10 06:21:40,2018-03-20 00:21:40,2018-03-20 00:21:40,0,10,10,3,1058.78,117.34,0.1293,1,casa_banheiro,4.0
O02694,C00097,SC,sao jose,delivered,2018-10-05 03:14:48,2018-10-06 10:14:48,2018-10-17 03:14:48,2018-10-10 03:14:48,1,12,5,4,1412.91,142.97,0.121,1,artigos_nautica,3.0
O02697,C00510,AC,rio branco,delivered,2017-04-21 09:54:51,2017-04-21 21:54:51,2017-05-11 09:54:51,2017-04-26 09:54:51,1,20,5,1,219.82,29.9,0.136,1,fashion_calcados,2.0
O02698,C01395,RN,mossoro,delivered,2017-07-22 16:18:45,2017-07-24 06:18:45,2017-08-18 16:18:45,2017-08-01 16:18:45,1,27,10,1,336.85,15.57,0.0462,1,eletrodomesticos_2,4.0
O02708,C01144,RO,ariquemes,delivered,2018-09-21 06:20:57,2018-09-21 09:20:57,2018-09-25 06:20:57,2018-09-29 06:20:57,0,4,8,2,560.89,79.63,0.1418,1,casa_outros,5.0
O02716,C01854,PR,ponta grossa,delivered,2018-09-01 17:10:36,2018-09-03 13:10:36,2018-09-19 17:10:36,2018-09-14 17:10:36,1,18,13,1,449.97,34.81,0.0774,1,construcao_ferramentas,1.0
O02740,C01972,SC,criciuma,delivered,2017-11-12 07:40:22,2017-11-14 04:40:22,2017-11-25 07:40:22,2017-11-24 07:40:22,1,13,12,1,406.58,31.43,0.0773,1,beleza_saude,3.0
O02743,C00581,PR,maringa,delivered,2017-11-14 14:38:12,2017-11-15 12:38:12,2017-11-29 14:38:12,2017-11-24 14:38:12,1,15,10,1,66.08,43.36,0.6562,1,fraldas_higiene,2.0
O02750,C01638,PA,castanhal,delivered,2016-12-07 16:37:41,2016-12-08 16:37:41,2016-12-10 16:37:41,2016-12-14 16:37:41,0,3,7,1,189.45,9.6,0.0507,1,moda_roupa,1.0
O02755,C00503,CE,caucaia,delivered,2018-01-21 00:58:18,2018-01-21 20:58:18,2018-02-01 00:58:18,2018-01-27 00:58:18,1,11,6,2,349.07,58.93,0.1754,1,construcao_ferramentas,3.0
O02767,C01651,MT,rondonopolis,delivered,2017-02-03 18:01:22,2017-02-05 07:01:22,2017-02-06 18:01:22,2017-02-27 18:01:22,0,3,24,1,374.47,38.59,0.1031,1,livros_interesse,4.0
O02816,C01119,PI,teresina,delivered,2018-09-21 10:29:08,2018-09-21 14:29:08,2018-10-11 10:29:08,2018-10-05 10:29:08,1,20,14,2,370.29,39.01,0.1036,1,la_cuisine,1.0
O02822,C01588,AL,rio largo,delivered,2018-04-24 21:42:58,2018-04-25 10:42:58,2018-05-14 21:42:58,2018-05-06 21:42:58,1,20,12,1,383.5,30.57,0.0797,1,pc_gamer,3.0
O02829,C00661,SE,itabaiana,delivered,2018-01-23 04:27:34,2018-01-24 03:27:34,2018-02-06 04:27:34,2018-01-31 04:27:34,1,14,8,2,835.7,25.96,0.0316,1,moveis_decoracao,1.0
O02836,C00011,RS,porto alegre,delivered,2017-04-12 06:16:51,2017-04-12 19:16:51,2017-04-28 06:16:51,2017-05-04 06:16:51,0,16,22,1,276.91,31.24,0.1128,1,fashion_roupa_feminina,5.0
O02856,C01155,AP,santana,delivered,2018-07-16 13:04:43,2018-07-18 08:04:43,2018-07-28 13:04:43,2018-08-07 13:04:43,0,12,22,1,379.85,8.4,0.0221,1,market_place,5.0
O02871,C01912,ES,cariacica,delivered,2018-06-16 01:57:49,2018-06-16 11:57:49,2018-07-03 01:57:49,2018-06-25 01:57:49,1,17,9,1,458.69,42.2,0.092,1,casa_outros,2.0
O02872,C00451,MS,campo grande,delivered,2018-09-06 22:56:53,2018-09-07 06:56:53,2018-09-25 22:56:53,2018-09-29 22:56:53,0,19,23,1,32.36,13.61,0.4206,1,moveis_escritorio,4.0
O02877,C01190,SC,florianopolis,delivered,2018-01-15 16:51:00,2018-01-17 14:51:00,2018-02-07 16:51:00,2018-02-03 16:51:00,1,23,19,2,916.28,57.61,0.0629,1,artigos_nautica,2.0
O02879,C00159,MT,tangara da serra,delivered,2016-11-01 19:32:10,2016-11-03 00:32:10,2016-11-18 19:32:10,2016-11-22 19:32:10,0,17,21,2,596.3,77.81,0.1906,1,eletrodomesticos_2,4.0
O02889,C01571,ES,serra,delivered,2017-03-27 20:59:18,2017-03-27 22:59:18,2017-04-14 20:59:18,2017-04-01 20:59:18,1,18,5,1,37.32,21.64,0.5798,1,portateis_casa_forno_cafe,2.0
O02900,C00088,RO,cacoal,delivered,2018-01-08 10:46:34,2018-01-09 15:46:34,2018-01-12 10:46:34,2018-01-24 10:46:34,0,4,16,2,605.88,66.63,0.1093,1,casa_sala,5.0
O02909,C01799,RS,pelotas,delivered,2018-08-01 13:40:39,2018-08-03 05:40:39,2018-08-05 13:40:39,2018-08-10 13:40:39,0,4,9,3,543.75,44.9,0.2604,1,alimentos_bebidas,4.0
O02932,C01445,SE,itabaiana,delivered,2017-10-02 08:30:54,2017-10-03 20:30:54,2017-10-20 08:30:54,2017-10-21 08:30:54,0,18,19,1,390.52,18.94,0.0485,1,casa_sala,4.0
O02936,C00713,AC,cruzeiro do sul,delivered,2016-10-16 22:27:18,2016-10-18 11:27:18,2016-11-06 22:27:18,2016-11-02 22:27:18,1,21,17,1,313.99,36.28,0.1155,1,moveis_jardim,4.0
O02968,C00984,RJ,niteroi,delivered,2017-09-13 19:28:48,2017-09-14 01:28:48,2017-10-04 19:28:48,2017-09-20 19:28:48,1,21,7,3,960.48,114.97,0.1248,1,beleza_saude,2.0
O02970,C01096,SC,joinville,delivered,2018-06-03 21:04:59,2018-06-04 08:04:59,2018-07-01 21:04:59,2018-06-08 21:04:59,1,28,5,1,371.6,16.83,0.0453,1,livros_interesse,5.0
O02974,C01123,PR,cascavel,delivered,2016-09-04 13:44:06,2016-09-04 23:44:06,2016-10-03 13:44:06,2016-09-27 13:44:06,1,29,23,2,74.56,46.09,0.6413,1,cool_stuff,2.0
O02976,C00763,AP,macapa,delivered,2017-10-14 23:42:48,2017-10-15 11:42:48,2017-10-23 23:42:48,2017-10-19 23:42:48,1,9,5,1,279.4,42.05,0.1505,1,moveis_escritorio,4.0
O02990,C01315,RR,alto alegre,delivered,2017-05-29 18:43:20,2017-05-30 18:43:20,2017-06-13 18:43:20,2017-06-06 18:43:20,1,15,8,2,503.49,26.79,0.0529,1,artigos_nautica,2.0
O03002,C00758,PB,campina grande,delivered,2017-09-18 14:17:31,2017-09-20 07:17:31,2017-10-10 14:17:31,2017-10-06 14:17:31,1,22,18,1,422.41,18.51,0.0438,1,construcao_ferramentas,4.0
O03006,C00890,PA,maraba,delivered,2018-01-07 15:43:28,2018-01-09 10:43:28,2018-01-16 15:43:28,2018-01-29 15:43:28,0,9,22,1,473.41,48.49,0.1024,1,automotivo,2.0
O03024,C00816,TO,araguaina,delivered,2017-07-03 04:32:02,2017-07-04 18:32:02,2017-07-31 04:32:02,2017-07-22 04:32:02,1,28,19,1,17.65,42.0,2.3796,1,casa_sala,2.0
O03039,C01093,TO,palmas,delivered,2017-02-03 22:50:34,2017-02-04 17:50:34,2017-02-24 22:50:34,2017-02-25 22:50:34,0,21,22,1,474.0,14.54,0.0307,1,bebes,1.0
O03041,C01011,MS,campo grande,delivered,2017-08-03 08:04:57,2017-08-03 11:04:57,2017-08-14 08:04:57,2017-08-25 08:04:57,0,11,22,3,597.85,90.08,0.1824,1,alimentos_bebidas,5.0
O03044,C01842,PE,olinda,delivered,2017-05-09 23:00:19,2017-05-10 02:00:19,2017-05-29 23:00:19,2017-05-27 23:00:19,1,20,18,1,32.51,26.15,0.8044,1,informatica_acessorios,1.0
O03068,C01914,RS,santa maria,delivered,2018-08-26 18:02:47,2018-08-28 08:02:47,2018-09-20 18:02:47,2018-09-19 18:02:47,1,25,24,1,121.55,7.65,0.0629,1,casa_limpeza,1.0
O03079,C00912,RN,mossoro,delivered,2017-02-07 09:28:54,2017-02-07 10:28:54,2017-03-02 09:28:54,2017-02-25 09:28:54,1,23,18,1,76.45,23.14,0.3027,1,casa_utilidades,3.0
O03081,C00996,ES,cariacica,delivered,2017-03-30 14:37:29,2017-04-01 01:37:29,2017-04-17 14:37:29,2017-04-17 14:37:29,0,18,18,4,1381.98,143.25,0.1149,1,alimentos_bebidas,3.0
O03088,C00764,AM,manaus,delivered,2017-02-06 02:37:39,2017-02-08 00:37:39,2017-02-16 02:37:39,2017-02-22 02:37:39,0,10,16,1,205.19,39.05,0.1903,0,casa_escritorio,5.0
O03113,C00287,ES,serra,delivered,2018-03-10 16:33:27,2018-03-11 07:33:27,2018-03-29 16:33:27,2018-03-23 16:33:27,1,19,13,1,278.3,24.49,0.088,1,casa_iluminacao,3.0
O03120,C00631,TO,araguaina,delivered,2017-02-19 19:52:28,2017-02-21 18:52:28,2017-03-01 19:52:28,2017-03-08 19:52:28,0,10,17,5,1033.6,168.99,0.2908,1,casa_garagem,5.0
O03138,C00100,RS,caxias do sul,delivered,2017-02-13 01:01:21,2017-02-14 14:01:21,2017-02-23 01:01:21,2017-02-24 01:01:21,0,10,11,1,141.74,5.16,0.0364,1,brinquedos,5.0
O03140,C00127,GO,goiania,delivered,2016-09-04 04:51:52,2016-09-04 08:51:52,2016-09-12 04:51:52,2016-09-27 04:51:52,0,8,23,2,713.28,68.26,0.0984,1,casa_jardim,2.0
O03154,C00257,MG,montes claros,delivered,2016-10-12 04:05:33,2016-10-13 17:05:33,2016-10-17 04:05:33,2016-11-06 04:05:33,0,5,25,1,52.59,5.7,0.1084,1,casa_conforto_2,5.0
O03156,C01633,PB,bayeux,delivered,2016-12-03 00:16:06,2016-12-03 10:16:06,2016-12-08 00:16:06,2016-12-11 00:16:06,0,5,8,1,415.84,45.51,0.1094,1,moda_roupa,5.0
O03167,C01029,RS,caxias do sul,delivered,2018-04-14 11:06:39,2018-04-15 12:06:39,2018-04-21 11:06:39,2018-05-04 11:06:39,0,7,20,2,627.42,84.08,0.1332,1,casa_outros,2.0
O03168,C01547,PA,anamideua,delivered,2017-10-06 13:31:12,2017-10-06 20:31:12,2017-10-26 13:31:12,2017-10-17 13:31:12,1,20,11,2,569.63,85.23,0.1917,1,livros_interesse,2.0
O03169,C01642,PA,belem,delivered,2018-10-12 22:58:45,2018-10-14 01:58:45,2018-10-17 22:58:45,2018-10-27 22:58:45,0,5,15,1,339.85,46.54,0.1369,1,fashion_roupa_feminina,5.0
O03179,C00602,RS,canoas,delivered,2018-06-24 13:13:47,2018-06-25 00:13:47,2018-07-23 13:13:47,2018-07-17 13:13:47,1,29,23,1,217.29,29.69,0.1366,1,casa_limpeza,1.0
O03187,C00150,MA,timon,delivered,2017-03-23 11:40:35,2017-03-25 00:40:35,2017-04-08 11:40:35,2017-04-08 11:40:35,0,16,16,1,206.35,30.11,0.1459,1,perfumaria,5.0
O03192,C00940,RR,mucajai,delivered,2016-10-08 15:15:40,2016-10-09 05:15:40,2016-10-30 15:15:40,2016-10-29 15:15:40,1,22,21,1,38.12,9.71,0.2547,1,moveis_cozinha,3.0
O03207,C00574,GO,aparecida de goiania,delivered,2016-11-20 18:38:50,2016-11-21 02:38:50,2016-11-27 18:38:50,2016-12-03 18:38:50,0,7,13,3,640.44,105.8,0.2195,1,casa_lavanderia,5.0
O03221,C00077,PA,santarem,delivered,2017-04-29 10:09:33,2017-04-30 16:09:33,2017-05-23 10:09:33,2017-05-07 10:09:33,1,24,8,1,10.6,25.75,2.4292,1,cds_dvds_musicais,2.0
O03254,C01596,CE,sobral,delivered,2017-10-19 05:43:50,2017-10-19 07:43:50,2017-11-13 05:43:50,2017-11-04 05:43:50,1,25,16,1,184.88,26.29,0.1422,1,casa_cozinha,3.0
O03256,C01398,SE,estancia,delivered,2018-03-21 06:38:12,2018-03-21 19:38:12,2018-04-12 06:38:12,2018-04-01 06:38:12,1,22,11,4,850.13,123.93,0.2428,1,brinquedos,1.0
O03260,C00980,PE,recife,delivered,2017-09-13 20:53:34,2017-09-14 23:53:34,2017-09-19 20:53:34,2017-09-28 20:53:34,0,6,15,2,254.38,53.11,0.2349,1,papelaria,3.0
O03269,C00788,AC,tarauaca,delivered,2017-09-12 15:47:12,2017-09-14 13:47:12,2017-09-28 15:47:12,2017-10-07 15:47:12,0,16,25,1,382.77,40.24,0.1051,1,papelaria,5.0
O03272,C01419,RN,caico,delivered,2017-04-04 11:26:55,2017-04-06 06:26:55,2017-04-18 11:26:55,2017-04-13 11:26:55,1,14,9,1,176.47,21.35,0.121,1,cool_stuff,2.0
O03283,C01480,RN,parnamirim,delivered,2016-10-29 14:09:51,2016-10-31 04:09:51,2016-11-27 14:09:51,2016-11-22 14:09:51,1,29,24,2,898.36,73.07,0.0816,1,fashion_roupa_masculina,2.0
O03300,C01503,RS,caxias do sul,delivered,2018-03-07 23:49:52,2018-03-09 17:49:52,2018-04-02 23:49:52,2018-03-15 23:49:52,1,26,8,1,35.94,34.24,0.9527,1,market_place,2.0
O03302,C01043,PB,santa rita,delivered,2018-10-10 07:52:14,2018-10-11 14:52:14,2018-10-17 07:52:14,2018-10-31 07:52:14,0,7,21,2,275.21,47.06,0.3165,1,moveis_quarto,3.0
O03304,C01116,AP,oida,delivered,2018-03-10 09:52:21,2018-03-10 11:52:21,2018-04-02 09:52:21,2018-03-27 09:52:21,1,23,17,1,442.19,18.32,0.0414,1,casa_conforto,4.0
O03316,C00256,PB,bayeux,delivered,2018-07-17 18:50:22,2018-07-18 01:50:22,2018-08-13 18:50:22,2018-08-03 18:50:22,1,27,17,1,266.48,36.21,0.1359,1,casa_iluminacao,4.0
O03322,C01585,AL,rio largo,delivered,2016-11-07 17:02:13,2016-11-07 18:02:13,2016-11-15 17:02:13,2016-11-20 17:02:13,0,8,13,2,358.12,54.83,0.2264,1,la_cuisine,5.0
O03326,C00209,MA,sao jose de ribamar,delivered,2017-04-21 21:37:38,2017-04-22 19:37:38,2017-04-26 21:37:38,2017-05-16 21:37:38,0,5,25,2,620.02,38.31,0.094,1,casa_conforto_2,3.0
O03335,C00591,PA,castanhal,delivered,2016-10-09 15:41:27,2016-10-11 12:41:27,2016-10-27 15:41:27,2016-10-16 15:41:27,1,18,7,4,1144.95,109.01,0.1498,1,beleza_saude,4.0
O03346,C00493,AM,manacapuru,delivered,2017-04-28 15:08:07,2017-04-28 17:08:07,2017-05-26 15:08:07,2017-05-17 15:08:07,1,28,19,3,843.6,87.18,0.1112,1,consoles_games,2.0
O03362,C01862,AP,laranjal do jari,delivered,2018-08-22 18:59:43,2018-08-24 09:59:43,2018-09-15 18:59:43,2018-09-03 18:59:43,1,24,12,5,1315.6,153.64,0.1424,1,bebes,1.0
O03376,C00288,RO,vilhena,delivered,2017-01-13 22:42:33,2017-01-15 17:42:33,2017-01-31 22:42:33,2017-01-29 22:42:33,1,18,16,4,962.76,106.58,0.152,1,beleza_saude,3.0
O03390,C01133,SP,santos,delivered,2017-05-31 22:43:42,2017-06-02 21:43:42,2017-06-10 22:43:42,2017-06-13 22:43:42,0,10,13,1,283.45,25.22,0.089,1,casa_utilidades,4.0
O03395,C00613,RO,porto velho,delivered,2017-09-22 09:23:09,2017-09-23 13:23:09,2017-10-06 09:23:09,2017-10-04 09:23:09,1,14,12,3,560.5,118.58,0.3272,1,casa_jardim,5.0
O03402,C01498,PR,londrina,delivered,2018-10-23 00:50:52,2018-10-24 08:50:52,2018-11-14 00:50:52,2018-11-01 00:50:52,1,22,9,1,104.45,9.39,0.0899,1,casa_iluminacao,5.0
O03410,C01013,PA,maraba,delivered,2016-10-24 03:37:58,2016-10-24 17:37:58,2016-11-05 03:37:58,2016-11-18 03:37:58,0,12,25,2,789.94,65.01,0.0892,1,casa_banheiro,5.0
O03413,C00558,AM,manacapuru,delivered,2016-09-14 05:13:54,2016-09-15 20:13:54,2016-10-12 05:13:54,2016-09-25 05:13:54,1,28,11,1,240.01,24.81,0.1034,0,portateis_casa_forno_cafe,1.0
O03420,C00006,SP,ribeirao preto,delivered,2017-02-01 01:50:23,2017-02-01 17:50:23,2017-02-21 01:50:23,2017-02-11 01:50:23,1,20,10,1,158.82,6.14,0.0387,1,casa_garagem,5.0
O03422,C01404,AP,oida,delivered,2016-12-29 07:12:47,2016-12-31 03:12:47,2017-01-04 07:12:47,2017-01-23 07:12:47,0,6,25,2,255.38,59.85,0.2108,1,cama_mesa_banho,5.0
O03425,C00503,CE,caucaia,delivered,2018-04-14 21:25:50,2018-04-16 12:25:50,2018-05-10 21:25:50,2018-05-05 21:25:50,1,26,21,2,496.17,63.04,0.1193,1,cool_stuff,3.0
O03447,C00853,PE,petrolina,delivered,2017-01-29 07:33:38,2017-01-31 03:33:38,2017-02-21 07:33:38,2017-02-06 07:33:38,1,23,8,1,238.58,5.59,0.0234,1,casa_cozinha,2.0
O03452,C00444,MS,corumba,delivered,2018-04-10 06:39:28,2018-04-11 18:39:28,2018-04-20 06:39:28,2018-04-15 06:39:28,1,10,5,2,440.03,75.57,0.1698,1,casa_escritorio,2.0
O03470,C01927,PI,teresina,delivered,2016-09-15 14:56:52,2016-09-16 18:56:52,2016-09-24 14:56:52,2016-10-10 14:56:52,0,9,25,4,573.68,97.28,0.3513,1,casa_cozinha,5.0
O03473,C00919,PR,curitiba,delivered,2017-06-04 12:38:12,2017-06-06 12:38:12,2017-06-20 12:38:12,2017-06-12 12:38:12,1,16,8,1,180.12,43.8,0.2432,1,automotivo,4.0
O03475,C01039,MA,sao luis,delivered,2016-12-20 08:12:44,2016-12-20 14:12:44,2016-12-29 08:12:44,2017-01-10 08:12:44,0,9,21,2,552.45,54.19,0.137,1,casa_outros,3.0
O03500,C00858,DF,ceilandia,delivered,2018-05-16 02:14:02,2018-05-17 11:14:02,2018-05-25 02:14:02,2018-05-27 02:14:02,0,9,11,1,197.79,48.44,0.2449,1,casa_jardim,5.0
O03534,C01298,SC,criciuma,delivered,2018-04-03 18:33:39,2018-04-05 09:33:39,2018-04-21 18:33:39,2018-04-28 18:33:39,0,18,25,1,73.52,29.93,0.4071,1,brinquedos,5.0
O03547,C00211,GO,luziania,delivered,2018-02-06 01:55:08,2018-02-07 03:55:08,2018-02-20 01:55:08,2018-02-24 01:55:08,0,14,18,1,209.48,20.25,0.0967,1,alimentos_bebidas,4.0
O03548,C00886,GO,luziania,delivered,2018-01-20 02:25:12,2018-01-20 03:25:12,2018-01-25 02:25:12,2018-02-11 02:25:12,0,5,22,1,312.0,32.26,0.1034,1,beleza_saude,5.0
O03562,C01761,MG,contagem,delivered,2016-11-20 10:09:01,2016-11-22 05:09:01,2016-12-03 10:09:01,2016-12-11 10:09:01,0,13,21,1,490.43,41.86,0.0854,1,moveis_cozinha,5.0
O03563,C00719,TO,araguaina,delivered,2017-08-09 21:35:11,2017-08-09 23:35:11,2017-08-14 21:35:11,2017-08-14 21:35:11,0,5,5,2,214.98,76.87,0.3541,1,moveis_decoracao,5.0
O03568,C00942,TO,porto nacional,delivered,2018-02-27 03:18:56,2018-02-28 13:18:56,2018-03-17 03:18:56,2018-03-05 03:18:56,1,18,6,1,216.69,36.04,0.1663,1,market_place,4.0
O03570,C01937,BA,itabuna,delivered,2017-06-29 20:08:30,2017-07-01 20:08:30,2017-07-10 20:08:30,2017-07-13 20:08:30,0,11,14,2,806.56,84.45,0.1109,1,casa_conforto,4.0
O03576,C01815,PI,campo maior,delivered,2018-07-26 14:44:56,2018-07-27 10:44:56,2018-08-09 14:44:56,2018-08-14 14:44:56,0,14,19,1,266.69,19.81,0.0743,1,casa_conforto_2,5.0
O03577,C00946,PE,caruaru,delivered,2018-06-27 21:16:53,2018-06-28 09:16:53,2018-07-04 21:16:53,2018-07-14 21:16:53,0,7,17,2,311.88,50.17,0.276,1,casa_jardim,2.0
O03579,C01044,TO,porto nacional,delivered,2018-09-29 16:18:37,2018-10-01 00:18:37,2018-10-17 16:18:37,2018-10-15 16:18:37,1,18,16,1,465.14,16.48,0.0354,1,casa_conforto,5.0
O03589,C01744,SC,florianopolis,delivered,2017-11-06 11:45:47,2017-11-08 11:45:47,2017-11-22 11:45:47,2017-11-22 11:45:47,0,16,16,1,350.04,17.71,0.0506,1,alimentos_bebidas,5.0
O03605,C01230,DF,ceilandia,delivered,2018-04-06 10:18:03,2018-04-06 12:18:03,2018-04-28 10:18:03,2018-04-13 10:18:03,1,22,7,4,1226.46,122.12,0.1152,1,artigos_nautica,3.0
O03613,C00519,BA,vitoria da conquista,delivered,2018-08-06 22:15:16,2018-08-08 21:15:16,2018-08-19 22:15:16,2018-08-16 22:15:16,1,13,10,2,621.8,58.51,0.1429,1,fashion_roupa_feminina,2.0
O03615,C00006,SP,ribeirao preto,delivered,2017-06-20 00:18:46,2017-06-20 21:18:46,2017-07-02 00:18:46,2017-06-28 00:18:46,1,12,8,3,622.46,76.01,0.8187,1,casa_conforto,2.0
O03618,C01101,AL,penedo,delivered,2018-05-25 03:29:12,2018-05-26 06:29:12,2018-06-24 03:29:12,2018-06-14 03:29:12,1,30,20,2,826.48,38.02,0.0445,1,fashion_underwear,1.0
O03622,C01095,PR,curitiba,delivered,2016-12-31 23:59:22,2017-01-01 22:59:22,2017-01-22 23:59:22,2017-01-21 23:59:22,1,22,21,1,338.47,13.54,0.04,1,moda_roupa,4.0
O03625,C00119,RR,boa vista,delivered,2017-12-16 14:36:06,2017-12-18 12:36:06,2018-01-13 14:36:06,2017-12-23 14:36:06,1,28,7,1,491.71,18.54,0.0377,1,casa_limpeza,3.0
O03672,C01145,PI,campo maior,delivered,2018-10-05 12:11:45,2018-10-06 22:11:45,2018-10-24 12:11:45,2018-10-24 12:11:45,0,19,19,1,416.58,36.08,0.0866,1,cool_stuff,4.0
O03674,C01699,TO,paraíso do tocantins,delivered,2017-09-05 04:25:13,2017-09-05 09:25:13,2017-09-29 04:25:13,2017-09-11 04:25:13,1,24,6,3,1073.18,89.2,0.0881,1,casa_iluminacao,4.0
O03685,C00116,RR,rorainopolis,delivered,2018-01-28 18:47:04,2018-01-30 17:47:04,2018-02-21 18:47:04,2018-02-14 18:47:04,1,24,17,1,243.69,36.25,0.1488,0,artes,2.0
O03688,C01215,AM,manaus,delivered,2017-05-18 02:43:04,2017-05-19 02:43:04,2017-06-11 02:43:04,2017-06-09 02:43:04,1,24,22,2,387.45,47.31,0.2472,1,moda_roupa,1.0
O03691,C00765,PA,maraba,delivered,2017-07-23 17:00:40,2017-07-23 20:00:40,2017-08-11 17:00:40,2017-08-13 17:00:40,0,19,21,3,1109.9,114.12,0.1035,1,casa_utilidades,5.0
O03692,C00703,BA,salvador,delivered,2018-06-26 11:12:54,2018-06-27 22:12:54,2018-07-20 11:12:54,2018-07-14 11:12:54,1,24,18,1,137.71,13.51,0.0981,0,fraldas_higiene,1.0
O03698,C01229,SP,ribeirao preto,delivered,2017-05-05 10:33:16,2017-05-06 19:33:16,2017-05-23 10:33:16,2017-05-18 10:33:16,1,18,13,2,357.9,78.14,0.2211,1,casa_iluminacao,3.0
O03702,C01618,AL,delmiro gouveia,delivered,2018-10-06 21:06:33,2018-10-08 01:06:33,2018-10-16 21:06:33,2018-10-19 21:06:33,0,10,13,1,153.09,15.98,0.1044,1,cds_dvds_musicais,4.0
O03724,C01645,SP,santos,delivered,2018-10-19 18:14:54,2018-10-20 18:14:54,2018-10-27 18:14:54,2018-10-26 18:14:54,1,8,7,1,449.92,9.66,0.0215,1,moveis_decoracao,3.0
O03729,C00815,AM,coari,delivered,2018-09-13 01:40:03,2018-09-14 19:40:03,2018-09-25 01:40:03,2018-09-30 01:40:03,0,12,17,1,296.85,43.38,0.1461,1,casa_construcao,5.0
O03732,C01428,AL,penedo,delivered,2017-02-03 10:19:02,2017-02-05 01:19:02,2017-02-20 10:19:02,2017-02-23 10:19:02,0,17,20,3,766.33,93.61,0.138,1,automotivo,3.0
O03733,C00768,RN,natal,delivered,2018-03-30 06:43:39,2018-03-30 11:43:39,2018-04-23 06:43:39,2018-04-12 06:43:39,1,24,13,1,242.8,23.14,0.0953,1,casa_outros,3.0
O03742,C00885,TO,gurupi,delivered,2018-09-02 06:51:18,2018-09-04 01:51:18,2018-09-15 06:51:18,2018-09-20 06:51:18,0,13,18,1,74.24,46.53,0.6268,1,construcao_ferramentas,3.0
O03746,C00956,PE,caruaru,delivered,2017-03-14 03:56:28,2017-03-14 07:56:28,2017-03-20 03:56:28,2017-03-22 03:56:28,0,6,8,1,276.8,28.85,0.1042,1,artigos_nautica,5.0
O03751,C01971,ES,vitoria,delivered,2018-10-18 11:18:12,2018-10-19 09:18:12,2018-10-24 11:18:12,2018-10-30 11:18:12,0,6,12,2,723.29,46.06,0.066,1,instrumentos_musicais,4.0
O03753,C01299,PE,caruaru,delivered,2018-09-28 18:25:38,2018-09-29 14:25:38,2018-10-18 18:25:38,2018-10-13 18:25:38,1,20,15,1,365.81,7.07,0.0193,1,automotivo,2.0
O03766,C01923,RO,vilhena,delivered,2017-11-15 05:57:36,2017-11-16 05:57:36,2017-11-30 05:57:36,2017-11-21 05:57:36,1,15,6,1,331.86,15.06,0.0454,1,livros_interesse,5.0
O03781,C00338,AL,maceio,delivered,2018-10-06 01:41:23,2018-10-07 18:41:23,2018-10-28 01:41:23,2018-10-18 01:41:23,1,22,12,1,234.51,48.0,0.2047,1,papelaria,3.0
O03789,C01938,SE,itabaiana,delivered,2017-10-16 18:09:47,2017-10-18 16:09:47,2017-10-21 18:09:47,2017-10-25 18:09:47,0,5,9,1,133.99,19.49,0.1455,1,casa_banheiro,5.0
O03819,C01248,AP,macapa,delivered,2016-10-02 17:48:12,2016-10-03 18:48:12,2016-10-13 17:48:12,2016-10-25 17:48:12,0,11,23,2,552.64,34.85,0.0806,1,eletroportateis,5.0
O03837,C01052,AM,coari,delivered,2018-09-20 01:23:04,2018-09-21 14:23:04,2018-09-30 01:23:04,2018-10-05 01:23:04,0,10,15,3,470.84,125.81,0.4101,1,casa_banheiro,5.0
O03841,C00622,MT,tangara da serra,delivered,2016-12-24 12:15:07,2016-12-24 21:15:07,2017-01-18 12:15:07,2017-01-10 12:15:07,1,25,17,3,681.88,32.74,0.1193,1,alimentos_bebidas,5.0
O03847,C00665,PA,anamideua,delivered,2018-08-08 21:21:49,2018-08-10 17:21:49,2018-09-06 21:21:49,2018-08-20 21:21:49,1,29,12,1,450.89,45.19,0.1002,1,casa_sala,4.0
O03848,C01726,RJ,niteroi,delivered,2017-01-03 07:41:36,2017-01-05 00:41:36,2017-01-30 07:41:36,2017-01-15 07:41:36,1,27,12,4,1190.17,105.69,0.0964,1,casa_construcao,4.0
O03857,C00847,RN,sao goncalo do amarante,delivered,2017-03-02 07:45:33,2017-03-02 14:45:33,2017-03-20 07:45:33,2017-03-25 07:45:33,0,18,23,1,174.78,9.99,0.0572,1,portateis_cozinha,5.0
O03861,C00431,AM,parintins,delivered,2017-12-04 21:17:37,2017-12-06 06:17:37,2017-12-28 21:17:37,2017-12-09 21:17:37,1,24,5,1,191.88,15.99,0.0833,1,livros_interesse,4.0
O03870,C01801,RR,mucajai,delivered,2018-07-22 18:58:59,2018-07-22 23:58:59,2018-07-27 18:58:59,2018-07-28 18:58:59,0,5,6,1,51.76,49.75,0.9612,1,perfumaria,3.0
O03882,C00068,AC,sena madureira,delivered,2018-04-18 06:07:52,2018-04-18 23:07:52,2018-05-17 06:07:52,2018-05-10 06:07:52,1,29,22,1,214.58,39.31,0.1832,1,flores,4.0
O03897,C01650,RN,caico,delivered,2017-12-26 03:01:07,2017-12-27 16:01:07,2018-01-11 03:01:07,2018-01-05 03:01:07,1,16,10,1,111.01,39.7,0.3576,1,eletronicos,3.0
O03905,C00610,RN,parnamirim,delivered,2018-03-24 10:52:12,2018-03-25 04:52:12,2018-04-04 10:52:12,2018-04-14 10:52:12,0,11,21,2,447.19,83.96,0.2769,1,cds_dvds_musicais,5.0
O03908,C00655,PB,patos,delivered,2016-09-28 19:36:02,2016-09-29 02:36:02,2016-10-13 19:36:02,2016-10-21 19:36:02,0,15,23,1,347.31,25.19,0.0725,1,papelaria,5.0
O03911,C00599,ES,vitoria,delivered,2017-06-21 00:58:59,2017-06-21 13:58:59,2017-07-05 00:58:59,2017-07-12 00:58:59,0,14,21,1,346.02,18.17,0.0525,0,perfumaria,1.0
O03913,C00443,CE,sobral,delivered,2018-05-12 02:39:15,2018-05-13 13:39:15,2018-05-15 02:39:15,2018-05-30 02:39:15,0,3,18,1,25.46,19.75,0.7757,1,papelaria,4.0
O03925,C01873,MT,tangara da serra,delivered,2018-01-15 07:38:50,2018-01-15 15:38:50,2018-02-13 07:38:50,2018-01-26 07:38:50,1,29,11,1,417.53,23.99,0.0575,1,fashion_esporte,3.0
O03930,C00267,SC,blumenau,delivered,2018-02-20 05:21:58,2018-02-21 20:21:58,2018-03-12 05:21:58,2018-03-04 05:21:58,1,20,12,3,616.61,80.32,0.3395,1,carnes,3.0
O03946,C00845,RO,vilhena,delivered,2017-08-25 17:39:10,2017-08-25 21:39:10,2017-08-30 17:39:10,2017-09-07 17:39:10,0,5,13,1,268.31,6.72,0.025,1,sinalizacao_seguranca,5.0
O03957,C00884,PI,campo maior,delivered,2017-05-13 00:40:56,2017-05-15 00:40:56,2017-06-08 00:40:56,2017-05-25 00:40:56,1,26,12,3,907.33,115.21,0.172,1,portateis_casa_forno_cafe,3.0
O03982,C01928,PI,parnaiba,delivered,2018-09-26 11:06:14,2018-09-27 21:06:14,2018-10-01 11:06:14,2018-10-08 11:06:14,0,5,12,1,330.43,30.2,0.0914,1,instrumentos_musicais,5.0
O03983,C01685,PB,santa rita,delivered,2018-02-19 08:12:02,2018-02-19 10:12:02,2018-03-17 08:12:02,2018-03-03 08:12:02,1,26,12,1,171.42,32.11,0.1873,1,eletrodomesticos,2.0
O03991,C00019,SE,lagarto,delivered,2016-09-02 04:55:35,2016-09-03 10:55:35,2016-09-07 04:55:35,2016-09-17 04:55:35,0,5,15,1,265.27,5.83,0.022,0,la_cuisine,5.0
O03999,C00995,AL,rio largo,delivered,2018-10-19 00:32:30,2018-10-20 12:32:30,2018-11-10 00:32:30,2018-10-30 00:32:30,1,22,11,1,471.78,39.58,0.0839,1,consoles_games,3.0
O04005,C01554,PI,floriano,delivered,2017-05-08 00:52:12,2017-05-09 01:52:12,2017-05-27 00:52:12,2017-05-14 00:52:12,1,19,6,1,477.54,44.45,0.0931,1,flores,2.0
O04018,C00510,AC,rio branco,delivered,2017-01-17 21:15:12,2017-01-19 06:15:12,2017-02-09 21:15:12,2017-02-11 21:15:12,0,23,25,1,60.03,27.28,0.4544,1,casa_garagem,4.0
O04058,C01702,AL,maceio,delivered,2017-02-06 08:26:17,2017-02-07 22:26:17,2017-02-28 08:26:17,2017-02-15 08:26:17,1,22,9,5,1111.69,106.36,0.2059,1,casa_garagem,4.0
O04061,C01131,AL,rio largo,delivered,2017-07-26 10:14:54,2017-07-27 05:14:54,2017-07-30 10:14:54,2017-08-07 10:14:54,0,4,12,3,375.38,49.54,0.4893,1,casa_escritorio,5.0
O04069,C00940,RR,mucajai,delivered,2017-07-28 09:17:24,2017-07-28 14:17:24,2017-08-03 09:17:24,2017-08-10 09:17:24,0,6,13,2,583.09,69.01,0.1259,1,dvds_blu_ray,5.0
O04078,C01555,MA,imperatriz,delivered,2018-08-02 11:31:35,2018-08-03 10:31:35,2018-08-07 11:31:35,2018-08-27 11:31:35,0,5,25,1,192.89,31.2,0.1618,0,moveis_cozinha,4.0
O04082,C00660,AM,parintins,delivered,2017-08-17 20:38:56,2017-08-18 22:38:56,2017-08-29 20:38:56,2017-08-22 20:38:56,1,12,5,1,231.2,31.75,0.1373,1,relogios_presentes,5.0
O04097,C01590,CE,juazeiro do norte,delivered,2016-10-12 04:30:08,2016-10-12 18:30:08,2016-10-26 04:30:08,2016-10-24 04:30:08,1,14,12,1,58.47,8.54,0.1461,1,casa_construcao,3.0
O04105,C01712,CE,caucaia,delivered,2017-04-27 08:25:41,2017-04-28 15:25:41,2017-05-12 08:25:41,2017-05-19 08:25:41,0,15,22,1,278.15,5.7,0.0205,1,fashion_roupa_feminina,2.0
O04111,C00280,MS,campo grande,delivered,2018-02-09 14:52:48,2018-02-09 16:52:48,2018-03-09 14:52:48,2018-03-04 14:52:48,1,28,23,4,1129.46,108.66,0.0998,1,casa_quarto,3.0
O04113,C00821,MS,ponta pora,delivered,2017-07-22 02:08:16,2017-07-23 16:08:16,2017-08-13 02:08:16,2017-08-10 02:08:16,1,22,19,1,368.42,29.77,0.0808,1,bebes,2.0
O04126,C01364,AL,arapiraca,delivered,2018-04-07 06:27:40,2018-04-08 19:27:40,2018-05-04 06:27:40,2018-04-29 06:27:40,1,27,22,2,406.27,76.38,0.226,1,consoles_games,1.0
O04127,C01747,RR,boa vista,delivered,2018-05-22 22:59:00,2018-05-24 05:59:00,2018-06-15 22:59:00,2018-06-02 22:59:00,1,24,11,1,452.08,37.87,0.0838,1,artigos_nautica,5.0
O04173,C00132,RR,alto alegre,delivered,2018-07-30 18:59:02,2018-07-30 20:59:02,2018-08-06 18:59:02,2018-08-21 18:59:02,0,7,22,1,66.12,38.6,0.5838,1,casa_banheiro,5.0
O04174,C00963,SP,sao paulo,delivered,2017-09-29 14:51:04,2017-10-01 10:51:04,2017-10-23 14:51:04,2017-10-09 14:51:04,1,24,10,2,585.92,54.32,0.093,1,esporte_lazer,2.0
O04176,C00322,AP,oida,delivered,2018-01-22 08:18:39,2018-01-23 07:18:39,2018-02-15 08:18:39,2018-01-27 08:18:39,1,24,5,2,488.08,43.03,0.1319,1,artes,4.0
O04180,C00276,MS,corumba,delivered,2017-03-20 09:32:25,2017-03-21 01:32:25,2017-03-27 09:32:25,2017-04-14 09:32:25,0,7,25,2,383.75,46.87,0.1238,1,casa_escritorio,5.0
O04182,C01399,PR,curitiba,delivered,2017-04-10 03:01:26,2017-04-11 20:01:26,2017-04-27 03:01:26,2017-04-25 03:01:26,1,17,15,2,564.48,39.74,0.0815,1,livros_interesse,2.0
O04191,C00057,AL,arapiraca,delivered,2017-02-03 02:45:59,2017-02-04 00:45:59,2017-02-09 02:45:59,2017-02-23 02:45:59,0,6,20,1,385.15,9.11,0.0237,1,artigos_nautica,3.0
O04203,C01874,PB,patos,delivered,2018-01-26 00:49:41,2018-01-26 11:49:41,2018-02-08 00:49:41,2018-02-16 00:49:41,0,13,21,3,1084.28,43.18,0.0421,1,alimentos_bebidas,3.0
O04208,C00242,PI,teresina,delivered,2018-07-03 17:25:09,2018-07-03 22:25:09,2018-08-02 17:25:09,2018-07-17 17:25:09,1,30,14,4,531.84,99.12,0.4428,1,carnes,2.0
O04212,C01155,AP,santana,delivered,2018-05-25 21:18:16,2018-05-27 02:18:16,2018-06-12 21:18:16,2018-06-18 21:18:16,0,18,24,1,476.56,45.88,0.0963,1,casa_cozinha,5.0
O04220,C01219,PA,maraba,delivered,2018-04-08 00:50:32,2018-04-08 04:50:32,2018-04-27 00:50:32,2018-04-19 00:50:32,1,19,11,2,899.29,64.58,0.0717,1,artes,5.0
O04224,C00800,GO,rio verde,delivered,2017-02-12 09:31:48,2017-02-14 09:31:48,2017-02-22 09:31:48,2017-03-07 09:31:48,0,10,23,3,683.47,99.86,0.1671,1,fashion_underwear,5.0
O04231,C00105,MT,rondonopolis,delivered,2016-09-14 06:52:32,2016-09-16 00:52:32,2016-09-24 06:52:32,2016-10-04 06:52:32,0,10,20,3,639.07,127.3,0.3102,1,casa_utilidades,5.0
O04251,C00659,RR,caracarai,delivered,2017-11-13 21:09:13,2017-11-13 22:09:13,2017-11-22 21:09:13,2017-12-01 21:09:13,0,9,18,1,64.21,32.02,0.4987,1,eletrodomesticos_2,5.0
O04263,C00221,ES,serra,delivered,2017-09-23 05:53:21,2017-09-25 00:53:21,2017-10-16 05:53:21,2017-10-02 05:53:21,1,23,9,1,54.04,39.31,0.7274,1,portateis_cozinha,3.0
O04272,C01757,MT,varzea grande,delivered,2017-06-25 18:34:42,2017-06-27 07:34:42,2017-06-29 18:34:42,2017-07-08 18:34:42,0,4,13,2,425.55,46.96,0.1574,1,cool_stuff,2.0
O04282,C00374,RO,porto velho,delivered,2016-12-24 18:39:31,2016-12-26 06:39:31,2017-01-17 18:39:31,2017-01-05 18:39:31,1,24,12,1,426.28,37.67,0.0884,1,carnes,2.0
O04291,C00820,TO,porto nacional,delivered,2017-06-28 14:47:15,2017-06-29 00:47:15,2017-07-22 14:47:15,2017-07-19 14:47:15,1,24,21,1,11.6,34.46,2.9707,0,livros_interesse,3.0
O04301,C00559,PR,maringa,delivered,2018-06-10 03:00:41,2018-06-11 00:00:41,2018-06-27 03:00:41,2018-06-16 03:00:41,1,17,6,4,922.48,89.67,0.1353,1,carnes,3.0
O04309,C01056,CE,juazeiro do norte,delivered,2016-09-17 10:14:40,2016-09-17 23:14:40,2016-10-16 10:14:40,2016-10-12 10:14:40,1,29,25,1,57.17,46.93,0.8209,1,moveis_decoracao,1.0
O04334,C01564,AM,manacapuru,delivered,2017-10-06 15:46:21,2017-10-08 10:46:21,2017-10-10 15:46:21,2017-10-20 15:46:21,0,4,14,1,79.46,9.17,0.1154,1,seguros_servicos,5.0
O04335,C00171,TO,palmas,delivered,2018-05-22 07:29:37,2018-05-23 02:29:37,2018-06-18 07:29:37,2018-06-02 07:29:37,1,27,11,1,39.46,31.33,0.794,1,pc_gamer,2.0
O04347,C00429,PA,castanhal,delivered,2017-06-11 17:57:34,2017-06-12 10:57:34,2017-06-21 17:57:34,2017-06-26 17:57:34,0,10,15,2,263.48,29.8,0.2723,1,fashion_roupa_feminina,4.0
O04352,C00498,DF,guara,delivered,2018-03-09 12:39:05,2018-03-11 01:39:05,2018-03-28 12:39:05,2018-03-20 12:39:05,1,19,11,1,397.3,14.55,0.0366,1,informatica_acessorios,2.0
O04355,C00543,MA,timon,delivered,2017-04-29 13:43:18,2017-04-30 12:43:18,2017-05-17 13:43:18,2017-05-08 13:43:18,1,18,9,4,861.36,89.2,0.1351,1,carnes,2.0
O04361,C00987,SE,itabaiana,delivered,2017-09-27 13:50:58,2017-09-29 09:50:58,2017-10-25 13:50:58,2017-10-07 13:50:58,1,28,10,2,512.28,60.22,0.2888,1,beleza_saude,2.0
O04367,C01051,AC,rio branco,delivered,2017-10-06 18:16:55,2017-10-07 23:16:55,2017-10-11 18:16:55,2017-10-18 18:16:55,0,5,12,1,114.5,14.85,0.1297,1,beleza_saude,5.0
O04374,C00587,DF,taguatinga,delivered,2017-12-02 15:42:23,2017-12-03 22:42:23,2017-12-18 15:42:23,2017-12-18 15:42:23,0,16,16,1,363.94,33.52,0.0921,1,carnes,5.0
O04379,C00210,BA,vitoria da conquista,delivered,2018-04-12 09:28:15,2018-04-12 12:28:15,2018-04-19 09:28:15,2018-05-01 09:28:15,0,7,19,1,414.17,13.56,0.0327,1,market_place,5.0
O04389,C01905,DF,guara,delivered,2016-10-15 14:50:45,2016-10-16 01:50:45,2016-11-04 14:50:45,2016-11-05 14:50:45,0,20,21,1,362.75,7.98,0.022,1,dvds_blu_ray,4.0
O04415,C01607,RJ,duque de caxias,delivered,2017-11-18 11:48:27,2017-11-19 13:48:27,2017-12-05 11:48:27,2017-11-30 11:48:27,1,17,12,1,261.25,35.77,0.1369,1,ferramentas_jardim,1.0
O04417,C01975,PE,caruaru,delivered,2017-11-07 16:37:47,2017-11-09 01:37:47,2017-11-18 16:37:47,2017-11-25 16:37:47,0,11,18,1,142.84,9.63,0.0674,1,fashion_bolsas,5.0
O04425,C00462,SE,itabaiana,delivered,2017-09-16 11:59:22,2017-09-18 00:59:22,2017-10-11 11:59:22,2017-09-24 11:59:22,1,25,8,2,779.08,74.6,0.0972,1,dvds_blu_ray,4.0
O04431,C00265,MG,juiz de fora,delivered,2018-07-31 19:41:24,2018-08-02 03:41:24,2018-08-27 19:41:24,2018-08-19 19:41:24,1,27,19,1,150.55,5.33,0.0354,1,carnes,3.0
O04439,C01413,RJ,campos,delivered,2017-12-31 03:20:48,2017-12-31 12:20:48,2018-01-24 03:20:48,2018-01-16 03:20:48,1,24,16,3,616.43,94.07,0.1849,1,casa_limpeza,1.0
O04443,C01454,AL,rio largo,delivered,2017-06-15 08:19:55,2017-06-15 14:19:55,2017-06-29 08:19:55,2017-07-05 08:19:55,0,14,20,1,141.01,40.38,0.2864,1,utilidades_domesticas,5.0
O04448,C01400,SC,criciuma,delivered,2017-09-11 21:23:04,2017-09-12 09:23:04,2017-09-16 21:23:04,2017-09-21 21:23:04,0,5,10,1,375.02,30.97,0.0826,1,audio,5.0
O04453,C00725,PA,castanhal,delivered,2018-09-13 20:24:33,2018-09-15 09:24:33,2018-10-04 20:24:33,2018-09-19 20:24:33,1,21,6,1,482.32,5.0,0.0104,1,perfumaria,2.0
O04456,C01852,AP,santana,delivered,2017-04-28 00:26:19,2017-04-28 21:26:19,2017-05-01 00:26:19,2017-05-05 00:26:19,0,3,7,3,834.29,76.05,0.1445,1,fashion_roupa_feminina,3.0
O04468,C01780,PB,bayeux,delivered,2016-10-27 01:55:06,2016-10-28 10:55:06,2016-11-20 01:55:06,2016-11-07 01:55:06,1,24,11,2,882.96,53.48,0.0585,1,carnes,1.0
O04481,C01357,SC,florianopolis,delivered,2018-10-13 18:46:09,2018-10-15 12:46:09,2018-10-18 18:46:09,2018-10-20 18:46:09,0,5,7,1,99.46,28.68,0.2884,1,sinalizacao_seguranca,4.0
O04500,C00878,MS,três lagoas,delivered,2018-10-10 21:38:39,2018-10-12 08:38:39,2018-10-19 21:38:39,2018-11-01 21:38:39,0,9,22,2,814.67,23.04,0.0295,1,casa_banheiro,5.0
O04505,C00883,RN,parnamirim,delivered,2018-09-16 01:05:00,2018-09-17 23:05:00,2018-10-01 01:05:00,2018-09-28 01:05:00,1,15,12,1,421.4,40.1,0.0952,1,casa_quarto,5.0
O04538,C00675,RR,rorainopolis,delivered,2017-12-01 05:19:16,2017-12-01 14:19:16,2017-12-27 05:19:16,2017-12-21 05:19:16,1,26,20,1,18.13,49.31,2.7198,1,automotivo,4.0
O04552,C01659,MG,contagem,delivered,2018-09-04 00:39:41,2018-09-05 22:39:41,2018-09-19 00:39:41,2018-09-24 00:39:41,0,15,20,1,296.51,8.28,0.0279,1,cama_mesa_banho,4.0
O04554,C01814,SC,blumenau,delivered,2018-01-19 23:24:14,2018-01-21 00:24:14,2018-02-05 23:24:14,2018-02-08 23:24:14,0,17,20,1,105.09,41.12,0.3913,1,fashion_bolsas,3.0
O04566,C01296,RS,canoas,delivered,2017-04-17 09:44:07,2017-04-18 07:44:07,2017-04-30 09:44:07,2017-04-25 09:44:07,1,13,8,1,231.2,39.32,0.1701,1,moveis_decoracao,2.0
O04569,C00124,SE,estancia,delivered,2018-05-29 12:20:12,2018-05-31 07:20:12,2018-06-24 12:20:12,2018-06-03 12:20:12,1,26,5,2,817.16,61.99,0.0794,1,casa_garagem,5.0
O04577,C01883,MG,montes claros,delivered,2018-07-08 04:41:15,2018-07-09 18:41:15,2018-07-12 04:41:15,2018-07-28 04:41:15,0,4,20,1,341.06,39.33,0.1153,1,alimentos_bebidas,5.0
O04582,C00122,SP,campinas,delivered,2018-09-08 12:46:51,2018-09-09 07:46:51,2018-09-19 12:46:51,2018-09-23 12:46:51,0,11,15,1,220.45,21.11,0.0958,0,moveis_decoracao,5.0
O04584,C00739,AC,tarauaca,delivered,2017-11-04 00:36:45,2017-11-04 06:36:45,2017-11-23 00:36:45,2017-11-14 00:36:45,1,19,10,1,276.96,20.66,0.0746,1,casa_conforto,1.0
O04595,C00257,MG,montes claros,delivered,2018-02-15 04:58:46,2018-02-17 02:58:46,2018-03-05 04:58:46,2018-03-12 04:58:46,0,18,25,1,441.44,10.01,0.0227,1,casa_escritorio,4.0
O04605,C00419,SC,joinville,delivered,2018-07-25 11:32:34,2018-07-25 12:32:34,2018-08-03 11:32:34,2018-08-06 11:32:34,0,9,12,5,1747.03,132.77,0.0884,1,automotivo,2.0
O04608,C01569,AC,rio branco,delivered,2017-01-07 03:25:55,2017-01-07 12:25:55,2017-01-25 03:25:55,2017-01-29 03:25:55,0,18,22,2,641.48,61.51,0.0949,1,casa_outros,5.0
O04614,C01622,PB,santa rita,delivered,2017-08-12 13:49:49,2017-08-13 19:49:49,2017-08-20 13:49:49,2017-08-30 13:49:49,0,8,18,3,1078.2,121.94,0.1236,1,casa_outros,5.0
O04618,C01078,ES,linhares,delivered,2017-07-29 11:33:28,2017-07-31 04:33:28,2017-08-02 11:33:28,2017-08-10 11:33:28,0,4,12,1,268.96,45.64,0.1697,1,market_place,4.0
O04627,C01182,RS,canoas,delivered,2018-06-28 17:57:17,2018-06-29 09:57:17,2018-07-19 17:57:17,2018-07-14 17:57:17,1,21,16,3,1443.49,48.69,0.0343,1,artes,1.0
O04632,C00467,SP,guarulhos,delivered,2017-10-05 12:01:53,2017-10-07 04:01:53,2017-10-27 12:01:53,2017-10-19 12:01:53,1,22,14,1,281.28,12.1,0.043,1,alimentos_bebidas,3.0
O04685,C00456,AM,itacoatiara,delivered,2018-06-02 16:25:42,2018-06-04 03:25:42,2018-06-21 16:25:42,2018-06-20 16:25:42,1,19,18,3,555.4,76.09,0.315,1,casa_limpeza,1.0
O04693,C00085,RO,ji-parana,delivered,2016-11-21 00:44:41,2016-11-21 14:44:41,2016-12-15 00:44:41,2016-11-28 00:44:41,1,24,7,1,310.91,32.8,0.1055,1,automotivo,1.0
O04698,C00796,ES,cariacica,delivered,2018-03-30 16:54:22,2018-03-30 21:54:22,2018-04-17 16:54:22,2018-04-06 16:54:22,1,18,7,1,491.06,24.91,0.0507,1,eletrodomesticos,1.0
O04724,C00176,MA,sao luis,delivered,2018-02-19 13:18:52,2018-02-20 02:18:52,2018-03-06 13:18:52,2018-03-05 13:18:52,1,15,14,1,136.6,21.77,0.1594,1,moveis_cozinha,4.0
O04750,C00875,AL,maceio,delivered,2017-04-17 18:42:51,2017-04-18 09:42:51,2017-05-05 18:42:51,2017-05-11 18:42:51,0,18,24,1,31.38,14.98,0.4774,1,casa_garagem,1.0
O04752,C01647,RN,mossoro,delivered,2018-04-18 18:17:30,2018-04-19 04:17:30,2018-04-26 18:17:30,2018-05-06 18:17:30,0,8,18,1,457.85,38.95,0.0851,1,casa_limpeza,5.0
O04756,C01572,AC,rio branco,delivered,2017-12-11 19:44:17,2017-12-13 04:44:17,2017-12-31 19:44:17,2017-12-20 19:44:17,1,20,9,1,99.97,37.12,0.3713,1,casa_quarto,1.0
O04763,C00813,CE,fortaleza,delivered,2018-09-05 11:49:30,2018-09-06 15:49:30,2018-09-20 11:49:30,2018-09-11 11:49:30,1,15,6,4,914.14,87.19,0.1361,1,casa_conforto_2,2.0
O04771,C00032,PA,santarem,delivered,2018-04-26 06:07:13,2018-04-26 12:07:13,2018-05-08 06:07:13,2018-05-12 06:07:13,0,12,16,1,98.82,11.35,0.1149,1,papelaria,5.0
O04782,C00237,ES,vitoria,delivered,2018-03-24 02:44:34,2018-03-25 15:44:34,2018-04-11 02:44:34,2018-04-17 02:44:34,0,18,24,1,495.19,32.67,0.066,0,market_place,4.0
O04783,C00523,SC,sao jose,delivered,2017-08-04 15:24:34,2017-08-05 21:24:34,2017-08-14 15:24:34,2017-08-25 15:24:34,0,10,21,2,532.74,63.39,0.2797,1,moveis_quarto,5.0
O04788,C00448,RR,boa vista,delivered,2018-05-09 16:43:54,2018-05-11 04:43:54,2018-05-26 16:43:54,2018-05-29 16:43:54,0,17,20,2,515.75,42.98,0.1292,1,alimentos_bebidas,3.0
O04811,C01065,MG,belo horizonte,delivered,2018-10-05 20:55:03,2018-10-07 03:55:03,2018-10-26 20:55:03,2018-10-16 20:55:03,1,21,11,5,1359.67,163.22,0.5973,1,artes,3.0
O04831,C00961,AM,manaus,delivered,2017-02-08 20:56:01,2017-02-10 15:56:01,2017-03-03 20:56:01,2017-02-24 20:56:01,1,23,16,2,892.41,61.92,0.0674,1,eletroportateis,4.0
O04847,C01469,DF,ceilandia,delivered,2017-03-21 11:52:52,2017-03-22 04:52:52,2017-04-04 11:52:52,2017-04-02 11:52:52,1,14,12,1,379.91,25.34,0.0667,1,audio,4.0
O04859,C00362,PR,londrina,delivered,2017-10-06 02:49:28,2017-10-06 04:49:28,2017-10-10 02:49:28,2017-10-15 02:49:28,0,4,9,2,355.71,85.72,0.349,1,moveis_decoracao,4.0
O04872,C01766,PI,teresina,delivered,2018-03-31 15:31:02,2018-04-01 09:31:02,2018-04-18 15:31:02,2018-04-21 15:31:02,0,18,21,1,205.25,35.07,0.1709,1,instrumentos_musicais,5.0
O04884,C01731,RS,caxias do sul,delivered,2018-03-19 11:14:10,2018-03-19 19:14:10,2018-04-17 11:14:10,2018-04-06 11:14:10,1,29,18,1,326.13,36.93,0.1132,1,moveis_escritorio,3.0
O04895,C01942,RN,parnamirim,delivered,2017-10-11 14:13:54,2017-10-12 08:13:54,2017-10-31 14:13:54,2017-11-02 14:13:54,0,20,22,1,457.33,31.3,0.0684,1,moveis_escritorio,5.0
O04918,C00748,AM,manaus,delivered,2018-08-27 12:26:08,2018-08-29 08:26:08,2018-09-15 12:26:08,2018-09-17 12:26:08,0,19,21,1,138.75,49.62,0.3576,1,portateis_cozinha,5.0
O04930,C01040,BA,feira de santana,delivered,2017-03-28 07:46:17,2017-03-30 02:46:17,2017-04-14 07:46:17,2017-04-12 07:46:17,1,17,15,1,316.22,23.05,0.0729,1,seguros_servicos,4.0
O04976,C00627,AL,rio largo,delivered,2017-10-05 14:44:46,2017-10-06 15:44:46,2017-10-14 14:44:46,2017-10-28 14:44:46,0,9,23,1,163.02,15.1,0.0926,1,casa_utilidades,4.0
O04996,C01971,ES,vitoria,delivered,2018-07-07 19:20:49,2018-07-08 18:20:49,2018-07-18 19:20:49,2018-07-20 19:20:49,0,11,13,4,1179.02,144.83,0.1255,1,alimentos_bebidas,2.0
O00377,C01164,MS,campo grande,shipped,2017-01-12 17:51:46,2017-01-14 06:51:46,,2017-01-19 17:51:46,0,,7,1,57.86,39.8,0.6879,1,flores,0.0
O01096,C00304,RO,ariquemes,delivered,2016-11-05 06:49:23,2016-11-05 15:49:23,2016-11-27 06:49:23,2016-11-25 06:49:23,1,22,20,1,181.07,33.31,0.184,1,alimentos_bebidas,0.0
O01759,C01768,AC,feijo,canceled,2017-06-12 10:11:36,2017-06-13 09:11:36,,,0,,,3,819.65,65.69,0.1164,1,brinquedos,0.0
O01873,C00755,PB,santa rita,shipped,2018-07-26 19:43:39,2018-07-27 01:43:39,,2018-08-17 19:43:39,0,,22,2,137.11,65.04,0.951,1,casa_garagem,0.0
O03020,C00966,RR,mucajai,shipped,2017-05-16 22:38:59,2017-05-16 23:38:59,,2017-05-29 22:38:59,0,,13,3,820.94,58.56,0.0671,1,cds_dvds_musicais,0.0
O03292,C00621,MT,varzea grande,unavailable,2018-08-14 19:41:14,2018-08-16 16:41:14,,,0,,,1,199.88,46.61,0.2332,0,ferramentas_jardim,0.0
O03608,C01861,AL,maceio,delivered,2017-11-18 22:22:34,2017-11-19 00:22:34,2017-12-17 22:22:34,2017-12-08 22:22:34,1,29,20,2,425.82,50.61,0.0969,1,construcao_ferramentas,0.0
O04118,C01195,MT,sinop,delivered,2017-04-23 10:32:06,2017-04-24 10:32:06,2017-05-15 10:32:06,2017-05-18 10:32:06,0,22,25,1,49.43,35.53,0.7188,1,construcao_ferramentas,0.0
O04399,C01117,DF,taguatinga,delivered,2018-04-28 14:23:20,2018-04-28 23:23:20,2018-05-18 14:23:20,2018-05-13 14:23:20,1,20,15,1,184.53,38.52,0.2087,1,cool_stuff,0.0
O04947,C00115,AC,cruzeiro do sul,canceled,2018-02-09 14:16:13,2018-02-10 09:16:13,,,0,,,1,124.21,13.85,0.1115,1,consoles_games,0.0
O00580,C01562,TO,palmas,delivered,2016-10-31 13:40:58,2016-10-31 17:40:58,2016-11-09 13:40:58,2016-11-14 13:40:58,0,9,14,2,275.33,59.46,0.4111,1,fashion_underwear,0.0
O02437,C00856,AP,laranjal do jari,delivered,2017-04-03 22:33:08,2017-04-04 21:33:08,2017-04-12 22:33:08,2017-04-24 22:33:08,0,9,21,2,360.03,32.8,0.0997,1,moveis_cozinha,0.0
O03195,C01421,MG,contagem,delivered,2016-11-27 03:34:12,2016-11-28 16:34:12,2016-12-08 03:34:12,2016-12-12 03:34:12,0,11,15,2,541.07,51.36,0.1071,1,artes,0.0
O03238,C00338,AL,maceio,delivered,2018-01-11 00:02:55,2018-01-11 09:02:55,2018-01-25 00:02:55,2018-01-25 00:02:55,0,14,14,5,955.27,164.97,0.2021,1,alimentos_bebidas,0.0
O03250,C01552,BA,salvador,delivered,2018-06-26 14:54:58,2018-06-26 22:54:58,2018-07-17 14:54:58,2018-07-21 14:54:58,0,21,25,1,422.51,21.12,0.05,1,papelaria,0.0
O03914,C00101,RS,santa maria,delivered,2017-01-15 14:03:51,2017-01-16 07:03:51,2017-02-06 14:03:51,2017-01-24 14:03:51,1,22,9,1,443.2,29.03,0.0655,1,casa_limpeza,0.0
O04307,C00700,CE,caucaia,delivered,2017-07-02 06:45:15,2017-07-03 14:45:15,2017-07-21 06:45:15,2017-07-20 06:45:15,1,19,18,1,436.77,26.28,0.0602,1,casa_conforto,0.0
O04435,C00760,GO,rio verde,delivered,2018-03-26 10:14:20,2018-03-26 12:14:20,2018-04-08 10:14:20,2018-04-20 10:14:20,0,13,25,1,415.16,40.21,0.0969,1,cool_stuff,0.0
O04956,C01282,GO,aparecida de goiania,delivered,2018-08-11 14:25:34,2018-08-13 04:25:34,2018-08-26 14:25:34,2018-09-02 14:25:34,0,15,22,1,288.07,17.4,0.0604,1,casa_quarto,0.0
O00085,C00101,RS,santa maria,shipped,2018-04-18 05:28:24,2018-04-20 04:28:24,,2018-04-29 05:28:24,0,,11,3,723.3,97.39,0.1349,1,casa_banheiro,0.0
O00615,C00767,MA,caxias,delivered,2017-05-05 14:37:17,2017-05-05 21:37:17,2017-05-28 14:37:17,2017-05-30 14:37:17,0,23,25,1,428.51,39.98,0.0933,1,seguros_servicos,0.0
O00684,C00680,PR,londrina,shipped,2017-01-17 10:06:08,2017-01-17 17:06:08,,2017-02-09 10:06:08,0,,23,2,502.42,62.49,0.1431,1,carnes,0.0
O01344,C01692,RO,ji-parana,shipped,2018-09-07 13:11:46,2018-09-08 14:11:46,,2018-09-17 13:11:46,0,,10,4,1667.36,111.84,0.0717,1,bebes,0.0
O01909,C01975,PE,caruaru,unavailable,2017-08-03 14:49:25,2017-08-05 11:49:25,,,0,,,1,224.97,19.49,0.0866,1,eletrodomesticos,0.0
O03339,C00742,SE,lagarto,shipped,2017-12-17 03:17:24,2017-12-17 20:17:24,,2017-12-29 03:17:24,0,,12,2,584.59,60.5,0.2217,1,cama_mesa_banho,0.0
O03406,C01157,RO,ariquemes,delivered,2018-08-02 22:44:02,2018-08-04 06:44:02,2018-08-25 22:44:02,2018-08-16 22:44:02,1,23,14,4,1303.6,114.54,0.1173,1,beleza_saude,0.0
O03614,C00535,PI,floriano,delivered,2018-08-09 03:21:12,2018-08-09 23:21:12,2018-09-07 03:21:12,2018-08-18 03:21:12,1,29,9,1,445.49,23.93,0.0537,1,perfumaria,0.0
O03962,C01725,AL,penedo,delivered,2018-01-18 16:37:47,2018-01-19 13:37:47,2018-01-22 16:37:47,2018-02-01 16:37:47,0,4,14,1,257.12,6.01,0.0234,1,moveis_escritorio,0.0
O04235,C00926,PE,olinda,shipped,2018-05-20 00:37:49,2018-05-21 14:37:49,,2018-05-30 00:37:49,0,,10,1,57.27,29.41,0.5135,1,perfumaria,0.0
O04638,C00779,AP,macapa,delivered,2018-04-08 03:54:13,2018-04-08 18:54:13,2018-04-16 03:54:13,2018-04-24 03:54:13,0,8,16,2,312.27,73.85,0.8889,1,moveis_jardim,0.0
O04986,C01448,TO,araguaina,unavailable,2017-10-25 04:25:02,2017-10-25 08:25:02,,,0,,,2,644.51,90.1,0.1526,1,cool_stuff,0.0
O00077,C01878,MT,tangara da serra,canceled,2018-03-19 21:37:22,2018-03-20 22:37:22,,,0,,,1,257.42,44.48,0.1728,1,artes,0.0
O02700,C01136,MT,tangara da serra,shipped,2018-05-14 08:28:53,2018-05-16 04:28:53,,2018-06-08 08:28:53,0,,25,2,522.27,65.14,0.2459,1,cool_stuff,0.0
O03223,C00219,PB,santa rita,shipped,2018-03-23 06:31:15,2018-03-24 16:31:15,,2018-04-10 06:31:15,0,,18,2,517.35,80.93,0.2235,1,brinquedos,0.0
O03419,C00769,DF,taguatinga,delivered,2016-12-03 08:55:49,2016-12-03 15:55:49,2016-12-11 08:55:49,2016-12-12 08:55:49,0,8,9,1,17.36,23.0,1.3249,1,casa_iluminacao,0.0
O04310,C00823,AL,maceio,unavailable,2018-04-11 04:49:12,2018-04-12 00:49:12,,,0,,,2,765.48,78.86,0.1046,1,cama_mesa_banho,0.0
O04375,C00834,MT,cuiaba,unavailable,2017-03-04 14:14:43,2017-03-04 19:14:43,,,0,,,1,23.84,37.65,1.5793,1,carnes,0.0
O04979,C01260,MS,ponta pora,shipped,2017-11-08 15:25:10,2017-11-08 16:25:10,,2017-12-03 15:25:10,0,,25,1,199.22,46.54,0.2336,1,fashion_bolsas,0.0
O00200,C00266,PE,jaboatao,delivered,2018-05-11 23:45:15,2018-05-13 06:45:15,2018-06-04 23:45:15,2018-05-18 23:45:15,1,24,7,3,702.83,47.35,0.0722,1,audio,0.0
O02238,C01733,MS,campo grande,delivered,2018-10-03 16:18:53,2018-10-04 00:18:53,2018-10-12 16:18:53,2018-10-08 16:18:53,1,9,5,1,101.16,10.21,0.1009,1,market_place,0.0
O03048,C00620,BA,salvador,unavailable,2017-10-11 15:44:55,2017-10-12 01:44:55,,,0,,,2,679.68,36.26,0.0639,1,audio,0.0
O03501,C01973,RS,canoas,shipped,2018-09-01 20:20:18,2018-09-02 09:20:18,,2018-09-20 20:20:18,0,,19,1,497.39,46.39,0.0933,1,alimentos_bebidas,0.0
O03812,C01304,SC,criciuma,canceled,2018-06-09 06:56:44,2018-06-09 18:56:44,,,0,,,1,160.71,36.74,0.2286,1,papelaria,0.0
O00650,C01310,RS,pelotas,delivered,2018-05-24 19:12:37,2018-05-25 16:12:37,2018-06-16 19:12:37,2018-06-03 19:12:37,1,23,10,1,214.04,33.19,0.1551,1,musica_arte,0.0
O00946,C00973,AL,penedo,shipped,2018-05-17 10:33:14,2018-05-18 19:33:14,,2018-05-26 10:33:14,0,,9,1,52.29,13.89,0.2656,1,instrumentos_musicais,0.0
O01204,C00480,AM,itacoatiara,delivered,2016-11-10 05:20:00,2016-11-12 04:20:00,2016-12-09 05:20:00,2016-11-21 05:20:00,1,29,11,4,945.83,58.01,0.0782,1,casa_outros,0.0
O01513,C01860,PR,maringa,delivered,2018-05-23 23:37:37,2018-05-25 07:37:37,2018-06-19 23:37:37,2018-06-17 23:37:37,1,27,25,2,559.67,24.92,0.0506,1,casa_escritorio,0.0
O01519,C01633,PB,bayeux,delivered,2017-03-10 12:13:55,2017-03-10 15:13:55,2017-04-07 12:13:55,2017-03-28 12:13:55,1,28,18,1,316.22,30.34,0.0959,1,la_cuisine,0.0
O03248,C01002,GO,aparecida de goiania,canceled,2017-08-03 11:40:09,2017-08-05 07:40:09,,,0,,,1,162.56,20.32,0.125,1,la_cuisine,0.0
O03517,C00790,MS,três lagoas,shipped,2016-12-28 04:57:48,2016-12-29 23:57:48,,2017-01-04 04:57:48,0,,7,3,1077.24,83.64,0.0775,1,casa_quarto,0.0
O00422,C01767,AC,feijo,delivered,2018-05-22 07:52:00,2018-05-22 08:52:00,2018-05-29 07:52:00,2018-06-14 07:52:00,0,7,23,1,341.89,16.18,0.0473,1,casa_construcao,0.0
O00536,C00876,BA,ilheus,delivered,2018-04-18 01:08:29,2018-04-18 22:08:29,2018-05-14 01:08:29,2018-04-29 01:08:29,1,26,11,2,396.42,46.85,0.8806,1,eletrodomesticos_2,0.0
O00659,C01257,AP,santana,unavailable,2017-01-06 17:04:14,2017-01-07 14:04:14,,,0,,,1,384.34,16.46,0.0428,1,relogios_presentes,0.0
O01139,C00281,MA,sao jose de ribamar,unavailable,2017-10-07 05:25:42,2017-10-08 06:25:42,,,0,,,2,245.77,33.98,0.1456,1,casa_jardim,0.0
O01573,C01619,AM,coari,delivered,2018-06-20 22:04:27,2018-06-21 06:04:27,2018-06-24 22:04:27,2018-07-10 22:04:27,0,4,20,1,456.88,13.63,0.0298,1,carnes,0.0
O02479,C01363,PI,teresina,canceled,2017-02-08 10:39:34,2017-02-09 23:39:34,,,0,,,4,1178.48,147.52,0.1642,1,artes,0.0
O02771,C01888,MA,caxias,delivered,2017-03-27 04:26:46,2017-03-28 01:26:46,2017-04-04 04:26:46,2017-04-13 04:26:46,0,8,17,1,342.71,33.75,0.0985,1,moveis_decoracao,0.0
O03251,C00973,AL,penedo,delivered,2017-02-16 07:04:29,2017-02-17 08:04:29,2017-03-10 07:04:29,2017-03-06 07:04:29,1,22,18,1,76.37,39.76,0.5206,1,artigos_nautica,0.0
O04369,C01479,CE,sobral,unavailable,2017-07-28 22:17:19,2017-07-30 01:17:19,,,0,,,2,560.57,85.16,0.2885,1,livros_interesse,0.0
O04585,C01029,RS,caxias do sul,unavailable,2017-02-07 22:44:02,2017-02-09 03:44:02,,,0,,,1,109.69,12.14,0.1107,1,moveis_sala,0.0
O04753,C00705,TO,palmas,delivered,2018-08-21 12:00:34,2018-08-22 22:00:34,2018-09-17 12:00:34,2018-09-08 12:00:34,1,27,18,1,388.3,20.1,0.0518,1,sinalizacao_seguranca,0.0
O00400,C00615,GO,luziania,delivered,2016-11-02 08:06:58,2016-11-02 23:06:58,2016-11-21 08:06:58,2016-11-10 08:06:58,1,19,8,1,278.4,23.58,0.0847,1,papelaria,0.0
O00488,C00431,AM,parintins,delivered,2017-10-16 21:33:43,2017-10-17 04:33:43,2017-11-10 21:33:43,2017-10-23 21:33:43,1,25,7,1,451.95,49.85,0.1103,1,construcao_ferramentas,0.0
O01048,C00075,MA,caxias,unavailable,2018-10-26 23:05:56,2018-10-27 04:05:56,,,0,,,1,254.2,20.58,0.081,1,audio,0.0
O01341,C01814,SC,blumenau,delivered,2017-04-06 01:31:50,2017-04-08 00:31:50,2017-05-06 01:31:50,2017-04-24 01:31:50,1,30,18,3,520.31,50.4,0.2287,1,fashion_bolsas,0.0
O01364,C01396,SP,campinas,delivered,2018-01-08 16:21:52,2018-01-09 19:21:52,2018-01-18 16:21:52,2018-01-31 16:21:52,0,10,23,1,330.48,20.4,0.0617,1,artes,0.0
O01476,C01893,RN,mossoro,delivered,2016-12-04 13:48:30,2016-12-04 16:48:30,2016-12-15 13:48:30,2016-12-18 13:48:30,0,11,14,1,220.96,15.85,0.0717,1,seguros_servicos,0.0
O02536,C00450,MA,timon,delivered,2017-09-17 13:00:59,2017-09-18 13:00:59,2017-10-07 13:00:59,2017-10-11 13:00:59,0,20,24,2,565.03,66.66,0.1823,1,casa_lavanderia,0.0
O03095,C00590,ES,cariacica,delivered,2018-01-25 17:58:47,2018-01-26 09:58:47,2018-02-16 17:58:47,2018-02-09 17:58:47,1,22,15,1,482.34,13.03,0.027,0,casa_conforto_2,0.0
O03228,C00768,RN,natal,delivered,2017-06-22 12:28:35,2017-06-23 05:28:35,2017-07-12 12:28:35,2017-06-29 12:28:35,1,20,7,3,959.14,54.87,0.0768,1,artigos_nautica,0.0
O04809,C00428,RS,caxias do sul,shipped,2018-05-31 02:07:38,2018-05-31 15:07:38,,2018-06-17 02:07:38,0,,17,1,367.07,8.74,0.0238,1,musica_arte,0.0
O04952,C00730,TO,paraíso do tocantins,unavailable,2016-09-13 02:00:12,2016-09-13 22:00:12,,,0,,,1,481.66,25.17,0.0523,1,casa_conforto,0.0
O00604,C01893,RN,mossoro,unavailable,2018-02-07 01:19:56,2018-02-07 23:19:56,,,0,,,1,165.01,25.37,0.1537,1,eletroportateis,0.0
O00736,C01943,MA,imperatriz,delivered,2017-04-26 05:27:40,2017-04-27 03:27:40,2017-05-07 05:27:40,2017-05-06 05:27:40,1,11,10,1,164.5,6.36,0.0387,1,casa_cozinha,0.0
O00827,C00999,AP,laranjal do jari,canceled,2016-12-02 20:01:47,2016-12-03 19:01:47,,,0,,,1,203.48,43.73,0.2149,1,casa_lavanderia,0.0
O01217,C01845,RO,porto velho,delivered,2016-11-23 13:31:06,2016-11-24 04:31:06,2016-12-13 13:31:06,2016-12-01 13:31:06,1,20,8,1,310.14,30.16,0.0972,1,casa_outros,0.0
O01365,C01537,SE,estancia,delivered,2018-07-31 11:54:57,2018-08-02 11:54:57,2018-08-28 11:54:57,2018-08-23 11:54:57,1,28,23,1,191.37,42.99,0.2246,1,fashion_roupa_masculina,0.0
O01891,C00709,RN,caico,delivered,2018-02-28 08:37:49,2018-03-02 06:37:49,2018-03-27 08:37:49,2018-03-17 08:37:49,1,27,17,5,798.17,119.7,0.4285,1,beleza_saude,0.0
O02489,C00584,MS,campo grande,delivered,2017-07-21 08:26:27,2017-07-23 00:26:27,2017-08-17 08:26:27,2017-08-02 08:26:27,1,27,12,1,416.44,7.8,0.0187,1,fraldas_higiene,0.0
O02887,C01121,CE,fortaleza,shipped,2017-02-02 23:37:52,2017-02-03 09:37:52,,2017-02-27 23:37:52,0,,25,3,1082.75,95.09,0.0851,1,perfumaria,0.0
O02928,C00236,RJ,niteroi,delivered,2018-06-22 17:46:09,2018-06-22 22:46:09,2018-07-05 17:46:09,2018-06-27 17:46:09,1,13,5,1,18.16,22.57,1.2428,1,portateis_casa_forno_cafe,0.0
O03258,C01557,SC,florianopolis,unavailable,2017-10-07 08:50:00,2017-10-08 00:50:00,,,0,,,2,717.46,75.96,0.1079,1,moveis_colchao_estofado,0.0
O04275,C01942,RN,parnamirim,delivered,2018-06-21 19:10:43,2018-06-23 08:10:43,2018-07-15 19:10:43,2018-07-01 19:10:43,1,24,10,1,56.79,29.32,0.5163,1,sinalizacao_seguranca,0.0
O04278,C01318,SC,criciuma,shipped,2018-08-20 01:04:50,2018-08-20 03:04:50,,2018-08-27 01:04:50,0,,7,1,496.4,44.96,0.0906,0,casa_jardim,0.0
O04597,C00819,DF,ceilandia,shipped,2018-05-28 02:35:56,2018-05-29 17:35:56,,2018-06-08 02:35:56,0,,11,2,365.36,55.79,0.261,1,construcao_ferramentas,0.0
O04660,C00324,AP,laranjal do jari,delivered,2018-01-16 08:06:43,2018-01-16 12:06:43,2018-01-20 08:06:43,2018-02-06 08:06:43,0,4,21,1,483.72,6.82,0.0141,1,moda_roupa,0.0
O04813,C00183,MS,três lagoas,unavailable,2018-09-25 05:43:53,2018-09-25 22:43:53,,,0,,,1,477.52,30.23,0.0633,1,fashion_bolsas,0.0
O00446,C00567,SE,estancia,delivered,2018-10-20 03:37:37,2018-10-21 22:37:37,2018-11-04 03:37:37,2018-10-30 03:37:37,1,15,10,1,195.03,43.92,0.2252,1,telefonia,0.0
O00831,C00879,MS,campo grande,delivered,2017-03-09 06:47:59,2017-03-10 21:47:59,2017-03-21 06:47:59,2017-03-24 06:47:59,0,12,15,2,474.52,70.74,0.4201,1,audio,0.0
O01138,C01924,AC,sena madureira,canceled,2017-12-11 08:27:28,2017-12-13 03:27:28,,,0,,,1,25.25,33.63,1.3319,1,consoles_games,0.0
O02348,C01692,RO,ji-parana,canceled,2018-08-14 19:04:02,2018-08-16 14:04:02,,,0,,,1,421.42,38.25,0.0908,1,audio,0.0
O03059,C00147,PI,picos,delivered,2017-09-07 00:40:46,2017-09-08 12:40:46,2017-09-12 00:40:46,2017-09-13 00:40:46,0,5,6,1,127.6,8.84,0.0693,1,cama_mesa_banho,0.0
O03623,C01589,BA,itabuna,delivered,2018-03-21 12:15:08,2018-03-23 05:15:08,2018-03-27 12:15:08,2018-04-10 12:15:08,0,6,20,1,225.19,8.08,0.0359,1,casa_conforto,0.0
O04921,C01178,AL,arapiraca,delivered,2018-06-20 10:51:23,2018-06-22 09:51:23,2018-07-19 10:51:23,2018-07-14 10:51:23,1,29,24,2,426.88,33.63,0.2396,1,alimentos_bebidas,0.0
O00187,C01440,MA,timon,unavailable,2016-10-25 22:23:37,2016-10-26 21:23:37,,,0,,,2,353.42,77.6,0.3705,1,construcao_ferramentas,0.0
O00813,C01381,RJ,duque de caxias,canceled,2018-07-25 17:33:01,2018-07-25 18:33:01,,,0,,,3,625.71,128.73,0.2609,1,brinquedos,0.0
O01664,C01100,AC,rio branco,delivered,2018-08-11 03:18:16,2018-08-12 12:18:16,2018-08-22 03:18:16,2018-09-02 03:18:16,0,11,22,1,259.15,39.28,0.1516,1,casa_limpeza,0.0
O02003,C00139,RO,ji-parana,shipped,2017-03-10 20:23:37,2017-03-12 15:23:37,,2017-03-29 20:23:37,0,,19,2,302.26,48.17,0.1633,1,construcao_ferramentas,0.0
O02480,C01730,AP,oida,delivered,2017-05-25 19:34:40,2017-05-27 10:34:40,2017-06-02 19:34:40,2017-06-01 19:34:40,1,8,7,1,422.23,32.66,0.0774,1,eletroportateis,0.0
O02971,C00996,ES,cariacica,delivered,2016-12-30 13:44:35,2017-01-01 01:44:35,2017-01-03 13:44:35,2017-01-23 13:44:35,0,4,24,1,174.08,35.97,0.2066,1,casa_escritorio,0.0
O03531,C00362,PR,londrina,shipped,2018-04-20 02:04:56,2018-04-21 18:04:56,,2018-05-12 02:04:56,0,,22,1,379.31,17.67,0.0466,1,moveis_jardim,0.0
O03573,C00215,TO,porto nacional,canceled,2016-12-21 18:05:29,2016-12-23 14:05:29,,,0,,,4,1476.67,94.64,0.0629,1,audio,0.0
O03918,C00886,GO,luziania,unavailable,2018-10-12 01:19:23,2018-10-13 16:19:23,,,0,,,1,499.79,46.85,0.0937,1,musica_arte,0.0
O04266,C00486,PB,campina grande,delivered,2016-10-12 00:48:42,2016-10-13 00:48:42,2016-10-24 00:48:42,2016-10-30 00:48:42,0,12,18,2,543.91,70.89,0.1681,1,artes,0.0
O00426,C00764,AM,manaus,delivered,2018-09-06 15:07:20,2018-09-08 13:07:20,2018-09-26 15:07:20,2018-09-22 15:07:20,1,20,16,2,486.23,56.96,0.1813,1,perfumaria,0.0
O01673,C00803,GO,aparecida de goiania,delivered,2017-05-03 01:43:20,2017-05-04 14:43:20,2017-05-11 01:43:20,2017-05-24 01:43:20,0,8,21,1,112.0,5.94,0.053,1,carnes,0.0
O02318,C01555,MA,imperatriz,canceled,2017-12-25 02:04:01,2017-12-25 12:04:01,,,0,,,2,213.56,65.11,0.8488,1,casa_outros,0.0
O02732,C01309,MA,timon,delivered,2016-10-15 18:12:27,2016-10-16 04:12:27,2016-10-18 18:12:27,2016-11-08 18:12:27,0,3,24,1,244.91,14.5,0.0592,1,alimentos_bebidas,0.0
O02972,C01376,RO,ji-parana,delivered,2018-05-23 18:00:10,2018-05-25 11:00:10,2018-06-08 18:00:10,2018-06-06 18:00:10,1,16,14,3,900.94,87.75,0.2365,1,casa_utilidades,0.0
O03626,C01878,MT,tangara da serra,canceled,2017-05-24 08:13:33,2017-05-25 20:13:33,,,0,,,1,109.64,7.52,0.0686,1,moveis_decoracao,0.0
O03997,C00224,BA,ilheus,shipped,2016-11-08 13:20:06,2016-11-08 19:20:06,,2016-11-26 13:20:06,0,,18,3,909.38,125.67,0.1438,1,casa_conforto_2,0.0
O04130,C01986,TO,porto nacional,delivered,2018-01-06 10:59:13,2018-01-08 09:59:13,2018-01-28 10:59:13,2018-01-15 10:59:13,1,22,9,1,68.2,5.25,0.077,1,fashion_roupa_masculina,0.0
O04302,C00889,PR,maringa,shipped,2017-01-13 05:37:15,2017-01-13 15:37:15,,2017-02-03 05:37:15,0,,21,3,478.89,102.64,0.2157,1,casa_garagem,0.0
O04889,C01352,DF,brasilia,delivered,2017-11-17 08:11:05,2017-11-19 05:11:05,2017-12-17 08:11:05,2017-12-01 08:11:05,1,30,14,1,208.56,31.33,0.1502,1,eletrodomesticos_2,0.0
O00913,C01002,GO,aparecida de goiania,delivered,2017-03-01 15:08:37,2017-03-02 12:08:37,2017-03-29 15:08:37,2017-03-17 15:08:37,1,28,16,1,318.55,48.61,0.1526,1,flores,0.0
O01393,C00756,SP,ribeirao preto,delivered,2016-11-20 13:55:44,2016-11-22 10:55:44,2016-11-23 13:55:44,2016-12-06 13:55:44,0,3,16,1,301.13,18.67,0.062,1,artes,0.0
O01783,C00217,TO,araguaina,delivered,2018-08-15 14:52:19,2018-08-17 01:52:19,2018-09-05 14:52:19,2018-08-21 14:52:19,1,21,6,1,449.17,25.18,0.0561,1,market_place,0.0
O02541,C01702,AL,maceio,canceled,2016-11-25 06:33:20,2016-11-26 13:33:20,,,0,,,1,165.99,40.44,0.2436,1,moveis_sala,0.0
O02729,C01817,PE,jaboatao,delivered,2017-01-15 06:48:44,2017-01-17 00:48:44,2017-01-26 06:48:44,2017-01-20 06:48:44,1,11,5,1,464.75,40.44,0.087,1,casa_quarto,0.0
O02949,C01806,TO,paraíso do tocantins,delivered,2017-12-22 04:07:25,2017-12-22 13:07:25,2018-01-06 04:07:25,2017-12-28 04:07:25,1,15,6,2,927.52,46.38,0.05,1,moveis_jardim,0.0
O03177,C00749,AP,santana,shipped,2018-05-03 08:12:37,2018-05-04 05:12:37,,2018-05-20 08:12:37,0,,17,1,315.74,37.63,0.1192,1,cama_mesa_banho,0.0
O03864,C00024,TO,paraíso do tocantins,delivered,2018-07-06 23:58:02,2018-07-08 00:58:02,2018-08-01 23:58:02,2018-07-30 23:58:02,1,26,24,1,89.71,49.18,0.5482,1,casa_quarto,0.0
O04185,C00453,TO,porto nacional,delivered,2017-03-12 13:51:26,2017-03-13 17:51:26,2017-04-09 13:51:26,2017-03-30 13:51:26,1,28,18,1,353.85,44.25,0.1251,1,papelaria,0.0
O00577,C01794,PI,floriano,canceled,2018-09-03 05:37:44,2018-09-03 07:37:44,,,0,,,1,346.35,30.36,0.0877,1,alimentos_bebidas,0.0
O00759,C01112,RO,vilhena,shipped,2018-08-04 15:42:17,2018-08-05 11:42:17,,2018-08-28 15:42:17,0,,24,1,355.77,37.58,0.1056,1,casa_cozinha,0.0
O01654,C01464,MS,ponta pora,delivered,2017-06-29 22:20:15,2017-06-30 01:20:15,2017-07-27 22:20:15,2017-07-11 22:20:15,1,28,12,2,451.18,58.53,0.2944,1,casa_sala,0.0
O02306,C00929,AM,manaus,delivered,2017-09-07 16:43:57,2017-09-09 06:43:57,2017-09-10 16:43:57,2017-09-12 16:43:57,0,3,5,1,284.93,12.86,0.0451,1,telefonia,0.0
O03053,C01194,SE,aracaju,unavailable,2017-12-25 16:39:00,2017-12-25 18:39:00,,,0,,,5,925.1,144.95,0.1885,1,alimentos_bebidas,0.0
O03281,C00656,RR,boa vista,shipped,2018-06-16 16:52:51,2018-06-18 10:52:51,,2018-07-03 16:52:51,0,,17,2,641.72,57.69,0.0801,1,audio,0.0
O03516,C01278,ES,cariacica,shipped,2016-11-26 16:28:10,2016-11-28 01:28:10,,2016-12-06 16:28:10,0,,10,2,693.23,63.9,0.0896,1,casa_utilidades,0.0
O04026,C01954,SE,nossa senhora do socorro,delivered,2018-04-06 11:05:37,2018-04-07 06:05:37,2018-04-09 11:05:37,2018-04-12 11:05:37,0,3,6,1,142.71,17.25,0.1209,1,seguros_servicos,0.0
O04991,C01691,DF,taguatinga,delivered,2018-08-17 04:00:56,2018-08-18 13:00:56,2018-09-10 04:00:56,2018-08-22 04:00:56,1,24,5,1,494.87,45.99,0.0929,1,moveis_decoracao,0.0
O00216,C01774,SP,sao paulo,shipped,2018-06-27 04:11:20,2018-06-29 03:11:20,,2018-07-03 04:11:20,0,,6,3,497.54,107.62,0.2191,1,brinquedos,0.0
O02191,C01084,PA,santarem,shipped,2017-12-09 20:48:00,2017-12-10 13:48:00,,2017-12-17 20:48:00,0,,8,2,535.72,35.41,0.0652,1,automotivo,0.0
O02980,C00345,RS,caxias do sul,delivered,2017-11-22 20:51:00,2017-11-24 20:51:00,2017-12-04 20:51:00,2017-12-01 20:51:00,1,12,9,1,451.35,13.53,0.03,1,papelaria,0.0
O03009,C01797,DF,ceilandia,shipped,2018-04-27 03:16:48,2018-04-28 11:16:48,,2018-05-06 03:16:48,0,,9,2,257.76,56.3,0.2067,1,alimentos_bebidas,0.0
O04736,C00304,RO,ariquemes,canceled,2017-10-30 21:25:51,2017-10-31 09:25:51,,,0,,,2,476.87,37.8,0.0767,1,casa_cozinha,0.0
O00498,C00832,RN,caico,shipped,2018-09-11 22:53:31,2018-09-13 14:53:31,,2018-09-27 22:53:31,0,,16,5,864.73,156.98,0.4016,1,carnes,0.0
O00697,C01820,MS,campo grande,shipped,2017-03-06 20:28:41,2017-03-07 16:28:41,,2017-03-14 20:28:41,0,,8,3,1084.4,77.26,0.0785,1,alimentos_bebidas,0.0
O00700,C01902,RR,alto alegre,shipped,2018-04-28 01:13:25,2018-04-29 06:13:25,,2018-05-20 01:13:25,0,,22,1,68.17,16.87,0.2475,1,fashion_roupa_feminina,0.0
O01879,C01793,SE,estancia,shipped,2017-04-18 06:28:33,2017-04-18 21:28:33,,2017-05-07 06:28:33,0,,19,1,375.68,19.98,0.0532,1,moveis_sala,0.0
O02809,C01262,AL,penedo,shipped,2017-11-22 21:13:24,2017-11-24 09:13:24,,2017-12-04 21:13:24,0,,12,1,254.44,26.33,0.1035,1,casa_conforto,0.0
O02933,C00590,ES,cariacica,unavailable,2016-10-11 03:01:44,2016-10-13 03:01:44,,,0,,,2,916.45,44.76,0.0501,1,livros_interesse,0.0
O03793,C01649,RO,vilhena,shipped,2018-04-10 14:21:02,2018-04-10 20:21:02,,2018-05-03 14:21:02,0,,23,1,275.96,27.47,0.0995,1,casa_garagem,0.0
O00004,C01130,MS,dourados,delivered,2018-04-15 23:41:09,2018-04-16 07:41:09,2018-05-03 23:41:09,2018-04-23 23:41:09,1,18,8,1,140.96,25.66,0.182,1,moveis_escritorio,4.0
O00011,C00496,PB,patos,delivered,2018-05-01 23:02:51,2018-05-02 12:02:51,2018-05-16 23:02:51,2018-05-07 23:02:51,1,15,6,4,611.31,84.58,0.1442,1,casa_escritorio,4.0
O00018,C00314,GO,rio verde,delivered,2016-10-14 05:08:33,2016-10-15 21:08:33,2016-10-19 05:08:33,2016-11-06 05:08:33,0,5,23,4,919.76,106.25,0.1754,1,flores,5.0
O00019,C00784,SC,criciuma,delivered,2016-10-10 06:52:29,2016-10-12 06:52:29,2016-10-27 06:52:29,2016-11-04 06:52:29,0,17,25,1,317.76,35.78,0.1126,1,casa_construcao,5.0
O00033,C00048,DF,brasilia,delivered,2017-04-25 15:52:16,2017-04-26 05:52:16,2017-05-01 15:52:16,2017-05-06 15:52:16,0,6,11,2,520.68,66.57,0.1721,1,moveis_decoracao,5.0
O00044,C00519,BA,vitoria da conquista,delivered,2018-05-30 14:45:34,2018-05-31 09:45:34,2018-06-22 14:45:34,2018-06-20 14:45:34,1,23,21,3,763.46,120.03,0.1729,1,casa_construcao,1.0
O00046,C00880,RR,alto alegre,delivered,2017-06-16 19:24:34,2017-06-17 18:24:34,2017-06-25 19:24:34,2017-07-02 19:24:34,0,9,16,2,269.02,25.58,0.1081,1,alimentos_bebidas,4.0
O00054,C00351,MT,rondonopolis,delivered,2018-01-21 18:46:27,2018-01-23 08:46:27,2018-02-11 18:46:27,2018-01-26 18:46:27,1,21,5,1,231.05,15.74,0.0681,1,eletronicos,2.0
O00057,C01835,ES,serra,delivered,2016-10-31 18:30:30,2016-11-01 16:30:30,2016-11-05 18:30:30,2016-11-20 18:30:30,0,5,20,1,323.8,10.54,0.0326,1,utilidades_domesticas,5.0
O00067,C00944,GO,goiania,delivered,2017-03-06 06:14:56,2017-03-06 15:14:56,2017-03-13 06:14:56,2017-03-29 06:14:56,0,7,23,2,502.56,76.47,0.2486,1,livros_interesse,5.0
O00079,C00337,MG,juiz de fora,delivered,2017-12-22 03:15:42,2017-12-23 16:15:42,2017-12-29 03:15:42,2018-01-10 03:15:42,0,7,19,1,400.32,44.95,0.1123,1,casa_construcao,5.0
O00083,C00726,MG,uberlandia,delivered,2018-07-03 06:30:11,2018-07-03 20:30:11,2018-07-22 06:30:11,2018-07-21 06:30:11,1,19,18,5,1341.12,153.63,0.1374,1,casa_escritorio,3.0
O00084,C01041,RR,caracarai,delivered,2018-02-01 10:42:38,2018-02-01 14:42:38,2018-02-15 10:42:38,2018-02-09 10:42:38,1,14,8,1,459.98,41.06,0.0893,1,portateis_casa_forno_cafe,2.0
O00090,C00464,PA,santarem,delivered,2018-05-22 11:04:03,2018-05-23 13:04:03,2018-06-01 11:04:03,2018-06-04 11:04:03,0,10,13,1,142.21,13.63,0.0958,1,moveis_cozinha,1.0
O00124,C01391,SC,joinville,delivered,2018-01-14 22:55:19,2018-01-16 12:55:19,2018-02-10 22:55:19,2018-01-25 22:55:19,1,27,11,1,277.95,5.52,0.0199,1,relogios_presentes,2.0
O00130,C01970,SP,campinas,delivered,2018-05-31 07:33:00,2018-06-01 13:33:00,2018-06-20 07:33:00,2018-06-05 07:33:00,1,20,5,2,623.0,62.8,0.1138,1,alimentos_bebidas,2.0
O00136,C00220,PE,jaboatao,delivered,2018-02-01 01:09:51,2018-02-02 16:09:51,2018-02-13 01:09:51,2018-02-24 01:09:51,0,12,23,2,752.26,22.02,0.0337,1,casa_iluminacao,3.0
O00138,C01515,MT,tangara da serra,delivered,2016-11-22 08:44:19,2016-11-24 05:44:19,2016-11-29 08:44:19,2016-12-14 08:44:19,0,7,22,4,894.66,141.37,0.2957,1,casa_garagem,5.0
O00158,C00571,RO,cacoal,delivered,2017-12-15 14:02:40,2017-12-16 16:02:40,2018-01-13 14:02:40,2018-01-09 14:02:40,1,29,25,1,415.35,32.04,0.0771,1,cds_dvds_musicais,5.0
O00162,C00093,SP,santos,delivered,2016-10-16 20:39:14,2016-10-18 19:39:14,2016-10-22 20:39:14,2016-10-24 20:39:14,0,6,8,2,826.14,78.71,0.0958,1,casa_banheiro,4.0
O00167,C01722,PB,joao pessoa,delivered,2016-10-16 18:19:40,2016-10-17 06:19:40,2016-11-10 18:19:40,2016-11-04 18:19:40,1,25,19,5,1044.15,155.08,0.2503,1,casa_limpeza,1.0
O00178,C00242,PI,teresina,delivered,2018-10-15 17:20:24,2018-10-16 08:20:24,2018-11-04 17:20:24,2018-10-30 17:20:24,1,20,15,1,37.87,16.06,0.4241,1,cool_stuff,3.0
O00195,C01838,SE,aracaju,delivered,2018-03-26 05:10:22,2018-03-27 04:10:22,2018-04-11 05:10:22,2018-04-01 05:10:22,1,16,6,1,53.13,35.88,0.6753,1,brinquedos,3.0
O00210,C01695,PR,ponta grossa,delivered,2017-01-10 06:08:18,2017-01-10 10:08:18,2017-02-01 06:08:18,2017-01-27 06:08:18,1,22,17,2,797.67,33.73,0.0438,1,casa_garagem,3.0
O00218,C01759,RN,caico,delivered,2018-08-22 00:37:37,2018-08-23 04:37:37,2018-09-12 00:37:37,2018-09-12 00:37:37,0,21,21,2,319.91,94.49,0.3588,1,beleza_saude,5.0
O00220,C01859,SP,ribeirao preto,delivered,2016-09-24 14:04:43,2016-09-25 08:04:43,2016-10-05 14:04:43,2016-10-01 14:04:43,1,11,7,1,456.22,15.32,0.0336,1,casa_conforto,4.0
O00237,C00687,GO,goiania,delivered,2018-05-28 00:28:14,2018-05-29 18:28:14,2018-06-09 00:28:14,2018-06-21 00:28:14,0,12,24,3,985.69,88.49,0.2613,1,casa_outros,5.0
O00247,C00473,PA,anamideua,delivered,2018-08-10 02:14:42,2018-08-10 23:14:42,2018-08-16 02:14:42,2018-08-22 02:14:42,0,6,12,1,62.24,40.29,0.6473,1,moveis_escritorio,3.0
O00263,C01877,MA,imperatriz,delivered,2017-01-09 03:53:55,2017-01-09 13:53:55,2017-01-30 03:53:55,2017-02-01 03:53:55,0,21,23,2,480.46,73.53,0.1697,1,carnes,4.0
O00273,C01102,GO,luziania,delivered,2017-07-01 03:04:23,2017-07-01 04:04:23,2017-07-30 03:04:23,2017-07-06 03:04:23,1,29,5,2,306.01,72.34,0.3054,1,consoles_games,2.0
O00276,C01881,MA,sao luis,delivered,2017-02-18 06:44:19,2017-02-20 04:44:19,2017-03-20 06:44:19,2017-02-26 06:44:19,1,30,8,1,64.13,47.78,0.745,1,fashion_roupa_feminina,1.0
O00286,C01252,CE,juazeiro do norte,delivered,2017-07-21 23:11:40,2017-07-23 21:11:40,2017-08-06 23:11:40,2017-08-03 23:11:40,1,16,13,1,79.45,5.22,0.0657,1,fashion_roupa_feminina,2.0
O00287,C01257,AP,santana,delivered,2018-04-14 18:14:50,2018-04-16 11:14:50,2018-05-07 18:14:50,2018-04-30 18:14:50,1,23,16,1,187.29,6.83,0.0365,1,papelaria,5.0
O00299,C00696,PA,castanhal,delivered,2016-11-10 21:09:18,2016-11-11 17:09:18,2016-11-20 21:09:18,2016-12-03 21:09:18,0,10,23,3,925.51,82.33,0.1133,1,artigos_nautica,4.0
O00309,C00070,PR,ponta grossa,delivered,2017-10-29 05:58:46,2017-10-31 05:58:46,2017-11-26 05:58:46,2017-11-15 05:58:46,1,28,17,1,304.8,49.34,0.1619,1,casa_jardim,3.0
O00321,C00977,AC,feijo,delivered,2017-02-17 05:53:33,2017-02-18 23:53:33,2017-02-24 05:53:33,2017-03-14 05:53:33,0,7,25,1,151.17,47.19,0.3122,1,cama_mesa_banho,3.0
O00331,C00405,PE,olinda,delivered,2018-07-12 18:57:26,2018-07-13 02:57:26,2018-07-28 18:57:26,2018-08-01 18:57:26,0,16,20,5,1082.73,137.68,0.3179,1,audio,1.0
O00346,C00539,CE,juazeiro do norte,delivered,2017-02-06 22:50:43,2017-02-07 07:50:43,2017-02-27 22:50:43,2017-03-03 22:50:43,0,21,25,1,30.47,46.79,1.5356,1,moveis_sala,3.0
O00347,C01569,AC,rio branco,delivered,2018-04-18 21:16:51,2018-04-19 19:16:51,2018-05-18 21:16:51,2018-05-11 21:16:51,1,30,23,3,717.73,101.77,0.2104,1,beleza_saude,2.0
O00348,C01239,PA,maraba,delivered,2017-11-05 16:09:47,2017-11-07 16:09:47,2017-11-29 16:09:47,2017-11-25 16:09:47,1,24,20,1,100.17,44.93,0.4485,1,seguros_servicos,3.0
O00351,C00663,RS,caxias do sul,delivered,2016-12-30 20:07:31,2016-12-31 00:07:31,2017-01-27 20:07:31,2017-01-18 20:07:31,1,28,19,1,143.78,17.81,0.1239,1,seguros_servicos,3.0
O00356,C01457,RN,natal,delivered,2017-04-10 23:06:05,2017-04-12 03:06:05,2017-04-28 23:06:05,2017-04-23 23:06:05,1,18,13,1,404.58,35.46,0.0876,1,malas_acessorios,3.0
O00363,C01030,GO,luziania,delivered,2016-09-21 04:28:12,2016-09-22 19:28:12,2016-10-14 04:28:12,2016-10-04 04:28:12,1,23,13,2,577.51,77.88,0.2469,1,cama_mesa_banho,1.0
O00378,C00239,RR,alto alegre,delivered,2017-01-19 16:23:08,2017-01-20 04:23:08,2017-01-27 16:23:08,2017-02-03 16:23:08,0,8,15,1,452.98,36.39,0.0803,1,papelaria,4.0
O00404,C01615,AC,cruzeiro do sul,delivered,2016-11-23 13:48:46,2016-11-23 19:48:46,2016-12-20 13:48:46,2016-12-02 13:48:46,1,27,9,1,361.76,5.35,0.0148,1,moveis_decoracao,4.0
O00419,C01383,AL,delmiro gouveia,delivered,2018-09-17 16:00:27,2018-09-17 19:00:27,2018-10-03 16:00:27,2018-09-27 16:00:27,1,16,10,1,479.09,32.87,0.0686,1,sinalizacao_seguranca,1.0
O00443,C01626,DF,samambaia,delivered,2017-06-25 16:59:33,2017-06-27 05:59:33,2017-07-07 16:59:33,2017-07-19 16:59:33,0,12,24,1,498.84,6.16,0.0123,1,casa_limpeza,4.0
O00451,C01694,DF,guara,delivered,2018-08-17 14:03:31,2018-08-19 04:03:31,2018-09-08 14:03:31,2018-09-01 14:03:31,1,22,15,5,1119.03,184.46,0.5302,1,casa_conforto,1.0
O00462,C01887,RJ,duque de caxias,delivered,2017-03-24 14:02:04,2017-03-25 15:02:04,2017-04-23 14:02:04,2017-04-01 14:02:04,1,30,8,1,162.82,33.16,0.2037,1,perfumaria,4.0
O00467,C01561,RR,mucajai,delivered,2018-01-07 15:30:51,2018-01-09 00:30:51,2018-01-22 15:30:51,2018-01-19 15:30:51,1,15,12,1,113.62,18.83,0.1657,1,casa_limpeza,1.0
O00481,C00015,ES,linhares,delivered,2016-10-21 05:04:21,2016-10-23 01:04:21,2016-11-20 05:04:21,2016-11-11 05:04:21,1,30,21,1,471.26,17.73,0.0376,1,seguros_servicos,3.0
O00514,C00975,AC,feijo,delivered,2017-07-04 15:27:55,2017-07-04 22:27:55,2017-07-13 15:27:55,2017-07-28 15:27:55,0,9,24,1,31.02,16.17,0.5213,1,artes,4.0
O00525,C00397,RR,mucajai,delivered,2017-02-16 21:03:57,2017-02-17 12:03:57,2017-03-07 21:03:57,2017-03-02 21:03:57,1,19,14,1,74.53,45.78,0.6142,1,cool_stuff,3.0
O00531,C00760,GO,rio verde,delivered,2017-04-14 05:29:22,2017-04-15 01:29:22,2017-04-28 05:29:22,2017-04-29 05:29:22,0,14,15,1,12.12,10.42,0.8597,1,livros_interesse,4.0
O00543,C01588,AL,rio largo,delivered,2018-06-05 18:44:19,2018-06-06 04:44:19,2018-06-26 18:44:19,2018-06-19 18:44:19,1,21,14,3,763.27,102.26,0.1435,1,alimentos_bebidas,4.0
O00545,C01173,RJ,rio de janeiro,delivered,2017-10-11 00:18:49,2017-10-12 12:18:49,2017-10-23 00:18:49,2017-10-16 00:18:49,1,12,5,1,104.32,48.97,0.4694,1,relogios_presentes,1.0
O00558,C00930,BA,itabuna,delivered,2018-07-04 16:56:05,2018-07-04 18:56:05,2018-07-16 16:56:05,2018-07-09 16:56:05,1,12,5,3,647.18,94.04,0.7637,1,artes,1.0
O00563,C01584,PR,ponta grossa,delivered,2017-04-19 08:25:15,2017-04-19 22:25:15,2017-04-25 08:25:15,2017-04-24 08:25:15,1,6,5,1,285.34,19.72,0.0691,1,portateis_casa_forno_cafe,5.0
O00564,C01093,TO,palmas,delivered,2016-11-01 06:53:56,2016-11-01 15:53:56,2016-11-06 06:53:56,2016-11-16 06:53:56,0,5,15,1,251.43,6.87,0.0273,1,papelaria,4.0
O00572,C00734,PB,patos,delivered,2018-01-06 06:07:37,2018-01-07 09:07:37,2018-01-11 06:07:37,2018-01-27 06:07:37,0,5,21,1,142.57,24.16,0.1695,1,portateis_casa_forno_cafe,4.0
O00590,C00002,DF,taguatinga,delivered,2017-12-28 18:59:05,2017-12-30 01:59:05,2018-01-08 18:59:05,2018-01-06 18:59:05,1,11,9,2,498.04,44.67,0.133,1,automotivo,3.0
O00606,C00935,CE,juazeiro do norte,delivered,2017-01-28 21:54:28,2017-01-30 16:54:28,2017-02-24 21:54:28,2017-02-18 21:54:28,1,27,21,1,330.8,47.67,0.1441,1,seguros_servicos,3.0
O00609,C01700,AM,parintins,delivered,2017-02-20 15:29:11,2017-02-20 23:29:11,2017-03-04 15:29:11,2017-03-01 15:29:11,1,12,9,1,395.8,29.46,0.0744,1,construcao_ferramentas,3.0
O00611,C01979,GO,aparecida de goiania,delivered,2018-10-25 01:27:51,2018-10-25 13:27:51,2018-11-13 01:27:51,2018-11-05 01:27:51,1,19,11,1,39.54,23.62,0.5974,1,fashion_calcados,1.0
O00617,C01758,ES,linhares,delivered,2017-07-12 02:25:04,2017-07-12 20:25:04,2017-07-27 02:25:04,2017-07-26 02:25:04,1,15,14,1,231.51,20.26,0.0875,1,perfumaria,2.0
O00619,C00001,SE,aracaju,delivered,2016-12-26 07:22:26,2016-12-27 00:22:26,2017-01-19 07:22:26,2017-01-09 07:22:26,1,24,14,3,848.55,99.35,0.1175,1,beleza_saude,1.0
O00636,C00213,DF,guara,delivered,2018-09-28 20:48:44,2018-09-30 08:48:44,2018-10-19 20:48:44,2018-10-15 20:48:44,1,21,17,1,203.58,46.98,0.2308,1,malas_acessorios,4.0
O00645,C00510,AC,rio branco,delivered,2017-11-04 17:36:22,2017-11-05 22:36:22,2017-11-17 17:36:22,2017-11-23 17:36:22,0,13,19,1,320.59,28.02,0.0874,1,alimentos_bebidas,4.0
O00673,C00943,AL,delmiro gouveia,delivered,2018-07-13 05:00:44,2018-07-14 13:00:44,2018-07-18 05:00:44,2018-07-23 05:00:44,0,5,10,1,238.65,12.67,0.0531,1,informatica_acessorios,2.0
O00706,C00828,RS,porto alegre,delivered,2018-07-08 23:09:04,2018-07-10 00:09:04,2018-07-11 23:09:04,2018-07-28 23:09:04,0,3,20,2,479.32,54.47,0.5222,1,perfumaria,2.0
O00710,C01112,RO,vilhena,delivered,2017-05-28 07:16:58,2017-05-30 01:16:58,2017-06-01 07:16:58,2017-06-19 07:16:58,0,4,22,2,38.85,32.67,0.7955,1,cama_mesa_banho,4.0
O00731,C00981,AC,sena madureira,delivered,2017-02-17 20:38:09,2017-02-18 04:38:09,2017-03-18 20:38:09,2017-03-06 20:38:09,1,29,17,1,124.81,33.57,0.269,1,eletroportateis,1.0
O00733,C01261,MA,sao luis,delivered,2018-03-31 04:13:30,2018-04-01 09:13:30,2018-04-17 04:13:30,2018-04-24 04:13:30,0,17,24,1,119.6,12.5,0.1045,1,casa_outros,5.0
O00760,C00845,RO,vilhena,delivered,2016-11-19 01:09:24,2016-11-19 14:09:24,2016-12-09 01:09:24,2016-11-29 01:09:24,1,20,10,1,204.3,12.14,0.0594,1,artes,3.0
O00780,C01388,PI,teresina,delivered,2018-05-05 11:03:31,2018-05-05 21:03:31,2018-06-02 11:03:31,2018-05-16 11:03:31,1,28,11,3,664.02,99.49,0.1798,1,construcao_ferramentas,2.0
O00807,C00386,RO,vilhena,delivered,2017-06-18 13:39:24,2017-06-19 10:39:24,2017-06-28 13:39:24,2017-06-28 13:39:24,0,10,10,1,58.1,36.38,0.6262,1,brinquedos,5.0
O00810,C01087,RJ,niteroi,delivered,2016-09-11 20:20:51,2016-09-13 14:20:51,2016-10-05 20:20:51,2016-09-24 20:20:51,1,24,13,1,181.29,34.67,0.1912,1,casa_conforto,4.0
O00811,C00577,MA,imperatriz,delivered,2017-05-09 12:21:50,2017-05-09 17:21:50,2017-05-27 12:21:50,2017-05-25 12:21:50,1,18,16,2,340.95,38.4,0.0999,1,fashion_roupa_feminina,3.0
O00817,C00615,GO,luziania,delivered,2018-09-30 18:30:07,2018-10-01 15:30:07,2018-10-26 18:30:07,2018-10-11 18:30:07,1,26,11,1,478.23,23.58,0.0493,1,eletrodomesticos_2,4.0
O00818,C00468,BA,vitoria da conquista,delivered,2017-05-23 22:40:28,2017-05-24 01:40:28,2017-06-08 22:40:28,2017-06-11 22:40:28,0,16,19,3,1108.63,83.24,0.0735,1,casa_conforto,5.0
O00823,C00310,RO,ji-parana,delivered,2017-06-13 16:38:51,2017-06-14 06:38:51,2017-06-28 16:38:51,2017-07-03 16:38:51,0,15,20,1,249.91,19.41,0.0777,1,fashion_esporte,5.0
O00833,C01988,MT,varzea grande,delivered,2018-09-06 14:13:07,2018-09-06 19:13:07,2018-09-20 14:13:07,2018-09-24 14:13:07,0,14,18,3,1205.96,102.28,0.0831,1,moda_roupa,5.0
O00835,C01299,PE,caruaru,delivered,2018-09-10 17:33:48,2018-09-11 11:33:48,2018-10-01 17:33:48,2018-09-25 17:33:48,1,21,15,1,359.97,6.66,0.0185,1,fashion_bolsas,1.0
O00841,C01621,RR,rorainopolis,delivered,2017-11-04 01:52:07,2017-11-05 23:52:07,2017-12-04 01:52:07,2017-11-10 01:52:07,1,30,6,1,254.86,8.76,0.0344,1,moveis_presentes,2.0
O00848,C00052,GO,luziania,delivered,2016-10-15 18:32:00,2016-10-17 12:32:00,2016-10-31 18:32:00,2016-10-22 18:32:00,1,16,7,2,898.92,50.92,0.057,1,casa_construcao,4.0
O00853,C00254,ES,cariacica,delivered,2016-11-21 10:29:20,2016-11-22 07:29:20,2016-12-05 10:29:20,2016-11-30 10:29:20,1,14,9,1,445.93,42.07,0.0943,1,construcao_ferramentas,2.0
O00858,C00131,TO,porto nacional,delivered,2016-12-15 11:17:46,2016-12-15 20:17:46,2017-01-03 11:17:46,2016-12-25 11:17:46,1,19,10,1,34.64,48.36,1.3961,1,perfumaria,3.0
O00876,C01376,RO,ji-parana,delivered,2018-05-24 05:15:00,2018-05-24 19:15:00,2018-05-28 05:15:00,2018-06-10 05:15:00,0,4,17,1,152.32,10.66,0.07,1,fashion_roupa_masculina,5.0
O00896,C01965,BA,itabuna,delivered,2017-11-11 05:50:14,2017-11-13 03:50:14,2017-11-29 05:50:14,2017-11-22 05:50:14,1,18,11,1,62.31,22.47,0.3606,1,utilidades_domesticas,1.0
O00903,C01108,CE,maracanau,delivered,2017-04-15 07:55:45,2017-04-16 04:55:45,2017-04-29 07:55:45,2017-05-03 07:55:45,0,14,18,1,245.57,49.81,0.2028,1,market_place,5.0
O00906,C00178,PR,cascavel,delivered,2017-09-29 07:59:29,2017-09-29 16:59:29,2017-10-13 07:59:29,2017-10-24 07:59:29,0,14,25,1,29.16,19.77,0.678,1,moveis_escritorio,1.0
O00912,C01914,RS,santa maria,delivered,2017-05-14 20:31:54,2017-05-16 20:31:54,2017-06-08 20:31:54,2017-05-29 20:31:54,1,25,15,1,219.78,35.62,0.1621,1,flores,3.0
O00919,C00496,PB,patos,delivered,2018-05-24 21:14:46,2018-05-25 17:14:46,2018-06-13 21:14:46,2018-06-18 21:14:46,0,20,25,1,159.16,19.63,0.1233,1,casa_escritorio,5.0
O00935,C01339,CE,fortaleza,delivered,2016-11-15 16:13:20,2016-11-16 09:13:20,2016-12-10 16:13:20,2016-12-06 16:13:20,1,25,21,1,94.52,47.2,0.4994,1,construcao_ferramentas,3.0
O00937,C00595,SP,sao paulo,delivered,2018-01-28 20:04:09,2018-01-30 00:04:09,2018-02-04 20:04:09,2018-02-04 20:04:09,0,7,7,1,138.01,48.58,0.352,1,artes,5.0
O00942,C00049,MG,belo horizonte,delivered,2018-07-13 13:27:03,2018-07-14 21:27:03,2018-08-07 13:27:03,2018-07-31 13:27:03,1,25,18,2,598.29,50.8,0.0954,1,casa_quarto,3.0
O00949,C01193,PI,teresina,delivered,2018-06-04 23:17:30,2018-06-05 07:17:30,2018-06-14 23:17:30,2018-06-15 23:17:30,0,10,11,1,388.64,43.98,0.1132,1,moveis_decoracao,5.0
O00951,C00762,TO,araguaina,delivered,2016-12-03 04:44:16,2016-12-04 13:44:16,2016-12-09 04:44:16,2016-12-24 04:44:16,0,6,21,1,327.14,28.65,0.0876,1,eletronicos,4.0
O00963,C00064,RS,porto alegre,delivered,2018-06-11 06:41:04,2018-06-11 11:41:04,2018-07-06 06:41:04,2018-06-20 06:41:04,1,25,9,1,204.45,45.59,0.223,1,consoles_games,1.0
O00971,C00392,PI,picos,delivered,2018-02-24 09:30:51,2018-02-25 05:30:51,2018-03-09 09:30:51,2018-03-17 09:30:51,0,13,21,1,137.44,8.9,0.0648,1,casa_garagem,5.0
O00988,C01826,RR,alto alegre,delivered,2016-12-03 00:29:02,2016-12-03 01:29:02,2016-12-25 00:29:02,2016-12-16 00:29:02,1,22,13,2,415.23,57.83,0.1225,1,moveis_presentes,5.0
O01013,C00306,MS,dourados,delivered,2017-11-30 09:31:44,2017-11-30 19:31:44,2017-12-11 09:31:44,2017-12-10 09:31:44,1,11,10,2,598.0,89.75,0.189,1,carnes,3.0
O01021,C01052,AM,coari,delivered,2016-10-03 04:25:17,2016-10-04 13:25:17,2016-10-07 04:25:17,2016-10-20 04:25:17,0,4,17,1,142.9,35.98,0.2518,1,portateis_cozinha,4.0
O01031,C01229,SP,ribeirao preto,delivered,2018-03-25 21:26:24,2018-03-26 17:26:24,2018-04-10 21:26:24,2018-04-11 21:26:24,0,16,17,1,303.32,35.78,0.118,1,brinquedos,5.0
O01040,C01787,AL,rio largo,delivered,2018-07-06 05:39:52,2018-07-06 10:39:52,2018-07-20 05:39:52,2018-07-27 05:39:52,0,14,21,2,110.98,28.78,0.4473,1,eletronicos,5.0
O01044,C00123,GO,goiania,delivered,2016-10-09 08:16:04,2016-10-10 17:16:04,2016-10-28 08:16:04,2016-10-25 08:16:04,1,19,16,2,463.1,69.93,0.1566,1,fashion_esporte,2.0
O01051,C01264,AC,cruzeiro do sul,delivered,2018-04-20 08:26:21,2018-04-21 02:26:21,2018-04-24 08:26:21,2018-04-26 08:26:21,0,4,6,1,102.43,14.07,0.1374,1,casa_limpeza,4.0
O01058,C00529,PI,floriano,delivered,2018-01-27 13:39:22,2018-01-29 06:39:22,2018-02-15 13:39:22,2018-02-05 13:39:22,1,19,9,4,916.94,144.32,0.212,1,casa_cozinha,3.0
O01060,C01669,TO,palmas,delivered,2016-10-05 12:36:55,2016-10-06 16:36:55,2016-10-18 12:36:55,2016-10-26 12:36:55,0,13,21,1,127.3,14.34,0.1126,1,casa_jardim,5.0
O01067,C00893,RR,boa vista,delivered,2018-05-24 13:58:11,2018-05-25 17:58:11,2018-06-11 13:58:11,2018-05-29 13:58:11,1,18,5,1,101.04,21.91,0.2168,1,fashion_roupa_masculina,1.0
O01081,C00066,AC,rio branco,delivered,2018-05-05 02:46:18,2018-05-06 00:46:18,2018-05-30 02:46:18,2018-05-25 02:46:18,1,25,20,2,585.69,60.73,0.1178,1,casa_garagem,3.0
O01091,C00101,RS,santa maria,delivered,2016-10-19 17:54:46,2016-10-20 10:54:46,2016-11-17 17:54:46,2016-11-08 17:54:46,1,29,20,3,1059.26,100.29,0.1006,1,carnes,3.0
O01095,C01781,RS,pelotas,delivered,2017-05-14 01:02:28,2017-05-14 18:02:28,2017-06-01 01:02:28,2017-05-29 01:02:28,1,18,15,2,470.65,93.02,0.9475,1,casa_iluminacao,3.0
O01104,C00935,CE,juazeiro do norte,delivered,2016-11-09 03:35:22,2016-11-09 22:35:22,2016-11-25 03:35:22,2016-12-02 03:35:22,0,16,23,1,305.19,38.23,0.1253,1,pc_gamer,5.0
O01130,C01142,ES,linhares,delivered,2018-08-13 06:00:14,2018-08-14 07:00:14,2018-08-27 06:00:14,2018-08-24 06:00:14,1,14,11,1,472.87,7.49,0.0158,1,la_cuisine,3.0
O01135,C01215,AM,manaus,delivered,2017-03-30 21:53:01,2017-04-01 04:53:01,2017-04-19 21:53:01,2017-04-14 21:53:01,1,20,15,2,511.43,91.14,2.0191,1,casa_outros,5.0
O01145,C00652,ES,linhares,delivered,2017-03-12 04:52:32,2017-03-12 16:52:32,2017-04-02 04:52:32,2017-03-19 04:52:32,1,21,7,1,200.22,8.33,0.0416,1,fashion_calcados,2.0
O01154,C01292,TO,gurupi,delivered,2016-09-27 04:02:43,2016-09-28 11:02:43,2016-10-22 04:02:43,2016-10-06 04:02:43,1,25,9,1,496.46,32.12,0.0647,1,casa_construcao,1.0
O01170,C01004,RS,canoas,delivered,2018-09-30 12:01:00,2018-10-01 06:01:00,2018-10-11 12:01:00,2018-10-05 12:01:00,1,11,5,3,748.43,49.11,0.09,1,artes,3.0
O01173,C01805,BA,salvador,delivered,2017-11-21 03:57:45,2017-11-21 13:57:45,2017-11-29 03:57:45,2017-12-09 03:57:45,0,8,18,5,1300.66,117.81,0.1183,1,artes,5.0
O01175,C01202,MA,imperatriz,delivered,2018-08-07 22:20:35,2018-08-08 21:20:35,2018-08-17 22:20:35,2018-08-26 22:20:35,0,10,19,1,47.61,40.95,0.8601,1,seguros_servicos,4.0
O01180,C00522,AC,tarauaca,delivered,2017-02-01 12:49:15,2017-02-02 06:49:15,2017-02-20 12:49:15,2017-02-15 12:49:15,1,19,14,2,895.58,57.25,0.0655,1,carnes,2.0
O01196,C00247,MA,sao jose de ribamar,delivered,2017-11-10 14:28:32,2017-11-12 08:28:32,2017-11-27 14:28:32,2017-11-21 14:28:32,1,17,11,1,335.99,10.24,0.0305,1,telefonia,4.0
O01202,C01543,TO,porto nacional,delivered,2018-08-04 17:02:48,2018-08-06 05:02:48,2018-08-07 17:02:48,2018-08-12 17:02:48,0,3,8,2,822.79,15.23,0.019,1,casa_iluminacao,3.0
O01203,C01285,RO,cacoal,delivered,2016-10-04 04:24:38,2016-10-05 23:24:38,2016-10-12 04:24:38,2016-10-14 04:24:38,0,8,10,1,132.71,27.81,0.2096,1,papelaria,4.0
O01209,C00072,RR,alto alegre,delivered,2017-05-31 00:02:32,2017-06-01 20:02:32,2017-06-16 00:02:32,2017-06-08 00:02:32,1,16,8,2,457.88,13.4,0.0593,1,flores,3.0
O01211,C00891,SE,lagarto,delivered,2017-08-23 03:19:30,2017-08-25 00:19:30,2017-09-03 03:19:30,2017-09-13 03:19:30,0,11,21,1,438.75,12.58,0.0287,1,fashion_bolsas,4.0
O01253,C01069,PE,petrolina,delivered,2017-12-22 16:18:14,2017-12-23 19:18:14,2017-12-25 16:18:14,2018-01-03 16:18:14,0,3,12,1,262.4,26.03,0.0992,1,flores,3.0
O01264,C01486,TO,paraíso do tocantins,delivered,2017-03-28 13:20:46,2017-03-29 19:20:46,2017-04-22 13:20:46,2017-04-03 13:20:46,1,25,6,1,336.25,32.43,0.0964,1,moveis_escritorio,2.0
O01265,C01380,PA,maraba,delivered,2018-02-11 01:28:19,2018-02-11 04:28:19,2018-03-06 01:28:19,2018-02-17 01:28:19,1,23,6,1,14.11,10.55,0.7477,1,casa_quarto,2.0
O01269,C01651,MT,rondonopolis,delivered,2017-02-06 17:23:05,2017-02-06 23:23:05,2017-02-28 17:23:05,2017-02-25 17:23:05,1,22,19,1,274.2,46.31,0.1689,1,telefonia,4.0
O01270,C01078,ES,linhares,delivered,2018-08-26 14:31:01,2018-08-28 13:31:01,2018-09-01 14:31:01,2018-09-17 14:31:01,0,6,22,1,199.58,13.23,0.0663,1,fashion_esporte,5.0
O01272,C01009,BA,ilheus,delivered,2017-08-03 18:13:42,2017-08-04 03:13:42,2017-08-16 18:13:42,2017-08-15 18:13:42,1,13,12,1,155.85,19.41,0.1245,1,la_cuisine,5.0
O01284,C00588,AC,sena madureira,delivered,2017-02-17 02:27:03,2017-02-18 13:27:03,2017-02-27 02:27:03,2017-03-06 02:27:03,0,10,17,1,384.35,19.94,0.0519,1,portateis_casa_forno_cafe,5.0
O01286,C01550,PB,bayeux,delivered,2018-05-26 16:27:45,2018-05-27 05:27:45,2018-06-21 16:27:45,2018-06-05 16:27:45,1,26,10,2,875.27,55.31,0.0627,1,eletrodomesticos_2,3.0
O01318,C01932,GO,rio verde,delivered,2017-08-21 08:34:13,2017-08-22 18:34:13,2017-09-03 08:34:13,2017-09-14 08:34:13,0,13,24,3,934.52,125.15,0.2254,1,alimentos_bebidas,3.0
O01322,C01250,MA,sao jose de ribamar,delivered,2018-07-07 10:13:06,2018-07-08 08:13:06,2018-08-04 10:13:06,2018-07-16 10:13:06,1,28,9,2,363.52,18.76,0.0864,1,moveis_colchao_estofado,2.0
O01325,C00150,MA,timon,delivered,2017-08-03 12:37:49,2017-08-03 13:37:49,2017-08-31 12:37:49,2017-08-21 12:37:49,1,28,18,2,332.18,56.62,0.1822,1,casa_jardim,1.0
O01335,C00572,AP,porto grande,delivered,2017-01-03 10:30:35,2017-01-04 05:30:35,2017-01-08 10:30:35,2017-01-18 10:30:35,0,5,15,3,688.12,74.48,0.1766,1,artes,3.0
O01356,C00485,MG,uberlandia,delivered,2018-08-03 18:02:14,2018-08-04 08:02:14,2018-09-01 18:02:14,2018-08-11 18:02:14,1,29,8,2,465.55,65.93,0.1584,1,eletrodomesticos_2,4.0
O01360,C01099,AP,porto grande,delivered,2017-06-11 08:04:01,2017-06-11 15:04:01,2017-06-22 08:04:01,2017-07-02 08:04:01,0,11,21,1,184.01,9.74,0.0529,1,cool_stuff,4.0
O01366,C01116,AP,oida,delivered,2018-06-28 22:41:30,2018-06-30 00:41:30,2018-07-04 22:41:30,2018-07-17 22:41:30,0,6,19,2,485.85,52.06,0.1126,1,fashion_bolsas,1.0
O01370,C00370,RS,canoas,delivered,2017-08-14 19:54:11,2017-08-16 12:54:11,2017-09-07 19:54:11,2017-08-24 19:54:11,1,24,10,1,90.81,31.84,0.3506,1,telefonia,1.0
O01371,C00177,RO,vilhena,delivered,2018-05-05 01:24:11,2018-05-06 21:24:11,2018-05-19 01:24:11,2018-05-10 01:24:11,1,14,5,4,833.37,104.21,0.4349,1,carnes,4.0
O01374,C01501,RR,mucajai,delivered,2016-12-23 04:29:55,2016-12-24 14:29:55,2016-12-31 04:29:55,2016-12-30 04:29:55,1,8,7,1,323.49,35.65,0.1102,1,moveis_sala,2.0
O01375,C01169,BA,vitoria da conquista,delivered,2017-04-04 12:45:16,2017-04-05 09:45:16,2017-04-21 12:45:16,2017-04-28 12:45:16,0,17,24,1,60.92,30.89,0.5071,1,moveis_jardim,5.0
O01384,C01539,MS,três lagoas,delivered,2016-10-26 14:42:04,2016-10-28 11:42:04,2016-10-31 14:42:04,2016-11-11 14:42:04,0,5,16,1,41.75,19.6,0.4695,1,seguros_servicos,1.0
O01388,C00131,TO,porto nacional,delivered,2018-08-18 18:27:41,2018-08-20 02:27:41,2018-09-05 18:27:41,2018-09-04 18:27:41,1,18,17,1,99.43,18.22,0.1832,1,artigos_nautica,3.0
O01389,C01110,MA,sao luis,delivered,2017-04-21 21:18:49,2017-04-23 13:18:49,2017-05-07 21:18:49,2017-05-12 21:18:49,0,16,21,2,361.36,42.75,0.2732,1,livros_interesse,5.0
O01390,C01019,PA,anamideua,delivered,2017-04-28 02:22:44,2017-04-28 11:22:44,2017-05-19 02:22:44,2017-05-09 02:22:44,1,21,11,2,656.68,47.93,0.0731,1,beleza_saude,1.0
O01391,C01012,MT,sinop,delivered,2016-10-30 07:27:02,2016-11-01 01:27:02,2016-11-23 07:27:02,2016-11-20 07:27:02,1,24,21,1,67.9,34.41,0.5068,1,automotivo,2.0
O01412,C00408,AM,coari,delivered,2018-02-01 06:04:25,2018-02-02 20:04:25,2018-03-01 06:04:25,2018-02-07 06:04:25,1,28,6,1,82.13,15.56,0.1895,1,musica_arte,1.0
O01425,C01767,AC,feijo,delivered,2017-05-19 08:12:10,2017-05-19 17:12:10,2017-06-01 08:12:10,2017-06-09 08:12:10,0,13,21,3,776.74,123.9,0.3788,1,artes,5.0
O01446,C00502,ES,cariacica,delivered,2018-06-08 06:02:29,2018-06-08 23:02:29,2018-06-17 06:02:29,2018-06-30 06:02:29,0,9,22,2,592.01,87.07,0.273,1,moveis_sala,3.0
O01451,C01930,TO,araguaina,delivered,2016-10-21 18:54:44,2016-10-22 15:54:44,2016-10-26 18:54:44,2016-11-11 18:54:44,0,5,21,1,96.52,29.99,0.3107,1,construcao_ferramentas,4.0
O01455,C00937,AL,arapiraca,delivered,2017-08-01 02:20:08,2017-08-01 15:20:08,2017-08-26 02:20:08,2017-08-12 02:20:08,1,25,11,1,62.38,8.25,0.1323,1,artigos_nautica,3.0
O01481,C01535,PI,floriano,delivered,2018-02-23 23:36:34,2018-02-25 18:36:34,2018-03-07 23:36:34,2018-03-06 23:36:34,1,12,11,2,567.81,22.34,0.0899,1,casa_quarto,3.0
O01498,C01721,AC,feijo,delivered,2017-06-28 19:56:25,2017-06-30 16:56:25,2017-07-12 19:56:25,2017-07-15 19:56:25,0,14,17,1,179.75,46.67,0.2596,1,artigos_nautica,5.0
O01502,C00291,PE,olinda,delivered,2017-11-02 21:57:55,2017-11-03 10:57:55,2017-11-16 21:57:55,2017-11-24 21:57:55,0,14,22,2,615.6,57.32,0.0826,1,casa_construcao,4.0
O01517,C00983,RJ,niteroi,delivered,2017-02-13 07:48:45,2017-02-13 16:48:45,2017-02-24 07:48:45,2017-03-04 07:48:45,0,11,19,3,630.84,106.08,0.2063,1,casa_jardim,1.0
O01521,C01002,GO,aparecida de goiania,delivered,2017-05-10 11:06:48,2017-05-11 15:06:48,2017-05-30 11:06:48,2017-05-15 11:06:48,1,20,5,1,249.62,6.93,0.0278,1,casa_conforto,5.0
O01530,C00520,SE,lagarto,delivered,2018-10-11 18:42:46,2018-10-11 20:42:46,2018-10-31 18:42:46,2018-10-16 18:42:46,1,20,5,1,236.02,26.67,0.113,1,casa_conforto,3.0
O01544,C00459,ES,serra,delivered,2016-12-11 03:47:57,2016-12-11 16:47:57,2016-12-28 03:47:57,2016-12-19 03:47:57,1,17,8,1,264.85,49.8,0.188,1,beleza_saude,1.0
O01548,C00983,RJ,niteroi,delivered,2017-10-19 11:41:26,2017-10-20 03:41:26,2017-10-27 11:41:26,2017-11-03 11:41:26,0,8,15,2,458.01,38.84,0.1042,1,alimentos_bebidas,5.0
O01557,C01051,AC,rio branco,delivered,2018-10-24 15:30:40,2018-10-26 05:30:40,2018-10-31 15:30:40,2018-11-01 15:30:40,0,7,8,2,844.58,75.7,0.0914,1,casa_limpeza,5.0
O01571,C01362,AL,maceio,delivered,2016-11-17 17:04:52,2016-11-18 11:04:52,2016-12-01 17:04:52,2016-11-29 17:04:52,1,14,12,1,445.71,21.3,0.0478,1,seguros_servicos,4.0
O01575,C01144,RO,ariquemes,delivered,2017-08-15 04:11:52,2017-08-16 02:11:52,2017-08-29 04:11:52,2017-08-23 04:11:52,1,14,8,2,247.58,59.56,0.2713,1,brinquedos,3.0
O01586,C00983,RJ,niteroi,delivered,2017-04-24 02:18:55,2017-04-25 12:18:55,2017-05-15 02:18:55,2017-05-01 02:18:55,1,21,7,2,541.32,83.17,0.1664,1,casa_garagem,3.0
O01622,C00060,MG,montes claros,delivered,2018-06-23 10:47:43,2018-06-23 19:47:43,2018-07-21 10:47:43,2018-07-09 10:47:43,1,28,16,2,443.95,90.66,0.5,1,casa_utilidades,4.0
O01623,C00529,PI,floriano,delivered,2018-05-22 06:29:16,2018-05-23 07:29:16,2018-06-21 06:29:16,2018-06-16 06:29:16,1,30,25,2,577.66,66.57,0.1146,1,market_place,3.0
O01636,C01907,SE,lagarto,delivered,2016-09-22 03:47:21,2016-09-22 21:47:21,2016-10-17 03:47:21,2016-10-10 03:47:21,1,25,18,1,55.9,17.05,0.305,1,casa_escritorio,1.0
O01637,C01624,PE,petrolina,delivered,2017-10-14 17:54:26,2017-10-15 04:54:26,2017-10-30 17:54:26,2017-10-21 17:54:26,1,16,7,2,925.22,51.64,0.0575,1,automotivo,4.0
O01638,C00302,SE,itabaiana,delivered,2017-02-20 06:56:22,2017-02-20 17:56:22,2017-03-11 06:56:22,2017-03-05 06:56:22,1,19,13,3,595.74,87.79,0.3297,1,casa_conforto,4.0
O01660,C00536,MG,uberlandia,delivered,2017-10-12 19:52:34,2017-10-13 23:52:34,2017-11-01 19:52:34,2017-10-23 19:52:34,1,20,11,2,553.01,83.78,0.3245,1,moveis_decoracao,3.0
O01662,C00446,MG,montes claros,delivered,2018-08-01 13:45:35,2018-08-03 11:45:35,2018-08-07 13:45:35,2018-08-06 13:45:35,1,6,5,1,198.44,20.53,0.1035,1,brinquedos,3.0
O01685,C00937,AL,arapiraca,delivered,2018-05-22 00:33:54,2018-05-22 12:33:54,2018-06-20 00:33:54,2018-06-04 00:33:54,1,29,13,1,197.17,38.28,0.1941,1,artes,1.0
O01691,C00664,PE,olinda,delivered,2017-02-04 05:34:49,2017-02-05 07:34:49,2017-02-25 05:34:49,2017-02-17 05:34:49,1,21,13,1,386.42,46.92,0.1214,1,la_cuisine,2.0
O01705,C00944,GO,goiania,delivered,2018-09-26 23:55:17,2018-09-28 05:55:17,2018-10-01 23:55:17,2018-10-05 23:55:17,0,5,9,3,804.69,73.37,0.1778,1,dvds_blu_ray,4.0
O01706,C01000,TO,araguaina,delivered,2017-12-06 01:25:34,2017-12-07 02:25:34,2018-01-03 01:25:34,2017-12-13 01:25:34,1,28,7,3,1076.7,118.34,0.142,1,casa_conforto,4.0
O01710,C00110,AP,laranjal do jari,delivered,2017-10-16 15:04:43,2017-10-18 14:04:43,2017-10-27 15:04:43,2017-10-25 15:04:43,1,11,9,2,432.13,33.47,0.0797,1,carnes,2.0
O01739,C01118,AM,itacoatiara,delivered,2018-07-09 09:41:54,2018-07-09 12:41:54,2018-07-26 09:41:54,2018-07-20 09:41:54,1,17,11,1,223.5,27.29,0.1221,1,construcao_ferramentas,2.0
O01745,C01899,SC,criciuma,delivered,2017-11-04 20:07:54,2017-11-06 18:07:54,2017-11-18 20:07:54,2017-11-23 20:07:54,0,14,19,1,433.54,30.57,0.0705,1,cool_stuff,5.0
O01761,C00066,AC,rio branco,delivered,2018-07-13 12:07:24,2018-07-14 07:07:24,2018-08-11 12:07:24,2018-08-02 12:07:24,1,29,20,1,232.63,11.03,0.0474,1,moveis_jardim,5.0
O01766,C00443,CE,sobral,delivered,2017-12-17 08:16:11,2017-12-19 07:16:11,2018-01-11 08:16:11,2018-01-09 08:16:11,1,25,23,2,561.44,65.3,0.1296,1,moveis_decoracao,4.0
O01770,C01957,TO,gurupi,delivered,2017-08-10 21:41:46,2017-08-12 15:41:46,2017-09-01 21:41:46,2017-09-03 21:41:46,0,22,24,3,682.54,77.36,0.2629,1,casa_iluminacao,5.0
O01771,C01827,RN,mossoro,delivered,2017-05-29 16:58:25,2017-05-31 03:58:25,2017-06-25 16:58:25,2017-06-10 16:58:25,1,27,12,1,461.85,8.64,0.0187,1,bebes,2.0
O01778,C01357,SC,florianopolis,delivered,2017-06-29 03:04:51,2017-06-30 16:04:51,2017-07-11 03:04:51,2017-07-22 03:04:51,0,12,23,2,552.82,23.08,0.059,1,artes,4.0
O01788,C01871,RO,vilhena,delivered,2018-06-06 03:12:28,2018-06-07 12:12:28,2018-06-09 03:12:28,2018-06-15 03:12:28,0,3,9,1,160.62,39.66,0.2469,1,casa_construcao,5.0
O01803,C00434,AP,santana,delivered,2018-03-31 23:51:13,2018-04-01 21:51:13,2018-04-05 23:51:13,2018-04-23 23:51:13,0,5,23,1,195.72,42.34,0.2163,1,cool_stuff,4.0
O01823,C00706,PA,maraba,delivered,2017-08-25 13:11:15,2017-08-26 18:11:15,2017-09-08 13:11:15,2017-09-11 13:11:15,0,14,17,1,272.63,12.63,0.0463,1,carnes,5.0
O01845,C01859,SP,ribeirao preto,delivered,2017-01-10 11:26:09,2017-01-12 06:26:09,2017-02-03 11:26:09,2017-01-27 11:26:09,1,24,17,2,540.01,13.52,0.0296,1,automotivo,1.0
O01850,C01657,SE,estancia,delivered,2017-09-10 04:52:02,2017-09-10 09:52:02,2017-10-09 04:52:02,2017-09-26 04:52:02,1,29,16,1,498.74,13.27,0.0266,1,sinalizacao_seguranca,1.0
O01856,C00895,MA,sao jose de ribamar,delivered,2018-03-30 21:23:58,2018-04-01 10:23:58,2018-04-29 21:23:58,2018-04-12 21:23:58,1,30,13,1,375.48,46.14,0.1229,0,fashion_bolsas,3.0
O01857,C00805,RS,caxias do sul,delivered,2018-04-24 15:42:02,2018-04-26 14:42:02,2018-05-13 15:42:02,2018-05-11 15:42:02,1,19,17,1,152.82,41.52,0.2717,1,consoles_games,2.0
O01868,C01624,PE,petrolina,delivered,2017-05-03 12:47:17,2017-05-04 15:47:17,2017-05-15 12:47:17,2017-05-18 12:47:17,0,12,15,1,106.34,47.95,0.4509,1,musica_arte,5.0
O01877,C00100,RS,caxias do sul,delivered,2017-02-22 15:38:33,2017-02-23 23:38:33,2017-03-02 15:38:33,2017-03-19 15:38:33,0,8,25,1,477.53,22.14,0.0464,1,casa_banheiro,4.0
O01895,C00347,DF,samambaia,delivered,2017-04-23 05:20:50,2017-04-24 22:20:50,2017-05-22 05:20:50,2017-05-12 05:20:50,1,29,19,1,225.27,36.44,0.1618,1,papelaria,4.0
O01904,C00812,PE,caruaru,delivered,2017-02-02 23:56:39,2017-02-03 22:56:39,2017-03-03 23:56:39,2017-02-24 23:56:39,1,29,22,1,69.86,8.57,0.1227,0,esporte_lazer,2.0
O01914,C00118,AC,cruzeiro do sul,delivered,2018-04-09 16:34:59,2018-04-10 04:34:59,2018-05-01 16:34:59,2018-04-24 16:34:59,1,22,15,1,472.52,36.73,0.0777,1,moveis_presentes,3.0
O01918,C00565,PE,olinda,delivered,2017-02-10 09:35:07,2017-02-11 01:35:07,2017-03-06 09:35:07,2017-02-25 09:35:07,1,24,15,1,315.08,41.02,0.1302,1,artes,3.0
O01969,C00861,PA,maraba,delivered,2017-03-19 07:30:31,2017-03-20 22:30:31,2017-04-14 07:30:31,2017-03-30 07:30:31,1,26,11,2,252.46,54.65,0.2036,1,artigos_nautica,4.0
O01987,C00069,BA,feira de santana,delivered,2017-09-22 06:45:19,2017-09-22 19:45:19,2017-10-04 06:45:19,2017-10-02 06:45:19,1,12,10,1,417.18,38.06,0.0912,1,moveis_decoracao,2.0
O01999,C00408,AM,coari,delivered,2017-07-10 07:23:00,2017-07-10 16:23:00,2017-07-17 07:23:00,2017-08-03 07:23:00,0,7,24,1,391.98,28.93,0.0738,1,market_place,4.0
O02006,C00356,MG,uberlandia,delivered,2017-11-06 20:22:04,2017-11-08 14:22:04,2017-11-10 20:22:04,2017-11-13 20:22:04,0,4,7,1,257.12,36.89,0.1435,1,brinquedos,5.0
O02007,C01929,AM,coari,delivered,2017-05-27 19:27:24,2017-05-28 10:27:24,2017-06-16 19:27:24,2017-06-09 19:27:24,1,20,13,1,43.35,30.3,0.699,1,casa_sala,3.0
O02031,C00307,RJ,duque de caxias,delivered,2017-04-13 05:27:30,2017-04-13 13:27:30,2017-04-28 05:27:30,2017-04-28 05:27:30,0,15,15,1,393.27,48.56,0.1235,1,flores,5.0
O02037,C01890,RR,caracarai,delivered,2018-01-27 13:25:25,2018-01-27 14:25:25,2018-01-30 13:25:25,2018-02-06 13:25:25,0,3,10,1,271.1,37.65,0.1389,1,moveis_decoracao,5.0
O02040,C00389,RJ,campos,delivered,2018-07-29 05:55:20,2018-07-30 13:55:20,2018-08-23 05:55:20,2018-08-08 05:55:20,1,25,10,2,715.76,43.55,0.074,1,carnes,1.0
O02053,C00696,PA,castanhal,delivered,2017-01-29 20:00:10,2017-01-30 09:00:10,2017-02-04 20:00:10,2017-02-10 20:00:10,0,6,12,1,344.25,36.36,0.1056,1,casa_outros,3.0
O02062,C01537,SE,estancia,delivered,2017-03-27 11:40:19,2017-03-29 07:40:19,2017-04-24 11:40:19,2017-04-13 11:40:19,1,28,17,1,319.52,49.24,0.1541,1,fashion_roupa_feminina,5.0
O02099,C00365,RR,rorainopolis,delivered,2016-09-26 20:14:46,2016-09-28 18:14:46,2016-10-03 20:14:46,2016-10-13 20:14:46,0,7,17,1,21.02,11.97,0.5695,0,moveis_colchao_estofado,5.0
O02123,C00625,MA,timon,delivered,2017-09-04 02:33:12,2017-09-05 18:33:12,2017-09-22 02:33:12,2017-09-17 02:33:12,1,18,13,2,663.06,54.88,0.0925,1,casa_construcao,1.0
O02130,C00393,RN,caico,delivered,2018-07-13 20:04:23,2018-07-15 07:04:23,2018-07-25 20:04:23,2018-07-31 20:04:23,0,12,18,1,92.71,27.04,0.2917,1,market_place,2.0
O02151,C01014,BA,feira de santana,delivered,2017-05-02 23:21:28,2017-05-04 03:21:28,2017-05-22 23:21:28,2017-05-27 23:21:28,0,20,25,1,402.19,40.76,0.1013,0,casa_iluminacao,5.0
O02157,C01745,SP,ribeirao preto,delivered,2016-11-13 06:23:12,2016-11-14 06:23:12,2016-11-18 06:23:12,2016-11-26 06:23:12,0,5,13,2,368.49,59.37,0.2012,1,eletrodomesticos_2,5.0
O02177,C01239,PA,maraba,delivered,2017-10-05 03:53:04,2017-10-06 04:53:04,2017-10-21 03:53:04,2017-10-18 03:53:04,1,16,13,4,983.98,89.53,0.1021,1,audio,4.0
O02188,C00106,PE,olinda,delivered,2017-06-06 07:12:01,2017-06-06 17:12:01,2017-07-02 07:12:01,2017-06-29 07:12:01,1,26,23,1,470.55,37.89,0.0805,1,moveis_colchao_estofado,3.0
O02195,C01739,PI,parnaiba,delivered,2017-02-25 05:05:47,2017-02-25 11:05:47,2017-03-19 05:05:47,2017-03-17 05:05:47,1,22,20,1,287.68,45.84,0.1593,1,alimentos_bebidas,1.0
O02201,C01287,RR,caracarai,delivered,2017-12-31 08:30:16,2018-01-02 08:30:16,2018-01-27 08:30:16,2018-01-05 08:30:16,1,27,5,1,221.99,36.28,0.1634,1,moveis_sala,1.0
O02219,C00805,RS,caxias do sul,delivered,2016-11-06 03:46:15,2016-11-07 22:46:15,2016-11-25 03:46:15,2016-11-18 03:46:15,1,19,12,1,466.28,20.6,0.0442,1,moda_roupa,2.0
O02221,C01116,AP,oida,delivered,2018-06-18 06:44:46,2018-06-20 00:44:46,2018-06-21 06:44:46,2018-07-03 06:44:46,0,3,15,1,486.21,24.22,0.0498,1,seguros_servicos,3.0
O02236,C01785,MA,sao luis,delivered,2018-01-10 22:46:32,2018-01-11 21:46:32,2018-02-04 22:46:32,2018-01-22 22:46:32,1,25,12,1,312.09,22.65,0.0726,1,moveis_jardim,2.0
O02244,C00829,DF,samambaia,delivered,2017-11-16 02:58:14,2017-11-17 09:58:14,2017-12-15 02:58:14,2017-11-29 02:58:14,1,29,13,1,191.75,14.55,0.0759,1,papelaria,3.0
O02245,C00194,ES,linhares,delivered,2017-08-28 06:01:27,2017-08-30 04:01:27,2017-08-31 06:01:27,2017-09-21 06:01:27,0,3,24,2,585.41,37.91,0.068,1,casa_iluminacao,5.0
O02250,C01484,RJ,campos,delivered,2018-03-08 04:21:03,2018-03-09 09:21:03,2018-03-11 04:21:03,2018-03-21 04:21:03,0,3,13,3,618.54,81.53,0.1439,1,alimentos_bebidas,5.0
O02256,C00058,SP,sao paulo,delivered,2018-09-08 08:57:34,2018-09-08 18:57:34,2018-09-19 08:57:34,2018-10-01 08:57:34,0,11,23,1,84.94,11.82,0.1392,1,livros_interesse,5.0
O02260,C01697,BA,feira de santana,delivered,2016-11-20 04:26:50,2016-11-20 07:26:50,2016-12-05 04:26:50,2016-12-11 04:26:50,0,15,21,1,350.17,6.26,0.0179,1,moveis_decoracao,4.0
O02286,C00554,AL,delmiro gouveia,delivered,2018-02-18 20:32:02,2018-02-20 17:32:02,2018-03-10 20:32:02,2018-03-06 20:32:02,1,20,16,3,997.44,53.29,0.0503,1,casa_conforto_2,5.0
O02315,C01824,AP,oida,delivered,2017-01-29 08:15:35,2017-01-31 07:15:35,2017-02-15 08:15:35,2017-02-05 08:15:35,1,17,7,1,127.02,24.06,0.1894,0,construcao_ferramentas,1.0
O02316,C01904,AP,oida,delivered,2017-01-28 07:39:41,2017-01-29 17:39:41,2017-02-10 07:39:41,2017-02-04 07:39:41,1,13,7,1,465.37,7.42,0.0159,1,moveis_cozinha,1.0
O02324,C01660,RO,cacoal,delivered,2017-04-05 08:42:10,2017-04-07 06:42:10,2017-04-10 08:42:10,2017-04-26 08:42:10,0,5,21,1,493.61,35.68,0.0723,1,artes,5.0
O02336,C00262,AM,parintins,delivered,2017-09-12 09:42:31,2017-09-13 19:42:31,2017-09-17 09:42:31,2017-09-17 09:42:31,0,5,5,2,377.74,59.85,0.1837,1,automotivo,5.0
O02342,C00364,SP,campinas,delivered,2017-04-13 04:53:03,2017-04-14 09:53:03,2017-04-23 04:53:03,2017-05-08 04:53:03,0,10,25,1,153.93,41.64,0.2705,1,eletronicos,3.0
O02347,C00347,DF,samambaia,delivered,2017-05-12 11:51:43,2017-05-13 08:51:43,2017-06-07 11:51:43,2017-05-21 11:51:43,1,26,9,2,678.59,57.75,0.0818,1,casa_limpeza,4.0
O02365,C00479,CE,sobral,delivered,2017-12-21 11:27:44,2017-12-22 02:27:44,2018-01-11 11:27:44,2018-01-04 11:27:44,1,21,14,1,380.54,29.04,0.0763,1,casa_jardim,1.0
O02393,C00917,CE,juazeiro do norte,delivered,2018-06-14 05:51:10,2018-06-15 17:51:10,2018-06-17 05:51:10,2018-06-24 05:51:10,0,3,10,3,820.64,20.77,0.0295,1,casa_outros,5.0
O02395,C00751,CE,fortaleza,delivered,2018-03-01 15:42:28,2018-03-02 21:42:28,2018-03-20 15:42:28,2018-03-07 15:42:28,1,19,6,1,431.53,38.77,0.0898,1,fraldas_higiene,2.0
O02396,C00031,AC,feijo,delivered,2017-05-22 15:29:14,2017-05-24 09:29:14,2017-06-21 15:29:14,2017-06-05 15:29:14,1,30,14,1,127.19,40.04,0.3148,1,flores,2.0
O02409,C01513,PI,picos,delivered,2018-06-23 08:22:08,2018-06-24 23:22:08,2018-06-28 08:22:08,2018-06-28 08:22:08,0,5,5,1,364.79,12.68,0.0348,1,seguros_servicos,5.0
O02412,C00795,PI,picos,delivered,2017-11-26 17:52:16,2017-11-27 19:52:16,2017-12-06 17:52:16,2017-12-08 17:52:16,0,10,12,1,29.6,34.11,1.1524,1,carnes,5.0
O02425,C00944,GO,goiania,delivered,2017-07-14 05:47:47,2017-07-14 09:47:47,2017-07-31 05:47:47,2017-07-22 05:47:47,1,17,8,2,282.24,49.83,0.4411,1,seguros_servicos,1.0
O02427,C01314,SP,ribeirao preto,delivered,2017-08-24 02:33:10,2017-08-25 09:33:10,2017-08-28 02:33:10,2017-09-04 02:33:10,0,4,11,2,481.68,73.32,0.4669,1,beleza_saude,5.0
O02431,C00103,BA,vitoria da conquista,delivered,2017-05-10 15:42:36,2017-05-12 04:42:36,2017-05-21 15:42:36,2017-05-27 15:42:36,0,11,17,2,215.55,55.46,0.2248,1,fashion_roupa_masculina,4.0
O02448,C00495,BA,feira de santana,delivered,2017-10-09 09:16:22,2017-10-09 19:16:22,2017-10-27 09:16:22,2017-10-20 09:16:22,1,18,11,1,49.97,41.15,0.8235,1,casa_sala,3.0
O02455,C00828,RS,porto alegre,delivered,2017-08-28 11:16:23,2017-08-28 14:16:23,2017-09-03 11:16:23,2017-09-15 11:16:23,0,6,18,1,458.81,42.52,0.0927,1,esporte_lazer,4.0
O02470,C00370,RS,canoas,delivered,2017-01-14 03:50:33,2017-01-14 14:50:33,2017-01-20 03:50:33,2017-01-31 03:50:33,0,6,17,2,308.75,67.47,0.2324,1,casa_utilidades,5.0
O02482,C00067,SE,aracaju,delivered,2017-11-09 04:14:52,2017-11-09 21:14:52,2017-11-13 04:14:52,2017-12-02 04:14:52,0,4,23,1,451.1,35.24,0.0781,1,papelaria,5.0
O02500,C00156,MS,dourados,delivered,2017-08-22 20:43:18,2017-08-23 03:43:18,2017-09-01 20:43:18,2017-09-08 20:43:18,0,10,17,1,75.46,27.87,0.3693,1,casa_garagem,5.0
O02502,C01290,AC,sena madureira,delivered,2018-05-13 06:26:39,2018-05-13 23:26:39,2018-05-20 06:26:39,2018-05-18 06:26:39,1,7,5,2,746.0,49.48,0.0752,1,casa_jardim,2.0
O02513,C01435,RS,caxias do sul,delivered,2017-02-18 01:00:50,2017-02-19 15:00:50,2017-02-21 01:00:50,2017-03-04 01:00:50,0,3,14,1,188.77,13.83,0.0733,0,casa_garagem,5.0
O02544,C00949,MG,juiz de fora,delivered,2017-05-28 11:12:44,2017-05-29 00:12:44,2017-06-02 11:12:44,2017-06-16 11:12:44,0,5,19,1,319.39,11.53,0.0361,1,beleza_saude,5.0
O02551,C00742,SE,lagarto,delivered,2018-09-11 09:15:48,2018-09-12 12:15:48,2018-10-08 09:15:48,2018-09-17 09:15:48,1,27,6,2,559.88,44.9,0.0998,1,eletroportateis,2.0
O02566,C00358,DF,taguatinga,delivered,2017-01-20 22:31:47,2017-01-22 00:31:47,2017-01-30 22:31:47,2017-02-04 22:31:47,0,10,15,1,48.32,18.86,0.3903,1,consoles_games,5.0
O02571,C01491,GO,rio verde,delivered,2018-04-06 19:35:35,2018-04-07 01:35:35,2018-04-23 19:35:35,2018-05-01 19:35:35,0,17,25,2,561.54,94.97,0.1701,1,casa_conforto,1.0
O02578,C00042,AM,parintins,delivered,2017-11-25 14:04:08,2017-11-26 06:04:08,2017-12-22 14:04:08,2017-12-13 14:04:08,1,27,18,2,391.18,63.09,0.1697,1,construcao_ferramentas,3.0
O02583,C01911,PR,cascavel,delivered,2017-03-30 17:00:01,2017-03-31 05:00:01,2017-04-15 17:00:01,2017-04-17 17:00:01,0,16,18,3,408.73,49.18,0.216,1,cool_stuff,5.0
O02603,C01097,RJ,nova iguaçu,delivered,2017-08-31 03:43:04,2017-08-31 09:43:04,2017-09-10 03:43:04,2017-09-15 03:43:04,0,10,15,1,181.94,7.32,0.0402,1,moda_roupa,5.0
O02609,C01349,RO,porto velho,delivered,2017-09-17 03:35:46,2017-09-17 07:35:46,2017-10-15 03:35:46,2017-09-24 03:35:46,1,28,7,4,1498.62,144.52,0.1017,1,casa_iluminacao,1.0
O02611,C00792,MS,ponta pora,delivered,2018-04-09 12:02:34,2018-04-11 06:02:34,2018-04-19 12:02:34,2018-04-17 12:02:34,1,10,8,2,431.6,27.36,0.1465,1,casa_garagem,4.0
O02617,C01312,RJ,duque de caxias,delivered,2016-12-11 21:22:19,2016-12-13 03:22:19,2016-12-18 21:22:19,2017-01-01 21:22:19,0,7,21,1,349.19,21.81,0.0625,1,moda_roupa,5.0
O02625,C00068,AC,sena madureira,delivered,2017-03-27 08:04:49,2017-03-27 10:04:49,2017-04-02 08:04:49,2017-04-15 08:04:49,0,6,19,1,364.98,28.71,0.0787,1,moveis_decoracao,4.0
O02636,C00087,RJ,campos,delivered,2018-03-01 16:55:22,2018-03-02 15:55:22,2018-03-28 16:55:22,2018-03-19 16:55:22,1,27,18,2,781.75,74.98,0.0941,1,flores,3.0
O02646,C00378,PA,castanhal,delivered,2017-05-16 12:56:01,2017-05-17 15:56:01,2017-05-23 12:56:01,2017-05-21 12:56:01,1,7,5,1,405.92,34.72,0.0855,1,alimentos_bebidas,2.0
O02680,C01525,MA,timon,delivered,2016-12-20 06:25:30,2016-12-21 20:25:30,2017-01-07 06:25:30,2016-12-31 06:25:30,1,18,11,2,436.59,72.48,0.1706,1,livros_interesse,4.0
O02688,C01770,RN,caico,delivered,2018-02-22 05:19:16,2018-02-22 11:19:16,2018-03-09 05:19:16,2018-03-05 05:19:16,1,15,11,2,461.42,57.9,0.1352,1,beleza_saude,5.0
O02689,C01990,TO,porto nacional,delivered,2017-10-03 08:39:45,2017-10-03 11:39:45,2017-10-08 08:39:45,2017-10-25 08:39:45,0,5,22,1,166.75,48.4,0.2903,1,construcao_ferramentas,4.0
O02702,C00311,MG,montes claros,delivered,2018-05-02 13:12:20,2018-05-03 10:12:20,2018-05-27 13:12:20,2018-05-17 13:12:20,1,25,15,2,320.58,45.5,0.2385,1,casa_outros,4.0
O02707,C01844,AL,arapiraca,delivered,2016-11-22 23:42:27,2016-11-24 03:42:27,2016-12-11 23:42:27,2016-12-16 23:42:27,0,19,24,2,623.06,37.31,0.065,1,casa_garagem,3.0
O02711,C01661,RO,vilhena,delivered,2018-04-29 12:42:31,2018-04-30 13:42:31,2018-05-12 12:42:31,2018-05-21 12:42:31,0,13,22,1,105.7,26.45,0.2502,0,cool_stuff,3.0
O02712,C00565,PE,olinda,delivered,2018-02-08 20:19:11,2018-02-10 08:19:11,2018-02-16 20:19:11,2018-02-25 20:19:11,0,8,17,1,375.47,20.62,0.0549,0,pc_gamer,5.0
O02717,C00745,AC,feijo,delivered,2017-11-07 15:49:33,2017-11-08 10:49:33,2017-12-02 15:49:33,2017-11-13 15:49:33,1,25,6,1,261.8,24.44,0.0934,1,casa_escritorio,2.0
O02730,C01278,ES,cariacica,delivered,2017-03-07 11:23:22,2017-03-07 12:23:22,2017-03-28 11:23:22,2017-03-13 11:23:22,1,21,6,2,327.91,10.26,0.0325,1,beleza_saude,3.0
O02761,C01919,AM,parintins,delivered,2017-12-11 13:38:40,2017-12-13 11:38:40,2017-12-20 13:38:40,2017-12-29 13:38:40,0,9,18,1,391.96,23.68,0.0604,1,moveis_jardim,4.0
O02784,C00061,RO,vilhena,delivered,2016-09-06 20:56:06,2016-09-08 18:56:06,2016-10-04 20:56:06,2016-09-20 20:56:06,1,28,14,1,187.52,10.09,0.0538,1,fashion_calcados,1.0
O02790,C00488,MT,cuiaba,delivered,2018-04-11 21:43:06,2018-04-12 00:43:06,2018-04-24 21:43:06,2018-04-21 21:43:06,1,13,10,1,159.3,32.71,0.2053,1,flores,4.0
O02791,C01278,ES,cariacica,delivered,2018-10-23 00:58:59,2018-10-23 20:58:59,2018-11-04 00:58:59,2018-10-30 00:58:59,1,12,7,2,417.99,56.1,0.2586,1,casa_iluminacao,4.0
O02796,C01897,PR,cascavel,delivered,2016-09-04 18:14:14,2016-09-05 22:14:14,2016-09-07 18:14:14,2016-09-10 18:14:14,0,3,6,2,412.54,62.55,0.3308,1,casa_banheiro,4.0
O02804,C00030,DF,samambaia,delivered,2017-11-13 05:17:16,2017-11-14 20:17:16,2017-12-07 05:17:16,2017-11-24 05:17:16,1,24,11,1,465.26,36.47,0.0784,1,casa_escritorio,3.0
O02845,C01222,TO,palmas,delivered,2018-09-24 02:18:57,2018-09-25 15:18:57,2018-10-01 02:18:57,2018-10-07 02:18:57,0,7,13,2,673.0,53.73,0.0819,1,casa_cozinha,4.0
O02854,C01997,MA,caxias,delivered,2017-04-06 08:17:57,2017-04-07 06:17:57,2017-04-28 08:17:57,2017-04-11 08:17:57,1,22,5,2,403.26,25.74,0.1634,1,artigos_nautica,1.0
O02858,C00137,TO,gurupi,delivered,2018-06-23 18:35:49,2018-06-25 18:35:49,2018-07-17 18:35:49,2018-07-14 18:35:49,1,24,21,1,289.49,44.91,0.1551,1,casa_lavanderia,1.0
O02868,C01891,RJ,campos,delivered,2017-01-19 07:40:31,2017-01-20 13:40:31,2017-01-26 07:40:31,2017-02-02 07:40:31,0,7,14,1,93.6,45.98,0.4912,1,casa_banheiro,3.0
O02870,C01154,PA,belem,delivered,2017-12-30 07:27:42,2017-12-31 10:27:42,2018-01-20 07:27:42,2018-01-04 07:27:42,1,21,5,2,816.27,71.22,0.0921,1,eletrodomesticos_2,2.0
O02881,C00119,RR,boa vista,delivered,2017-12-14 22:00:55,2017-12-15 22:00:55,2018-01-05 22:00:55,2018-01-08 22:00:55,0,22,25,1,161.48,30.52,0.189,1,casa_iluminacao,1.0
O02886,C01611,AC,tarauaca,delivered,2016-10-14 06:35:44,2016-10-15 23:35:44,2016-11-09 06:35:44,2016-10-21 06:35:44,1,26,7,2,470.8,44.92,0.0955,1,audio,3.0
O02892,C00986,RN,natal,delivered,2017-04-16 22:39:40,2017-04-18 12:39:40,2017-05-01 22:39:40,2017-05-08 22:39:40,0,15,22,4,1742.2,114.35,0.066,1,beleza_saude,5.0
O02906,C01625,MT,sinop,delivered,2018-01-15 07:16:48,2018-01-15 11:16:48,2018-02-04 07:16:48,2018-02-03 07:16:48,1,20,19,1,274.69,14.76,0.0537,1,alimentos_bebidas,3.0
O02907,C00234,RS,porto alegre,delivered,2018-01-17 18:45:21,2018-01-19 11:45:21,2018-02-15 18:45:21,2018-02-08 18:45:21,1,29,22,2,318.26,58.01,0.2663,1,artigos_nautica,2.0
O02940,C00004,MT,cuiaba,delivered,2017-04-05 18:47:43,2017-04-06 15:47:43,2017-04-15 18:47:43,2017-04-18 18:47:43,0,10,13,1,75.17,7.55,0.1004,1,casa_sala,5.0
O02943,C00149,PR,curitiba,delivered,2017-07-22 07:00:59,2017-07-24 06:00:59,2017-08-07 07:00:59,2017-08-13 07:00:59,0,16,22,1,230.99,29.33,0.127,1,casa_utilidades,4.0
O02954,C00770,GO,goiania,delivered,2017-10-14 02:28:16,2017-10-14 08:28:16,2017-10-18 02:28:16,2017-10-19 02:28:16,0,4,5,1,412.58,21.5,0.0521,1,casa_outros,5.0
O02965,C00500,PI,campo maior,delivered,2018-07-17 18:40:19,2018-07-19 02:40:19,2018-08-02 18:40:19,2018-07-25 18:40:19,1,16,8,1,447.16,35.45,0.0793,1,moda_roupa,5.0
O02966,C01053,PI,picos,delivered,2017-06-29 20:44:38,2017-06-30 00:44:38,2017-07-27 20:44:38,2017-07-15 20:44:38,1,28,16,1,318.03,27.58,0.0867,1,audio,5.0
O02977,C00828,RS,porto alegre,delivered,2016-10-22 15:17:27,2016-10-22 19:17:27,2016-10-26 15:17:27,2016-11-01 15:17:27,0,4,10,1,407.77,49.66,0.1218,1,audio,5.0
O02993,C00624,BA,itabuna,delivered,2017-06-16 10:17:48,2017-06-17 19:17:48,2017-07-13 10:17:48,2017-06-30 10:17:48,1,27,14,1,48.04,7.78,0.1619,1,eletrodomesticos,2.0
O03004,C00449,SE,nossa senhora do socorro,delivered,2017-09-23 03:21:22,2017-09-24 05:21:22,2017-10-18 03:21:22,2017-10-09 03:21:22,1,25,16,2,742.35,53.39,0.0688,1,cama_mesa_banho,1.0
O03011,C00938,SP,ribeirao preto,delivered,2018-06-12 21:08:01,2018-06-13 10:08:01,2018-07-02 21:08:01,2018-06-24 21:08:01,1,20,12,2,757.05,54.38,0.0753,1,casa_banheiro,4.0
O03025,C00813,CE,fortaleza,delivered,2017-06-13 17:54:43,2017-06-14 14:54:43,2017-07-12 17:54:43,2017-06-22 17:54:43,1,29,9,4,1205.24,174.72,0.221,1,fashion_roupa_feminina,1.0
O03030,C00538,PI,parnaiba,delivered,2018-10-26 11:08:41,2018-10-28 06:08:41,2018-11-19 11:08:41,2018-11-03 11:08:41,1,24,8,1,103.33,13.12,0.127,1,market_place,3.0
O03049,C00430,ES,serra,delivered,2018-01-09 22:33:29,2018-01-10 11:33:29,2018-01-13 22:33:29,2018-01-29 22:33:29,0,4,20,2,445.28,47.92,0.1077,1,la_cuisine,4.0
O03062,C00714,MT,tangara da serra,delivered,2017-11-16 02:45:16,2017-11-16 06:45:16,2017-11-26 02:45:16,2017-11-23 02:45:16,1,10,7,2,131.05,82.88,0.6351,1,casa_limpeza,2.0
O03064,C01359,GO,anapolis,delivered,2018-07-06 04:10:41,2018-07-07 23:10:41,2018-07-11 04:10:41,2018-07-24 04:10:41,0,5,18,1,95.51,48.39,0.5066,1,livros_interesse,5.0
O03066,C01552,BA,salvador,delivered,2018-10-12 19:50:24,2018-10-14 19:50:24,2018-10-17 19:50:24,2018-10-17 19:50:24,0,5,5,1,242.13,32.6,0.1346,1,brinquedos,5.0
O03096,C01786,MA,imperatriz,delivered,2017-03-16 02:51:14,2017-03-17 11:51:14,2017-03-22 02:51:14,2017-04-10 02:51:14,0,6,25,1,90.34,34.91,0.3864,1,casa_utilidades,5.0
O03119,C01571,ES,serra,delivered,2016-10-20 13:40:52,2016-10-21 07:40:52,2016-11-14 13:40:52,2016-10-29 13:40:52,1,25,9,2,326.03,44.38,0.4971,1,eletrodomesticos_2,5.0
O03130,C01949,TO,porto nacional,delivered,2017-05-02 20:25:35,2017-05-04 11:25:35,2017-05-09 20:25:35,2017-05-07 20:25:35,1,7,5,1,206.09,21.89,0.1062,1,cool_stuff,1.0
O03153,C00363,RR,rorainopolis,delivered,2018-09-02 13:35:42,2018-09-04 07:35:42,2018-09-18 13:35:42,2018-09-09 13:35:42,1,16,7,1,74.04,43.06,0.5816,1,eletronicos,3.0
O03155,C00658,TO,araguaina,delivered,2018-09-11 16:01:22,2018-09-13 04:01:22,2018-10-05 16:01:22,2018-09-18 16:01:22,1,24,7,2,668.33,72.95,0.1122,1,casa_conforto_2,1.0
O03164,C00929,AM,manaus,delivered,2018-02-05 23:17:53,2018-02-06 15:17:53,2018-02-25 23:17:53,2018-02-28 23:17:53,0,20,23,1,418.08,27.54,0.0659,1,brinquedos,5.0
O03170,C01835,ES,serra,delivered,2017-07-24 16:53:57,2017-07-26 02:53:57,2017-07-30 16:53:57,2017-08-01 16:53:57,0,6,8,1,403.57,8.68,0.0215,1,portateis_casa_forno_cafe,5.0
O03172,C01647,RN,mossoro,delivered,2018-03-03 12:29:35,2018-03-03 23:29:35,2018-03-18 12:29:35,2018-03-17 12:29:35,1,15,14,1,373.44,36.71,0.0983,1,casa_construcao,1.0
O03183,C01903,MG,uberlandia,delivered,2018-02-01 13:04:18,2018-02-01 21:04:18,2018-02-25 13:04:18,2018-02-07 13:04:18,1,24,6,1,420.5,15.58,0.0371,1,cds_dvds_musicais,3.0
O03204,C01429,PI,picos,delivered,2017-07-19 07:45:32,2017-07-20 08:45:32,2017-08-01 07:45:32,2017-08-13 07:45:32,0,13,25,1,427.13,29.55,0.0692,1,artes,1.0
O03206,C01796,GO,rio verde,delivered,2017-03-26 17:36:41,2017-03-26 19:36:41,2017-04-09 17:36:41,2017-04-13 17:36:41,0,14,18,1,39.94,44.14,1.1052,1,la_cuisine,5.0
O03213,C01503,RS,caxias do sul,delivered,2016-10-26 11:49:28,2016-10-27 06:49:28,2016-10-31 11:49:28,2016-11-01 11:49:28,0,5,6,2,482.34,59.74,0.1232,1,casa_iluminacao,5.0
O03216,C00392,PI,picos,delivered,2017-02-08 01:09:20,2017-02-08 19:09:20,2017-02-17 01:09:20,2017-02-28 01:09:20,0,9,20,1,60.21,10.89,0.1809,1,cama_mesa_banho,4.0
O03220,C01722,PB,joao pessoa,delivered,2018-08-02 07:09:10,2018-08-03 19:09:10,2018-08-07 07:09:10,2018-08-26 07:09:10,0,5,24,1,429.71,32.33,0.0752,1,esporte_lazer,4.0
O03257,C01961,RR,alto alegre,delivered,2017-06-11 04:35:53,2017-06-11 13:35:53,2017-07-02 04:35:53,2017-06-18 04:35:53,1,21,7,3,566.71,100.01,0.1777,1,cama_mesa_banho,2.0
O03266,C00452,PB,campina grande,delivered,2018-01-08 23:55:41,2018-01-09 18:55:41,2018-02-02 23:55:41,2018-01-19 23:55:41,1,25,11,2,625.38,67.61,0.1256,1,moveis_presentes,3.0
O03301,C00831,CE,maracanau,delivered,2018-09-25 16:44:53,2018-09-26 20:44:53,2018-10-25 16:44:53,2018-10-03 16:44:53,1,30,8,1,444.4,24.91,0.0561,1,construcao_ferramentas,3.0
O03306,C01213,RJ,duque de caxias,delivered,2017-05-05 20:47:31,2017-05-06 08:47:31,2017-05-21 20:47:31,2017-05-24 20:47:31,0,16,19,1,236.84,41.67,0.1759,1,sinalizacao_seguranca,5.0
O03320,C01092,MA,sao jose de ribamar,delivered,2018-07-18 16:37:45,2018-07-18 22:37:45,2018-08-16 16:37:45,2018-08-01 16:37:45,1,29,14,1,296.49,25.76,0.0869,1,alimentos_bebidas,2.0
O03330,C01239,PA,maraba,delivered,2017-07-25 11:57:43,2017-07-25 19:57:43,2017-07-28 11:57:43,2017-08-11 11:57:43,0,3,17,2,556.05,45.28,0.097,1,fashion_underwear,5.0
O03342,C00407,MG,belo horizonte,delivered,2017-10-21 19:23:07,2017-10-23 04:23:07,2017-11-02 19:23:07,2017-11-12 19:23:07,0,12,22,1,206.01,11.6,0.0563,1,casa_quarto,5.0
O03348,C00596,GO,anapolis,delivered,2017-09-14 13:54:48,2017-09-15 00:54:48,2017-10-07 13:54:48,2017-10-02 13:54:48,1,23,18,2,630.92,16.73,0.0262,1,cama_mesa_banho,1.0
O03349,C01580,CE,fortaleza,delivered,2017-08-06 08:08:51,2017-08-08 03:08:51,2017-08-17 08:08:51,2017-08-20 08:08:51,0,11,14,2,488.87,86.39,2.2206,1,eletroportateis,4.0
O03350,C00500,PI,campo maior,delivered,2018-07-01 22:48:36,2018-07-03 13:48:36,2018-07-31 22:48:36,2018-07-23 22:48:36,1,30,22,1,477.61,21.01,0.044,1,utilidades_domesticas,5.0
O03359,C00720,AL,penedo,delivered,2017-02-18 18:48:40,2017-02-19 17:48:40,2017-02-25 18:48:40,2017-03-15 18:48:40,0,7,25,1,286.19,6.91,0.0241,1,casa_quarto,5.0
O03360,C00010,GO,aparecida de goiania,delivered,2017-12-10 20:59:03,2017-12-11 18:59:03,2017-12-18 20:59:03,2018-01-01 20:59:03,0,8,22,2,802.62,65.2,0.0807,1,alimentos_bebidas,4.0
O03370,C01295,MG,uberlandia,delivered,2018-07-03 03:20:35,2018-07-03 06:20:35,2018-08-01 03:20:35,2018-07-28 03:20:35,1,29,25,3,978.55,108.33,0.1161,1,alimentos_bebidas,3.0
O03372,C00705,TO,palmas,delivered,2018-03-10 07:47:17,2018-03-11 04:47:17,2018-03-20 07:47:17,2018-03-29 07:47:17,0,10,19,2,328.16,30.84,0.3502,1,casa_jardim,5.0
O03400,C01657,SE,estancia,delivered,2016-12-09 18:42:54,2016-12-10 23:42:54,2016-12-17 18:42:54,2016-12-30 18:42:54,0,8,21,2,415.05,40.89,0.0978,1,casa_construcao,1.0
O03409,C00269,MS,campo grande,delivered,2018-04-10 02:09:24,2018-04-12 02:09:24,2018-04-20 02:09:24,2018-05-02 02:09:24,0,10,22,3,689.06,130.52,0.2591,1,fashion_underwear,5.0
O03411,C00710,DF,ceilandia,delivered,2016-11-25 21:22:07,2016-11-26 08:22:07,2016-12-14 21:22:07,2016-12-12 21:22:07,1,19,17,1,192.68,44.61,0.2315,1,musica_arte,2.0
O03415,C00610,RN,parnamirim,delivered,2016-12-16 21:19:33,2016-12-18 08:19:33,2016-12-23 21:19:33,2016-12-28 21:19:33,0,7,12,1,166.48,8.62,0.0518,1,casa_cozinha,5.0
O03423,C00842,AL,arapiraca,delivered,2017-08-12 06:35:18,2017-08-13 09:35:18,2017-08-22 06:35:18,2017-09-03 06:35:18,0,10,22,1,26.63,11.02,0.4138,1,instrumentos_musicais,5.0
O03432,C01084,PA,santarem,delivered,2018-03-31 19:36:15,2018-04-01 01:36:15,2018-04-27 19:36:15,2018-04-23 19:36:15,1,27,23,1,371.44,29.85,0.0804,1,audio,1.0
O03436,C01229,SP,ribeirao preto,delivered,2017-06-17 00:58:59,2017-06-18 06:58:59,2017-06-22 00:58:59,2017-06-29 00:58:59,0,5,12,1,465.89,20.49,0.044,1,casa_jardim,5.0
O03437,C00900,PE,petrolina,delivered,2018-07-26 01:34:27,2018-07-28 00:34:27,2018-08-01 01:34:27,2018-08-16 01:34:27,0,6,21,3,546.11,123.66,0.3402,1,la_cuisine,4.0
O03461,C01052,AM,coari,delivered,2017-05-02 16:50:34,2017-05-03 10:50:34,2017-05-21 16:50:34,2017-05-13 16:50:34,1,19,11,4,868.11,109.99,0.1434,1,artes,2.0
O03463,C01583,SE,nossa senhora do socorro,delivered,2018-05-16 02:55:21,2018-05-17 20:55:21,2018-06-14 02:55:21,2018-06-05 02:55:21,1,29,20,2,365.88,29.26,0.1196,1,casa_escritorio,2.0
O03480,C00864,PR,londrina,delivered,2017-03-07 05:50:44,2017-03-07 21:50:44,2017-03-29 05:50:44,2017-03-28 05:50:44,1,22,21,2,593.4,34.67,0.0688,1,fashion_calcados,1.0
O03483,C00732,PA,maraba,delivered,2017-12-04 14:13:09,2017-12-05 14:13:09,2017-12-17 14:13:09,2017-12-25 14:13:09,0,13,21,3,668.95,65.44,0.0849,1,eletrodomesticos,4.0
O03518,C00056,MG,contagem,delivered,2017-07-08 02:53:42,2017-07-08 23:53:42,2017-07-30 02:53:42,2017-07-21 02:53:42,1,22,13,1,25.76,41.71,1.6192,1,casa_garagem,3.0
O03532,C00676,AM,coari,delivered,2018-02-16 15:33:20,2018-02-16 17:33:20,2018-02-25 15:33:20,2018-03-03 15:33:20,0,9,15,2,801.62,83.41,0.1044,1,eletronicos,4.0
O03536,C01790,SP,campinas,delivered,2018-06-18 11:24:54,2018-06-19 06:24:54,2018-07-01 11:24:54,2018-07-12 11:24:54,0,13,24,1,378.06,37.85,0.1001,1,moveis_jardim,5.0
O03550,C00788,AC,tarauaca,delivered,2018-10-04 08:31:31,2018-10-06 03:31:31,2018-10-25 08:31:31,2018-10-14 08:31:31,1,21,10,1,153.94,19.18,0.1246,1,relogios_presentes,1.0
O03571,C01393,MT,rondonopolis,delivered,2017-11-11 22:05:32,2017-11-12 12:05:32,2017-11-22 22:05:32,2017-11-28 22:05:32,0,11,17,1,346.4,37.11,0.1071,1,fashion_roupa_feminina,3.0
O03578,C00502,ES,cariacica,delivered,2018-05-03 14:13:43,2018-05-04 19:13:43,2018-05-28 14:13:43,2018-05-09 14:13:43,1,25,6,2,632.5,25.32,0.0397,1,fashion_roupa_feminina,5.0
O03591,C01480,RN,parnamirim,delivered,2017-10-15 03:56:56,2017-10-16 01:56:56,2017-11-12 03:56:56,2017-10-30 03:56:56,1,28,15,2,691.1,61.29,0.1032,1,eletronicos,3.0
O03598,C00178,PR,cascavel,delivered,2017-02-06 03:27:55,2017-02-07 23:27:55,2017-02-25 03:27:55,2017-02-17 03:27:55,1,19,11,1,340.52,25.35,0.0744,1,artes,2.0
O03607,C01496,DF,brasilia,delivered,2017-06-08 08:48:23,2017-06-09 21:48:23,2017-06-26 08:48:23,2017-06-26 08:48:23,0,18,18,2,454.66,31.46,0.0844,1,ferramentas_jardim,5.0
O03611,C01090,RJ,nova iguaçu,delivered,2018-04-27 14:11:08,2018-04-28 15:11:08,2018-05-15 14:11:08,2018-05-11 14:11:08,1,18,14,4,965.51,102.37,0.1985,1,construcao_ferramentas,5.0
O03616,C00035,RR,mucajai,delivered,2017-05-17 14:57:10,2017-05-19 13:57:10,2017-06-05 14:57:10,2017-06-06 14:57:10,0,19,20,4,1160.01,118.09,0.1663,1,informatica_acessorios,5.0
O03629,C01102,GO,luziania,delivered,2017-07-17 06:51:48,2017-07-17 13:51:48,2017-07-29 06:51:48,2017-08-08 06:51:48,0,12,22,1,353.94,30.34,0.0857,1,audio,5.0
O03637,C00186,CE,caucaia,delivered,2017-01-14 09:24:44,2017-01-15 04:24:44,2017-01-19 09:24:44,2017-01-25 09:24:44,0,5,11,1,471.4,42.09,0.0893,1,casa_utilidades,5.0
O03647,C01915,MT,tangara da serra,delivered,2017-02-07 23:19:39,2017-02-08 01:19:39,2017-02-13 23:19:39,2017-02-24 23:19:39,0,6,17,2,746.33,80.01,0.1145,1,audio,4.0
O03648,C01313,PA,santarem,delivered,2018-04-15 03:23:14,2018-04-17 00:23:14,2018-04-18 03:23:14,2018-04-21 03:23:14,0,3,6,2,596.25,31.7,0.0575,1,casa_construcao,3.0
O03654,C00555,RR,alto alegre,delivered,2018-10-12 09:26:49,2018-10-13 22:26:49,2018-11-06 09:26:49,2018-10-19 09:26:49,1,25,7,2,708.7,60.07,0.0871,1,la_cuisine,1.0
O03657,C01285,RO,cacoal,delivered,2018-08-10 03:52:53,2018-08-10 07:52:53,2018-08-18 03:52:53,2018-08-19 03:52:53,0,8,9,1,396.22,41.07,0.1037,1,livros_interesse,5.0
O03669,C01035,PR,cascavel,delivered,2018-01-27 09:15:45,2018-01-28 13:15:45,2018-02-21 09:15:45,2018-02-09 09:15:45,1,25,13,1,416.06,42.61,0.1024,1,eletronicos,5.0
O03697,C00411,MT,rondonopolis,delivered,2017-01-05 01:53:57,2017-01-06 08:53:57,2017-01-19 01:53:57,2017-01-20 01:53:57,0,14,15,1,300.78,28.06,0.0933,1,artes,5.0
O03726,C01718,MS,dourados,delivered,2017-08-04 21:17:04,2017-08-06 09:17:04,2017-08-07 21:17:04,2017-08-24 21:17:04,0,3,20,1,465.05,20.9,0.0449,1,cool_stuff,5.0
O03727,C00930,BA,itabuna,delivered,2018-02-11 10:58:57,2018-02-12 07:58:57,2018-02-16 10:58:57,2018-02-21 10:58:57,0,5,10,2,380.41,59.75,0.1586,1,casa_construcao,5.0
O03728,C00792,MS,ponta pora,delivered,2017-06-11 08:06:14,2017-06-12 11:06:14,2017-07-03 08:06:14,2017-06-27 08:06:14,1,22,16,1,229.69,35.44,0.1543,1,construcao_ferramentas,1.0
O03730,C00006,SP,ribeirao preto,delivered,2018-07-25 13:02:23,2018-07-27 01:02:23,2018-08-23 13:02:23,2018-07-30 13:02:23,1,29,5,1,200.1,23.52,0.1175,1,moveis_jardim,3.0
O03739,C01839,MS,corumba,delivered,2016-10-28 00:17:25,2016-10-29 07:17:25,2016-11-10 00:17:25,2016-11-11 00:17:25,0,13,14,1,331.77,37.68,0.1136,1,construcao_ferramentas,1.0
O03757,C00996,ES,cariacica,delivered,2017-12-13 05:26:56,2017-12-14 13:26:56,2018-01-01 05:26:56,2017-12-21 05:26:56,1,19,8,2,509.33,86.83,0.2132,1,casa_banheiro,3.0
O03765,C01172,SE,nossa senhora do socorro,delivered,2018-02-11 05:49:13,2018-02-11 08:49:13,2018-02-20 05:49:13,2018-03-03 05:49:13,0,9,20,1,45.02,16.6,0.3687,1,artes,4.0
O03788,C00372,ES,cariacica,delivered,2018-06-07 19:19:29,2018-06-08 11:19:29,2018-06-25 19:19:29,2018-06-30 19:19:29,0,18,23,3,865.4,92.43,0.205,1,carnes,1.0
O03792,C00155,RJ,campos,delivered,2017-10-15 21:11:36,2017-10-17 14:11:36,2017-10-28 21:11:36,2017-10-25 21:11:36,1,13,10,1,340.23,49.81,0.1464,1,papelaria,3.0
O03808,C01800,MG,juiz de fora,delivered,2018-05-07 10:39:58,2018-05-08 05:39:58,2018-05-25 10:39:58,2018-05-13 10:39:58,1,18,6,1,35.03,48.0,1.3703,1,alimentos_bebidas,3.0
O03831,C00473,PA,anamideua,delivered,2018-10-23 03:18:09,2018-10-23 23:18:09,2018-11-21 03:18:09,2018-11-16 03:18:09,1,29,24,2,384.02,64.53,0.1664,1,casa_garagem,1.0
O03834,C00773,BA,itabuna,delivered,2017-08-05 03:24:22,2017-08-07 00:24:22,2017-08-11 03:24:22,2017-08-10 03:24:22,1,6,5,1,79.27,16.92,0.2134,1,sinalizacao_seguranca,4.0
O03849,C00092,ES,cariacica,delivered,2017-08-20 15:16:51,2017-08-21 06:16:51,2017-09-10 15:16:51,2017-09-07 15:16:51,1,21,18,3,731.04,61.22,0.1381,1,artes,4.0
O03859,C01380,PA,maraba,delivered,2018-02-28 09:42:24,2018-03-01 12:42:24,2018-03-07 09:42:24,2018-03-21 09:42:24,0,7,21,1,193.91,11.23,0.0579,1,portateis_casa_forno_cafe,5.0
O03872,C00253,SC,blumenau,delivered,2017-03-21 23:21:51,2017-03-23 11:21:51,2017-03-29 23:21:51,2017-03-31 23:21:51,0,8,10,1,485.73,41.82,0.0861,0,audio,4.0
O03883,C00689,TO,palmas,delivered,2017-11-21 06:08:33,2017-11-22 17:08:33,2017-12-04 06:08:33,2017-12-03 06:08:33,1,13,12,2,895.05,56.06,0.0643,1,carnes,1.0
O03886,C01853,RR,boa vista,delivered,2017-04-11 09:51:38,2017-04-12 19:51:38,2017-04-24 09:51:38,2017-04-23 09:51:38,1,13,12,2,221.13,60.95,0.2812,1,automotivo,1.0
O03896,C01018,MA,sao luis,delivered,2017-07-13 07:44:35,2017-07-15 04:44:35,2017-08-10 07:44:35,2017-07-23 07:44:35,1,28,10,1,358.5,39.96,0.1115,1,telefonia,4.0
O03903,C01924,AC,sena madureira,delivered,2016-10-03 22:28:34,2016-10-04 08:28:34,2016-10-29 22:28:34,2016-10-28 22:28:34,1,26,25,1,408.59,43.98,0.1076,1,fashion_underwear,4.0
O03921,C00317,CE,sobral,delivered,2018-03-03 02:30:59,2018-03-03 11:30:59,2018-03-28 02:30:59,2018-03-12 02:30:59,1,25,9,2,140.17,75.0,0.5333,1,perfumaria,1.0
O03929,C01150,AM,parintins,delivered,2018-08-28 14:45:36,2018-08-29 06:45:36,2018-09-05 14:45:36,2018-09-14 14:45:36,0,8,17,2,638.7,62.14,0.1022,1,eletrodomesticos,5.0
O03943,C00990,PE,caruaru,delivered,2017-08-21 06:29:19,2017-08-22 13:29:19,2017-09-02 06:29:19,2017-08-31 06:29:19,1,12,10,1,347.44,10.35,0.0298,1,moveis_cozinha,5.0
O03953,C01251,RS,caxias do sul,delivered,2017-10-29 22:21:06,2017-10-31 03:21:06,2017-11-06 22:21:06,2017-11-08 22:21:06,0,8,10,1,357.12,38.57,0.108,1,ferramentas_jardim,5.0
O03963,C00361,RR,alto alegre,delivered,2017-09-22 03:53:40,2017-09-22 11:53:40,2017-10-10 03:53:40,2017-10-16 03:53:40,0,18,24,1,408.56,38.23,0.0936,1,casa_limpeza,5.0
O03978,C01431,RR,alto alegre,delivered,2016-11-21 06:54:04,2016-11-22 00:54:04,2016-12-14 06:54:04,2016-12-05 06:54:04,1,23,14,1,251.81,33.45,0.1328,1,casa_cozinha,1.0
O03985,C01908,SC,sao jose,delivered,2016-12-16 05:27:08,2016-12-17 21:27:08,2017-01-03 05:27:08,2016-12-24 05:27:08,1,18,8,1,99.86,23.69,0.2372,1,livros_interesse,2.0
O04006,C00025,PE,recife,delivered,2018-09-15 08:39:20,2018-09-15 18:39:20,2018-09-23 08:39:20,2018-09-20 08:39:20,1,8,5,1,253.93,30.82,0.1214,1,moveis_escritorio,3.0
O04029,C01164,MS,campo grande,delivered,2018-10-11 11:18:21,2018-10-12 13:18:21,2018-10-21 11:18:21,2018-11-01 11:18:21,0,10,21,3,513.62,76.11,0.1384,1,consoles_games,5.0
O04039,C01594,MS,campo grande,delivered,2018-01-22 10:51:57,2018-01-24 03:51:57,2018-01-25 10:51:57,2018-02-01 10:51:57,0,3,10,1,11.12,29.33,2.6376,1,moveis_escritorio,3.0
O04071,C01939,AL,penedo,delivered,2017-04-25 20:21:05,2017-04-27 02:21:05,2017-05-13 20:21:05,2017-05-19 20:21:05,0,18,24,2,574.04,43.86,0.0717,1,moveis_jardim,5.0
O04085,C01196,AL,rio largo,delivered,2017-10-27 22:52:19,2017-10-29 07:52:19,2017-11-01 22:52:19,2017-11-15 22:52:19,0,5,19,3,1167.01,65.28,0.0562,1,bebes,5.0
O04092,C00075,MA,caxias,delivered,2017-11-06 21:47:02,2017-11-08 13:47:02,2017-11-11 21:47:02,2017-11-19 21:47:02,0,5,13,1,123.78,15.67,0.1266,1,papelaria,3.0
O04109,C01146,RO,porto velho,delivered,2017-02-05 07:33:00,2017-02-06 14:33:00,2017-03-06 07:33:00,2017-02-20 07:33:00,1,29,15,1,171.28,30.93,0.1806,1,informatica_acessorios,3.0
O04110,C00948,AC,cruzeiro do sul,delivered,2017-03-14 15:21:03,2017-03-14 23:21:03,2017-03-20 15:21:03,2017-03-31 15:21:03,0,6,17,1,282.43,27.48,0.0973,1,fashion_underwear,5.0
O04144,C01560,BA,vitoria da conquista,delivered,2017-10-05 15:27:36,2017-10-06 08:27:36,2017-10-24 15:27:36,2017-10-18 15:27:36,1,19,13,3,710.51,72.91,0.0975,1,fashion_calcados,5.0
O04150,C01579,RN,sao goncalo do amarante,delivered,2018-04-27 18:09:44,2018-04-29 15:09:44,2018-05-24 18:09:44,2018-05-17 18:09:44,1,27,20,1,406.55,22.85,0.0562,1,casa_jardim,5.0
O04159,C00647,ES,vitoria,delivered,2018-02-20 21:23:09,2018-02-21 02:23:09,2018-03-15 21:23:09,2018-03-01 21:23:09,1,23,9,2,679.77,36.14,0.0558,1,moveis_quarto,2.0
O04162,C00934,PI,teresina,delivered,2016-09-19 09:46:47,2016-09-19 23:46:47,2016-10-05 09:46:47,2016-09-28 09:46:47,1,16,9,1,147.81,14.65,0.0991,1,moveis_jardim,3.0
O04164,C00949,MG,juiz de fora,delivered,2018-07-02 16:09:02,2018-07-02 23:09:02,2018-07-16 16:09:02,2018-07-24 16:09:02,0,14,22,1,149.84,47.72,0.3185,1,relogios_presentes,4.0
O04178,C00622,MT,tangara da serra,delivered,2017-10-03 13:52:02,2017-10-05 11:52:02,2017-10-19 13:52:02,2017-10-13 13:52:02,1,16,10,1,220.17,23.37,0.1061,1,moveis_decoracao,1.0
O04189,C00204,PI,campo maior,delivered,2018-07-10 03:18:36,2018-07-11 05:18:36,2018-07-27 03:18:36,2018-07-15 03:18:36,1,17,5,2,492.35,58.45,0.4468,1,eletrodomesticos,1.0
O04195,C01975,PE,caruaru,delivered,2018-05-27 17:18:28,2018-05-29 09:18:28,2018-06-21 17:18:28,2018-06-14 17:18:28,1,25,18,1,495.37,9.48,0.0191,1,moveis_jardim,2.0
O04205,C01131,AL,rio largo,delivered,2017-06-03 05:18:45,2017-06-04 07:18:45,2017-06-08 05:18:45,2017-06-22 05:18:45,0,5,19,2,498.81,75.87,0.1713,1,casa_quarto,1.0
O04213,C01244,AL,delmiro gouveia,delivered,2017-01-16 02:41:41,2017-01-16 09:41:41,2017-02-13 02:41:41,2017-02-04 02:41:41,1,28,19,1,181.57,27.56,0.1518,1,portateis_cozinha,1.0
O04215,C00958,MG,juiz de fora,delivered,2018-06-02 12:26:13,2018-06-02 22:26:13,2018-06-13 12:26:13,2018-06-17 12:26:13,0,11,15,1,53.23,13.94,0.2619,1,cama_mesa_banho,5.0
O04226,C00260,AP,porto grande,delivered,2018-08-26 17:57:29,2018-08-27 00:57:29,2018-09-08 17:57:29,2018-09-12 17:57:29,0,13,17,2,478.06,23.16,0.0496,1,audio,5.0
O04243,C01040,BA,feira de santana,delivered,2017-08-13 08:51:42,2017-08-15 04:51:42,2017-08-29 08:51:42,2017-09-04 08:51:42,0,16,22,2,726.67,54.97,0.0925,1,seguros_servicos,1.0
O04254,C01905,DF,guara,delivered,2018-05-03 20:44:23,2018-05-04 17:44:23,2018-05-20 20:44:23,2018-05-15 20:44:23,1,17,12,1,225.81,32.38,0.1434,1,moveis_sala,2.0
O04269,C01986,TO,porto nacional,delivered,2018-05-27 15:14:19,2018-05-28 05:14:19,2018-06-12 15:14:19,2018-06-01 15:14:19,1,16,5,1,36.38,21.29,0.5852,0,moveis_colchao_estofado,1.0
O04276,C00307,RJ,duque de caxias,delivered,2016-12-06 10:05:42,2016-12-07 23:05:42,2016-12-19 10:05:42,2016-12-11 10:05:42,1,13,5,1,20.78,36.4,1.7517,1,musica_arte,2.0
O04286,C00051,RO,vilhena,delivered,2018-09-17 06:00:41,2018-09-17 12:00:41,2018-10-03 06:00:41,2018-09-23 06:00:41,1,16,6,2,303.87,77.89,0.2566,1,alimentos_bebidas,2.0
O04294,C00852,GO,rio verde,delivered,2018-06-14 00:40:02,2018-06-15 00:40:02,2018-06-27 00:40:02,2018-06-23 00:40:02,1,13,9,1,285.79,40.35,0.1412,1,fashion_roupa_feminina,4.0
O04297,C00902,AM,manaus,delivered,2017-04-30 18:21:45,2017-05-02 15:21:45,2017-05-29 18:21:45,2017-05-15 18:21:45,1,29,15,1,94.59,44.51,0.4706,1,papelaria,4.0
O04308,C00069,BA,feira de santana,delivered,2018-02-02 22:06:19,2018-02-03 23:06:19,2018-02-17 22:06:19,2018-02-24 22:06:19,0,15,22,1,272.84,8.67,0.0318,1,moveis_quarto,5.0
O04314,C01377,RJ,niteroi,delivered,2017-10-25 12:27:11,2017-10-25 18:27:11,2017-11-22 12:27:11,2017-10-30 12:27:11,1,28,5,2,654.49,63.33,0.1219,1,brinquedos,4.0
O04327,C00099,AP,porto grande,delivered,2017-04-19 20:06:27,2017-04-20 19:06:27,2017-05-10 20:06:27,2017-05-09 20:06:27,1,21,20,2,764.73,61.45,0.0805,1,casa_iluminacao,4.0
O04330,C01853,RR,boa vista,delivered,2018-09-06 08:33:02,2018-09-07 02:33:02,2018-09-30 08:33:02,2018-10-01 08:33:02,0,24,25,2,826.59,57.84,0.0726,1,flores,4.0
O04348,C00298,SE,nossa senhora do socorro,delivered,2018-07-18 15:32:16,2018-07-20 15:32:16,2018-07-24 15:32:16,2018-07-26 15:32:16,0,6,8,1,157.4,37.1,0.2357,1,moveis_quarto,5.0
O04357,C01685,PB,santa rita,delivered,2018-09-23 06:52:55,2018-09-24 18:52:55,2018-10-18 06:52:55,2018-10-17 06:52:55,1,25,24,1,138.47,18.45,0.1332,1,livros_interesse,2.0
O04381,C01967,MG,belo horizonte,delivered,2017-06-01 19:28:54,2017-06-03 13:28:54,2017-06-19 19:28:54,2017-06-08 19:28:54,1,18,7,2,463.14,61.03,0.2731,1,cama_mesa_banho,4.0
O04391,C01444,ES,linhares,delivered,2018-04-16 05:07:31,2018-04-17 09:07:31,2018-04-29 05:07:31,2018-05-10 05:07:31,0,13,24,1,221.81,14.61,0.0659,1,seguros_servicos,3.0
O04395,C00163,DF,ceilandia,delivered,2017-08-09 02:22:12,2017-08-10 22:22:12,2017-08-31 02:22:12,2017-08-31 02:22:12,0,22,22,1,115.37,18.38,0.1593,1,carnes,5.0
O04398,C01072,RJ,rio de janeiro,delivered,2018-07-11 01:06:31,2018-07-11 20:06:31,2018-07-28 01:06:31,2018-07-31 01:06:31,0,17,20,2,680.3,72.89,0.105,1,eletroportateis,5.0
O04401,C00060,MG,montes claros,delivered,2017-09-13 19:11:16,2017-09-14 05:11:16,2017-10-01 19:11:16,2017-10-02 19:11:16,0,18,19,1,423.83,48.52,0.1145,1,malas_acessorios,4.0
O04402,C01150,AM,parintins,delivered,2017-08-18 20:24:31,2017-08-19 14:24:31,2017-08-23 20:24:31,2017-08-23 20:24:31,0,5,5,1,111.94,8.77,0.0783,1,portateis_cozinha,5.0
O04410,C01890,RR,caracarai,delivered,2016-10-06 04:16:26,2016-10-07 00:16:26,2016-11-03 04:16:26,2016-10-19 04:16:26,1,28,13,1,270.68,36.16,0.1336,1,casa_garagem,4.0
O04421,C00060,MG,montes claros,delivered,2016-09-17 09:58:58,2016-09-19 04:58:58,2016-09-25 09:58:58,2016-09-29 09:58:58,0,8,12,2,432.98,54.64,0.161,1,cool_stuff,5.0
O04427,C00295,PR,cascavel,delivered,2017-08-14 17:34:14,2017-08-15 09:34:14,2017-09-03 17:34:14,2017-09-07 17:34:14,0,20,24,1,50.05,20.04,0.4004,1,casa_iluminacao,4.0
O04471,C01558,PR,ponta grossa,delivered,2018-07-02 14:15:58,2018-07-04 07:15:58,2018-07-06 14:15:58,2018-07-16 14:15:58,0,4,14,1,488.22,20.37,0.0417,1,esporte_lazer,2.0
O04484,C00777,RR,boa vista,delivered,2017-07-17 15:49:14,2017-07-17 19:49:14,2017-08-16 15:49:14,2017-08-05 15:49:14,1,30,19,1,125.93,33.08,0.2627,1,alimentos_bebidas,4.0
O04486,C01872,PR,ponta grossa,delivered,2018-05-10 13:35:37,2018-05-11 15:35:37,2018-05-20 13:35:37,2018-05-19 13:35:37,1,10,9,1,373.3,5.16,0.0138,1,cama_mesa_banho,4.0
O04494,C00959,CE,fortaleza,delivered,2018-02-03 11:42:35,2018-02-05 02:42:35,2018-03-04 11:42:35,2018-02-26 11:42:35,1,29,23,1,498.79,20.31,0.0407,1,audio,2.0
O04496,C01718,MS,dourados,delivered,2017-04-08 14:46:39,2017-04-10 10:46:39,2017-04-21 14:46:39,2017-04-21 14:46:39,0,13,13,3,751.43,64.73,0.0806,1,casa_escritorio,3.0
O04497,C00730,TO,paraíso do tocantins,delivered,2018-01-05 10:56:27,2018-01-05 18:56:27,2018-02-01 10:56:27,2018-01-13 10:56:27,1,27,8,1,51.27,24.01,0.4683,1,moveis_cozinha,1.0
O04515,C00700,CE,caucaia,delivered,2018-02-10 20:06:34,2018-02-12 18:06:34,2018-02-25 20:06:34,2018-02-26 20:06:34,0,15,16,5,1279.48,148.01,0.1596,1,casa_jardim,4.0
O04522,C00019,SE,lagarto,delivered,2017-08-25 15:21:32,2017-08-25 16:21:32,2017-08-30 15:21:32,2017-09-18 15:21:32,0,5,24,3,699.84,48.18,0.0789,1,audio,4.0
O04530,C01175,MA,sao luis,delivered,2017-01-11 02:17:10,2017-01-12 05:17:10,2017-01-25 02:17:10,2017-01-17 02:17:10,1,14,6,2,754.15,46.12,0.0689,1,flores,3.0
O04542,C01357,SC,florianopolis,delivered,2017-11-17 01:23:48,2017-11-18 22:23:48,2017-12-08 01:23:48,2017-11-27 01:23:48,1,21,10,1,401.2,19.73,0.0492,1,construcao_ferramentas,3.0
O04562,C00744,AC,sena madureira,delivered,2017-12-16 08:44:05,2017-12-16 20:44:05,2017-12-28 08:44:05,2018-01-05 08:44:05,0,12,20,1,346.16,25.49,0.0736,1,fashion_roupa_masculina,1.0
O04568,C01128,SE,aracaju,delivered,2017-05-12 20:54:26,2017-05-13 07:54:26,2017-06-02 20:54:26,2017-06-04 20:54:26,0,21,23,1,127.44,49.12,0.3854,1,market_place,4.0
O04574,C01399,PR,curitiba,delivered,2018-09-04 19:50:50,2018-09-04 20:50:50,2018-09-30 19:50:50,2018-09-27 19:50:50,1,26,23,1,290.81,9.4,0.0323,1,casa_lavanderia,5.0
O04622,C01552,BA,salvador,delivered,2018-06-16 09:19:28,2018-06-17 08:19:28,2018-07-13 09:19:28,2018-06-23 09:19:28,1,27,7,1,452.84,36.81,0.0813,1,cool_stuff,4.0
O04637,C01357,SC,florianopolis,delivered,2017-04-16 12:50:52,2017-04-18 12:50:52,2017-05-03 12:50:52,2017-04-27 12:50:52,1,17,11,1,408.1,6.54,0.016,1,audio,4.0
O04642,C00873,AL,delmiro gouveia,delivered,2018-05-02 01:49:41,2018-05-02 02:49:41,2018-05-23 01:49:41,2018-05-10 01:49:41,1,21,8,1,253.16,21.64,0.0855,1,eletronicos,2.0
O04648,C01612,AP,porto grande,delivered,2016-10-07 01:17:24,2016-10-08 16:17:24,2016-10-13 01:17:24,2016-10-25 01:17:24,0,6,18,2,68.35,74.14,1.112,1,brinquedos,4.0
O04673,C01616,BA,feira de santana,delivered,2018-05-29 00:14:55,2018-05-30 22:14:55,2018-06-23 00:14:55,2018-06-05 00:14:55,1,25,7,2,274.59,76.98,0.3323,1,casa_conforto,1.0
O04686,C01629,AC,rio branco,delivered,2018-10-06 00:03:29,2018-10-06 05:03:29,2018-10-26 00:03:29,2018-10-11 00:03:29,1,20,5,2,600.0,20.65,0.0487,1,fashion_roupa_feminina,4.0
O04694,C01917,GO,luziania,delivered,2018-09-02 23:02:13,2018-09-04 07:02:13,2018-09-22 23:02:13,2018-09-18 23:02:13,1,20,16,1,344.57,47.36,0.1374,1,portateis_cozinha,2.0
O04704,C00879,MS,campo grande,delivered,2017-04-23 00:23:37,2017-04-23 15:23:37,2017-05-05 00:23:37,2017-05-08 00:23:37,0,12,15,1,155.8,28.62,0.1837,1,moveis_quarto,4.0
O04705,C01229,SP,ribeirao preto,delivered,2018-07-01 17:15:50,2018-07-03 05:15:50,2018-07-20 17:15:50,2018-07-25 17:15:50,0,19,24,1,126.12,31.58,0.2504,1,telefonia,5.0
O04706,C01734,RN,mossoro,delivered,2017-02-11 19:39:55,2017-02-11 21:39:55,2017-03-08 19:39:55,2017-02-28 19:39:55,1,25,17,1,205.94,12.85,0.0624,0,eletroportateis,5.0
O04737,C00697,AP,macapa,delivered,2017-04-24 03:32:26,2017-04-25 01:32:26,2017-05-09 03:32:26,2017-04-30 03:32:26,1,15,6,1,403.7,42.53,0.1054,1,eletrodomesticos_2,4.0
O04746,C01862,AP,laranjal do jari,delivered,2016-12-26 16:06:40,2016-12-27 10:06:40,2017-01-23 16:06:40,2017-01-17 16:06:40,1,28,22,1,281.24,35.82,0.1274,1,moveis_cozinha,2.0
O04748,C01395,RN,mossoro,delivered,2018-08-25 05:56:31,2018-08-26 12:56:31,2018-09-14 05:56:31,2018-09-03 05:56:31,1,20,9,1,97.57,32.41,0.3322,1,casa_conforto,4.0
O04761,C00516,RR,rorainopolis,delivered,2018-02-05 14:15:11,2018-02-06 14:15:11,2018-03-03 14:15:11,2018-02-26 14:15:11,1,26,21,1,459.59,41.12,0.0895,1,brinquedos,2.0
O04789,C01481,AM,coari,delivered,2018-10-12 01:59:51,2018-10-12 18:59:51,2018-10-15 01:59:51,2018-10-24 01:59:51,0,3,12,1,133.49,38.92,0.2916,1,la_cuisine,4.0
O04804,C00958,MG,juiz de fora,delivered,2017-01-16 05:51:40,2017-01-17 12:51:40,2017-01-19 05:51:40,2017-01-30 05:51:40,0,3,14,2,431.96,78.53,0.2284,1,casa_outros,5.0
O04817,C01740,PA,belem,delivered,2018-05-24 18:21:16,2018-05-25 02:21:16,2018-05-27 18:21:16,2018-05-30 18:21:16,0,3,6,2,534.05,58.33,0.1222,1,bebes,3.0
O04819,C00631,TO,araguaina,delivered,2016-09-01 08:17:57,2016-09-02 04:17:57,2016-09-27 08:17:57,2016-09-12 08:17:57,1,26,11,1,55.64,38.69,0.6954,1,musica_arte,1.0
O04833,C00957,MG,contagem,delivered,2016-09-12 01:11:32,2016-09-12 09:11:32,2016-09-25 01:11:32,2016-09-26 01:11:32,0,13,14,2,763.36,72.01,0.0989,1,moveis_decoracao,5.0
O04853,C01090,RJ,nova iguaçu,delivered,2017-08-02 09:47:23,2017-08-02 22:47:23,2017-08-16 09:47:23,2017-08-19 09:47:23,0,14,17,3,447.43,92.53,0.2198,1,cool_stuff,5.0
O04865,C00972,AM,itacoatiara,delivered,2017-10-16 19:38:46,2017-10-17 03:38:46,2017-10-23 19:38:46,2017-10-22 19:38:46,1,7,6,1,36.38,22.5,0.6185,1,cool_stuff,1.0
O04870,C01062,CE,sobral,delivered,2017-07-02 23:03:09,2017-07-03 15:03:09,2017-07-05 23:03:09,2017-07-20 23:03:09,0,3,18,1,385.92,5.28,0.0137,1,casa_sala,4.0
O04897,C00382,MS,dourados,delivered,2016-10-23 07:28:10,2016-10-24 13:28:10,2016-11-06 07:28:10,2016-11-10 07:28:10,0,14,18,1,389.88,34.64,0.0888,1,la_cuisine,5.0
O04903,C00543,MA,timon,delivered,2016-09-05 23:56:24,2016-09-06 15:56:24,2016-09-27 23:56:24,2016-09-30 23:56:24,0,22,25,2,714.52,63.89,0.089,1,casa_iluminacao,3.0
O04927,C00055,MS,campo grande,delivered,2018-07-22 03:20:30,2018-07-23 06:20:30,2018-08-05 03:20:30,2018-08-07 03:20:30,0,14,16,3,257.37,40.32,0.1755,1,casa_utilidades,5.0
O04928,C01606,PB,bayeux,delivered,2018-03-02 06:34:32,2018-03-03 21:34:32,2018-03-29 06:34:32,2018-03-13 06:34:32,1,27,11,2,293.71,37.06,0.1466,1,casa_banheiro,3.0
O04949,C01819,ES,linhares,delivered,2018-03-19 17:24:01,2018-03-20 21:24:01,2018-03-25 17:24:01,2018-04-06 17:24:01,0,6,18,1,470.86,40.5,0.086,1,casa_limpeza,5.0
O04955,C01394,RO,vilhena,delivered,2018-09-03 12:37:36,2018-09-05 00:37:36,2018-09-11 12:37:36,2018-09-10 12:37:36,1,8,7,1,74.4,9.4,0.1263,1,casa_outros,3.0
O04958,C01369,MA,imperatriz,delivered,2018-06-15 19:27:28,2018-06-15 22:27:28,2018-07-04 19:27:28,2018-07-06 19:27:28,0,19,21,3,1087.54,75.14,0.0758,1,casa_outros,1.0
O04970,C00891,SE,lagarto,delivered,2017-11-28 18:21:09,2017-11-30 01:21:09,2017-12-24 18:21:09,2017-12-16 18:21:09,1,26,18,1,350.5,25.78,0.0736,1,portateis_cozinha,2.0
O04974,C00191,TO,gurupi,delivered,2018-09-07 21:51:05,2018-09-09 02:51:05,2018-09-19 21:51:05,2018-09-20 21:51:05,0,12,13,3,648.17,128.98,0.3742,1,casa_conforto_2,4.0
O04984,C01362,AL,maceio,delivered,2017-03-31 21:26:59,2017-04-01 15:26:59,2017-04-18 21:26:59,2017-04-09 21:26:59,1,18,9,3,629.05,71.27,0.133,1,alimentos_bebidas,1.0
O04990,C01384,SE,itabaiana,delivered,2018-07-31 01:11:34,2018-08-01 20:11:34,2018-08-29 01:11:34,2018-08-16 01:11:34,1,29,16,2,694.03,19.67,0.0277,1,moda_roupa,1.0
O00076,C01737,TO,porto nacional,shipped,2018-10-24 17:32:55,2018-10-25 00:32:55,,2018-11-05 17:32:55,0,,12,1,66.22,48.1,0.7264,1,beleza_saude,0.0
O00981,C01901,RR,rorainopolis,shipped,2018-10-10 01:00:38,2018-10-11 07:00:38,,2018-11-01 01:00:38,0,,22,1,267.47,48.81,0.1825,1,alimentos_bebidas,0.0
O01396,C01843,RR,mucajai,delivered,2017-06-01 06:17:45,2017-06-03 06:17:45,2017-06-15 06:17:45,2017-06-14 06:17:45,1,14,13,4,1014.19,155.08,0.4427,1,beleza_saude,0.0
O02859,C01478,AM,coari,delivered,2017-05-05 22:42:57,2017-05-06 11:42:57,2017-05-24 22:42:57,2017-05-14 22:42:57,1,19,9,4,1254.21,137.58,0.1471,1,beleza_saude,0.0
O02884,C01966,AL,arapiraca,delivered,2016-09-27 05:51:38,2016-09-29 01:51:38,2016-10-02 05:51:38,2016-10-06 05:51:38,0,5,9,2,430.36,45.08,0.1208,1,casa_quarto,0.0
O03224,C01637,GO,anapolis,delivered,2018-06-19 04:01:55,2018-06-19 12:01:55,2018-07-10 04:01:55,2018-07-09 04:01:55,1,21,20,3,567.02,106.21,0.2029,1,carnes,0.0
O04177,C00038,RO,porto velho,delivered,2018-03-19 13:44:00,2018-03-19 19:44:00,2018-03-25 13:44:00,2018-04-12 13:44:00,0,6,24,1,67.43,14.99,0.2223,1,casa_utilidades,0.0
O00865,C00108,AL,maceio,delivered,2017-08-17 07:59:24,2017-08-18 14:59:24,2017-08-27 07:59:24,2017-08-29 07:59:24,0,10,12,1,452.55,44.24,0.0978,1,casa_garagem,0.0
O00952,C01364,AL,arapiraca,delivered,2017-10-19 01:00:18,2017-10-20 15:00:18,2017-10-31 01:00:18,2017-10-28 01:00:18,1,12,9,1,86.61,8.23,0.095,1,moveis_escritorio,0.0
O04321,C01997,MA,caxias,delivered,2018-04-03 10:04:42,2018-04-05 09:04:42,2018-04-18 10:04:42,2018-04-22 10:04:42,0,15,19,1,391.68,23.73,0.0606,1,perfumaria,0.0
O00384,C01810,AM,itacoatiara,canceled,2017-07-07 11:37:59,2017-07-07 23:37:59,,,0,,,1,454.0,42.97,0.0946,1,moveis_decoracao,0.0
O00970,C00467,SP,guarulhos,shipped,2017-12-31 07:24:38,2018-01-01 04:24:38,,2018-01-23 07:24:38,0,,23,1,286.05,29.49,0.1031,1,instrumentos_musicais,0.0
O01866,C00372,ES,cariacica,shipped,2018-04-21 18:36:22,2018-04-22 02:36:22,,2018-05-05 18:36:22,0,,14,1,226.96,6.18,0.0272,1,automotivo,0.0
O02137,C01956,ES,cariacica,shipped,2018-06-18 11:02:36,2018-06-19 23:02:36,,2018-07-05 11:02:36,0,,17,2,499.87,56.93,0.1067,1,musica_arte,0.0
O03070,C01168,MT,cuiaba,delivered,2017-08-10 03:57:42,2017-08-10 07:57:42,2017-08-16 03:57:42,2017-09-02 03:57:42,0,6,23,1,418.98,39.69,0.0947,1,livros_interesse,0.0
O04578,C01640,MA,timon,canceled,2016-10-25 13:28:38,2016-10-27 02:28:38,,,0,,,4,807.85,120.69,0.3696,1,casa_lavanderia,0.0
O04957,C00786,TO,palmas,delivered,2016-11-11 19:25:28,2016-11-13 11:25:28,2016-11-21 19:25:28,2016-11-18 19:25:28,1,10,7,1,280.15,23.58,0.0842,1,casa_conforto,0.0
O00144,C00909,SE,lagarto,shipped,2018-04-30 22:52:11,2018-05-01 02:52:11,,2018-05-14 22:52:11,0,,14,1,42.16,33.31,0.7901,1,fashion_calcados,0.0
O00560,C00309,DF,samambaia,delivered,2017-10-08 02:44:14,2017-10-08 17:44:14,2017-11-04 02:44:14,2017-10-23 02:44:14,1,27,15,1,286.52,34.3,0.1197,1,casa_conforto_2,0.0
O00661,C00054,PA,santarem,delivered,2018-10-09 04:01:57,2018-10-09 19:01:57,2018-10-19 04:01:57,2018-10-21 04:01:57,0,10,12,1,350.55,18.17,0.0518,1,eletronicos,0.0
O03309,C00347,DF,samambaia,shipped,2017-06-18 21:36:27,2017-06-20 09:36:27,,2017-07-12 21:36:27,0,,24,2,509.75,55.19,0.1452,1,bebes,0.0
O04517,C00778,RJ,rio de janeiro,shipped,2018-10-27 21:49:13,2018-10-28 14:49:13,,2018-11-08 21:49:13,0,,12,3,712.26,82.56,0.123,1,casa_quarto,0.0
O04613,C00620,BA,salvador,delivered,2017-04-12 19:40:17,2017-04-13 02:40:17,2017-05-06 19:40:17,2017-05-04 19:40:17,1,24,22,3,715.81,70.44,0.1717,1,casa_outros,0.0
O04904,C01215,AM,manaus,delivered,2017-03-02 06:43:53,2017-03-03 05:43:53,2017-03-30 06:43:53,2017-03-08 06:43:53,1,28,6,1,113.13,48.22,0.4262,1,fashion_roupa_feminina,0.0
O00026,C00159,MT,tangara da serra,shipped,2018-10-08 18:47:27,2018-10-09 18:47:27,,2018-10-19 18:47:27,0,,11,1,56.99,25.81,0.4529,1,audio,0.0
O00030,C01351,CE,caucaia,canceled,2016-10-19 20:33:31,2016-10-20 04:33:31,,,0,,,1,193.74,20.96,0.1082,1,casa_quarto,0.0
O00891,C01485,RO,ji-parana,delivered,2017-08-31 18:05:01,2017-09-02 00:05:01,2017-09-21 18:05:01,2017-09-22 18:05:01,0,21,22,2,145.02,85.64,0.6364,1,cds_dvds_musicais,0.0
O01126,C01070,TO,palmas,unavailable,2017-06-29 15:11:55,2017-06-30 22:11:55,,,0,,,1,65.48,24.59,0.3755,1,moveis_escritorio,0.0
O01933,C00307,RJ,duque de caxias,shipped,2017-12-22 15:43:21,2017-12-22 20:43:21,,2018-01-14 15:43:21,0,,23,1,326.34,34.19,0.1048,1,fashion_calcados,0.0
O02668,C00257,MG,montes claros,unavailable,2016-10-23 17:56:33,2016-10-25 11:56:33,,,0,,,5,981.69,161.45,0.2106,1,artigos_nautica,0.0
O02738,C01914,RS,santa maria,delivered,2017-12-03 16:40:41,2017-12-05 11:40:41,2017-12-31 16:40:41,2017-12-16 16:40:41,1,28,13,2,730.96,55.62,0.0682,1,construcao_ferramentas,0.0
O03205,C01387,CE,juazeiro do norte,shipped,2017-09-29 07:46:40,2017-09-30 22:46:40,,2017-10-17 07:46:40,0,,18,1,162.42,16.85,0.1037,1,alimentos_bebidas,0.0
O03486,C01237,DF,ceilandia,shipped,2017-04-28 10:16:36,2017-04-28 20:16:36,,2017-05-13 10:16:36,0,,15,1,296.12,7.4,0.025,1,construcao_ferramentas,0.0
O03504,C00272,MS,corumba,delivered,2017-05-25 15:36:27,2017-05-27 09:36:27,2017-06-24 15:36:27,2017-06-07 15:36:27,1,30,13,1,184.46,11.43,0.062,1,casa_limpeza,0.0
O03938,C00089,PE,jaboatao,shipped,2017-05-02 09:53:23,2017-05-04 01:53:23,,2017-05-08 09:53:23,0,,6,5,995.79,76.36,0.0992,1,alimentos_bebidas,0.0
O04548,C01950,AL,rio largo,delivered,2016-12-26 08:11:02,2016-12-28 08:11:02,2016-12-30 08:11:02,2017-01-08 08:11:02,0,4,13,1,253.53,24.23,0.0956,1,fraldas_higiene,0.0
O04647,C00744,AC,sena madureira,delivered,2017-11-09 00:31:53,2017-11-09 06:31:53,2017-11-25 00:31:53,2017-11-15 00:31:53,1,16,6,2,488.51,73.84,0.1512,1,alimentos_bebidas,0.0
O00065,C00227,CE,caucaia,delivered,2016-11-14 13:41:45,2016-11-15 09:41:45,2016-11-27 13:41:45,2016-12-08 13:41:45,0,13,24,1,260.23,20.1,0.0772,1,fashion_esporte,0.0
O01304,C00767,MA,caxias,delivered,2017-03-12 20:10:03,2017-03-13 00:10:03,2017-03-26 20:10:03,2017-03-31 20:10:03,0,14,19,3,755.35,80.75,0.1103,1,alimentos_bebidas,0.0
O02462,C01404,AP,oida,delivered,2016-09-17 17:55:08,2016-09-17 20:55:08,2016-09-26 17:55:08,2016-09-28 17:55:08,0,9,11,1,311.65,33.69,0.1081,1,eletroportateis,0.0
O03388,C01347,RR,alto alegre,delivered,2017-11-28 05:18:55,2017-11-29 23:18:55,2017-12-05 05:18:55,2017-12-14 05:18:55,0,7,16,2,614.08,92.16,0.1609,1,portateis_casa_forno_cafe,0.0
O03675,C00854,PA,castanhal,delivered,2017-03-18 19:19:34,2017-03-19 04:19:34,2017-03-21 19:19:34,2017-03-25 19:19:34,0,3,7,2,223.13,82.78,0.5187,1,casa_outros,0.0
O03752,C00702,MT,tangara da serra,canceled,2017-10-25 23:52:53,2017-10-27 17:52:53,,,0,,,2,805.87,33.42,0.0442,1,casa_banheiro,0.0
O04671,C01664,CE,sobral,unavailable,2018-02-08 02:38:33,2018-02-08 05:38:33,,,0,,,1,62.58,45.06,0.72,0,moveis_presentes,0.0
O04874,C01370,DF,samambaia,delivered,2017-06-12 22:31:24,2017-06-14 01:31:24,2017-07-09 22:31:24,2017-07-01 22:31:24,1,27,19,2,967.32,46.33,0.0478,1,moveis_jardim,0.0
O00047,C00762,TO,araguaina,delivered,2017-04-14 07:28:15,2017-04-15 04:28:15,2017-04-27 07:28:15,2017-04-19 07:28:15,1,13,5,1,346.06,49.57,0.1432,1,audio,0.0
O00452,C01109,SE,itabaiana,shipped,2018-04-28 08:26:39,2018-04-29 15:26:39,,2018-05-03 08:26:39,0,,5,1,154.72,21.74,0.1405,1,casa_limpeza,0.0
O00528,C01610,RR,boa vista,delivered,2017-05-25 20:19:17,2017-05-26 07:19:17,2017-06-02 20:19:17,2017-06-09 20:19:17,0,8,15,1,317.46,49.57,0.1561,1,moda_roupa,0.0
O00711,C00058,SP,sao paulo,delivered,2016-11-13 08:01:29,2016-11-14 04:01:29,2016-11-27 08:01:29,2016-12-05 08:01:29,0,14,22,1,389.37,49.77,0.1278,1,sinalizacao_seguranca,0.0
O02485,C00502,ES,cariacica,delivered,2018-03-10 09:20:41,2018-03-10 14:20:41,2018-04-07 09:20:41,2018-03-26 09:20:41,1,28,16,2,202.43,29.21,0.1387,1,consoles_games,0.0
O03012,C00664,PE,olinda,shipped,2017-10-27 16:31:05,2017-10-28 06:31:05,,2017-11-10 16:31:05,0,,14,1,467.55,45.09,0.0964,1,casa_jardim,0.0
O00544,C01176,MT,sinop,delivered,2017-07-08 16:19:41,2017-07-10 04:19:41,2017-07-18 16:19:41,2017-07-23 16:19:41,0,10,15,2,734.8,53.94,0.0869,1,fashion_roupa_masculina,0.0
O01014,C00470,ES,vitoria,delivered,2018-05-30 01:56:18,2018-05-30 21:56:18,2018-06-04 01:56:18,2018-06-11 01:56:18,0,5,12,1,227.4,46.54,0.2047,1,moveis_presentes,0.0
O02166,C01068,AC,rio branco,shipped,2017-06-11 01:38:50,2017-06-12 05:38:50,,2017-07-02 01:38:50,0,,21,2,313.33,42.3,0.2358,1,alimentos_bebidas,0.0
O02517,C01931,MS,campo grande,delivered,2016-11-28 19:04:18,2016-11-29 06:04:18,2016-12-23 19:04:18,2016-12-20 19:04:18,1,25,22,1,180.78,36.33,0.201,1,carnes,0.0
O04504,C00638,BA,itabuna,delivered,2018-06-05 00:45:44,2018-06-06 03:45:44,2018-06-16 00:45:44,2018-06-26 00:45:44,0,11,21,1,375.79,20.07,0.0534,1,brinquedos,0.0
O04681,C00190,RS,santa maria,delivered,2018-04-06 04:54:10,2018-04-07 16:54:10,2018-05-02 04:54:10,2018-05-01 04:54:10,1,26,25,2,123.0,84.98,1.0297,1,eletrodomesticos,0.0
O00291,C01837,AP,macapa,canceled,2017-11-21 06:15:08,2017-11-22 09:15:08,,,0,,,1,499.91,41.93,0.0839,1,pc_gamer,0.0
O01008,C00469,DF,taguatinga,shipped,2017-10-24 01:34:55,2017-10-25 01:34:55,,2017-11-06 01:34:55,0,,13,5,1197.78,127.03,0.1598,1,casa_banheiro,0.0
O01688,C00865,PI,teresina,delivered,2017-10-23 08:50:19,2017-10-23 14:50:19,2017-11-15 08:50:19,2017-11-09 08:50:19,1,23,17,2,692.56,75.04,0.1085,1,cama_mesa_banho,0.0
O02147,C00447,PA,maraba,delivered,2017-02-05 20:56:36,2017-02-06 07:56:36,2017-03-07 20:56:36,2017-03-01 20:56:36,1,30,24,1,396.72,7.66,0.0193,1,seguros_servicos,0.0
O02975,C01345,SC,joinville,shipped,2017-07-05 11:05:21,2017-07-06 03:05:21,,2017-07-12 11:05:21,0,,7,4,1142.12,102.02,0.1346,1,moveis_colchao_estofado,0.0
O02997,C01373,RO,ji-parana,shipped,2018-09-06 15:21:06,2018-09-08 08:21:06,,2018-09-18 15:21:06,0,,12,2,421.28,58.84,0.1565,1,ferramentas_jardim,0.0
O03689,C01359,GO,anapolis,delivered,2017-06-16 06:35:58,2017-06-16 17:35:58,2017-06-24 06:35:58,2017-07-08 06:35:58,0,8,22,2,376.18,61.63,0.185,1,casa_limpeza,0.0
O04022,C00988,RN,natal,delivered,2017-09-11 20:42:23,2017-09-11 22:42:23,2017-09-17 20:42:23,2017-09-28 20:42:23,0,6,17,1,71.75,35.65,0.4969,0,papelaria,0.0
O00116,C00032,PA,santarem,delivered,2018-08-07 01:03:34,2018-08-07 04:03:34,2018-09-05 01:03:34,2018-08-30 01:03:34,1,29,23,2,622.72,37.89,0.0648,1,casa_lavanderia,0.0
O00587,C01480,RN,parnamirim,delivered,2017-05-22 16:22:28,2017-05-23 03:22:28,2017-06-05 16:22:28,2017-06-03 16:22:28,1,14,12,1,331.55,13.83,0.0417,1,artes,0.0
O01380,C00888,SE,nossa senhora do socorro,canceled,2017-09-25 13:25:54,2017-09-26 22:25:54,,,0,,,1,135.42,14.76,0.109,1,moveis_decoracao,0.0
O01703,C01751,DF,samambaia,delivered,2016-09-10 01:53:36,2016-09-11 14:53:36,2016-09-17 01:53:36,2016-09-17 01:53:36,0,7,7,2,220.85,76.32,0.433,1,alimentos_bebidas,0.0
O01947,C00003,RO,cacoal,canceled,2017-04-06 22:02:04,2017-04-08 01:02:04,,,0,,,1,38.86,24.1,0.6202,1,alimentos_bebidas,0.0
O02218,C00732,PA,maraba,delivered,2018-02-21 14:33:35,2018-02-21 22:33:35,2018-03-05 14:33:35,2018-03-05 14:33:35,0,12,12,1,177.09,29.8,0.1683,1,portateis_casa_forno_cafe,0.0
O02967,C01029,RS,caxias do sul,delivered,2016-11-20 03:43:26,2016-11-20 07:43:26,2016-12-15 03:43:26,2016-12-12 03:43:26,1,25,22,2,489.84,82.84,0.1706,1,la_cuisine,0.0
O03072,C00427,MS,três lagoas,delivered,2018-03-22 23:18:48,2018-03-23 23:18:48,2018-04-03 23:18:48,2018-03-31 23:18:48,1,12,9,2,224.12,55.79,0.2946,1,alimentos_bebidas,0.0
O03299,C01242,RS,canoas,unavailable,2017-08-28 14:41:12,2017-08-29 21:41:12,,,0,,,3,790.61,126.01,0.6794,1,brinquedos,0.0
O04063,C01057,MG,contagem,shipped,2017-02-09 00:09:03,2017-02-09 08:09:03,,2017-03-03 00:09:03,0,,22,1,244.44,16.03,0.0656,1,audio,0.0
O04570,C00304,RO,ariquemes,shipped,2018-07-01 13:38:42,2018-07-02 13:38:42,,2018-07-12 13:38:42,0,,11,1,393.29,28.13,0.0715,1,casa_escritorio,0.0
O04799,C01818,RN,mossoro,delivered,2017-10-30 08:17:49,2017-10-31 19:17:49,2017-11-09 08:17:49,2017-11-07 08:17:49,1,10,8,1,298.45,39.57,0.1326,1,construcao_ferramentas,0.0
O00798,C01978,SC,blumenau,delivered,2018-08-17 18:29:22,2018-08-19 11:29:22,2018-09-14 18:29:22,2018-08-25 18:29:22,1,28,8,1,313.02,18.08,0.0578,1,moveis_escritorio,0.0
O00979,C00148,RO,ariquemes,canceled,2017-09-28 07:12:47,2017-09-28 15:12:47,,,0,,,3,569.76,80.58,0.3182,1,brinquedos,0.0
O01038,C00503,CE,caucaia,shipped,2017-04-15 02:01:48,2017-04-16 19:01:48,,2017-04-29 02:01:48,0,,14,1,114.99,5.83,0.0507,1,eletroportateis,0.0
O01066,C00986,RN,natal,shipped,2016-12-13 00:36:39,2016-12-13 21:36:39,,2016-12-19 00:36:39,0,,6,1,70.71,47.74,0.6752,0,fashion_underwear,0.0
O01743,C01985,MG,montes claros,shipped,2017-12-07 19:05:12,2017-12-08 21:05:12,,2017-12-29 19:05:12,0,,22,1,162.59,9.8,0.0603,1,papelaria,0.0
O02227,C01973,RS,canoas,delivered,2017-03-13 07:26:57,2017-03-13 10:26:57,2017-04-02 07:26:57,2017-04-04 07:26:57,0,20,22,3,1148.64,67.05,0.0588,1,casa_conforto_2,0.0
O02390,C00266,PE,jaboatao,delivered,2017-07-13 01:01:45,2017-07-14 21:01:45,2017-08-09 01:01:45,2017-08-05 01:01:45,1,27,23,1,198.11,31.23,0.1576,1,instrumentos_musicais,0.0
O02533,C01696,PE,caruaru,delivered,2016-11-21 17:38:41,2016-11-23 07:38:41,2016-11-30 17:38:41,2016-12-01 17:38:41,0,9,10,2,368.52,73.79,0.5973,1,eletrodomesticos_2,0.0
O02701,C01991,SE,lagarto,delivered,2016-10-03 16:29:36,2016-10-05 11:29:36,2016-10-23 16:29:36,2016-10-08 16:29:36,1,20,5,1,260.08,18.94,0.0728,1,casa_outros,0.0
O02746,C00779,AP,macapa,canceled,2016-09-19 18:03:44,2016-09-20 10:03:44,,,0,,,3,472.59,79.39,0.4063,1,audio,0.0
O02876,C00114,CE,sobral,unavailable,2017-11-10 20:19:55,2017-11-12 02:19:55,,,0,,,1,98.24,28.79,0.2931,1,eletrodomesticos_2,0.0
O03298,C00194,ES,linhares,delivered,2017-03-13 20:34:56,2017-03-15 20:34:56,2017-04-06 20:34:56,2017-03-31 20:34:56,1,24,18,3,356.07,47.15,0.2796,1,carnes,0.0
O03750,C00274,SE,itabaiana,shipped,2017-05-27 15:59:52,2017-05-28 14:59:52,,2017-06-15 15:59:52,0,,19,4,967.86,139.24,0.5379,1,dvds_blu_ray,0.0
O00038,C01970,SP,campinas,delivered,2018-05-04 05:36:43,2018-05-04 12:36:43,2018-05-31 05:36:43,2018-05-27 05:36:43,1,27,23,3,335.22,108.75,0.6742,1,cds_dvds_musicais,0.0
O01198,C01621,RR,rorainopolis,delivered,2017-09-10 16:57:38,2017-09-10 19:57:38,2017-09-21 16:57:38,2017-10-02 16:57:38,0,11,22,1,31.6,29.07,0.9199,1,cama_mesa_banho,0.0
O02186,C01866,RO,ji-parana,delivered,2018-03-31 05:28:06,2018-04-01 13:28:06,2018-04-25 05:28:06,2018-04-23 05:28:06,1,25,23,1,314.83,44.33,0.1408,1,casa_utilidades,0.0
O03193,C00275,GO,luziania,delivered,2017-01-24 09:55:50,2017-01-25 04:55:50,2017-02-17 09:55:50,2017-02-02 09:55:50,1,24,9,2,435.18,47.35,1.1119,1,automotivo,0.0
O04000,C00079,PR,londrina,delivered,2017-11-11 14:12:48,2017-11-12 16:12:48,2017-11-26 14:12:48,2017-11-23 14:12:48,1,15,12,3,1017.31,104.87,0.1079,1,alimentos_bebidas,0.0
O04260,C00076,RJ,niteroi,delivered,2016-11-03 14:53:41,2016-11-04 17:53:41,2016-11-14 14:53:41,2016-11-10 14:53:41,1,11,7,1,209.21,29.58,0.1414,1,moveis_sala,0.0
O04436,C00492,RJ,duque de caxias,delivered,2018-04-24 18:04:01,2018-04-25 03:04:01,2018-05-17 18:04:01,2018-05-01 18:04:01,1,23,7,2,289.6,40.97,0.1497,1,artigos_nautica,0.0
O04469,C00394,RO,vilhena,canceled,2018-01-12 13:15:57,2018-01-13 15:15:57,,,0,,,2,361.37,33.93,0.0915,1,casa_escritorio,0.0
O04710,C00013,RR,boa vista,delivered,2017-03-10 05:14:06,2017-03-11 07:14:06,2017-04-06 05:14:06,2017-03-18 05:14:06,1,27,8,4,613.98,91.42,0.2436,1,audio,0.0
O04726,C00821,MS,ponta pora,unavailable,2017-03-11 19:01:34,2017-03-13 02:01:34,,,0,,,1,185.5,14.82,0.0799,1,fashion_roupa_feminina,0.0
O00274,C00757,RR,rorainopolis,shipped,2017-07-13 13:38:35,2017-07-14 08:38:35,,2017-08-05 13:38:35,0,,23,1,334.29,5.3,0.0159,1,papelaria,0.0
O00493,C00743,AC,tarauaca,shipped,2017-11-27 09:24:18,2017-11-28 05:24:18,,2017-12-07 09:24:18,0,,10,3,756.31,91.86,0.1448,1,alimentos_bebidas,0.0
O01383,C01283,BA,itabuna,canceled,2018-10-29 10:16:21,2018-10-30 16:16:21,,,0,,,1,15.98,40.07,2.5075,0,pc_gamer,0.0
O01504,C01734,RN,mossoro,shipped,2016-10-13 00:12:16,2016-10-13 17:12:16,,2016-10-22 00:12:16,0,,9,1,410.13,22.21,0.0542,1,casa_banheiro,0.0
O02297,C00827,RO,vilhena,delivered,2017-07-11 04:11:35,2017-07-12 06:11:35,2017-08-06 04:11:35,2017-08-05 04:11:35,1,26,25,3,1051.78,61.73,0.0624,1,cama_mesa_banho,0.0
O02310,C01520,AC,feijo,delivered,2018-08-16 07:44:48,2018-08-18 07:44:48,2018-08-20 07:44:48,2018-09-02 07:44:48,0,4,17,1,145.14,38.92,0.2682,1,cool_stuff,0.0
O02860,C01719,AM,manaus,delivered,2018-01-11 02:27:53,2018-01-12 20:27:53,2018-01-26 02:27:53,2018-02-01 02:27:53,0,15,21,1,385.68,49.18,0.1275,1,papelaria,0.0
O03721,C01535,PI,floriano,shipped,2017-07-18 08:04:16,2017-07-19 10:04:16,,2017-08-01 08:04:16,0,,14,1,474.53,12.78,0.0269,1,dvds_blu_ray,0.0
O03912,C01951,ES,cariacica,shipped,2018-10-07 11:42:19,2018-10-07 21:42:19,,2018-10-29 11:42:19,0,,22,3,410.27,63.82,0.3336,1,cama_mesa_banho,0.0
O03958,C00825,RO,ariquemes,delivered,2018-01-18 00:16:12,2018-01-18 01:16:12,2018-01-27 00:16:12,2018-01-27 00:16:12,0,9,9,2,464.48,63.49,0.1627,1,fashion_bolsas,0.0
O04009,C00861,PA,maraba,delivered,2017-11-14 04:29:09,2017-11-14 06:29:09,2017-11-24 04:29:09,2017-11-19 04:29:09,1,10,5,1,357.0,21.96,0.0615,1,casa_garagem,0.0
O04280,C00425,MT,rondonopolis,delivered,2017-07-22 08:04:23,2017-07-23 01:04:23,2017-07-26 08:04:23,2017-08-10 08:04:23,0,4,19,2,618.71,45.47,0.1304,1,la_cuisine,0.0
O04281,C00894,AC,sena madureira,shipped,2018-09-09 20:31:18,2018-09-10 07:31:18,,2018-09-26 20:31:18,0,,17,3,686.28,93.87,0.2452,1,casa_banheiro,0.0
O04313,C00274,SE,itabaiana,unavailable,2018-03-15 17:42:10,2018-03-16 09:42:10,,,0,,,2,692.46,35.11,0.0536,1,casa_jardim,0.0
O04322,C01433,GO,anapolis,shipped,2017-04-24 14:31:38,2017-04-26 08:31:38,,2017-05-12 14:31:38,0,,18,3,1076.95,51.92,0.0739,1,artes,0.0
O04626,C01013,PA,maraba,delivered,2018-06-11 15:26:02,2018-06-12 22:26:02,2018-06-23 15:26:02,2018-07-04 15:26:02,0,12,23,4,914.94,115.92,0.4025,1,casa_escritorio,0.0
O04676,C00852,GO,rio verde,delivered,2018-05-17 01:49:10,2018-05-17 02:49:10,2018-05-27 01:49:10,2018-06-07 01:49:10,0,10,21,1,274.33,9.81,0.0358,1,fashion_bolsas,0.0
O00068,C01819,ES,linhares,delivered,2018-06-05 00:42:50,2018-06-06 17:42:50,2018-06-11 00:42:50,2018-06-26 00:42:50,0,6,21,2,787.21,22.73,0.0312,1,la_cuisine,0.0
O00918,C01876,MT,tangara da serra,canceled,2016-12-22 04:03:35,2016-12-24 01:03:35,,,0,,,2,574.42,29.93,0.0816,1,fraldas_higiene,0.0
O01103,C00932,RJ,niteroi,unavailable,2017-11-25 19:11:23,2017-11-27 06:11:23,,,0,,,2,243.84,59.53,0.6384,1,flores,0.0
O01189,C01824,AP,oida,delivered,2017-09-16 09:56:22,2017-09-17 06:56:22,2017-09-29 09:56:22,2017-10-02 09:56:22,0,13,16,1,482.61,5.95,0.0123,1,fashion_underwear,0.0
O01687,C00679,PB,campina grande,delivered,2016-10-01 08:41:46,2016-10-03 05:41:46,2016-10-17 08:41:46,2016-10-18 08:41:46,0,16,17,2,603.55,79.14,0.138,1,alimentos_bebidas,0.0
O03610,C00138,BA,ilheus,delivered,2017-09-29 14:34:24,2017-09-29 18:34:24,2017-10-08 14:34:24,2017-10-06 14:34:24,1,9,7,2,339.13,46.1,0.5635,1,casa_garagem,0.0
O03803,C01924,AC,sena madureira,delivered,2017-01-03 16:43:36,2017-01-04 09:43:36,2017-01-10 16:43:36,2017-01-13 16:43:36,0,7,10,1,434.49,18.7,0.043,1,dvds_blu_ray,0.0
O00120,C01149,ES,vila velha,delivered,2017-04-29 20:11:55,2017-04-30 02:11:55,2017-05-06 20:11:55,2017-05-10 20:11:55,0,7,11,2,653.59,52.18,0.0833,1,malas_acessorios,0.0
O01293,C00874,RS,pelotas,shipped,2016-09-28 21:55:35,2016-09-29 00:55:35,,2016-10-04 21:55:35,0,,6,2,620.05,46.97,0.0715,1,casa_lavanderia,0.0
O04445,C00083,SC,florianopolis,delivered,2017-03-30 12:02:22,2017-03-31 19:02:22,2017-04-26 12:02:22,2017-04-23 12:02:22,1,27,24,1,331.67,26.86,0.081,1,automotivo,0.0
O04640,C00349,MT,tangara da serra,shipped,2017-07-15 16:30:09,2017-07-16 11:30:09,,2017-08-03 16:30:09,0,,19,1,347.35,46.18,0.1329,1,casa_limpeza,0.0
O00598,C01295,MG,uberlandia,canceled,2016-11-14 14:15:24,2016-11-15 03:15:24,,,0,,,1,213.33,20.35,0.0954,1,eletronicos,0.0
O01082,C01660,RO,cacoal,canceled,2018-08-04 22:44:16,2018-08-05 21:44:16,,,0,,,1,114.45,45.74,0.3997,1,casa_conforto,0.0
O01467,C00332,CE,sobral,delivered,2016-11-26 02:51:38,2016-11-27 00:51:38,2016-12-18 02:51:38,2016-12-15 02:51:38,1,22,19,1,222.61,42.91,0.1928,1,papelaria,0.0
O01727,C00643,PE,caruaru,canceled,2016-09-23 20:16:24,2016-09-23 21:16:24,,,0,,,2,343.76,55.92,0.3251,1,casa_banheiro,0.0
O02228,C00003,RO,cacoal,unavailable,2017-03-30 06:55:08,2017-03-31 14:55:08,,,0,,,2,282.34,35.69,0.2517,1,casa_escritorio,0.0
O02595,C00824,PI,teresina,shipped,2017-05-11 23:50:04,2017-05-13 12:50:04,,2017-05-16 23:50:04,0,,5,1,162.55,18.16,0.1117,1,cool_stuff,0.0
O03132,C01854,PR,ponta grossa,delivered,2017-03-05 04:58:23,2017-03-06 03:58:23,2017-03-26 04:58:23,2017-03-15 04:58:23,1,21,10,1,440.29,11.37,0.0258,1,cool_stuff,0.0
O03356,C00466,RO,vilhena,delivered,2018-10-02 05:21:27,2018-10-02 15:21:27,2018-10-23 05:21:27,2018-10-17 05:21:27,1,21,15,1,84.1,8.55,0.1017,1,casa_jardim,0.0
O03567,C01761,MG,contagem,shipped,2018-03-28 00:36:00,2018-03-28 10:36:00,,2018-04-17 00:36:00,0,,20,2,693.1,36.98,0.0569,1,livros_interesse,0.0
O04338,C01572,AC,rio branco,delivered,2017-08-23 22:25:34,2017-08-25 03:25:34,2017-09-20 22:25:34,2017-09-09 22:25:34,1,28,17,3,319.93,87.02,0.3293,1,carnes,0.0
O00034,C00061,RO,vilhena,delivered,2018-01-22 19:33:58,2018-01-23 04:33:58,2018-02-17 19:33:58,2018-01-31 19:33:58,1,26,9,1,150.89,27.48,0.1821,1,la_cuisine,3.0
O00042,C00410,MT,sinop,delivered,2018-03-03 05:38:37,2018-03-04 05:38:37,2018-04-01 05:38:37,2018-03-10 05:38:37,1,29,7,2,522.53,48.14,0.0834,1,malas_acessorios,1.0
O00048,C01469,DF,ceilandia,delivered,2018-01-24 21:08:22,2018-01-25 11:08:22,2018-02-21 21:08:22,2018-02-08 21:08:22,1,28,15,2,669.27,63.3,0.1359,1,moveis_sala,1.0
O00075,C01560,BA,vitoria da conquista,delivered,2017-12-31 18:52:16,2018-01-01 14:52:16,2018-01-23 18:52:16,2018-01-09 18:52:16,1,23,9,2,155.28,25.25,0.3773,1,eletroportateis,4.0
O00107,C00732,PA,maraba,delivered,2018-10-14 08:31:51,2018-10-14 10:31:51,2018-11-09 08:31:51,2018-11-01 08:31:51,1,26,18,1,130.98,42.58,0.3251,1,casa_escritorio,2.0
O00134,C00826,PI,teresina,delivered,2016-09-10 05:56:17,2016-09-11 11:56:17,2016-10-10 05:56:17,2016-10-01 05:56:17,1,30,21,1,44.6,12.26,0.2749,1,casa_escritorio,3.0
O00143,C00507,PA,maraba,delivered,2017-07-15 08:37:10,2017-07-15 15:37:10,2017-08-13 08:37:10,2017-08-05 08:37:10,1,29,21,2,510.25,48.17,0.0944,1,livros_interesse,1.0
O00169,C00518,MA,sao jose de ribamar,delivered,2018-10-03 21:38:51,2018-10-05 02:38:51,2018-10-13 21:38:51,2018-10-14 21:38:51,0,10,11,3,638.12,111.6,0.3586,1,brinquedos,3.0
O00194,C00881,SE,itabaiana,delivered,2018-06-26 01:30:33,2018-06-27 13:30:33,2018-07-13 01:30:33,2018-07-04 01:30:33,1,17,8,1,463.77,27.31,0.0589,1,relogios_presentes,1.0
O00201,C00157,PB,bayeux,delivered,2017-09-24 16:05:21,2017-09-26 03:05:21,2017-10-19 16:05:21,2017-10-10 16:05:21,1,25,16,3,916.83,69.91,0.2024,1,casa_limpeza,1.0
O00203,C00600,MS,ponta pora,delivered,2017-09-15 08:39:06,2017-09-16 18:39:06,2017-09-28 08:39:06,2017-10-07 08:39:06,0,13,22,2,449.92,71.65,0.6614,1,eletronicos,5.0
O00209,C01022,RR,caracarai,delivered,2016-10-23 10:31:18,2016-10-24 04:31:18,2016-11-07 10:31:18,2016-11-06 10:31:18,1,15,14,1,463.96,18.78,0.0405,0,carnes,3.0
O00227,C01838,SE,aracaju,delivered,2018-01-01 19:45:27,2018-01-02 00:45:27,2018-01-12 19:45:27,2018-01-14 19:45:27,0,11,13,1,184.49,5.19,0.0281,1,portateis_casa_forno_cafe,5.0
O00230,C01402,MG,uberlandia,delivered,2018-10-28 03:51:37,2018-10-29 08:51:37,2018-11-01 03:51:37,2018-11-19 03:51:37,0,4,22,3,816.61,136.93,0.5432,1,fashion_bolsas,5.0
O00233,C01107,AM,manaus,delivered,2016-11-09 11:46:10,2016-11-11 02:46:10,2016-11-15 11:46:10,2016-11-16 11:46:10,0,6,7,1,331.05,26.49,0.08,1,sinalizacao_seguranca,4.0
O00236,C01794,PI,floriano,delivered,2017-11-14 18:09:05,2017-11-15 04:09:05,2017-12-06 18:09:05,2017-11-30 18:09:05,1,22,16,3,642.35,93.72,0.1363,1,casa_cozinha,2.0
O00251,C01896,PB,joao pessoa,delivered,2017-09-16 12:10:17,2017-09-17 15:10:17,2017-10-10 12:10:17,2017-09-25 12:10:17,1,24,9,2,345.13,67.79,0.7113,1,casa_banheiro,4.0
O00252,C01241,MG,juiz de fora,delivered,2017-10-10 07:54:09,2017-10-11 02:54:09,2017-10-16 07:54:09,2017-10-17 07:54:09,0,6,7,1,221.27,16.97,0.0767,1,la_cuisine,5.0
O00265,C01480,RN,parnamirim,delivered,2017-11-08 21:02:35,2017-11-09 04:02:35,2017-11-26 21:02:35,2017-11-23 21:02:35,1,18,15,3,798.21,98.45,0.1856,1,consoles_games,2.0
O00267,C01551,ES,linhares,delivered,2017-06-05 03:49:24,2017-06-05 13:49:24,2017-07-01 03:49:24,2017-06-16 03:49:24,1,26,11,2,836.24,62.93,0.0753,1,eletrodomesticos_2,2.0
O00277,C00911,BA,ilheus,delivered,2018-07-04 12:02:33,2018-07-05 20:02:33,2018-08-03 12:02:33,2018-07-13 12:02:33,1,30,9,2,306.06,64.34,0.7904,1,flores,2.0
O00279,C01490,SC,criciuma,delivered,2016-12-25 11:58:52,2016-12-26 08:58:52,2017-01-07 11:58:52,2017-01-07 11:58:52,0,13,13,1,378.4,22.98,0.0607,1,construcao_ferramentas,4.0
O00280,C00929,AM,manaus,delivered,2016-12-25 02:13:10,2016-12-27 00:13:10,2016-12-29 02:13:10,2017-01-12 02:13:10,0,4,18,1,198.58,43.76,0.2204,1,papelaria,4.0
O00303,C01571,ES,serra,delivered,2016-12-08 14:08:18,2016-12-10 08:08:18,2016-12-17 14:08:18,2016-12-24 14:08:18,0,9,16,1,245.88,37.71,0.1534,1,consoles_games,4.0
O00307,C00210,BA,vitoria da conquista,delivered,2018-10-20 01:14:59,2018-10-21 03:14:59,2018-10-24 01:14:59,2018-10-30 01:14:59,0,4,10,2,777.79,59.76,0.076,1,esporte_lazer,5.0
O00324,C01072,RJ,rio de janeiro,delivered,2017-08-28 01:36:34,2017-08-28 05:36:34,2017-09-08 01:36:34,2017-09-15 01:36:34,0,11,18,2,593.01,37.02,0.095,1,moveis_decoracao,5.0
O00325,C00638,BA,itabuna,delivered,2018-02-07 20:38:59,2018-02-08 06:38:59,2018-03-04 20:38:59,2018-03-02 20:38:59,1,25,23,3,874.15,76.59,0.1124,1,casa_garagem,2.0
O00340,C01422,MT,rondonopolis,delivered,2017-01-24 18:54:04,2017-01-26 05:54:04,2017-01-30 18:54:04,2017-01-30 18:54:04,0,6,6,1,330.57,15.86,0.048,1,cool_stuff,4.0
O00352,C00872,SC,sao jose,delivered,2018-09-03 17:50:36,2018-09-04 14:50:36,2018-09-30 17:50:36,2018-09-11 17:50:36,1,27,8,3,412.92,77.96,0.4081,1,casa_garagem,4.0
O00357,C01404,AP,oida,delivered,2017-03-06 18:51:52,2017-03-08 06:51:52,2017-03-29 18:51:52,2017-03-22 18:51:52,1,23,16,2,380.95,22.01,0.0614,1,cool_stuff,2.0
O00376,C00638,BA,itabuna,delivered,2017-10-31 06:37:46,2017-11-01 18:37:46,2017-11-13 06:37:46,2017-11-19 06:37:46,0,13,19,1,99.64,20.65,0.2072,1,papelaria,5.0
O00420,C00335,MS,campo grande,delivered,2018-05-12 14:34:25,2018-05-14 10:34:25,2018-05-18 14:34:25,2018-05-31 14:34:25,0,6,19,3,700.0,88.87,0.2161,1,casa_garagem,5.0
O00423,C01039,MA,sao luis,delivered,2018-04-20 12:11:43,2018-04-22 08:11:43,2018-05-08 12:11:43,2018-05-15 12:11:43,0,18,25,1,400.07,20.61,0.0515,1,papelaria,5.0
O00439,C00084,SC,florianopolis,delivered,2016-12-28 21:28:27,2016-12-29 18:28:27,2017-01-04 21:28:27,2017-01-21 21:28:27,0,7,24,2,380.05,77.46,0.2043,1,artes,4.0
O00469,C00322,AP,oida,delivered,2017-06-03 22:24:02,2017-06-05 00:24:02,2017-06-23 22:24:02,2017-06-18 22:24:02,1,20,15,2,253.49,43.84,0.1721,1,casa_sala,3.0
O00472,C01268,PE,jaboatao,delivered,2017-08-15 06:30:23,2017-08-15 15:30:23,2017-09-03 06:30:23,2017-08-22 06:30:23,1,19,7,1,240.61,25.39,0.1055,1,cool_stuff,1.0
O00500,C00767,MA,caxias,delivered,2018-04-11 04:04:07,2018-04-12 12:04:07,2018-05-11 04:04:07,2018-05-02 04:04:07,1,30,21,1,232.05,44.54,0.1919,1,utilidades_domesticas,3.0
O00507,C01970,SP,campinas,delivered,2017-01-02 10:00:34,2017-01-02 14:00:34,2017-01-21 10:00:34,2017-01-14 10:00:34,1,19,12,1,221.95,39.54,0.1781,1,casa_escritorio,2.0
O00508,C00502,ES,cariacica,delivered,2017-10-03 19:03:31,2017-10-05 19:03:31,2017-10-26 19:03:31,2017-10-15 19:03:31,1,23,12,1,12.89,16.6,1.2878,1,malas_acessorios,5.0
O00512,C00500,PI,campo maior,delivered,2018-09-12 10:22:26,2018-09-13 16:22:26,2018-10-10 10:22:26,2018-09-18 10:22:26,1,28,6,2,454.21,79.72,0.2725,1,casa_quarto,1.0
O00518,C00555,RR,alto alegre,delivered,2018-10-06 05:39:02,2018-10-07 22:39:02,2018-10-25 05:39:02,2018-10-26 05:39:02,0,19,20,1,379.68,27.04,0.0712,1,informatica_acessorios,4.0
O00535,C00428,RS,caxias do sul,delivered,2017-10-03 13:44:13,2017-10-04 08:44:13,2017-10-06 13:44:13,2017-10-18 13:44:13,0,3,15,1,250.26,21.82,0.0872,1,beleza_saude,4.0
O00553,C01300,PR,maringa,delivered,2016-12-14 06:01:21,2016-12-16 06:01:21,2016-12-19 06:01:21,2017-01-05 06:01:21,0,5,22,1,77.46,45.6,0.5887,1,seguros_servicos,5.0
O00567,C00056,MG,contagem,delivered,2017-04-02 07:22:06,2017-04-03 12:22:06,2017-04-17 07:22:06,2017-04-07 07:22:06,1,15,5,1,90.31,5.79,0.0641,1,moveis_decoracao,3.0
O00568,C00910,SE,aracaju,delivered,2017-07-22 00:35:17,2017-07-23 01:35:17,2017-08-08 00:35:17,2017-08-08 00:35:17,0,17,17,2,576.61,54.39,0.1069,1,audio,5.0
O00581,C00762,TO,araguaina,delivered,2018-06-07 11:42:43,2018-06-07 22:42:43,2018-06-15 11:42:43,2018-06-28 11:42:43,0,8,21,3,972.14,72.3,0.0874,1,automotivo,3.0
O00585,C00680,PR,londrina,delivered,2016-10-15 06:26:27,2016-10-16 13:26:27,2016-11-14 06:26:27,2016-10-24 06:26:27,1,30,9,1,466.93,29.37,0.0629,1,casa_escritorio,5.0
O00612,C00291,PE,olinda,delivered,2017-08-11 15:25:54,2017-08-11 17:25:54,2017-09-06 15:25:54,2017-08-27 15:25:54,1,26,16,3,1204.51,109.8,0.1044,1,audio,5.0
O00635,C00498,DF,guara,delivered,2018-10-09 22:02:45,2018-10-10 13:02:45,2018-11-02 22:02:45,2018-10-22 22:02:45,1,24,13,2,372.41,18.88,0.0543,1,artes,2.0
O00642,C00443,CE,sobral,delivered,2017-06-08 18:23:22,2017-06-08 20:23:22,2017-06-21 18:23:22,2017-06-16 18:23:22,1,13,8,1,266.84,21.33,0.0799,1,casa_escritorio,2.0
O00651,C01550,PB,bayeux,delivered,2018-04-18 11:57:19,2018-04-19 00:57:19,2018-05-13 11:57:19,2018-05-08 11:57:19,1,25,20,1,493.51,44.31,0.0898,1,perfumaria,5.0
O00655,C01103,RR,alto alegre,delivered,2017-06-04 08:53:41,2017-06-05 10:53:41,2017-06-09 08:53:41,2017-06-15 08:53:41,0,5,11,2,782.54,66.64,0.0852,1,audio,5.0
O00677,C00883,RN,parnamirim,delivered,2017-03-27 03:54:04,2017-03-28 05:54:04,2017-04-13 03:54:04,2017-04-10 03:54:04,1,17,14,1,203.3,35.58,0.175,1,cama_mesa_banho,3.0
O00678,C01103,RR,alto alegre,delivered,2017-12-18 06:35:16,2017-12-19 04:35:16,2018-01-15 06:35:16,2018-01-08 06:35:16,1,28,21,1,204.1,35.34,0.1732,1,cool_stuff,1.0
O00683,C01712,CE,caucaia,delivered,2017-06-09 13:02:45,2017-06-09 15:02:45,2017-06-27 13:02:45,2017-06-17 13:02:45,1,18,8,1,255.52,11.92,0.0466,1,fashion_bolsas,3.0
O00695,C01229,SP,ribeirao preto,delivered,2018-04-05 06:00:19,2018-04-06 19:00:19,2018-04-22 06:00:19,2018-04-15 06:00:19,1,17,10,3,885.96,48.06,0.4436,1,beleza_saude,1.0
O00724,C01419,RN,caico,delivered,2018-05-08 08:08:00,2018-05-08 11:08:00,2018-05-25 08:08:00,2018-05-17 08:08:00,1,17,9,1,425.61,24.73,0.0581,1,moveis_decoracao,4.0
O00725,C01358,RR,rorainopolis,delivered,2017-08-13 09:05:43,2017-08-13 14:05:43,2017-08-19 09:05:43,2017-08-23 09:05:43,0,6,10,1,130.82,8.23,0.0629,1,fashion_roupa_masculina,5.0
O00726,C01848,SC,blumenau,delivered,2018-09-29 21:58:20,2018-09-30 02:58:20,2018-10-12 21:58:20,2018-10-09 21:58:20,1,13,10,2,486.75,38.63,0.3393,1,automotivo,1.0
O00729,C01559,MG,uberlandia,delivered,2017-03-05 11:34:51,2017-03-06 13:34:51,2017-03-14 11:34:51,2017-03-12 11:34:51,1,9,7,1,136.11,36.57,0.2687,1,casa_conforto,2.0
O00745,C00008,MS,ponta pora,delivered,2016-11-30 17:57:49,2016-12-01 18:57:49,2016-12-06 17:57:49,2016-12-12 17:57:49,0,6,12,2,544.04,47.29,0.0818,1,casa_garagem,1.0
O00746,C01561,RR,mucajai,delivered,2016-10-25 16:10:22,2016-10-27 05:10:22,2016-10-28 16:10:22,2016-11-19 16:10:22,0,3,25,1,384.01,22.85,0.0595,1,casa_outros,5.0
O00748,C00793,MT,cuiaba,delivered,2018-07-31 12:57:27,2018-08-02 12:57:27,2018-08-18 12:57:27,2018-08-24 12:57:27,0,18,24,2,508.88,89.35,0.4828,1,market_place,2.0
O00758,C00768,RN,natal,delivered,2017-12-21 18:01:24,2017-12-22 08:01:24,2018-01-08 18:01:24,2017-12-29 18:01:24,1,18,8,1,416.44,39.91,0.0958,1,moveis_jardim,2.0
O00765,C01562,TO,palmas,delivered,2018-09-27 00:55:53,2018-09-27 21:55:53,2018-10-24 00:55:53,2018-10-21 00:55:53,1,27,24,3,828.83,75.4,0.1119,1,carnes,3.0
O00781,C01970,SP,campinas,delivered,2018-01-12 04:30:35,2018-01-12 23:30:35,2018-02-09 04:30:35,2018-01-19 04:30:35,1,28,7,2,789.82,44.5,0.0502,1,casa_jardim,1.0
O00784,C01852,AP,santana,delivered,2016-10-07 10:04:06,2016-10-08 18:04:06,2016-10-15 10:04:06,2016-10-13 10:04:06,1,8,6,1,132.66,38.38,0.2893,1,fashion_underwear,4.0
O00788,C00022,SC,criciuma,delivered,2016-09-30 20:16:52,2016-10-01 16:16:52,2016-10-18 20:16:52,2016-10-17 20:16:52,1,18,17,3,916.04,83.15,0.1051,1,casa_garagem,1.0
O00795,C00498,DF,guara,delivered,2016-12-25 14:22:42,2016-12-26 02:22:42,2017-01-01 14:22:42,2017-01-17 14:22:42,0,7,23,2,545.27,70.91,0.2874,1,casa_banheiro,5.0
O00801,C00008,MS,ponta pora,delivered,2018-07-05 14:16:04,2018-07-07 10:16:04,2018-07-09 14:16:04,2018-07-12 14:16:04,0,4,7,2,592.82,58.42,0.1015,1,audio,5.0
O00804,C01499,SC,sao jose,delivered,2016-12-05 04:10:29,2016-12-06 09:10:29,2016-12-08 04:10:29,2016-12-12 04:10:29,0,3,7,1,373.75,13.01,0.0348,1,livros_interesse,4.0
O00806,C01993,RS,santa maria,delivered,2017-06-22 03:18:54,2017-06-24 00:18:54,2017-07-19 03:18:54,2017-06-29 03:18:54,1,27,7,1,385.94,39.25,0.1017,1,pc_gamer,1.0
O00824,C00307,RJ,duque de caxias,delivered,2017-10-26 19:30:51,2017-10-27 17:30:51,2017-11-13 19:30:51,2017-11-12 19:30:51,1,18,17,1,382.04,38.58,0.101,1,papelaria,5.0
O00837,C01601,SE,lagarto,delivered,2017-08-22 15:00:21,2017-08-24 13:00:21,2017-09-01 15:00:21,2017-09-03 15:00:21,0,10,12,1,99.71,41.99,0.4211,1,bebes,4.0
O00840,C00948,AC,cruzeiro do sul,delivered,2017-10-19 05:28:18,2017-10-19 10:28:18,2017-11-15 05:28:18,2017-10-30 05:28:18,1,27,11,1,222.93,29.53,0.1325,1,moda_roupa,2.0
O00862,C01423,TO,palmas,delivered,2017-04-29 18:13:21,2017-05-01 06:13:21,2017-05-28 18:13:21,2017-05-10 18:13:21,1,29,11,2,313.78,67.48,0.3023,1,cama_mesa_banho,2.0
O00868,C00049,MG,belo horizonte,delivered,2018-06-07 14:02:11,2018-06-09 02:02:11,2018-06-16 14:02:11,2018-06-30 14:02:11,0,9,23,3,499.94,90.7,0.2039,1,casa_conforto,5.0
O00874,C01839,MS,corumba,delivered,2017-10-10 10:14:51,2017-10-11 12:14:51,2017-10-22 10:14:51,2017-10-29 10:14:51,0,12,19,1,122.76,19.49,0.1588,1,casa_cozinha,5.0
O00884,C01629,AC,rio branco,delivered,2017-09-22 01:26:21,2017-09-22 06:26:21,2017-09-25 01:26:21,2017-09-27 01:26:21,0,3,5,1,397.57,38.93,0.0979,1,casa_garagem,1.0
O00895,C00359,MG,montes claros,delivered,2016-09-21 14:42:23,2016-09-23 03:42:23,2016-10-15 14:42:23,2016-09-28 14:42:23,1,24,7,2,357.15,38.72,0.1759,1,consoles_games,3.0
O00900,C01001,PB,joao pessoa,delivered,2017-08-26 15:43:26,2017-08-28 13:43:26,2017-08-30 15:43:26,2017-09-09 15:43:26,0,4,14,2,442.49,58.98,0.6073,1,moveis_quarto,3.0
O00908,C00704,RJ,nova iguaçu,delivered,2018-10-27 14:12:12,2018-10-29 07:12:12,2018-11-09 14:12:12,2018-11-18 14:12:12,0,13,22,1,229.3,14.51,0.0633,1,moveis_cozinha,2.0
O00915,C01182,RS,canoas,delivered,2018-02-28 11:14:15,2018-03-02 11:14:15,2018-03-27 11:14:15,2018-03-08 11:14:15,1,27,8,2,311.11,50.76,0.7336,1,carnes,5.0
O00950,C00302,SE,itabaiana,delivered,2017-12-11 13:36:09,2017-12-11 22:36:09,2017-12-26 13:36:09,2017-12-16 13:36:09,1,15,5,1,452.28,27.65,0.0611,1,casa_escritorio,2.0
O00953,C00655,PB,patos,delivered,2017-09-14 12:54:18,2017-09-15 19:54:18,2017-09-23 12:54:18,2017-10-04 12:54:18,0,9,20,1,25.98,34.88,1.3426,1,casa_iluminacao,4.0
O00958,C00741,RN,mossoro,delivered,2017-08-17 01:21:37,2017-08-17 18:21:37,2017-09-13 01:21:37,2017-09-04 01:21:37,1,27,18,1,378.76,31.26,0.0825,1,casa_garagem,5.0
O00967,C01424,RS,santa maria,delivered,2017-04-02 05:41:50,2017-04-03 12:41:50,2017-04-27 05:41:50,2017-04-22 05:41:50,1,25,20,1,87.18,24.05,0.2759,1,casa_limpeza,2.0
O00984,C01220,AP,oida,delivered,2017-02-15 21:29:01,2017-02-17 04:29:01,2017-02-28 21:29:01,2017-02-23 21:29:01,1,13,8,2,416.69,90.14,0.288,1,casa_limpeza,1.0
O00985,C00287,ES,serra,delivered,2017-06-09 08:04:25,2017-06-09 16:04:25,2017-07-07 08:04:25,2017-06-15 08:04:25,1,28,6,3,889.17,64.76,0.0728,1,artes,5.0
O00992,C00417,AM,itacoatiara,delivered,2016-09-28 02:13:53,2016-09-28 13:13:53,2016-10-24 02:13:53,2016-10-22 02:13:53,1,26,24,4,1105.95,118.04,0.6324,1,casa_limpeza,5.0
O00995,C00573,MG,belo horizonte,delivered,2017-02-14 19:40:27,2017-02-14 20:40:27,2017-02-26 19:40:27,2017-03-04 19:40:27,0,12,18,1,339.93,31.13,0.0916,1,papelaria,5.0
O00996,C01188,SP,campinas,delivered,2018-04-24 17:20:37,2018-04-25 22:20:37,2018-04-30 17:20:37,2018-05-01 17:20:37,0,6,7,1,50.86,23.26,0.4573,1,papelaria,5.0
O01009,C00981,AC,sena madureira,delivered,2017-05-04 14:19:41,2017-05-05 01:19:41,2017-05-25 14:19:41,2017-05-29 14:19:41,0,21,25,1,433.23,33.08,0.0764,1,seguros_servicos,5.0
O01036,C00997,MG,uberlandia,delivered,2018-05-14 04:42:56,2018-05-15 10:42:56,2018-05-28 04:42:56,2018-05-25 04:42:56,1,14,11,2,187.77,63.36,0.3648,1,casa_utilidades,2.0
O01043,C00023,MS,corumba,delivered,2017-02-05 08:50:22,2017-02-05 18:50:22,2017-02-25 08:50:22,2017-02-18 08:50:22,1,20,13,2,529.28,33.55,0.1466,1,eletroportateis,2.0
O01063,C00458,RS,santa maria,delivered,2017-08-07 03:08:34,2017-08-07 19:08:34,2017-08-14 03:08:34,2017-08-15 03:08:34,0,7,8,2,192.43,54.79,0.2803,1,musica_arte,4.0
O01083,C00628,SE,lagarto,delivered,2017-12-01 04:11:14,2017-12-02 22:11:14,2017-12-16 04:11:14,2017-12-19 04:11:14,0,15,18,1,362.13,36.36,0.1004,1,moveis_escritorio,5.0
O01084,C01653,RN,natal,delivered,2017-09-01 06:05:54,2017-09-02 02:05:54,2017-09-10 06:05:54,2017-09-13 06:05:54,0,9,12,5,1123.64,142.33,0.1162,1,casa_lavanderia,2.0
O01089,C01905,DF,guara,delivered,2017-12-14 23:43:56,2017-12-16 21:43:56,2018-01-01 23:43:56,2018-01-08 23:43:56,0,18,25,1,73.4,41.65,0.5674,1,relogios_presentes,2.0
O01105,C01285,RO,cacoal,delivered,2016-12-07 13:17:47,2016-12-08 20:17:47,2016-12-23 13:17:47,2016-12-26 13:17:47,0,16,19,1,93.61,45.16,0.4824,1,market_place,5.0
O01115,C01404,AP,oida,delivered,2018-06-30 04:56:19,2018-06-30 10:56:19,2018-07-10 04:56:19,2018-07-20 04:56:19,0,10,20,3,850.32,103.27,0.1993,1,market_place,5.0
O01128,C00213,DF,guara,delivered,2018-05-19 04:46:25,2018-05-19 18:46:25,2018-06-10 04:46:25,2018-06-13 04:46:25,0,22,25,2,661.32,20.75,0.0303,1,casa_conforto_2,4.0
O01137,C01684,TO,palmas,delivered,2018-06-24 05:01:55,2018-06-25 00:01:55,2018-06-30 05:01:55,2018-06-30 05:01:55,0,6,6,3,887.12,100.34,0.428,1,eletrodomesticos_2,5.0
O01168,C01351,CE,caucaia,delivered,2017-11-02 07:09:04,2017-11-03 12:09:04,2017-12-02 07:09:04,2017-11-27 07:09:04,1,30,25,2,536.96,66.49,0.1738,1,casa_outros,3.0
O01177,C00553,RR,mucajai,delivered,2017-05-08 06:19:07,2017-05-09 13:19:07,2017-05-15 06:19:07,2017-05-13 06:19:07,1,7,5,2,284.49,25.06,0.1795,1,construcao_ferramentas,3.0
O01182,C01841,SC,sao jose,delivered,2017-11-14 08:02:43,2017-11-15 01:02:43,2017-12-11 08:02:43,2017-12-06 08:02:43,1,27,22,1,38.48,48.39,1.2575,1,instrumentos_musicais,5.0
O01184,C00306,MS,dourados,delivered,2016-10-01 09:37:26,2016-10-02 06:37:26,2016-10-28 09:37:26,2016-10-23 09:37:26,1,27,22,1,498.38,32.31,0.0648,1,telefonia,1.0
O01193,C01513,PI,picos,delivered,2016-12-22 18:52:19,2016-12-23 01:52:19,2017-01-11 18:52:19,2017-01-10 18:52:19,1,20,19,1,170.92,10.57,0.0618,1,moveis_quarto,3.0
O01197,C00192,PI,campo maior,delivered,2018-02-12 10:28:38,2018-02-13 02:28:38,2018-02-17 10:28:38,2018-02-25 10:28:38,0,5,13,1,228.19,22.2,0.0973,1,artigos_nautica,4.0
O01227,C00062,PR,cascavel,delivered,2016-10-22 10:17:08,2016-10-22 11:17:08,2016-11-18 10:17:08,2016-10-27 10:17:08,1,27,5,2,615.67,62.92,0.1328,1,livros_interesse,3.0
O01228,C01768,AC,feijo,delivered,2016-10-18 03:26:00,2016-10-18 09:26:00,2016-11-14 03:26:00,2016-11-12 03:26:00,1,27,25,4,767.98,57.46,0.1042,1,artes,4.0
O01232,C01628,MS,corumba,delivered,2018-10-23 23:13:51,2018-10-25 17:13:51,2018-11-04 23:13:51,2018-11-05 23:13:51,0,12,13,1,280.9,26.33,0.0937,1,moda_roupa,5.0
O01239,C00741,RN,mossoro,delivered,2017-11-02 07:42:00,2017-11-03 17:42:00,2017-11-17 07:42:00,2017-11-25 07:42:00,0,15,23,1,340.45,13.02,0.0382,1,dvds_blu_ray,3.0
O01240,C00252,GO,aparecida de goiania,delivered,2017-09-02 07:19:38,2017-09-03 10:19:38,2017-09-13 07:19:38,2017-09-23 07:19:38,0,11,21,1,489.59,21.51,0.0439,1,fashion_calcados,4.0
O01248,C01824,AP,oida,delivered,2016-09-08 17:21:34,2016-09-09 10:21:34,2016-09-19 17:21:34,2016-10-03 17:21:34,0,11,25,2,622.12,45.57,0.085,1,casa_banheiro,4.0
O01252,C00290,AL,delmiro gouveia,delivered,2018-05-15 12:09:43,2018-05-17 04:09:43,2018-06-10 12:09:43,2018-05-25 12:09:43,1,26,10,2,526.31,35.67,0.0602,1,cool_stuff,1.0
O01255,C00883,RN,parnamirim,delivered,2017-07-30 05:48:45,2017-07-30 12:48:45,2017-08-26 05:48:45,2017-08-12 05:48:45,1,27,13,1,212.53,6.3,0.0296,1,fashion_roupa_masculina,3.0
O01263,C01139,GO,luziania,delivered,2018-10-19 05:30:32,2018-10-20 15:30:32,2018-10-30 05:30:32,2018-11-03 05:30:32,0,11,15,1,342.03,31.86,0.0931,1,ferramentas_jardim,5.0
O01274,C01560,BA,vitoria da conquista,delivered,2018-10-25 07:31:51,2018-10-26 15:31:51,2018-11-07 07:31:51,2018-11-11 07:31:51,0,13,17,1,228.11,12.78,0.056,1,dvds_blu_ray,4.0
O01298,C01675,PB,joao pessoa,delivered,2018-06-30 15:51:39,2018-07-02 00:51:39,2018-07-16 15:51:39,2018-07-23 15:51:39,0,16,23,1,35.62,8.47,0.2378,1,market_place,5.0
O01301,C00595,SP,sao paulo,delivered,2016-11-02 16:03:10,2016-11-03 00:03:10,2016-11-22 16:03:10,2016-11-07 16:03:10,1,20,5,2,190.34,56.74,0.3077,1,moveis_jardim,4.0
O01302,C01626,DF,samambaia,delivered,2018-07-28 01:23:59,2018-07-28 14:23:59,2018-08-07 01:23:59,2018-08-17 01:23:59,0,10,20,3,1199.03,59.85,0.0526,1,fashion_esporte,1.0
O01309,C01701,SC,blumenau,delivered,2018-08-10 16:27:10,2018-08-10 22:27:10,2018-08-22 16:27:10,2018-08-19 16:27:10,1,12,9,2,215.66,65.68,0.375,1,cool_stuff,4.0
O01319,C01860,PR,maringa,delivered,2018-03-17 00:56:44,2018-03-18 18:56:44,2018-04-05 00:56:44,2018-03-26 00:56:44,1,19,9,1,113.43,39.81,0.351,1,construcao_ferramentas,2.0
O01331,C01368,AL,rio largo,delivered,2018-07-07 13:56:39,2018-07-09 04:56:39,2018-07-22 13:56:39,2018-07-14 13:56:39,1,15,7,1,486.34,27.99,0.0576,1,moveis_escritorio,1.0
O01363,C01792,GO,goiania,delivered,2017-09-13 12:47:32,2017-09-13 20:47:32,2017-09-21 12:47:32,2017-10-05 12:47:32,0,8,22,2,506.09,12.53,0.028,1,cama_mesa_banho,1.0
O01387,C00054,PA,santarem,delivered,2018-08-04 04:01:14,2018-08-04 22:01:14,2018-08-09 04:01:14,2018-08-28 04:01:14,0,5,24,2,903.15,39.65,0.0445,1,alimentos_bebidas,5.0
O01395,C01166,MG,juiz de fora,delivered,2016-10-30 12:30:59,2016-10-30 14:30:59,2016-11-07 12:30:59,2016-11-12 12:30:59,0,8,13,2,954.64,63.9,0.0666,1,cds_dvds_musicais,1.0
O01398,C00402,RO,vilhena,delivered,2017-04-07 00:46:56,2017-04-07 23:46:56,2017-04-29 00:46:56,2017-04-21 00:46:56,1,22,14,2,333.64,31.09,0.0816,1,casa_lavanderia,1.0
O01413,C00177,RO,vilhena,delivered,2018-03-20 19:14:35,2018-03-21 09:14:35,2018-03-25 19:14:35,2018-04-04 19:14:35,0,5,15,2,732.85,60.57,0.093,1,casa_lavanderia,5.0
O01418,C01966,AL,arapiraca,delivered,2017-10-18 20:02:34,2017-10-19 06:02:34,2017-11-10 20:02:34,2017-10-26 20:02:34,1,23,8,2,398.18,55.19,0.6071,1,automotivo,2.0
O01419,C00581,PR,maringa,delivered,2017-01-14 08:42:14,2017-01-14 11:42:14,2017-01-22 08:42:14,2017-02-02 08:42:14,0,8,19,2,632.24,76.39,0.1276,1,beleza_saude,5.0
O01422,C00482,RR,alto alegre,delivered,2018-02-24 02:10:16,2018-02-25 04:10:16,2018-03-03 02:10:16,2018-03-11 02:10:16,0,7,15,1,51.34,13.91,0.2709,1,fashion_calcados,4.0
O01441,C01442,MG,montes claros,delivered,2017-05-19 12:38:33,2017-05-20 12:38:33,2017-05-24 12:38:33,2017-06-09 12:38:33,0,5,21,1,269.06,32.65,0.1213,1,casa_limpeza,4.0
O01442,C00448,RR,boa vista,delivered,2017-05-27 13:12:23,2017-05-29 11:12:23,2017-06-25 13:12:23,2017-06-04 13:12:23,1,29,8,2,724.16,75.8,0.1065,1,casa_banheiro,1.0
O01443,C01510,SE,estancia,delivered,2017-03-27 17:39:31,2017-03-28 06:39:31,2017-04-03 17:39:31,2017-04-07 17:39:31,0,7,11,1,43.61,44.8,1.0273,1,livros_interesse,4.0
O01447,C00949,MG,juiz de fora,delivered,2018-02-18 22:47:49,2018-02-19 00:47:49,2018-03-17 22:47:49,2018-03-10 22:47:49,1,27,20,1,390.13,8.27,0.0212,1,perfumaria,1.0
O01460,C01837,AP,macapa,delivered,2017-05-17 17:56:58,2017-05-18 14:56:58,2017-06-11 17:56:58,2017-05-29 17:56:58,1,25,12,1,120.5,44.03,0.3654,1,informatica_acessorios,4.0
O01465,C01252,CE,juazeiro do norte,delivered,2017-02-28 22:38:54,2017-03-01 10:38:54,2017-03-22 22:38:54,2017-03-23 22:38:54,0,22,23,1,252.71,45.25,0.1791,1,dvds_blu_ray,4.0
O01466,C00899,MA,sao jose de ribamar,delivered,2016-09-05 04:13:08,2016-09-05 16:13:08,2016-09-22 04:13:08,2016-09-12 04:13:08,1,17,7,1,188.59,36.32,0.1926,1,papelaria,4.0
O01469,C00284,BA,itabuna,delivered,2017-09-13 12:42:38,2017-09-13 21:42:38,2017-10-11 12:42:38,2017-09-21 12:42:38,1,28,8,1,358.03,23.95,0.0669,1,portateis_casa_forno_cafe,4.0
O01470,C00276,MS,corumba,delivered,2018-03-20 22:21:34,2018-03-22 00:21:34,2018-04-15 22:21:34,2018-03-26 22:21:34,1,26,6,1,163.03,42.51,0.2607,1,market_place,2.0
O01491,C01557,SC,florianopolis,delivered,2018-07-12 20:17:19,2018-07-13 12:17:19,2018-08-03 20:17:19,2018-07-23 20:17:19,1,22,11,2,730.76,86.17,0.1396,1,casa_jardim,2.0
O01495,C00206,DF,brasilia,delivered,2017-01-18 23:11:19,2017-01-19 18:11:19,2017-02-07 23:11:19,2017-02-04 23:11:19,1,20,17,1,16.25,12.81,0.7883,1,moveis_colchao_estofado,3.0
O01534,C00724,AL,arapiraca,delivered,2016-12-09 12:52:20,2016-12-10 22:52:20,2016-12-16 12:52:20,2016-12-29 12:52:20,0,7,20,1,241.98,37.68,0.1557,1,instrumentos_musicais,4.0
O01540,C00140,ES,cariacica,delivered,2017-10-24 17:47:08,2017-10-26 06:47:08,2017-11-03 17:47:08,2017-10-31 17:47:08,1,10,7,3,670.61,80.08,0.1224,1,moda_roupa,3.0
O01543,C01904,AP,oida,delivered,2018-05-07 14:40:30,2018-05-09 05:40:30,2018-05-25 14:40:30,2018-06-01 14:40:30,0,18,25,1,231.2,11.02,0.0477,1,eletrodomesticos,5.0
O01559,C01282,GO,aparecida de goiania,delivered,2017-11-25 03:17:01,2017-11-26 22:17:01,2017-12-24 03:17:01,2017-12-02 03:17:01,1,29,7,4,782.85,129.51,0.1541,1,casa_construcao,3.0
O01577,C00816,TO,araguaina,delivered,2017-06-10 07:12:30,2017-06-11 02:12:30,2017-07-02 07:12:30,2017-06-28 07:12:30,1,22,18,2,854.29,70.61,0.0824,1,casa_banheiro,2.0
O01597,C00824,PI,teresina,delivered,2016-12-08 03:30:21,2016-12-09 10:30:21,2016-12-26 03:30:21,2016-12-15 03:30:21,1,18,7,2,628.2,56.94,0.0835,1,casa_outros,5.0
O01613,C00763,AP,macapa,delivered,2016-11-26 16:47:54,2016-11-27 17:47:54,2016-11-30 16:47:54,2016-12-01 16:47:54,0,4,5,2,465.45,59.66,0.139,1,casa_quarto,5.0
O01624,C00378,PA,castanhal,delivered,2018-06-13 11:32:02,2018-06-14 09:32:02,2018-06-17 11:32:02,2018-06-21 11:32:02,0,4,8,1,399.81,39.45,0.0987,1,instrumentos_musicais,4.0
O01626,C00019,SE,lagarto,delivered,2018-06-23 23:37:38,2018-06-24 10:37:38,2018-06-29 23:37:38,2018-07-03 23:37:38,0,6,10,1,73.61,35.82,0.4866,1,eletroportateis,4.0
O01632,C01670,MA,sao luis,delivered,2017-09-26 05:27:13,2017-09-27 16:27:13,2017-10-19 05:27:13,2017-10-13 05:27:13,1,23,17,1,75.19,18.52,0.2463,1,construcao_ferramentas,3.0
O01680,C00592,BA,itabuna,delivered,2016-12-05 20:47:00,2016-12-07 19:47:00,2016-12-25 20:47:00,2016-12-19 20:47:00,1,20,14,1,350.25,14.89,0.0425,1,sinalizacao_seguranca,2.0
O01684,C00648,RN,mossoro,delivered,2017-01-30 16:57:34,2017-01-30 19:57:34,2017-02-25 16:57:34,2017-02-04 16:57:34,1,26,5,4,979.54,67.7,0.154,1,brinquedos,3.0
O01692,C01582,PE,recife,delivered,2018-08-31 05:45:35,2018-08-31 08:45:35,2018-09-03 05:45:35,2018-09-16 05:45:35,0,3,16,4,1265.23,98.09,0.0823,1,fashion_underwear,4.0
O01717,C00672,DF,taguatinga,delivered,2017-11-09 23:06:10,2017-11-10 00:06:10,2017-11-27 23:06:10,2017-11-30 23:06:10,0,18,21,2,750.61,61.03,0.0824,1,construcao_ferramentas,5.0
O01729,C01457,RN,natal,delivered,2018-01-22 07:58:26,2018-01-24 04:58:26,2018-02-19 07:58:26,2018-02-16 07:58:26,1,28,25,1,175.43,9.33,0.0532,1,utilidades_domesticas,3.0
O01735,C00681,MS,campo grande,delivered,2016-11-10 12:46:53,2016-11-10 22:46:53,2016-11-30 12:46:53,2016-12-04 12:46:53,0,20,24,1,170.57,33.91,0.1988,1,dvds_blu_ray,1.0
O01737,C00437,SC,sao jose,delivered,2018-03-14 03:38:58,2018-03-15 08:38:58,2018-04-10 03:38:58,2018-03-26 03:38:58,1,27,12,2,592.15,60.8,0.1018,1,casa_escritorio,2.0
O01748,C01108,CE,maracanau,delivered,2018-01-31 18:34:00,2018-02-01 15:34:00,2018-02-18 18:34:00,2018-02-25 18:34:00,0,18,25,1,490.03,36.38,0.0742,1,livros_interesse,5.0
O01758,C01556,PR,curitiba,delivered,2016-11-18 20:59:18,2016-11-19 02:59:18,2016-12-01 20:59:18,2016-11-29 20:59:18,1,13,11,2,267.66,46.77,0.5732,1,consoles_games,5.0
O01769,C00132,RR,alto alegre,delivered,2016-12-21 20:40:37,2016-12-23 07:40:37,2017-01-12 20:40:37,2016-12-29 20:40:37,1,22,8,2,542.83,81.77,0.4027,1,moveis_jardim,3.0
O01777,C01026,DF,brasilia,delivered,2017-10-20 20:33:53,2017-10-22 17:33:53,2017-11-14 20:33:53,2017-10-31 20:33:53,1,25,11,1,415.83,30.09,0.0724,1,artes,4.0
O01793,C00180,SP,sao paulo,delivered,2017-05-24 15:02:27,2017-05-26 05:02:27,2017-06-20 15:02:27,2017-06-11 15:02:27,1,27,18,1,283.15,47.33,0.1672,1,alimentos_bebidas,4.0
O01798,C00235,MG,montes claros,delivered,2017-01-20 02:32:27,2017-01-21 01:32:27,2017-01-30 02:32:27,2017-02-11 02:32:27,0,10,22,1,327.89,43.37,0.1323,1,eletronicos,4.0
O01800,C01326,AL,maceio,delivered,2017-05-24 12:14:23,2017-05-24 17:14:23,2017-06-12 12:14:23,2017-06-01 12:14:23,1,19,8,2,421.06,51.54,0.2025,1,seguros_servicos,1.0
O01810,C01347,RR,alto alegre,delivered,2017-01-28 02:11:16,2017-01-29 11:11:16,2017-02-23 02:11:16,2017-02-17 02:11:16,1,26,20,3,870.58,70.64,0.0769,1,casa_quarto,2.0
O01816,C01234,PI,teresina,delivered,2017-07-02 21:57:49,2017-07-04 18:57:49,2017-07-09 21:57:49,2017-07-27 21:57:49,0,7,25,1,73.56,38.46,0.5228,1,cama_mesa_banho,5.0
O01828,C00245,SC,criciuma,delivered,2016-10-16 07:35:50,2016-10-17 00:35:50,2016-11-11 07:35:50,2016-11-07 07:35:50,1,26,22,2,431.03,71.94,0.1654,1,casa_quarto,4.0
O01876,C00532,RR,boa vista,delivered,2017-10-20 20:41:30,2017-10-22 16:41:30,2017-11-13 20:41:30,2017-11-09 20:41:30,1,24,20,1,92.41,32.89,0.3559,1,perfumaria,1.0
O01878,C01913,PE,petrolina,delivered,2016-10-10 07:48:51,2016-10-12 04:48:51,2016-11-07 07:48:51,2016-10-25 07:48:51,1,28,15,1,289.97,34.91,0.1204,1,eletrodomesticos_2,2.0
O01916,C01707,AM,coari,delivered,2018-09-14 18:31:38,2018-09-15 10:31:38,2018-10-07 18:31:38,2018-09-22 18:31:38,1,23,8,1,471.33,9.98,0.0212,1,moveis_colchao_estofado,3.0
O01919,C00470,ES,vitoria,delivered,2017-12-18 15:08:27,2017-12-18 23:08:27,2017-12-31 15:08:27,2017-12-27 15:08:27,1,13,9,1,356.77,41.94,0.1176,1,fashion_bolsas,3.0
O01926,C00549,TO,palmas,delivered,2016-12-21 21:07:59,2016-12-22 02:07:59,2017-01-14 21:07:59,2017-01-05 21:07:59,1,24,15,3,411.01,116.21,0.4172,1,artigos_nautica,1.0
O01943,C01305,SC,sao jose,delivered,2018-02-03 04:54:07,2018-02-03 16:54:07,2018-02-10 04:54:07,2018-02-09 04:54:07,1,7,6,1,230.46,17.56,0.0762,1,utilidades_domesticas,1.0
O01944,C00325,RR,caracarai,delivered,2017-03-08 01:07:21,2017-03-09 15:07:21,2017-04-06 01:07:21,2017-03-13 01:07:21,1,29,5,2,660.39,45.56,0.058,1,casa_jardim,4.0
O01945,C01587,GO,goiania,delivered,2018-02-25 07:35:38,2018-02-26 15:35:38,2018-03-08 07:35:38,2018-03-11 07:35:38,0,11,14,2,518.28,51.89,0.1567,1,casa_garagem,4.0
O01946,C01154,PA,belem,delivered,2018-08-10 12:26:48,2018-08-11 07:26:48,2018-09-04 12:26:48,2018-08-16 12:26:48,1,25,6,2,579.06,63.09,0.1515,1,moda_roupa,2.0
O01952,C01757,MT,varzea grande,delivered,2018-01-27 14:37:33,2018-01-27 17:37:33,2018-02-06 14:37:33,2018-02-12 14:37:33,0,10,16,1,403.08,5.25,0.013,1,casa_banheiro,1.0
O01955,C00904,SC,sao jose,delivered,2017-01-01 20:14:54,2017-01-02 04:14:54,2017-01-22 20:14:54,2017-01-26 20:14:54,0,21,25,2,84.8,67.62,1.3457,1,audio,5.0
O01965,C01901,RR,rorainopolis,delivered,2017-09-15 22:54:27,2017-09-17 13:54:27,2017-10-10 22:54:27,2017-09-28 22:54:27,1,25,13,2,767.0,65.06,0.0928,1,perfumaria,1.0
O01966,C00565,PE,olinda,delivered,2018-08-02 10:24:45,2018-08-03 05:24:45,2018-08-13 10:24:45,2018-08-20 10:24:45,0,11,18,1,119.13,38.22,0.3208,1,cama_mesa_banho,4.0
O01988,C00543,MA,timon,delivered,2018-05-25 14:18:24,2018-05-26 04:18:24,2018-05-28 14:18:24,2018-06-08 14:18:24,0,3,14,1,213.71,7.9,0.037,1,moveis_decoracao,4.0
O01994,C00540,RN,mossoro,delivered,2017-06-20 13:12:51,2017-06-20 16:12:51,2017-07-19 13:12:51,2017-07-05 13:12:51,1,29,15,1,40.09,37.78,0.9424,0,portateis_casa_forno_cafe,1.0
O01995,C00120,MA,imperatriz,delivered,2017-04-30 00:59:55,2017-04-30 15:59:55,2017-05-28 00:59:55,2017-05-16 00:59:55,1,28,16,1,397.13,45.72,0.1151,1,seguros_servicos,2.0
O02002,C00045,AM,parintins,delivered,2017-08-07 22:02:47,2017-08-08 11:02:47,2017-08-24 22:02:47,2017-08-26 22:02:47,0,17,19,1,296.23,48.59,0.164,1,eletronicos,5.0
O02011,C01356,RN,parnamirim,delivered,2017-03-25 16:19:56,2017-03-26 11:19:56,2017-04-08 16:19:56,2017-03-31 16:19:56,1,14,6,1,403.53,7.73,0.0192,1,cama_mesa_banho,4.0
O02026,C01910,PA,maraba,delivered,2017-08-17 08:33:53,2017-08-18 23:33:53,2017-08-23 08:33:53,2017-09-09 08:33:53,0,6,23,2,771.35,68.02,0.0982,1,fashion_bolsas,4.0
O02033,C01862,AP,laranjal do jari,delivered,2017-07-01 09:15:51,2017-07-03 09:15:51,2017-07-26 09:15:51,2017-07-23 09:15:51,1,25,22,4,1154.1,101.12,0.1388,1,casa_iluminacao,1.0
O02046,C00275,GO,luziania,delivered,2016-10-14 03:36:00,2016-10-15 21:36:00,2016-11-09 03:36:00,2016-10-24 03:36:00,1,26,10,1,275.33,12.63,0.0459,1,moveis_jardim,3.0
O02055,C01443,PA,castanhal,delivered,2017-05-02 22:38:56,2017-05-03 03:38:56,2017-05-07 22:38:56,2017-05-12 22:38:56,0,5,10,1,60.15,44.71,0.7433,1,alimentos_bebidas,1.0
O02057,C01602,PB,joao pessoa,delivered,2016-12-28 11:31:51,2016-12-29 11:31:51,2017-01-16 11:31:51,2017-01-05 11:31:51,1,19,8,2,595.37,82.05,0.1377,1,audio,3.0
O02059,C00855,CE,maracanau,delivered,2018-10-16 22:50:29,2018-10-18 00:50:29,2018-10-19 22:50:29,2018-10-24 22:50:29,0,3,8,1,216.07,28.39,0.1314,1,malas_acessorios,5.0
O02063,C00364,SP,campinas,delivered,2018-10-21 13:40:03,2018-10-22 21:40:03,2018-11-09 13:40:03,2018-11-10 13:40:03,0,19,20,2,324.6,55.22,0.146,1,artes,5.0
O02064,C00501,PB,bayeux,delivered,2018-01-01 06:46:39,2018-01-02 16:46:39,2018-01-27 06:46:39,2018-01-18 06:46:39,1,26,17,1,404.01,49.3,0.122,1,casa_garagem,4.0
O02072,C01583,SE,nossa senhora do socorro,delivered,2017-02-21 20:33:19,2017-02-22 02:33:19,2017-03-15 20:33:19,2017-03-12 20:33:19,1,22,19,5,1236.8,87.66,0.0716,1,carnes,2.0
O02098,C01187,CE,caucaia,delivered,2017-09-19 14:57:23,2017-09-21 01:57:23,2017-10-03 14:57:23,2017-10-09 14:57:23,0,14,20,1,463.83,35.15,0.0758,1,artes,5.0
O02106,C01765,MT,tangara da serra,delivered,2016-10-05 21:55:18,2016-10-07 02:55:18,2016-10-23 21:55:18,2016-10-14 21:55:18,1,18,9,4,1207.33,166.63,0.1524,1,casa_limpeza,3.0
O02118,C01712,CE,caucaia,delivered,2016-10-19 18:38:27,2016-10-20 05:38:27,2016-11-05 18:38:27,2016-10-25 18:38:27,1,17,6,2,850.27,21.08,0.0249,1,malas_acessorios,3.0
O02125,C00030,DF,samambaia,delivered,2017-04-21 01:11:24,2017-04-22 06:11:24,2017-04-24 01:11:24,2017-04-27 01:11:24,0,3,6,2,312.09,82.32,0.6295,1,casa_conforto_2,5.0
O02126,C00002,DF,taguatinga,delivered,2017-07-28 15:46:29,2017-07-28 18:46:29,2017-08-23 15:46:29,2017-08-14 15:46:29,1,26,17,1,369.32,42.14,0.1141,1,moveis_colchao_estofado,2.0
O02132,C01339,CE,fortaleza,delivered,2017-03-03 19:06:31,2017-03-05 05:06:31,2017-03-19 19:06:31,2017-03-28 19:06:31,0,16,25,1,373.02,21.87,0.0586,1,cama_mesa_banho,1.0
O02153,C01135,DF,taguatinga,delivered,2018-01-18 10:35:19,2018-01-18 21:35:19,2018-02-11 10:35:19,2018-02-01 10:35:19,1,24,14,1,57.33,21.32,0.3719,1,casa_jardim,3.0
O02199,C00759,PI,campo maior,delivered,2018-01-04 07:16:28,2018-01-04 17:16:28,2018-01-20 07:16:28,2018-01-22 07:16:28,0,16,18,1,454.31,26.55,0.0584,1,fashion_calcados,5.0
O02205,C00258,AC,sena madureira,delivered,2018-09-07 19:34:47,2018-09-08 15:34:47,2018-10-07 19:34:47,2018-09-22 19:34:47,1,30,15,1,230.65,5.2,0.0225,1,fashion_calcados,3.0
O02241,C01589,BA,itabuna,delivered,2016-10-25 13:10:27,2016-10-26 02:10:27,2016-11-03 13:10:27,2016-11-17 13:10:27,0,9,23,2,565.32,62.64,0.1154,1,artes,4.0
O02251,C01553,ES,vitoria,delivered,2017-11-09 04:27:30,2017-11-09 09:27:30,2017-12-04 04:27:30,2017-11-29 04:27:30,1,25,20,4,855.3,120.4,0.203,1,casa_garagem,5.0
O02258,C01725,AL,penedo,delivered,2017-12-08 18:39:01,2017-12-09 04:39:01,2017-12-11 18:39:01,2017-12-21 18:39:01,0,3,13,2,455.61,37.57,0.0875,1,eletroportateis,5.0
O02262,C00025,PE,recife,delivered,2017-04-20 22:39:13,2017-04-22 09:39:13,2017-05-15 22:39:13,2017-05-15 22:39:13,0,25,25,1,123.63,14.48,0.1171,1,malas_acessorios,5.0
O02266,C00064,RS,porto alegre,delivered,2016-09-16 11:56:49,2016-09-17 09:56:49,2016-10-08 11:56:49,2016-10-01 11:56:49,1,22,15,3,922.8,112.48,0.1765,1,malas_acessorios,2.0
O02267,C00062,PR,cascavel,delivered,2016-12-03 02:26:43,2016-12-03 09:26:43,2016-12-10 02:26:43,2016-12-18 02:26:43,0,7,15,1,64.41,37.39,0.5805,1,casa_escritorio,5.0
O02275,C00228,TO,paraíso do tocantins,delivered,2017-05-18 17:03:59,2017-05-20 05:03:59,2017-05-23 17:03:59,2017-06-07 17:03:59,0,5,20,1,201.44,31.63,0.157,1,artes,4.0
O02290,C01552,BA,salvador,delivered,2017-11-18 13:32:42,2017-11-20 12:32:42,2017-12-08 13:32:42,2017-12-06 13:32:42,1,20,18,2,680.48,44.11,0.0831,1,instrumentos_musicais,3.0
O02292,C00260,AP,porto grande,delivered,2017-07-30 06:32:34,2017-07-31 12:32:34,2017-08-03 06:32:34,2017-08-04 06:32:34,0,4,5,2,600.1,36.79,0.0769,1,portateis_cozinha,5.0
O02296,C01734,RN,mossoro,delivered,2017-03-22 22:13:14,2017-03-23 04:13:14,2017-03-26 22:13:14,2017-03-28 22:13:14,0,4,6,3,1370.69,61.29,0.0436,1,beleza_saude,5.0
O02301,C00653,PE,jaboatao,delivered,2017-11-01 03:25:48,2017-11-02 07:25:48,2017-11-26 03:25:48,2017-11-06 03:25:48,1,25,5,2,737.06,47.83,0.0748,1,fashion_calcados,2.0
O02304,C01800,MG,juiz de fora,delivered,2017-07-21 07:55:18,2017-07-21 21:55:18,2017-07-24 07:55:18,2017-07-26 07:55:18,0,3,5,4,1161.22,119.29,0.1103,1,audio,1.0
O02307,C01058,GO,aparecida de goiania,delivered,2017-01-18 18:44:44,2017-01-19 02:44:44,2017-02-02 18:44:44,2017-01-23 18:44:44,1,15,5,2,590.1,63.91,0.174,1,casa_garagem,1.0
O02328,C01411,MT,varzea grande,delivered,2018-01-18 11:59:33,2018-01-18 20:59:33,2018-02-15 11:59:33,2018-02-03 11:59:33,1,28,16,4,1530.55,106.96,0.0716,1,alimentos_bebidas,4.0
O02338,C00261,AM,itacoatiara,delivered,2018-06-26 15:45:20,2018-06-26 20:45:20,2018-07-03 15:45:20,2018-07-01 15:45:20,1,7,5,1,388.22,23.73,0.0611,1,alimentos_bebidas,3.0
O02339,C01342,AL,maceio,delivered,2017-10-16 20:58:29,2017-10-18 07:58:29,2017-10-19 20:58:29,2017-11-05 20:58:29,0,3,20,1,382.14,32.73,0.0856,1,eletrodomesticos_2,3.0
O02349,C00808,MT,tangara da serra,delivered,2018-08-05 19:25:12,2018-08-05 20:25:12,2018-09-04 19:25:12,2018-08-23 19:25:12,1,30,18,1,356.53,33.76,0.0947,1,esporte_lazer,3.0
O02361,C00731,DF,samambaia,delivered,2017-10-04 21:22:27,2017-10-06 10:22:27,2017-10-07 21:22:27,2017-10-21 21:22:27,0,3,17,1,123.16,16.57,0.1345,1,moveis_decoracao,3.0
O02362,C01352,DF,brasilia,delivered,2017-11-04 09:23:47,2017-11-05 04:23:47,2017-11-09 09:23:47,2017-11-12 09:23:47,0,5,8,1,169.53,44.28,0.2612,1,carnes,5.0
O02366,C01025,SC,florianopolis,delivered,2018-10-21 21:38:57,2018-10-22 09:38:57,2018-11-09 21:38:57,2018-11-11 21:38:57,0,19,21,2,614.4,22.02,0.0355,1,eletrodomesticos,4.0
O02381,C01539,MS,três lagoas,delivered,2016-11-19 02:45:12,2016-11-21 01:45:12,2016-11-25 02:45:12,2016-12-12 02:45:12,0,6,23,2,657.21,31.88,0.0487,1,flores,5.0
O02382,C01328,SE,itabaiana,delivered,2017-11-17 13:40:05,2017-11-19 06:40:05,2017-12-06 13:40:05,2017-12-02 13:40:05,1,19,15,1,415.7,48.7,0.1172,1,cool_stuff,3.0
O02421,C00771,GO,luziania,delivered,2016-11-10 20:37:47,2016-11-12 15:37:47,2016-11-27 20:37:47,2016-11-20 20:37:47,1,17,10,1,296.74,27.26,0.0919,1,carnes,4.0
O02428,C00201,AP,oida,delivered,2018-09-27 00:35:44,2018-09-27 21:35:44,2018-10-07 00:35:44,2018-10-18 00:35:44,0,10,21,2,322.97,30.24,0.2185,1,casa_jardim,5.0
O02447,C00326,BA,itabuna,delivered,2018-07-10 19:43:03,2018-07-11 00:43:03,2018-08-09 19:43:03,2018-07-15 19:43:03,1,30,5,2,253.26,77.45,0.8977,1,casa_utilidades,3.0
O02452,C01701,SC,blumenau,delivered,2018-03-31 07:34:26,2018-04-02 01:34:26,2018-04-16 07:34:26,2018-04-24 07:34:26,0,16,24,1,408.24,16.39,0.0401,1,la_cuisine,4.0
O02467,C00533,SE,itabaiana,delivered,2016-12-04 13:13:59,2016-12-05 00:13:59,2016-12-26 13:13:59,2016-12-28 13:13:59,0,22,24,2,761.43,25.45,0.0312,1,construcao_ferramentas,4.0
O02478,C01544,SP,santos,delivered,2018-06-04 05:40:33,2018-06-04 07:40:33,2018-06-24 05:40:33,2018-06-09 05:40:33,1,20,5,3,1139.44,76.96,0.1197,1,casa_quarto,4.0
O02488,C00463,TO,palmas,delivered,2018-05-22 20:47:17,2018-05-24 10:47:17,2018-06-11 20:47:17,2018-06-13 20:47:17,0,20,22,1,69.18,41.11,0.5942,1,cama_mesa_banho,4.0
O02490,C00395,CE,sobral,delivered,2017-05-10 23:17:57,2017-05-11 18:17:57,2017-05-25 23:17:57,2017-05-20 23:17:57,1,15,10,2,403.68,16.9,0.0409,1,casa_escritorio,1.0
O02509,C00487,DF,guara,delivered,2016-11-16 16:37:24,2016-11-18 02:37:24,2016-12-04 16:37:24,2016-12-09 16:37:24,0,18,23,1,330.63,38.22,0.1156,1,eletroportateis,4.0
O02512,C01117,DF,taguatinga,delivered,2017-09-03 00:40:19,2017-09-04 22:40:19,2017-09-26 00:40:19,2017-09-18 00:40:19,1,23,15,2,110.91,70.79,0.6116,1,beleza_saude,5.0
O02516,C01207,SP,sao paulo,delivered,2018-06-30 23:30:05,2018-07-01 22:30:05,2018-07-30 23:30:05,2018-07-24 23:30:05,1,30,24,1,44.26,46.93,1.0603,1,moveis_decoracao,4.0
O02518,C01363,PI,teresina,delivered,2017-11-25 05:52:25,2017-11-26 09:52:25,2017-12-14 05:52:25,2017-12-10 05:52:25,1,19,15,1,457.36,46.13,0.1009,1,beleza_saude,3.0
O02545,C01692,RO,ji-parana,delivered,2018-06-24 03:55:03,2018-06-25 22:55:03,2018-07-04 03:55:03,2018-07-02 03:55:03,1,10,8,1,300.28,41.31,0.1376,1,casa_quarto,2.0
O02570,C01035,PR,cascavel,delivered,2017-10-12 21:14:08,2017-10-13 15:14:08,2017-10-16 21:14:08,2017-10-29 21:14:08,0,4,17,3,779.93,86.24,0.1258,1,casa_quarto,5.0
O02572,C01973,RS,canoas,delivered,2018-02-28 21:14:32,2018-03-02 00:14:32,2018-03-16 21:14:32,2018-03-19 21:14:32,0,16,19,1,338.92,46.16,0.1362,1,moveis_escritorio,5.0
O02576,C01182,RS,canoas,delivered,2017-02-18 20:58:06,2017-02-18 21:58:06,2017-03-02 20:58:06,2017-03-05 20:58:06,0,12,15,1,354.14,9.34,0.0264,1,casa_escritorio,2.0
O02579,C00069,BA,feira de santana,delivered,2018-02-07 05:27:18,2018-02-07 08:27:18,2018-02-17 05:27:18,2018-02-26 05:27:18,0,10,19,1,214.2,34.13,0.1593,1,beleza_saude,5.0
O02581,C00812,PE,caruaru,delivered,2018-09-21 09:17:48,2018-09-23 03:17:48,2018-09-30 09:17:48,2018-09-26 09:17:48,1,9,5,1,431.55,48.32,0.112,1,fashion_calcados,3.0
O02590,C00050,AM,coari,delivered,2018-01-03 04:47:34,2018-01-04 21:47:34,2018-01-06 04:47:34,2018-01-28 04:47:34,0,3,25,2,961.61,56.65,0.06,1,papelaria,5.0
O02605,C01251,RS,caxias do sul,delivered,2018-06-13 04:33:19,2018-06-14 09:33:19,2018-06-28 04:33:19,2018-07-07 04:33:19,0,15,24,1,226.43,21.74,0.096,1,casa_utilidades,5.0
O02623,C01404,AP,oida,delivered,2017-02-22 12:05:16,2017-02-24 11:05:16,2017-03-09 12:05:16,2017-03-02 12:05:16,1,15,8,1,302.93,42.71,0.141,1,audio,5.0
O02627,C00552,RS,caxias do sul,delivered,2017-08-06 04:22:51,2017-08-07 01:22:51,2017-08-21 04:22:51,2017-08-31 04:22:51,0,15,25,1,113.09,44.17,0.3906,1,relogios_presentes,5.0
O02632,C00940,RR,mucajai,delivered,2018-03-20 19:32:53,2018-03-21 11:32:53,2018-04-09 19:32:53,2018-04-02 19:32:53,1,20,13,1,465.48,46.81,0.1006,1,casa_garagem,3.0
O02639,C01694,DF,guara,delivered,2017-10-28 12:02:50,2017-10-29 21:02:50,2017-11-03 12:02:50,2017-11-13 12:02:50,0,6,16,1,187.16,36.15,0.1932,1,casa_jardim,4.0
O02681,C00431,AM,parintins,delivered,2018-08-15 23:56:40,2018-08-16 02:56:40,2018-09-10 23:56:40,2018-08-25 23:56:40,1,26,10,3,1111.36,64.98,0.0608,1,artes,1.0
O02691,C01520,AC,feijo,delivered,2017-01-01 19:20:10,2017-01-03 18:20:10,2017-01-07 19:20:10,2017-01-16 19:20:10,0,6,15,1,276.79,19.74,0.0713,1,moveis_cozinha,5.0
O02693,C00804,PI,campo maior,delivered,2018-03-23 03:58:38,2018-03-23 19:58:38,2018-03-29 03:58:38,2018-04-09 03:58:38,0,6,17,2,713.57,35.22,0.0475,1,casa_outros,4.0
O02699,C01572,AC,rio branco,delivered,2016-11-01 23:47:16,2016-11-02 15:47:16,2016-11-30 23:47:16,2016-11-23 23:47:16,1,29,22,3,653.12,86.15,0.1886,1,brinquedos,1.0
O02713,C00494,SP,sao paulo,delivered,2017-06-17 16:07:56,2017-06-19 11:07:56,2017-07-09 16:07:56,2017-07-12 16:07:56,0,22,25,1,406.91,7.5,0.0184,0,casa_garagem,5.0
O02719,C01538,MA,timon,delivered,2016-12-08 16:19:30,2016-12-09 11:19:30,2016-12-13 16:19:30,2017-01-01 16:19:30,0,5,24,2,166.94,88.4,0.8056,1,casa_garagem,4.0
O02726,C00443,CE,sobral,delivered,2018-04-27 03:26:31,2018-04-28 13:26:31,2018-05-10 03:26:31,2018-05-03 03:26:31,1,13,6,2,468.78,20.15,0.0417,1,eletroportateis,3.0
O02727,C00806,PA,santarem,delivered,2017-09-03 09:30:34,2017-09-03 12:30:34,2017-09-13 09:30:34,2017-09-21 09:30:34,0,10,18,3,517.32,33.17,0.1842,1,automotivo,2.0
O02728,C01699,TO,paraíso do tocantins,delivered,2016-09-13 23:49:14,2016-09-14 23:49:14,2016-10-09 23:49:14,2016-10-04 23:49:14,1,26,21,2,408.11,32.12,0.1752,1,carnes,5.0
O02754,C00765,PA,maraba,delivered,2017-03-20 07:33:01,2017-03-20 19:33:01,2017-03-25 07:33:01,2017-03-31 07:33:01,0,5,11,1,317.43,16.04,0.0505,1,casa_conforto_2,4.0
O02770,C01159,RS,canoas,delivered,2018-05-22 22:44:28,2018-05-23 17:44:28,2018-05-30 22:44:28,2018-06-13 22:44:28,0,8,22,1,251.93,27.5,0.1092,1,casa_utilidades,4.0
O02774,C01911,PR,cascavel,delivered,2017-05-06 16:51:47,2017-05-07 07:51:47,2017-06-05 16:51:47,2017-05-21 16:51:47,1,30,15,2,413.87,86.45,0.4821,1,portateis_cozinha,4.0
O02779,C01352,DF,brasilia,delivered,2016-12-19 16:14:15,2016-12-21 07:14:15,2016-12-26 16:14:15,2017-01-12 16:14:15,0,7,24,2,275.43,85.33,1.2222,1,audio,5.0
O02802,C01725,AL,penedo,delivered,2016-12-30 05:11:21,2016-12-30 22:11:21,2017-01-24 05:11:21,2017-01-20 05:11:21,1,25,21,2,193.3,50.01,0.6391,1,beleza_saude,3.0
O02805,C00293,PE,caruaru,delivered,2018-06-10 16:52:15,2018-06-11 20:52:15,2018-06-17 16:52:15,2018-06-19 16:52:15,0,7,9,2,500.26,61.77,0.1274,1,moveis_sala,4.0
O02819,C00758,PB,campina grande,delivered,2018-05-16 15:25:51,2018-05-17 11:25:51,2018-06-06 15:25:51,2018-06-09 15:25:51,0,21,24,2,695.13,51.08,0.0699,1,casa_sala,4.0
O02835,C00533,SE,itabaiana,delivered,2016-12-16 17:44:06,2016-12-18 02:44:06,2017-01-03 17:44:06,2016-12-30 17:44:06,1,18,14,1,217.01,10.54,0.0486,1,audio,5.0
O02873,C00056,MG,contagem,delivered,2017-04-24 08:29:32,2017-04-24 19:29:32,2017-05-18 08:29:32,2017-05-17 08:29:32,1,24,23,2,410.46,63.29,0.2254,1,brinquedos,1.0
O02888,C01617,DF,samambaia,delivered,2018-04-25 03:09:31,2018-04-26 21:09:31,2018-05-01 03:09:31,2018-05-16 03:09:31,0,6,21,3,638.94,63.16,0.1413,1,flores,3.0
O02901,C00261,AM,itacoatiara,delivered,2017-01-24 10:11:18,2017-01-25 20:11:18,2017-02-15 10:11:18,2017-02-05 10:11:18,1,22,12,1,99.39,37.46,0.3769,0,consoles_games,3.0
O02913,C01679,GO,anapolis,delivered,2018-06-20 12:13:05,2018-06-22 11:13:05,2018-07-02 12:13:05,2018-06-25 12:13:05,1,12,5,1,306.27,8.06,0.0263,1,fashion_bolsas,1.0
O02921,C01683,BA,itabuna,delivered,2017-08-19 06:32:53,2017-08-19 21:32:53,2017-08-24 06:32:53,2017-09-05 06:32:53,0,5,17,2,445.26,47.49,0.1715,1,artes,4.0
O02924,C01939,AL,penedo,delivered,2018-08-26 18:45:28,2018-08-27 08:45:28,2018-09-23 18:45:28,2018-09-12 18:45:28,1,28,17,1,271.1,41.95,0.1547,1,casa_iluminacao,3.0
O02944,C00453,TO,porto nacional,delivered,2018-06-16 23:07:25,2018-06-18 07:07:25,2018-07-12 23:07:25,2018-06-21 23:07:25,1,26,5,1,113.94,36.52,0.3205,1,eletronicos,3.0
O02950,C00226,RS,caxias do sul,delivered,2018-04-20 02:29:42,2018-04-20 18:29:42,2018-04-27 02:29:42,2018-05-07 02:29:42,0,7,17,1,145.87,48.54,0.3328,1,casa_conforto,4.0
O02951,C00447,PA,maraba,delivered,2016-12-13 06:43:01,2016-12-14 19:43:01,2017-01-09 06:43:01,2016-12-29 06:43:01,1,27,16,1,215.1,48.97,0.2277,1,eletronicos,1.0
O02959,C00469,DF,taguatinga,delivered,2016-09-02 05:35:18,2016-09-03 01:35:18,2016-09-12 05:35:18,2016-09-14 05:35:18,0,10,12,4,1038.99,146.34,0.2638,1,casa_garagem,5.0
O02962,C00733,CE,juazeiro do norte,delivered,2017-01-23 03:38:53,2017-01-23 11:38:53,2017-02-20 03:38:53,2017-02-15 03:38:53,1,28,23,1,207.69,11.49,0.0553,1,moveis_decoracao,1.0
O02963,C00938,SP,ribeirao preto,delivered,2018-08-26 18:29:42,2018-08-28 08:29:42,2018-09-04 18:29:42,2018-09-02 18:29:42,1,9,7,1,388.1,19.87,0.0512,1,fashion_bolsas,1.0
O02981,C00056,MG,contagem,delivered,2018-05-21 03:37:00,2018-05-22 06:37:00,2018-05-27 03:37:00,2018-06-05 03:37:00,0,6,15,1,458.24,22.66,0.0495,1,seguros_servicos,5.0
O02986,C00378,PA,castanhal,delivered,2017-06-01 13:30:45,2017-06-01 17:30:45,2017-06-08 13:30:45,2017-06-26 13:30:45,0,7,25,4,1076.53,98.65,0.1478,1,casa_iluminacao,5.0
O02996,C01495,RN,mossoro,delivered,2018-03-08 23:21:22,2018-03-09 15:21:22,2018-03-25 23:21:22,2018-04-02 23:21:22,0,17,25,1,383.41,32.11,0.0837,1,casa_iluminacao,5.0
O03005,C00327,AM,parintins,delivered,2017-11-23 05:41:05,2017-11-24 10:41:05,2017-12-04 05:41:05,2017-12-10 05:41:05,0,11,17,1,165.47,37.63,0.2274,1,casa_lavanderia,3.0
O03028,C01225,PA,santarem,delivered,2017-02-17 03:31:05,2017-02-18 09:31:05,2017-03-10 03:31:05,2017-03-12 03:31:05,0,21,23,1,159.46,5.78,0.0362,1,moveis_colchao_estofado,3.0
O03036,C01233,RO,vilhena,delivered,2017-10-28 16:56:45,2017-10-30 15:56:45,2017-11-24 16:56:45,2017-11-04 16:56:45,1,27,7,1,485.55,33.9,0.0698,1,utilidades_domesticas,1.0
O03037,C00399,RO,ariquemes,delivered,2017-08-18 17:36:07,2017-08-19 08:36:07,2017-08-29 17:36:07,2017-08-29 17:36:07,0,11,11,1,52.24,19.4,0.3714,1,eletronicos,4.0
O03047,C00296,RS,canoas,delivered,2017-03-09 12:15:43,2017-03-10 01:15:43,2017-04-04 12:15:43,2017-03-24 12:15:43,1,26,15,1,241.76,15.48,0.064,1,carnes,1.0
O03051,C00421,AP,laranjal do jari,delivered,2018-04-17 15:52:02,2018-04-17 19:52:02,2018-05-15 15:52:02,2018-05-07 15:52:02,1,28,20,1,101.57,30.97,0.3049,1,fraldas_higiene,3.0
O03055,C01138,SC,criciuma,delivered,2017-01-16 02:45:14,2017-01-16 21:45:14,2017-01-23 02:45:14,2017-02-07 02:45:14,0,7,22,1,406.52,39.55,0.0973,1,sinalizacao_seguranca,5.0
O03061,C00251,AL,arapiraca,delivered,2017-11-19 16:50:47,2017-11-20 03:50:47,2017-11-26 16:50:47,2017-11-27 16:50:47,0,7,8,1,151.39,27.35,0.1807,1,eletrodomesticos_2,5.0
O03071,C01288,PA,maraba,delivered,2018-02-12 07:27:05,2018-02-13 11:27:05,2018-03-08 07:27:05,2018-03-01 07:27:05,1,24,17,1,333.65,30.14,0.0903,1,casa_banheiro,2.0
O03080,C00838,AC,tarauaca,delivered,2016-12-01 15:28:25,2016-12-03 11:28:25,2016-12-29 15:28:25,2016-12-09 15:28:25,1,28,8,2,636.1,80.85,0.1516,1,moveis_sala,3.0
O03090,C01900,MS,três lagoas,delivered,2017-04-15 05:03:58,2017-04-15 16:03:58,2017-05-04 05:03:58,2017-05-08 05:03:58,0,19,23,1,365.55,42.46,0.1162,1,la_cuisine,5.0
O03091,C00269,MS,campo grande,delivered,2016-09-12 21:25:42,2016-09-14 01:25:42,2016-10-05 21:25:42,2016-09-28 21:25:42,1,23,16,2,393.98,31.17,0.0807,1,eletrodomesticos_2,3.0
O03110,C01549,MG,juiz de fora,delivered,2017-10-30 15:54:48,2017-10-31 15:54:48,2017-11-03 15:54:48,2017-11-06 15:54:48,0,4,7,2,164.7,47.18,0.4351,1,la_cuisine,5.0
O03117,C01089,AM,coari,delivered,2017-11-13 01:07:57,2017-11-14 21:07:57,2017-12-09 01:07:57,2017-11-22 01:07:57,1,26,9,1,60.82,12.78,0.2101,1,fashion_underwear,1.0
O03128,C00042,AM,parintins,delivered,2017-04-06 04:55:17,2017-04-07 19:55:17,2017-04-14 04:55:17,2017-04-30 04:55:17,0,8,24,2,324.74,74.92,0.4523,1,casa_construcao,5.0
O03143,C01434,AM,manacapuru,delivered,2018-10-05 15:38:33,2018-10-05 20:38:33,2018-10-19 15:38:33,2018-10-21 15:38:33,0,14,16,1,23.52,24.26,1.0315,1,moveis_decoracao,5.0
O03149,C01504,AP,laranjal do jari,delivered,2017-11-22 07:10:32,2017-11-22 23:10:32,2017-12-20 07:10:32,2017-11-30 07:10:32,1,28,8,1,365.04,33.86,0.0928,1,sinalizacao_seguranca,3.0
O03158,C00792,MS,ponta pora,delivered,2018-09-13 06:32:46,2018-09-14 23:32:46,2018-09-26 06:32:46,2018-09-25 06:32:46,1,13,12,2,851.24,44.53,0.0522,1,automotivo,2.0
O03159,C00278,ES,linhares,delivered,2017-04-23 19:58:28,2017-04-24 08:58:28,2017-04-29 19:58:28,2017-05-15 19:58:28,0,6,22,2,641.39,36.26,0.0682,1,alimentos_bebidas,5.0
O03229,C01205,RJ,campos,delivered,2018-02-23 06:05:07,2018-02-24 10:05:07,2018-03-20 06:05:07,2018-03-04 06:05:07,1,25,9,1,412.04,44.17,0.1072,1,fashion_roupa_feminina,2.0
O03234,C01123,PR,cascavel,delivered,2018-09-24 05:32:23,2018-09-25 20:32:23,2018-09-27 05:32:23,2018-10-05 05:32:23,0,3,11,1,417.59,42.06,0.1007,1,portateis_cozinha,2.0
O03249,C00715,CE,maracanau,delivered,2018-09-21 23:31:10,2018-09-23 20:31:10,2018-10-09 23:31:10,2018-09-29 23:31:10,1,18,8,1,407.27,36.95,0.0907,1,telefonia,3.0
O03268,C01169,BA,vitoria da conquista,delivered,2018-05-19 21:56:01,2018-05-21 04:56:01,2018-06-17 21:56:01,2018-06-01 21:56:01,1,29,13,1,178.39,47.62,0.2669,1,seguros_servicos,3.0
O03276,C00043,SE,lagarto,delivered,2018-05-01 14:07:16,2018-05-03 09:07:16,2018-05-13 14:07:16,2018-05-18 14:07:16,0,12,17,3,315.4,92.12,0.4079,1,artigos_nautica,5.0
O03287,C00687,GO,goiania,delivered,2017-06-07 04:05:41,2017-06-08 20:05:41,2017-06-29 04:05:41,2017-06-19 04:05:41,1,22,12,5,935.32,127.48,0.188,1,casa_conforto_2,1.0
O03291,C00281,MA,sao jose de ribamar,delivered,2018-06-29 13:36:38,2018-06-30 23:36:38,2018-07-29 13:36:38,2018-07-22 13:36:38,1,30,23,4,1094.04,152.0,0.1925,1,beleza_saude,5.0
O03324,C01711,PB,bayeux,delivered,2018-10-04 04:04:14,2018-10-05 03:04:14,2018-10-08 04:04:14,2018-10-29 04:04:14,0,4,25,1,394.01,39.82,0.1011,0,sinalizacao_seguranca,5.0
O03328,C01171,AM,manaus,delivered,2016-10-06 15:55:33,2016-10-07 17:55:33,2016-10-28 15:55:33,2016-10-22 15:55:33,1,22,16,2,636.21,49.31,0.076,1,fashion_roupa_masculina,2.0
O03329,C00306,MS,dourados,delivered,2017-06-09 10:03:50,2017-06-09 21:03:50,2017-06-18 10:03:50,2017-06-27 10:03:50,0,9,18,3,856.95,88.06,0.1042,1,artigos_nautica,4.0
O03368,C00228,TO,paraíso do tocantins,delivered,2016-11-19 09:36:51,2016-11-20 19:36:51,2016-11-29 09:36:51,2016-12-10 09:36:51,0,10,21,1,113.23,31.01,0.2739,1,casa_limpeza,5.0
O03378,C01559,MG,uberlandia,delivered,2018-06-23 20:08:07,2018-06-24 13:08:07,2018-07-01 20:08:07,2018-07-11 20:08:07,0,8,18,1,476.8,46.33,0.0972,1,cool_stuff,5.0
O03389,C01245,RR,alto alegre,delivered,2017-09-12 09:17:06,2017-09-13 11:17:06,2017-09-16 09:17:06,2017-09-21 09:17:06,0,4,9,2,614.05,49.28,0.1434,1,cool_stuff,5.0
O03391,C00272,MS,corumba,delivered,2018-09-03 06:20:40,2018-09-04 06:20:40,2018-09-20 06:20:40,2018-09-20 06:20:40,0,17,17,2,140.68,31.52,0.2268,1,automotivo,4.0
O03394,C01834,CE,maracanau,delivered,2017-01-11 04:02:43,2017-01-12 14:02:43,2017-01-20 04:02:43,2017-02-05 04:02:43,0,9,25,1,473.77,47.42,0.1001,1,construcao_ferramentas,5.0
O03397,C01361,MS,três lagoas,delivered,2018-09-22 13:42:22,2018-09-23 20:42:22,2018-10-15 13:42:22,2018-09-30 13:42:22,1,23,8,2,649.41,58.94,0.1157,1,automotivo,3.0
O03404,C01843,RR,mucajai,delivered,2016-12-27 07:26:27,2016-12-28 04:26:27,2017-01-20 07:26:27,2017-01-15 07:26:27,1,24,19,3,893.8,53.09,0.2019,1,casa_quarto,4.0
O03405,C00892,PA,maraba,delivered,2018-09-22 22:33:26,2018-09-23 06:33:26,2018-10-06 22:33:26,2018-10-01 22:33:26,1,14,9,1,286.05,43.62,0.1525,1,flores,4.0
O03408,C00562,RN,mossoro,delivered,2018-01-07 16:17:40,2018-01-07 20:17:40,2018-01-15 16:17:40,2018-01-12 16:17:40,1,8,5,2,458.29,62.01,0.4328,1,casa_banheiro,3.0
O03412,C00927,SE,aracaju,delivered,2018-05-10 02:21:01,2018-05-10 06:21:01,2018-06-06 02:21:01,2018-05-16 02:21:01,1,27,6,2,697.28,52.4,0.0771,1,beleza_saude,4.0
O03430,C01149,ES,vila velha,delivered,2018-03-22 07:02:26,2018-03-22 09:02:26,2018-04-15 07:02:26,2018-04-13 07:02:26,1,24,22,1,384.71,18.2,0.0473,1,fashion_bolsas,3.0
O03433,C01544,SP,santos,delivered,2017-01-04 01:22:51,2017-01-05 17:22:51,2017-01-27 01:22:51,2017-01-18 01:22:51,1,23,14,1,274.74,21.8,0.0793,1,consoles_games,2.0
O03449,C00813,CE,fortaleza,delivered,2018-06-17 18:35:31,2018-06-18 08:35:31,2018-07-03 18:35:31,2018-06-30 18:35:31,1,16,13,4,985.92,131.83,0.2718,1,casa_escritorio,1.0
O03454,C01886,AL,delmiro gouveia,delivered,2017-08-20 22:23:30,2017-08-22 00:23:30,2017-09-14 22:23:30,2017-08-27 22:23:30,1,25,7,2,743.36,91.76,0.1301,1,casa_outros,2.0
O03460,C01186,RO,ji-parana,delivered,2017-01-25 07:34:35,2017-01-25 13:34:35,2017-02-02 07:34:35,2017-02-03 07:34:35,0,8,9,1,340.24,44.51,0.1308,1,musica_arte,5.0
O03471,C01641,SE,lagarto,delivered,2017-12-31 19:46:04,2018-01-01 22:46:04,2018-01-06 19:46:04,2018-01-18 19:46:04,0,6,18,1,198.05,11.4,0.0576,1,utilidades_domesticas,4.0
O03485,C01393,MT,rondonopolis,delivered,2017-03-12 02:28:00,2017-03-12 12:28:00,2017-03-23 02:28:00,2017-03-23 02:28:00,0,11,11,1,145.36,17.17,0.1181,1,casa_quarto,5.0
O03487,C00217,TO,araguaina,delivered,2018-07-13 07:47:11,2018-07-14 01:47:11,2018-08-04 07:47:11,2018-07-23 07:47:11,1,22,10,1,411.77,6.85,0.0166,1,flores,3.0
O03488,C00661,SE,itabaiana,delivered,2016-12-13 17:19:25,2016-12-15 10:19:25,2017-01-11 17:19:25,2016-12-26 17:19:25,1,29,13,1,36.87,28.81,0.7814,1,casa_cozinha,3.0
O03510,C00015,ES,linhares,delivered,2017-12-22 22:02:09,2017-12-24 03:02:09,2018-01-16 22:02:09,2017-12-29 22:02:09,1,25,7,1,58.58,37.25,0.6359,1,fashion_calcados,3.0
O03520,C00984,RJ,niteroi,delivered,2018-04-17 18:36:23,2018-04-19 16:36:23,2018-05-08 18:36:23,2018-05-05 18:36:23,1,21,18,2,901.47,43.69,0.0491,1,casa_escritorio,3.0
O03525,C01759,RN,caico,delivered,2017-04-20 03:31:39,2017-04-20 22:31:39,2017-05-06 03:31:39,2017-04-30 03:31:39,1,16,10,1,118.95,9.28,0.078,1,moveis_decoracao,1.0
O03540,C01914,RS,santa maria,delivered,2017-11-01 20:13:51,2017-11-02 15:13:51,2017-11-23 20:13:51,2017-11-26 20:13:51,0,22,25,1,438.94,49.88,0.1136,1,malas_acessorios,4.0
O03543,C00936,AP,porto grande,delivered,2016-09-26 11:28:40,2016-09-27 14:28:40,2016-10-13 11:28:40,2016-10-21 11:28:40,0,17,25,2,568.44,59.05,0.1306,1,alimentos_bebidas,5.0
O03556,C00966,RR,mucajai,delivered,2017-05-19 16:43:55,2017-05-20 14:43:55,2017-05-25 16:43:55,2017-06-02 16:43:55,0,6,14,1,306.74,25.9,0.0844,1,casa_banheiro,3.0
O03559,C00877,AM,parintins,delivered,2017-05-26 20:38:37,2017-05-27 21:38:37,2017-06-07 20:38:37,2017-06-16 20:38:37,0,12,21,5,1652.93,147.52,0.1258,1,casa_conforto_2,5.0
O03560,C01618,AL,delmiro gouveia,delivered,2016-12-20 19:55:42,2016-12-22 12:55:42,2017-01-16 19:55:42,2017-01-01 19:55:42,1,27,12,1,85.88,47.87,0.5574,1,cool_stuff,4.0
O03582,C01738,MG,montes claros,delivered,2017-06-23 13:20:25,2017-06-24 18:20:25,2017-07-21 13:20:25,2017-07-06 13:20:25,1,28,13,2,510.65,43.09,0.1953,1,eletrodomesticos_2,3.0
O03583,C01799,RS,pelotas,delivered,2016-10-13 17:08:19,2016-10-14 09:08:19,2016-10-30 17:08:19,2016-10-31 17:08:19,0,17,18,1,223.06,24.91,0.1117,1,casa_outros,5.0
O03584,C01142,ES,linhares,delivered,2018-09-09 09:12:23,2018-09-10 04:12:23,2018-10-09 09:12:23,2018-09-18 09:12:23,1,30,9,1,371.29,21.16,0.057,1,moda_roupa,3.0
O03601,C01317,PE,petrolina,delivered,2018-05-28 08:51:50,2018-05-29 17:51:50,2018-05-31 08:51:50,2018-06-10 08:51:50,0,3,13,1,175.54,19.7,0.1122,1,utilidades_domesticas,5.0
O03632,C00134,PE,petrolina,delivered,2017-10-07 02:25:42,2017-10-08 03:25:42,2017-10-14 02:25:42,2017-10-31 02:25:42,0,7,24,1,41.05,37.51,0.9138,1,musica_arte,3.0
O03636,C00130,RN,mossoro,delivered,2018-01-02 09:29:16,2018-01-02 19:29:16,2018-01-11 09:29:16,2018-01-16 09:29:16,0,9,14,1,261.76,49.34,0.1885,1,informatica_acessorios,5.0
O03640,C00121,CE,juazeiro do norte,delivered,2017-12-22 09:24:56,2017-12-23 04:24:56,2018-01-08 09:24:56,2018-01-13 09:24:56,0,17,22,2,184.86,13.22,0.0769,1,casa_limpeza,5.0
O03650,C00829,DF,samambaia,delivered,2017-04-08 15:36:03,2017-04-09 18:36:03,2017-04-15 15:36:03,2017-04-17 15:36:03,0,7,9,2,612.98,58.01,0.0893,1,artes,5.0
O03658,C00063,DF,guara,delivered,2016-11-12 10:21:37,2016-11-14 04:21:37,2016-12-12 10:21:37,2016-11-25 10:21:37,1,30,13,2,448.96,49.85,0.1099,1,papelaria,3.0
O03664,C01132,AP,laranjal do jari,delivered,2016-10-15 13:15:53,2016-10-16 01:15:53,2016-11-13 13:15:53,2016-10-25 13:15:53,1,29,10,1,491.52,28.26,0.0575,1,casa_conforto,1.0
O03667,C01419,RN,caico,delivered,2018-02-12 19:50:21,2018-02-12 22:50:21,2018-02-15 19:50:21,2018-02-25 19:50:21,0,3,13,1,438.91,27.1,0.0617,1,moveis_jardim,5.0
O03680,C01495,RN,mossoro,delivered,2017-09-17 23:30:49,2017-09-19 11:30:49,2017-10-12 23:30:49,2017-10-10 23:30:49,1,25,23,1,250.39,40.61,0.1622,1,seguros_servicos,5.0
O03683,C00631,TO,araguaina,delivered,2018-07-17 07:01:17,2018-07-17 16:01:17,2018-08-07 07:01:17,2018-08-02 07:01:17,1,21,16,2,335.22,22.4,0.086,1,perfumaria,3.0
O03694,C01944,SP,sao paulo,delivered,2018-05-14 04:08:13,2018-05-14 22:08:13,2018-06-03 04:08:13,2018-05-26 04:08:13,1,20,12,1,68.64,16.93,0.2466,1,fashion_calcados,3.0
O03703,C01256,RS,canoas,delivered,2018-05-25 02:26:21,2018-05-26 01:26:21,2018-05-30 02:26:21,2018-06-10 02:26:21,0,5,16,1,307.8,19.79,0.0643,1,perfumaria,5.0
O03708,C01607,RJ,duque de caxias,delivered,2017-06-25 18:01:20,2017-06-25 21:01:20,2017-07-21 18:01:20,2017-07-10 18:01:20,1,26,15,1,169.61,11.47,0.0676,1,alimentos_bebidas,5.0
O03712,C01163,CE,juazeiro do norte,delivered,2017-09-30 15:17:20,2017-10-01 19:17:20,2017-10-04 15:17:20,2017-10-07 15:17:20,0,4,7,1,117.3,36.98,0.3153,1,alimentos_bebidas,3.0
O03718,C01200,MT,cuiaba,delivered,2017-04-28 14:31:24,2017-04-29 16:31:24,2017-05-14 14:31:24,2017-05-18 14:31:24,0,16,20,2,545.76,67.56,0.1576,1,consoles_games,5.0
O03725,C01802,BA,vitoria da conquista,delivered,2018-03-10 05:27:51,2018-03-11 02:27:51,2018-04-09 05:27:51,2018-04-04 05:27:51,1,30,25,1,267.72,24.7,0.0923,1,portateis_casa_forno_cafe,2.0
O03738,C00912,RN,mossoro,delivered,2018-07-07 18:36:06,2018-07-08 17:36:06,2018-07-20 18:36:06,2018-07-30 18:36:06,0,13,23,1,302.65,49.34,0.163,1,construcao_ferramentas,3.0
O03755,C00311,MG,montes claros,delivered,2017-09-05 09:21:06,2017-09-05 19:21:06,2017-09-19 09:21:06,2017-09-21 09:21:06,0,14,16,2,170.8,48.28,0.2912,1,casa_jardim,3.0
O03798,C01894,RO,ariquemes,delivered,2016-12-28 16:48:20,2016-12-29 00:48:20,2017-01-25 16:48:20,2017-01-19 16:48:20,1,28,22,2,333.84,48.39,0.4987,1,audio,4.0
O03810,C00223,AC,feijo,delivered,2017-09-04 12:53:09,2017-09-05 18:53:09,2017-09-30 12:53:09,2017-09-28 12:53:09,1,26,24,1,477.2,40.89,0.0857,1,casa_iluminacao,1.0
O03811,C00765,PA,maraba,delivered,2016-09-05 00:19:31,2016-09-06 07:19:31,2016-09-23 00:19:31,2016-09-12 00:19:31,1,18,7,1,79.13,27.19,0.3436,1,moveis_quarto,4.0
O03813,C01022,RR,caracarai,delivered,2017-04-17 19:03:43,2017-04-17 22:03:43,2017-05-06 19:03:43,2017-05-08 19:03:43,0,19,21,1,298.09,9.68,0.0325,1,alimentos_bebidas,5.0
O03820,C00068,AC,sena madureira,delivered,2018-09-26 19:37:39,2018-09-28 13:37:39,2018-10-08 19:37:39,2018-10-05 19:37:39,1,12,9,3,1026.11,90.48,0.1152,1,casa_limpeza,3.0
O03822,C00923,RO,vilhena,delivered,2016-11-22 10:58:37,2016-11-22 18:58:37,2016-12-18 10:58:37,2016-12-08 10:58:37,1,26,16,2,101.95,43.67,0.7892,1,fashion_calcados,4.0
O03852,C01112,RO,vilhena,delivered,2017-11-11 08:56:25,2017-11-12 19:56:25,2017-12-02 08:56:25,2017-11-25 08:56:25,1,21,14,1,236.17,32.42,0.1373,1,cool_stuff,2.0
O03853,C01436,RS,caxias do sul,delivered,2018-07-14 15:14:39,2018-07-16 14:14:39,2018-08-12 15:14:39,2018-07-22 15:14:39,1,29,8,2,255.36,48.83,0.2783,1,moveis_escritorio,3.0
O03860,C01158,SC,criciuma,delivered,2018-08-10 05:48:34,2018-08-10 15:48:34,2018-09-03 05:48:34,2018-09-02 05:48:34,1,24,23,1,335.07,13.69,0.0409,1,eletroportateis,1.0
O03865,C00373,RJ,nova iguaçu,delivered,2018-05-27 09:02:17,2018-05-27 14:02:17,2018-06-03 09:02:17,2018-06-14 09:02:17,0,7,18,1,408.05,14.86,0.0364,1,ferramentas_jardim,5.0
O03875,C00107,SC,sao jose,delivered,2017-04-11 07:03:45,2017-04-11 21:03:45,2017-04-21 07:03:45,2017-04-24 07:03:45,0,10,13,3,1394.16,103.25,0.0736,1,cool_stuff,5.0
O03884,C00219,PB,santa rita,delivered,2017-02-28 21:29:33,2017-03-02 11:29:33,2017-03-27 21:29:33,2017-03-21 21:29:33,1,27,21,1,121.49,25.36,0.2087,1,casa_conforto_2,4.0
O03888,C00748,AM,manaus,delivered,2018-01-31 07:56:07,2018-01-31 09:56:07,2018-03-02 07:56:07,2018-02-18 07:56:07,1,30,18,1,403.49,24.07,0.0597,1,casa_construcao,1.0
O03889,C01128,SE,aracaju,delivered,2018-07-26 19:34:41,2018-07-28 06:34:41,2018-08-19 19:34:41,2018-08-05 19:34:41,1,24,10,1,347.42,6.01,0.0173,1,fashion_roupa_masculina,1.0
O03894,C01949,TO,porto nacional,delivered,2017-03-24 14:49:22,2017-03-26 01:49:22,2017-04-14 14:49:22,2017-04-14 14:49:22,0,21,21,1,71.31,40.54,0.5685,1,cool_stuff,3.0
O03899,C00804,PI,campo maior,delivered,2017-12-26 02:48:27,2017-12-26 22:48:27,2017-12-29 02:48:27,2018-01-07 02:48:27,0,3,12,1,154.79,43.65,0.282,1,artigos_nautica,5.0
O03900,C00399,RO,ariquemes,delivered,2017-06-11 21:27:43,2017-06-13 08:27:43,2017-06-14 21:27:43,2017-07-01 21:27:43,0,3,20,1,340.38,26.71,0.0785,0,moda_roupa,5.0
O03907,C01779,RR,boa vista,delivered,2017-10-23 23:17:20,2017-10-25 01:17:20,2017-11-22 23:17:20,2017-11-11 23:17:20,1,30,19,2,484.44,76.11,0.2079,1,portateis_casa_forno_cafe,1.0
O03910,C01778,SP,campinas,delivered,2018-05-12 15:34:31,2018-05-12 19:34:31,2018-06-08 15:34:31,2018-05-27 15:34:31,1,27,15,2,518.4,41.07,0.1628,1,beleza_saude,1.0
O03926,C01643,CE,maracanau,delivered,2018-07-22 03:47:25,2018-07-22 09:47:25,2018-07-30 03:47:25,2018-07-27 03:47:25,1,8,5,1,383.12,11.89,0.031,1,casa_utilidades,3.0
O03935,C01762,PA,belem,delivered,2017-12-17 17:09:03,2017-12-19 09:09:03,2018-01-05 17:09:03,2018-01-06 17:09:03,0,19,20,2,414.82,80.05,0.2025,1,moveis_quarto,5.0
O03949,C01679,GO,anapolis,delivered,2017-06-11 03:51:28,2017-06-12 05:51:28,2017-06-16 03:51:28,2017-06-24 03:51:28,0,5,13,2,528.74,53.02,0.1422,1,casa_garagem,5.0
O03976,C00197,RO,cacoal,delivered,2016-10-15 00:29:30,2016-10-16 08:29:30,2016-10-29 00:29:30,2016-10-31 00:29:30,0,14,16,1,54.11,30.19,0.5579,1,perfumaria,5.0
O03989,C00247,MA,sao jose de ribamar,delivered,2018-05-31 17:11:43,2018-06-01 02:11:43,2018-06-05 17:11:43,2018-06-22 17:11:43,0,5,22,1,371.29,37.6,0.1013,1,dvds_blu_ray,4.0
O04002,C00969,RS,santa maria,delivered,2018-03-02 07:13:50,2018-03-02 13:13:50,2018-03-26 07:13:50,2018-03-18 07:13:50,1,24,16,1,297.72,42.41,0.1424,1,casa_construcao,2.0
O04003,C01910,PA,maraba,delivered,2018-06-16 04:02:13,2018-06-17 19:02:13,2018-06-30 04:02:13,2018-07-11 04:02:13,0,14,25,1,90.85,28.69,0.3158,1,audio,4.0
O04028,C01039,MA,sao luis,delivered,2016-10-27 15:59:56,2016-10-29 10:59:56,2016-11-16 15:59:56,2016-11-07 15:59:56,1,20,11,1,75.42,32.56,0.4317,1,moveis_escritorio,3.0
O04065,C01429,PI,picos,delivered,2017-08-26 13:18:01,2017-08-27 00:18:01,2017-09-01 13:18:01,2017-09-14 13:18:01,0,6,19,1,212.47,43.94,0.2068,1,eletronicos,5.0
O04096,C00767,MA,caxias,delivered,2017-05-10 06:47:50,2017-05-10 21:47:50,2017-05-16 06:47:50,2017-05-30 06:47:50,0,6,20,2,643.29,41.83,0.06,1,fashion_underwear,2.0
O04098,C01858,MT,rondonopolis,delivered,2016-09-02 23:03:42,2016-09-03 03:03:42,2016-09-27 23:03:42,2016-09-25 23:03:42,1,25,23,1,185.47,47.75,0.2575,1,audio,1.0
O04101,C00979,AL,rio largo,delivered,2018-08-10 22:24:33,2018-08-11 14:24:33,2018-08-27 22:24:33,2018-08-21 22:24:33,1,17,11,1,216.14,46.93,0.2171,0,seguros_servicos,2.0
O04103,C01038,PI,parnaiba,delivered,2018-10-10 10:29:33,2018-10-12 08:29:33,2018-10-19 10:29:33,2018-11-01 10:29:33,0,9,22,3,920.77,109.71,0.1553,1,eletroportateis,3.0
O04129,C01012,MT,sinop,delivered,2018-08-26 05:20:23,2018-08-27 22:20:23,2018-09-11 05:20:23,2018-09-11 05:20:23,0,16,16,3,1246.5,72.79,0.061,1,bebes,4.0
O04132,C00842,AL,arapiraca,delivered,2017-07-29 09:15:12,2017-07-29 15:15:12,2017-08-13 09:15:12,2017-08-12 09:15:12,1,15,14,1,400.7,6.81,0.017,1,portateis_casa_forno_cafe,2.0
O04134,C01997,MA,caxias,delivered,2017-08-13 22:52:46,2017-08-14 00:52:46,2017-08-29 22:52:46,2017-08-26 22:52:46,1,16,13,1,114.81,5.74,0.05,1,moveis_escritorio,5.0
O04136,C00868,MT,sinop,delivered,2018-10-28 04:44:46,2018-10-28 17:44:46,2018-11-20 04:44:46,2018-11-21 04:44:46,0,23,24,5,1582.76,125.11,0.4405,1,fashion_bolsas,2.0
O04138,C00031,AC,feijo,delivered,2017-09-14 18:12:06,2017-09-15 04:12:06,2017-10-05 18:12:06,2017-09-21 18:12:06,1,21,7,3,479.2,119.32,0.5917,1,bebes,1.0
O04172,C00715,CE,maracanau,delivered,2017-04-21 00:01:07,2017-04-21 12:01:07,2017-04-28 00:01:07,2017-04-26 00:01:07,1,7,5,2,678.31,20.43,0.035,1,casa_construcao,2.0
O04175,C01004,RS,canoas,delivered,2018-06-30 19:09:40,2018-07-01 09:09:40,2018-07-13 19:09:40,2018-07-07 19:09:40,1,13,7,1,350.66,40.93,0.1167,1,utilidades_domesticas,3.0
O04181,C01084,PA,santarem,delivered,2017-08-25 17:05:24,2017-08-25 18:05:24,2017-09-03 17:05:24,2017-09-07 17:05:24,0,9,13,2,487.26,36.81,0.0794,1,brinquedos,5.0
O04207,C01825,ES,serra,delivered,2018-10-29 08:55:37,2018-10-29 09:55:37,2018-11-19 08:55:37,2018-11-18 08:55:37,1,21,20,2,534.61,73.46,0.2659,1,casa_cozinha,1.0
O04209,C01694,DF,guara,delivered,2017-03-23 21:13:02,2017-03-24 09:13:02,2017-04-02 21:13:02,2017-04-08 21:13:02,0,10,16,1,136.32,25.33,0.1858,1,cama_mesa_banho,4.0
O04241,C01518,ES,serra,delivered,2016-11-24 04:21:22,2016-11-25 10:21:22,2016-12-19 04:21:22,2016-12-17 04:21:22,1,25,23,4,1010.68,83.61,0.153,1,alimentos_bebidas,5.0
O04242,C01979,GO,aparecida de goiania,delivered,2018-06-29 17:29:09,2018-06-30 17:29:09,2018-07-12 17:29:09,2018-07-18 17:29:09,0,13,19,1,395.2,13.33,0.0337,1,moveis_quarto,2.0
O04248,C01762,PA,belem,delivered,2017-06-28 06:56:22,2017-06-29 03:56:22,2017-07-21 06:56:22,2017-07-23 06:56:22,0,23,25,1,188.84,31.34,0.166,1,papelaria,4.0
O04258,C00676,AM,coari,delivered,2016-10-22 20:29:24,2016-10-24 10:29:24,2016-11-05 20:29:24,2016-11-06 20:29:24,0,14,15,1,114.17,22.69,0.1987,1,casa_conforto,5.0
O04265,C00212,SP,ribeirao preto,delivered,2017-04-27 22:52:36,2017-04-28 09:52:36,2017-05-17 22:52:36,2017-05-22 22:52:36,0,20,25,1,424.03,49.48,0.1167,1,casa_jardim,2.0
O04268,C00758,PB,campina grande,delivered,2018-01-17 01:42:21,2018-01-17 23:42:21,2018-01-21 01:42:21,2018-01-26 01:42:21,0,4,9,2,497.0,92.23,0.2843,1,moveis_sala,5.0
O04271,C01891,RJ,campos,delivered,2017-08-03 03:30:39,2017-08-03 18:30:39,2017-08-21 03:30:39,2017-08-21 03:30:39,0,18,18,3,828.67,62.73,0.0809,1,artigos_nautica,3.0
O04279,C01959,RJ,niteroi,delivered,2018-02-12 08:27:55,2018-02-14 04:27:55,2018-02-16 08:27:55,2018-02-18 08:27:55,0,4,6,2,281.91,34.35,0.1605,1,eletrodomesticos,3.0
O04285,C01249,PE,petrolina,delivered,2017-04-16 21:35:38,2017-04-17 05:35:38,2017-04-29 21:35:38,2017-04-28 21:35:38,1,13,12,1,312.23,5.22,0.0167,1,casa_lavanderia,3.0
O04326,C01510,SE,estancia,delivered,2018-03-17 12:50:12,2018-03-17 14:50:12,2018-03-20 12:50:12,2018-04-02 12:50:12,0,3,16,1,20.52,44.25,2.1564,1,casa_lavanderia,5.0
O04333,C00710,DF,ceilandia,delivered,2017-04-24 02:39:34,2017-04-25 03:39:34,2017-05-18 02:39:34,2017-05-18 02:39:34,0,24,24,2,316.55,37.31,0.1149,1,casa_jardim,5.0
O04343,C00162,AM,coari,delivered,2017-11-02 05:57:10,2017-11-02 23:57:10,2017-11-06 05:57:10,2017-11-23 05:57:10,0,4,21,1,11.62,46.51,4.0026,1,eletronicos,5.0
O04356,C00018,RS,canoas,delivered,2018-02-03 07:42:34,2018-02-04 05:42:34,2018-03-04 07:42:34,2018-02-13 07:42:34,1,29,10,1,308.42,17.26,0.056,1,automotivo,3.0
O04362,C00166,PR,londrina,delivered,2017-10-13 09:24:24,2017-10-14 13:24:24,2017-10-21 09:24:24,2017-11-02 09:24:24,0,8,20,2,78.16,34.81,0.8767,1,perfumaria,5.0
O04365,C01270,ES,linhares,delivered,2018-10-23 01:51:54,2018-10-24 11:51:54,2018-11-09 01:51:54,2018-11-15 01:51:54,0,17,23,1,372.62,11.83,0.0317,1,papelaria,5.0
O04400,C00382,MS,dourados,delivered,2018-09-02 23:32:39,2018-09-03 09:32:39,2018-09-28 23:32:39,2018-09-19 23:32:39,1,26,17,1,448.23,42.18,0.0941,1,eletrodomesticos,2.0
O04403,C00833,SP,santos,delivered,2017-06-10 17:19:44,2017-06-12 12:19:44,2017-07-09 17:19:44,2017-06-22 17:19:44,1,29,12,1,425.6,33.21,0.078,1,eletrodomesticos_2,3.0
O04406,C01759,RN,caico,delivered,2018-08-05 13:56:12,2018-08-06 21:56:12,2018-09-01 13:56:12,2018-08-11 13:56:12,1,27,6,2,504.3,45.64,0.0907,1,eletrodomesticos_2,1.0
O04409,C00452,PB,campina grande,delivered,2017-03-16 14:38:24,2017-03-17 01:38:24,2017-04-14 14:38:24,2017-04-04 14:38:24,1,29,19,4,1295.66,130.33,0.1093,1,cama_mesa_banho,2.0
O04423,C01964,RR,boa vista,delivered,2017-05-07 00:33:04,2017-05-08 03:33:04,2017-05-25 00:33:04,2017-05-25 00:33:04,0,18,18,1,361.09,46.12,0.1277,1,portateis_cozinha,5.0
O04428,C00110,AP,laranjal do jari,delivered,2018-01-11 19:55:51,2018-01-13 07:55:51,2018-01-16 19:55:51,2018-01-17 19:55:51,0,5,6,2,601.6,46.29,0.108,1,moveis_escritorio,1.0
O04438,C01839,MS,corumba,delivered,2016-12-25 10:21:12,2016-12-26 22:21:12,2017-01-08 10:21:12,2017-01-04 10:21:12,1,14,10,1,171.68,5.25,0.0306,1,casa_utilidades,2.0
O04441,C01322,AP,oida,delivered,2018-10-18 16:36:11,2018-10-19 03:36:11,2018-10-23 16:36:11,2018-11-04 16:36:11,0,5,17,1,412.27,30.22,0.0733,1,moveis_escritorio,5.0
O04446,C01806,TO,paraíso do tocantins,delivered,2017-10-13 02:56:28,2017-10-14 08:56:28,2017-11-01 02:56:28,2017-11-04 02:56:28,0,19,22,1,209.7,5.08,0.0242,1,alimentos_bebidas,5.0
O04457,C01134,RN,mossoro,delivered,2017-01-14 02:07:06,2017-01-14 10:07:06,2017-01-26 02:07:06,2017-01-26 02:07:06,0,12,12,3,1216.08,94.32,0.0735,1,casa_iluminacao,5.0
O04467,C00324,AP,laranjal do jari,delivered,2017-06-20 10:41:20,2017-06-20 18:41:20,2017-06-26 10:41:20,2017-07-13 10:41:20,0,6,23,2,764.92,86.79,0.1222,1,alimentos_bebidas,5.0
O04495,C01010,AP,laranjal do jari,delivered,2017-06-17 17:22:43,2017-06-18 03:22:43,2017-06-30 17:22:43,2017-07-09 17:22:43,0,13,22,4,1057.5,111.65,0.1424,1,casa_conforto,5.0
O04501,C01455,CE,juazeiro do norte,delivered,2018-09-30 16:41:52,2018-10-01 05:41:52,2018-10-21 16:41:52,2018-10-25 16:41:52,0,21,25,1,227.55,33.39,0.1467,1,casa_lavanderia,5.0
O04510,C00519,BA,vitoria da conquista,delivered,2017-01-02 10:53:59,2017-01-03 10:53:59,2017-01-22 10:53:59,2017-01-10 10:53:59,1,20,8,1,490.14,23.84,0.0486,1,malas_acessorios,3.0
O04511,C01448,TO,araguaina,delivered,2017-12-29 01:30:28,2017-12-30 23:30:28,2018-01-13 01:30:28,2018-01-05 01:30:28,1,15,7,1,195.15,35.61,0.1825,1,casa_utilidades,4.0
O04516,C01864,PA,santarem,delivered,2017-10-07 02:33:24,2017-10-07 14:33:24,2017-10-26 02:33:24,2017-10-19 02:33:24,1,19,12,1,220.94,29.21,0.1322,1,portateis_casa_forno_cafe,3.0
O04527,C01524,PA,belem,delivered,2017-07-20 14:06:09,2017-07-21 15:06:09,2017-07-30 14:06:09,2017-08-11 14:06:09,0,10,22,1,415.14,29.23,0.0704,1,audio,4.0
O04540,C01026,DF,brasilia,delivered,2016-09-13 01:01:50,2016-09-13 02:01:50,2016-10-09 01:01:50,2016-09-20 01:01:50,1,26,7,1,257.07,28.88,0.1123,1,moveis_jardim,2.0
O04541,C01328,SE,itabaiana,delivered,2018-07-27 02:59:40,2018-07-27 16:59:40,2018-08-13 02:59:40,2018-08-19 02:59:40,0,17,23,1,230.03,11.39,0.0495,1,livros_interesse,5.0
O04556,C01712,CE,caucaia,delivered,2018-08-30 04:02:09,2018-08-30 07:02:09,2018-09-18 04:02:09,2018-09-23 04:02:09,0,19,24,1,496.4,38.29,0.0771,1,portateis_cozinha,5.0
O04565,C00939,GO,aparecida de goiania,delivered,2016-09-08 08:25:00,2016-09-08 12:25:00,2016-09-28 08:25:00,2016-09-16 08:25:00,1,20,8,1,333.21,37.7,0.1131,1,moveis_escritorio,1.0
O04583,C00809,PE,petrolina,delivered,2018-01-05 22:01:04,2018-01-07 03:01:04,2018-01-23 22:01:04,2018-01-22 22:01:04,1,18,17,1,478.75,43.59,0.091,1,consoles_games,2.0
O04586,C00556,MG,belo horizonte,delivered,2018-10-15 06:08:30,2018-10-16 13:08:30,2018-10-18 06:08:30,2018-10-21 06:08:30,0,3,6,2,695.3,53.92,0.0711,1,instrumentos_musicais,4.0
O04590,C01359,GO,anapolis,delivered,2017-10-03 04:46:55,2017-10-04 03:46:55,2017-10-17 04:46:55,2017-10-22 04:46:55,0,14,19,3,595.72,72.79,0.1575,1,casa_iluminacao,4.0
O04592,C00946,PE,caruaru,delivered,2017-10-06 15:35:50,2017-10-06 18:35:50,2017-10-16 15:35:50,2017-10-21 15:35:50,0,10,15,1,226.36,42.55,0.188,1,casa_outros,5.0
O04601,C01019,PA,anamideua,delivered,2017-06-02 12:22:15,2017-06-03 00:22:15,2017-06-23 12:22:15,2017-06-13 12:22:15,1,21,11,1,463.77,35.14,0.0758,1,livros_interesse,3.0
O04603,C01689,RR,boa vista,delivered,2016-11-22 15:41:15,2016-11-22 16:41:15,2016-12-13 15:41:15,2016-12-06 15:41:15,1,21,14,1,485.02,49.96,0.103,1,construcao_ferramentas,3.0
O04621,C00047,SP,sao paulo,delivered,2017-09-05 18:07:20,2017-09-06 05:07:20,2017-09-24 18:07:20,2017-09-21 18:07:20,1,19,16,1,383.17,5.43,0.0142,1,construcao_ferramentas,4.0
O04643,C00069,BA,feira de santana,delivered,2016-09-17 02:51:53,2016-09-17 22:51:53,2016-10-03 02:51:53,2016-10-04 02:51:53,0,16,17,1,91.43,22.84,0.2498,1,moveis_decoracao,5.0
O04669,C00566,ES,vitoria,delivered,2018-08-15 21:29:03,2018-08-17 01:29:03,2018-09-05 21:29:03,2018-08-23 21:29:03,1,21,8,1,364.55,6.3,0.0173,1,casa_sala,1.0
O04677,C00643,PE,caruaru,delivered,2018-01-04 08:24:45,2018-01-06 08:24:45,2018-02-03 08:24:45,2018-01-09 08:24:45,1,30,5,1,459.5,26.61,0.0579,1,casa_escritorio,4.0
O04709,C00134,PE,petrolina,delivered,2017-04-08 00:10:51,2017-04-08 04:10:51,2017-05-06 00:10:51,2017-04-26 00:10:51,1,28,18,2,431.84,68.3,0.1596,1,automotivo,3.0
O04712,C01720,AC,sena madureira,delivered,2016-11-06 00:33:26,2016-11-07 11:33:26,2016-12-01 00:33:26,2016-11-30 00:33:26,1,25,24,1,291.39,46.52,0.1596,1,seguros_servicos,5.0
O04713,C01024,PB,santa rita,delivered,2017-02-06 18:32:52,2017-02-07 11:32:52,2017-03-05 18:32:52,2017-02-28 18:32:52,1,27,22,1,411.4,29.94,0.0728,1,casa_garagem,1.0
O04714,C01722,PB,joao pessoa,delivered,2017-09-02 17:54:57,2017-09-03 11:54:57,2017-09-15 17:54:57,2017-09-15 17:54:57,0,13,13,1,306.99,5.24,0.0171,1,papelaria,2.0
O04717,C01418,DF,guara,delivered,2018-08-11 12:15:36,2018-08-12 05:15:36,2018-08-27 12:15:36,2018-09-04 12:15:36,0,16,24,3,1055.29,97.3,0.1007,1,cool_stuff,5.0
O04733,C00757,RR,rorainopolis,delivered,2018-04-11 22:43:00,2018-04-12 09:43:00,2018-05-07 22:43:00,2018-05-01 22:43:00,1,26,20,1,229.66,37.28,0.1623,1,alimentos_bebidas,1.0
O04744,C00260,AP,porto grande,delivered,2017-03-11 23:22:47,2017-03-12 00:22:47,2017-03-18 23:22:47,2017-04-03 23:22:47,0,7,23,1,415.79,27.84,0.067,1,ferramentas_jardim,3.0
O04774,C01742,SC,florianopolis,delivered,2018-09-14 19:53:10,2018-09-15 02:53:10,2018-10-08 19:53:10,2018-09-30 19:53:10,1,24,16,2,331.16,61.74,0.4506,1,fashion_roupa_feminina,3.0
O04776,C01911,PR,cascavel,delivered,2018-08-02 11:39:02,2018-08-02 22:39:02,2018-08-31 11:39:02,2018-08-26 11:39:02,1,29,24,1,206.66,7.05,0.0341,1,automotivo,3.0
O04777,C00958,MG,juiz de fora,delivered,2016-10-15 06:11:59,2016-10-15 12:11:59,2016-10-19 06:11:59,2016-10-26 06:11:59,0,4,11,1,304.96,29.29,0.096,1,casa_limpeza,5.0
O04785,C00440,PE,olinda,delivered,2017-03-02 13:38:45,2017-03-03 00:38:45,2017-03-12 13:38:45,2017-03-26 13:38:45,0,10,24,1,471.58,6.08,0.0129,1,moveis_escritorio,5.0
O04786,C00659,RR,caracarai,delivered,2017-10-16 04:04:29,2017-10-17 16:04:29,2017-11-02 04:04:29,2017-10-21 04:04:29,1,17,5,2,430.23,59.24,0.2072,1,audio,3.0
O04814,C00150,MA,timon,delivered,2018-02-20 13:31:48,2018-02-21 04:31:48,2018-03-12 13:31:48,2018-02-25 13:31:48,1,20,5,1,383.0,30.84,0.0805,1,casa_limpeza,1.0
O04815,C01966,AL,arapiraca,delivered,2017-12-07 14:02:52,2017-12-08 02:02:52,2017-12-25 14:02:52,2017-12-16 14:02:52,1,18,9,4,609.27,117.15,0.6478,1,casa_sala,5.0
O04837,C01409,PA,anamideua,delivered,2018-06-15 14:30:00,2018-06-15 19:30:00,2018-07-12 14:30:00,2018-07-06 14:30:00,1,27,21,2,883.97,90.42,0.1034,1,alimentos_bebidas,3.0
O04851,C01798,BA,itabuna,delivered,2016-10-12 22:05:40,2016-10-13 14:05:40,2016-11-10 22:05:40,2016-10-28 22:05:40,1,29,16,2,574.87,45.92,0.0771,1,dvds_blu_ray,3.0
O04857,C00973,AL,penedo,delivered,2017-08-10 22:47:56,2017-08-12 04:47:56,2017-09-07 22:47:56,2017-08-23 22:47:56,1,28,13,1,463.66,43.85,0.0946,1,moveis_colchao_estofado,2.0
O04861,C01294,ES,cariacica,delivered,2018-07-03 21:42:01,2018-07-04 11:42:01,2018-07-15 21:42:01,2018-07-20 21:42:01,0,12,17,2,495.36,46.5,0.1055,1,casa_banheiro,2.0
O04866,C01452,PA,maraba,delivered,2017-11-15 16:15:02,2017-11-15 21:15:02,2017-11-20 16:15:02,2017-11-20 16:15:02,0,5,5,3,859.99,96.37,0.117,1,moveis_presentes,5.0
O04873,C01209,PR,curitiba,delivered,2017-07-24 19:17:30,2017-07-25 17:17:30,2017-08-21 19:17:30,2017-08-09 19:17:30,1,28,16,1,101.23,44.94,0.4439,1,fraldas_higiene,1.0
O04882,C00019,SE,lagarto,delivered,2018-02-02 13:48:01,2018-02-04 10:48:01,2018-02-05 13:48:01,2018-02-22 13:48:01,0,3,20,2,388.89,32.77,0.087,1,artes,5.0
O04887,C01985,MG,montes claros,delivered,2017-07-02 21:45:45,2017-07-02 22:45:45,2017-07-21 21:45:45,2017-07-18 21:45:45,1,19,16,1,271.7,17.09,0.0629,1,automotivo,4.0
O04898,C00011,RS,porto alegre,delivered,2018-02-14 17:02:50,2018-02-15 03:02:50,2018-03-08 17:02:50,2018-02-20 17:02:50,1,22,6,1,375.0,32.92,0.0878,1,portateis_casa_forno_cafe,4.0
O04902,C01865,PA,maraba,delivered,2017-09-17 23:21:29,2017-09-18 22:21:29,2017-10-02 23:21:29,2017-10-03 23:21:29,0,15,16,2,710.42,73.73,0.1096,1,portateis_cozinha,4.0
O04913,C01662,CE,caucaia,delivered,2017-04-22 13:51:42,2017-04-23 07:51:42,2017-05-05 13:51:42,2017-05-17 13:51:42,0,13,25,3,595.77,85.57,0.2516,1,carnes,5.0
O04914,C01393,MT,rondonopolis,delivered,2018-01-22 15:00:12,2018-01-23 07:00:12,2018-01-28 15:00:12,2018-02-07 15:00:12,0,6,16,2,731.92,84.34,0.1173,1,moveis_quarto,3.0
O04922,C00673,PR,ponta grossa,delivered,2017-12-16 05:00:50,2017-12-16 22:00:50,2018-01-02 05:00:50,2018-01-02 05:00:50,0,17,17,2,522.22,49.59,0.2511,1,automotivo,5.0
O04939,C00874,RS,pelotas,delivered,2017-03-25 22:38:10,2017-03-26 11:38:10,2017-04-07 22:38:10,2017-04-12 22:38:10,0,13,18,1,24.86,31.93,1.2844,1,moda_roupa,2.0
O04942,C00883,RN,parnamirim,delivered,2018-07-27 00:06:10,2018-07-27 17:06:10,2018-08-24 00:06:10,2018-08-01 00:06:10,1,28,5,3,751.61,114.25,0.247,1,casa_construcao,2.0
O04950,C01144,RO,ariquemes,delivered,2017-07-31 12:12:33,2017-08-01 02:12:33,2017-08-24 12:12:33,2017-08-20 12:12:33,1,24,20,1,120.91,39.69,0.3283,1,perfumaria,4.0
O04959,C01119,PI,teresina,delivered,2018-02-27 02:39:44,2018-02-28 20:39:44,2018-03-04 02:39:44,2018-03-05 02:39:44,0,5,6,2,170.3,70.06,0.6946,1,casa_garagem,4.0
O04999,C00282,MT,sinop,delivered,2016-11-18 18:34:30,2016-11-19 10:34:30,2016-12-11 18:34:30,2016-12-11 18:34:30,0,23,23,3,788.76,59.38,0.0871,1,casa_construcao,4.0
O00375,C00839,ES,vitoria,delivered,2017-05-27 16:43:20,2017-05-29 09:43:20,2017-06-25 16:43:20,2017-06-01 16:43:20,1,29,5,1,279.14,46.18,0.1654,1,casa_jardim,0.0
O00457,C00171,TO,palmas,unavailable,2017-07-20 10:04:10,2017-07-22 10:04:10,,,0,,,1,372.54,36.89,0.099,1,fashion_roupa_feminina,0.0
O00671,C00215,TO,porto nacional,delivered,2017-08-20 21:54:36,2017-08-22 20:54:36,2017-09-14 21:54:36,2017-09-14 21:54:36,0,25,25,1,469.3,28.0,0.0597,1,casa_construcao,0.0
O01026,C00279,MT,cuiaba,delivered,2016-09-01 21:22:39,2016-09-02 16:22:39,2016-09-29 21:22:39,2016-09-21 21:22:39,1,28,20,1,102.28,46.64,0.456,1,cama_mesa_banho,0.0
O01808,C01931,MS,campo grande,shipped,2017-04-29 02:54:24,2017-04-30 11:54:24,,2017-05-19 02:54:24,0,,20,2,475.59,41.73,0.0833,1,sinalizacao_seguranca,0.0
O02793,C01491,GO,rio verde,delivered,2016-11-23 08:03:30,2016-11-23 17:03:30,2016-12-04 08:03:30,2016-11-28 08:03:30,1,11,5,5,1605.32,149.09,0.0981,1,alimentos_bebidas,0.0
O02955,C00444,MS,corumba,canceled,2018-01-16 08:20:42,2018-01-16 09:20:42,,,0,,,2,344.85,60.84,0.1759,1,papelaria,0.0
O00171,C00177,RO,vilhena,canceled,2016-10-08 15:50:47,2016-10-10 08:50:47,,,0,,,1,395.06,6.31,0.016,1,casa_escritorio,0.0
O01215,C00402,RO,vilhena,delivered,2018-05-24 09:55:23,2018-05-25 04:55:23,2018-06-13 09:55:23,2018-06-12 09:55:23,1,20,19,5,802.99,171.82,0.2477,1,alimentos_bebidas,0.0
O01235,C00309,DF,samambaia,delivered,2017-05-31 23:30:05,2017-06-01 18:30:05,2017-06-28 23:30:05,2017-06-06 23:30:05,1,28,6,1,251.38,33.44,0.133,1,moveis_quarto,0.0
O02704,C00424,MT,tangara da serra,delivered,2017-07-14 11:22:09,2017-07-16 10:22:09,2017-08-09 11:22:09,2017-08-01 11:22:09,1,26,18,1,179.3,10.12,0.0564,1,beleza_saude,0.0
O03297,C00918,AM,parintins,canceled,2018-10-23 16:26:55,2018-10-24 11:26:55,,,0,,,2,463.63,64.31,0.1421,1,casa_cozinha,0.0
O03466,C01259,AP,porto grande,delivered,2018-07-30 04:18:58,2018-07-31 20:18:58,2018-08-12 04:18:58,2018-08-09 04:18:58,1,13,10,1,82.43,46.84,0.5682,1,brinquedos,0.0
O03807,C00425,MT,rondonopolis,delivered,2018-04-28 13:12:41,2018-04-28 14:12:41,2018-05-17 13:12:41,2018-05-18 13:12:41,0,19,20,1,458.23,40.78,0.089,1,cool_stuff,0.0
O04228,C01533,GO,luziania,delivered,2018-03-03 00:03:49,2018-03-03 10:03:49,2018-03-29 00:03:49,2018-03-28 00:03:49,1,26,25,1,215.62,35.59,0.1651,1,cama_mesa_banho,0.0
O04520,C01295,MG,uberlandia,unavailable,2018-01-02 23:08:12,2018-01-03 17:08:12,,,0,,,1,160.72,32.8,0.2041,1,instrumentos_musicais,0.0
O00133,C01113,PE,olinda,delivered,2017-11-30 16:37:36,2017-11-30 20:37:36,2017-12-15 16:37:36,2017-12-09 16:37:36,1,15,9,5,1345.29,188.48,0.1793,1,alimentos_bebidas,0.0
O00772,C00851,PE,olinda,shipped,2017-03-03 23:46:50,2017-03-05 10:46:50,,2017-03-21 23:46:50,0,,18,4,953.75,112.05,0.1378,1,casa_iluminacao,0.0
O01061,C00616,AC,rio branco,unavailable,2018-10-15 23:23:04,2018-10-17 22:23:04,,,0,,,1,101.98,47.55,0.4663,1,musica_arte,0.0
O01174,C01576,SE,itabaiana,delivered,2016-09-22 09:17:38,2016-09-23 16:17:38,2016-10-11 09:17:38,2016-09-29 09:17:38,1,19,7,2,384.54,92.33,0.5119,1,casa_utilidades,0.0
O01276,C01476,CE,caucaia,shipped,2016-09-14 00:30:06,2016-09-14 01:30:06,,2016-09-25 00:30:06,0,,11,1,125.12,38.03,0.3039,1,carnes,0.0
O01830,C00309,DF,samambaia,shipped,2017-01-05 01:51:32,2017-01-05 14:51:32,,2017-01-23 01:51:32,0,,18,1,117.28,21.47,0.1831,1,eletrodomesticos_2,0.0
O03873,C01354,MS,três lagoas,delivered,2016-10-21 11:01:03,2016-10-22 14:01:03,2016-11-13 11:01:03,2016-10-31 11:01:03,1,23,10,1,267.08,43.35,0.1623,1,artigos_nautica,0.0
O03952,C01881,MA,sao luis,canceled,2017-08-13 01:37:28,2017-08-13 15:37:28,,,0,,,1,422.61,38.42,0.0909,1,casa_quarto,0.0
O04360,C00358,DF,taguatinga,canceled,2017-09-21 02:37:41,2017-09-22 08:37:41,,,0,,,1,137.04,45.17,0.3296,1,cool_stuff,0.0
O00166,C01735,GO,anapolis,delivered,2016-12-23 05:13:35,2016-12-24 10:13:35,2017-01-14 05:13:35,2017-01-17 05:13:35,0,22,25,1,252.3,48.65,0.1928,1,perfumaria,0.0
O01132,C00728,PE,jaboatao,shipped,2016-09-27 14:19:45,2016-09-29 09:19:45,,2016-10-22 14:19:45,0,,25,1,467.56,29.73,0.0636,1,carnes,0.0
O01581,C01149,ES,vila velha,delivered,2018-02-08 02:13:16,2018-02-08 09:13:16,2018-02-16 02:13:16,2018-02-24 02:13:16,0,8,16,3,783.68,89.11,0.1932,1,casa_banheiro,0.0
O01814,C00998,AP,porto grande,delivered,2017-11-08 00:58:04,2017-11-09 18:58:04,2017-11-15 00:58:04,2017-11-29 00:58:04,0,7,21,2,690.52,48.12,0.0723,1,dvds_blu_ray,0.0
O03212,C00123,GO,goiania,canceled,2016-11-15 18:55:56,2016-11-16 08:55:56,,,0,,,3,1025.61,112.8,0.1045,1,artes,0.0
O03401,C00229,RJ,rio de janeiro,delivered,2018-06-26 21:09:44,2018-06-27 07:09:44,2018-07-01 21:09:44,2018-07-02 21:09:44,0,5,6,2,467.13,73.74,0.1592,1,casa_garagem,0.0
O00350,C01904,AP,oida,delivered,2017-04-16 13:36:17,2017-04-16 23:36:17,2017-05-16 13:36:17,2017-04-21 13:36:17,1,30,5,1,232.05,10.87,0.0468,1,casa_escritorio,0.0
O01077,C00081,AC,sena madureira,delivered,2016-09-01 07:56:43,2016-09-01 20:56:43,2016-09-16 07:56:43,2016-09-21 07:56:43,0,15,20,1,263.56,19.49,0.0739,1,malas_acessorios,0.0
O01750,C01822,RJ,rio de janeiro,canceled,2017-08-29 20:09:29,2017-08-30 03:09:29,,,0,,,3,745.06,42.61,0.4408,1,casa_limpeza,0.0
O01924,C01165,SE,estancia,shipped,2016-12-22 23:15:10,2016-12-23 11:15:10,,2016-12-29 23:15:10,0,,7,2,495.05,49.51,0.1264,1,brinquedos,0.0
O02589,C01421,MG,contagem,unavailable,2018-10-23 11:51:26,2018-10-24 18:51:26,,,0,,,4,1067.5,105.29,0.0993,1,alimentos_bebidas,0.0
O03546,C01636,CE,sobral,shipped,2017-10-10 23:58:18,2017-10-12 21:58:18,,2017-10-29 23:58:18,0,,19,1,207.43,23.7,0.1143,1,casa_utilidades,0.0
O03842,C00010,GO,aparecida de goiania,canceled,2018-01-26 13:47:08,2018-01-26 19:47:08,,,0,,,1,50.85,24.91,0.4899,1,fashion_roupa_feminina,0.0
O03951,C01800,MG,juiz de fora,delivered,2016-09-18 21:42:03,2016-09-20 14:42:03,2016-09-29 21:42:03,2016-09-27 21:42:03,1,11,9,1,244.31,27.16,0.1112,1,consoles_games,0.0
O04053,C01932,GO,rio verde,shipped,2016-12-24 10:44:34,2016-12-24 18:44:34,,2016-12-30 10:44:34,0,,6,1,114.35,32.91,0.2878,1,casa_sala,0.0
O04124,C00286,RR,alto alegre,delivered,2017-01-15 06:26:22,2017-01-15 21:26:22,2017-02-08 06:26:22,2017-02-06 06:26:22,1,24,22,2,473.68,55.49,0.1173,1,beleza_saude,0.0
O04342,C01067,PE,olinda,delivered,2017-12-08 08:29:07,2017-12-10 00:29:07,2017-12-27 08:29:07,2017-12-29 08:29:07,0,19,21,2,482.21,57.53,1.1221,1,casa_garagem,0.0
O00475,C01522,PR,londrina,delivered,2018-04-28 19:37:27,2018-04-30 07:37:27,2018-05-07 19:37:27,2018-05-08 19:37:27,0,9,10,2,641.55,51.17,0.0778,1,instrumentos_musicais,0.0
O01065,C01161,PE,recife,delivered,2018-01-28 12:31:14,2018-01-29 08:31:14,2018-02-05 12:31:14,2018-02-21 12:31:14,0,8,24,2,456.06,76.86,0.9604,1,casa_banheiro,0.0
O01659,C00708,ES,vila velha,delivered,2017-05-26 13:56:40,2017-05-27 07:56:40,2017-06-19 13:56:40,2017-06-11 13:56:40,1,24,16,3,757.47,64.33,0.0938,1,eletrodomesticos_2,0.0
O02239,C01315,RR,alto alegre,canceled,2018-06-22 22:22:18,2018-06-24 10:22:18,,,0,,,1,248.23,14.73,0.0593,1,fashion_underwear,0.0
O02563,C01410,BA,itabuna,delivered,2018-08-28 09:46:56,2018-08-28 21:46:56,2018-09-13 09:46:56,2018-09-10 09:46:56,1,16,13,1,384.43,22.07,0.0574,1,portateis_cozinha,0.0
O02604,C00620,BA,salvador,delivered,2016-09-30 22:43:27,2016-10-01 06:43:27,2016-10-27 22:43:27,2016-10-23 22:43:27,1,27,23,1,451.85,24.51,0.0542,1,telefonia,0.0
O03275,C00006,SP,ribeirao preto,delivered,2016-11-01 04:51:08,2016-11-01 07:51:08,2016-11-27 04:51:08,2016-11-10 04:51:08,1,26,9,2,703.76,82.6,0.1365,1,moda_roupa,0.0
O03748,C01570,BA,ilheus,canceled,2017-11-21 23:35:26,2017-11-23 15:35:26,,,0,,,2,761.24,45.53,0.0683,1,casa_conforto,0.0
O04879,C01008,GO,goiania,delivered,2018-08-19 06:11:46,2018-08-19 23:11:46,2018-09-11 06:11:46,2018-09-11 06:11:46,0,23,23,1,291.1,13.47,0.0463,1,alimentos_bebidas,0.0
O00486,C01735,GO,anapolis,delivered,2017-10-13 18:40:32,2017-10-15 08:40:32,2017-10-19 18:40:32,2017-10-23 18:40:32,0,6,10,1,110.2,44.83,0.4068,1,brinquedos,0.0
O00785,C01330,AL,maceio,delivered,2017-09-06 23:15:20,2017-09-08 20:15:20,2017-09-23 23:15:20,2017-09-24 23:15:20,0,17,18,2,258.44,35.23,0.2904,1,casa_banheiro,0.0
O00791,C00834,MT,cuiaba,shipped,2018-02-14 11:28:55,2018-02-14 20:28:55,,2018-02-27 11:28:55,0,,13,1,96.41,40.27,0.4177,1,moveis_decoracao,0.0
O00899,C00091,PA,anamideua,canceled,2018-07-09 06:49:09,2018-07-10 18:49:09,,,0,,,1,11.24,44.89,3.9938,0,fashion_roupa_masculina,0.0
O00920,C00198,RR,boa vista,delivered,2017-06-24 17:14:28,2017-06-24 19:14:28,2017-07-06 17:14:28,2017-07-02 17:14:28,1,12,8,1,247.41,28.58,0.1155,1,casa_iluminacao,0.0
O01101,C00561,CE,caucaia,unavailable,2018-04-30 21:59:09,2018-05-02 07:59:09,,,0,,,2,804.82,39.11,0.0486,1,beleza_saude,0.0
O01855,C01940,SE,aracaju,canceled,2017-07-07 16:59:24,2017-07-08 16:59:24,,,0,,,1,217.31,42.78,0.1969,1,relogios_presentes,0.0
O02136,C00270,PE,recife,delivered,2016-11-07 05:04:05,2016-11-08 07:04:05,2016-12-01 05:04:05,2016-11-22 05:04:05,1,24,15,2,543.02,56.77,0.1133,1,artigos_nautica,0.0
O02417,C00691,MT,varzea grande,delivered,2018-01-12 13:56:36,2018-01-14 13:56:36,2018-02-11 13:56:36,2018-01-20 13:56:36,1,30,8,2,291.49,79.89,0.9637,1,casa_conforto,0.0
O02510,C00945,PB,campina grande,delivered,2017-04-05 22:48:40,2017-04-06 15:48:40,2017-04-12 22:48:40,2017-04-21 22:48:40,0,7,16,3,975.28,42.35,0.048,1,artes,0.0
O02537,C00364,SP,campinas,delivered,2017-03-28 21:21:34,2017-03-29 08:21:34,2017-04-14 21:21:34,2017-04-04 21:21:34,1,17,7,3,933.68,47.22,0.0483,1,casa_outros,0.0
O03652,C00824,PI,teresina,delivered,2017-05-23 20:40:17,2017-05-25 14:40:17,2017-06-21 20:40:17,2017-06-16 20:40:17,1,29,24,4,1183.33,118.15,0.1048,1,alimentos_bebidas,0.0
O03706,C01871,RO,vilhena,canceled,2016-11-17 09:26:17,2016-11-18 22:26:17,,,0,,,1,347.12,47.41,0.1366,1,instrumentos_musicais,0.0
O04969,C01050,ES,serra,delivered,2017-01-23 00:17:40,2017-01-23 12:17:40,2017-02-18 00:17:40,2017-02-09 00:17:40,1,26,17,1,143.74,46.18,0.3213,1,eletrodomesticos_2,0.0
O01847,C01818,RN,mossoro,canceled,2017-03-28 03:03:29,2017-03-30 02:03:29,,,0,,,1,139.73,15.61,0.1117,1,market_place,0.0
O02019,C01602,PB,joao pessoa,delivered,2018-02-16 04:59:36,2018-02-17 05:59:36,2018-03-08 04:59:36,2018-03-02 04:59:36,1,20,14,1,453.84,30.61,0.0674,1,moveis_sala,0.0
O02065,C01307,BA,vitoria da conquista,shipped,2018-05-18 01:27:12,2018-05-18 20:27:12,,2018-06-04 01:27:12,0,,17,2,472.8,86.42,0.2654,1,moveis_jardim,0.0
O02288,C01367,PA,castanhal,canceled,2017-02-19 13:30:20,2017-02-20 10:30:20,,,0,,,4,783.2,117.09,0.1892,1,casa_conforto_2,0.0
O03209,C00767,MA,caxias,canceled,2016-11-17 13:05:46,2016-11-19 07:05:46,,,0,,,1,485.45,8.0,0.0165,1,sinalizacao_seguranca,0.0
O04218,C01799,RS,pelotas,shipped,2018-02-24 13:53:19,2018-02-26 08:53:19,,2018-03-06 13:53:19,0,,10,2,377.97,41.21,0.1125,1,eletroportateis,0.0
O04368,C00569,MG,montes claros,shipped,2016-09-07 15:14:57,2016-09-07 23:14:57,,2016-09-16 15:14:57,0,,9,1,102.24,41.24,0.4034,1,casa_limpeza,0.0
O04683,C00238,AL,penedo,delivered,2017-06-22 16:15:31,2017-06-23 18:15:31,2017-07-18 16:15:31,2017-07-08 16:15:31,1,26,16,1,260.22,21.72,0.0835,1,moveis_decoracao,0.0
O04718,C01142,ES,linhares,delivered,2017-08-09 10:32:45,2017-08-11 06:32:45,2017-08-29 10:32:45,2017-08-25 10:32:45,1,20,16,2,568.31,46.98,0.0893,1,casa_garagem,0.0
O04820,C00846,AC,feijo,delivered,2017-09-26 02:13:04,2017-09-27 10:13:04,2017-10-23 02:13:04,2017-10-03 02:13:04,1,27,7,1,462.94,40.86,0.0883,1,dvds_blu_ray,0.0
O04881,C01863,SP,campinas,delivered,2017-09-21 23:16:40,2017-09-23 07:16:40,2017-10-10 23:16:40,2017-10-10 23:16:40,0,19,19,1,397.26,24.74,0.0623,1,moveis_quarto,0.0
O00152,C01189,BA,salvador,delivered,2017-12-15 07:46:10,2017-12-15 10:46:10,2018-01-08 07:46:10,2018-01-08 07:46:10,0,24,24,2,333.1,57.85,0.1745,1,instrumentos_musicais,0.0
O00511,C01856,BA,feira de santana,delivered,2017-03-25 21:46:57,2017-03-27 07:46:57,2017-04-03 21:46:57,2017-04-06 21:46:57,0,9,12,1,376.82,32.72,0.0868,1,alimentos_bebidas,0.0
O01440,C00266,PE,jaboatao,unavailable,2018-03-24 00:26:02,2018-03-25 09:26:02,,,0,,,1,310.62,8.3,0.0267,1,papelaria,0.0
O01767,C00243,AM,parintins,delivered,2016-09-05 16:00:16,2016-09-06 10:00:16,2016-09-09 16:00:16,2016-09-16 16:00:16,0,4,11,2,744.54,15.59,0.0207,1,audio,0.0
O01997,C01934,AM,manaus,delivered,2017-11-10 11:29:39,2017-11-11 15:29:39,2017-11-18 11:29:39,2017-11-29 11:29:39,0,8,19,1,119.96,47.25,0.3939,1,ferramentas_jardim,0.0
O03375,C00513,TO,porto nacional,unavailable,2018-04-22 11:57:11,2018-04-22 18:57:11,,,0,,,2,313.72,66.25,0.2471,1,casa_outros,0.0
O04319,C01329,SP,santos,shipped,2017-02-08 17:17:23,2017-02-10 16:17:23,,2017-02-28 17:17:23,0,,20,1,102.42,6.42,0.0627,1,fashion_roupa_feminina,0.0
O04346,C00678,RN,natal,delivered,2016-10-12 15:31:08,2016-10-14 04:31:08,2016-11-01 15:31:08,2016-10-30 15:31:08,1,20,18,1,498.75,49.59,0.0994,1,moveis_cozinha,0.0
O01093,C01671,AC,feijo,canceled,2018-01-21 20:01:13,2018-01-23 20:01:13,,,0,,,1,453.05,48.82,0.1078,1,perfumaria,0.0
O01536,C00826,PI,teresina,delivered,2018-06-07 09:00:53,2018-06-08 13:00:53,2018-06-20 09:00:53,2018-07-02 09:00:53,0,13,25,1,156.12,35.06,0.2246,1,fashion_roupa_masculina,0.0
O02144,C00763,AP,macapa,delivered,2017-08-13 03:58:40,2017-08-14 18:58:40,2017-08-21 03:58:40,2017-08-21 03:58:40,0,8,8,1,236.05,7.12,0.0302,1,moveis_jardim,0.0
O02905,C01884,DF,guara,shipped,2017-02-07 01:51:01,2017-02-07 11:51:01,,2017-03-04 01:51:01,0,,25,1,147.33,11.53,0.0783,1,pc_gamer,0.0
O03352,C00654,AL,delmiro gouveia,unavailable,2016-12-02 13:03:24,2016-12-03 13:03:24,,,0,,,3,777.92,71.67,0.1443,1,fashion_bolsas,0.0
O04359,C01247,SE,itabaiana,delivered,2017-11-10 00:40:47,2017-11-11 05:40:47,2017-11-13 00:40:47,2017-11-24 00:40:47,0,3,14,3,762.06,97.87,0.1717,1,beleza_saude,0.0
O04476,C01952,SE,aracaju,delivered,2017-10-15 07:51:58,2017-10-16 21:51:58,2017-10-18 07:51:58,2017-11-04 07:51:58,0,3,20,2,462.71,56.15,0.1191,1,casa_utilidades,0.0
O00482,C00963,SP,sao paulo,delivered,2018-04-22 13:36:23,2018-04-22 18:36:23,2018-05-03 13:36:23,2018-05-14 13:36:23,0,11,22,1,240.19,19.41,0.0808,1,casa_limpeza,0.0
O00570,C01986,TO,porto nacional,shipped,2017-05-31 00:04:52,2017-06-01 09:04:52,,2017-06-21 00:04:52,0,,21,1,250.29,17.92,0.0716,1,seguros_servicos,0.0
O00717,C01893,RN,mossoro,shipped,2017-11-26 04:27:02,2017-11-26 05:27:02,,2017-12-11 04:27:02,0,,15,3,1318.98,82.91,0.0632,1,alimentos_bebidas,0.0
O00898,C00481,PB,patos,unavailable,2018-07-28 22:14:42,2018-07-28 23:14:42,,,0,,,3,601.31,49.43,0.125,1,audio,0.0
O01164,C00273,PB,santa rita,canceled,2017-08-05 20:41:14,2017-08-06 14:41:14,,,0,,,1,253.95,29.23,0.1151,1,fashion_roupa_masculina,0.0
O02875,C00648,RN,mossoro,delivered,2017-10-29 16:12:45,2017-10-31 14:12:45,2017-11-21 16:12:45,2017-11-17 16:12:45,1,23,19,2,325.27,20.1,0.0637,1,livros_interesse,0.0
O03396,C01875,PA,santarem,delivered,2017-01-10 08:29:31,2017-01-10 11:29:31,2017-02-09 08:29:31,2017-01-20 08:29:31,1,30,10,1,380.41,38.13,0.1002,1,eletroportateis,0.0
O04529,C00924,RS,caxias do sul,delivered,2016-10-04 08:41:09,2016-10-05 22:41:09,2016-10-07 08:41:09,2016-10-28 08:41:09,0,3,24,2,799.95,64.7,0.0782,1,cool_stuff,0.0
O04537,C00523,SC,sao jose,delivered,2017-11-17 20:41:43,2017-11-19 12:41:43,2017-12-03 20:41:43,2017-12-10 20:41:43,0,16,23,2,197.91,63.88,0.3005,1,brinquedos,0.0
O04948,C00689,TO,palmas,delivered,2017-09-09 20:26:29,2017-09-10 15:26:29,2017-10-01 20:26:29,2017-09-24 20:26:29,1,22,15,2,288.6,46.74,0.1686,1,fashion_calcados,0.0
O01220,C01637,GO,anapolis,shipped,2017-03-16 09:32:33,2017-03-17 01:32:33,,2017-04-06 09:32:33,0,,21,1,153.51,17.92,0.1167,1,informatica_acessorios,0.0
O01233,C00327,AM,parintins,delivered,2017-01-11 02:32:14,2017-01-12 13:32:14,2017-02-02 02:32:14,2017-02-03 02:32:14,0,22,23,2,456.44,54.84,0.6789,1,instrumentos_musicais,0.0
O01257,C00799,SC,joinville,shipped,2017-05-02 09:09:21,2017-05-03 08:09:21,,2017-05-18 09:09:21,0,,16,2,344.2,53.93,0.2254,1,casa_limpeza,0.0
O01784,C01286,AL,penedo,shipped,2017-06-18 03:17:46,2017-06-19 22:17:46,,2017-06-27 03:17:46,0,,9,1,392.74,7.28,0.0185,1,cama_mesa_banho,0.0
O03604,C00033,PB,patos,delivered,2018-04-03 05:22:31,2018-04-05 03:22:31,2018-04-18 05:22:31,2018-04-18 05:22:31,0,15,15,3,1178.9,66.46,0.0714,1,casa_construcao,0.0
O03631,C01500,SE,estancia,canceled,2016-11-26 04:42:40,2016-11-26 17:42:40,,,0,,,1,317.91,7.61,0.0239,1,informatica_acessorios,0.0
O00208,C01431,RR,alto alegre,delivered,2018-07-16 22:43:53,2018-07-18 16:43:53,2018-07-22 22:43:53,2018-07-21 22:43:53,1,6,5,1,299.85,16.91,0.0564,1,telefonia,0.0
O00249,C00157,PB,bayeux,delivered,2018-03-17 19:24:39,2018-03-19 13:24:39,2018-03-27 19:24:39,2018-04-05 19:24:39,0,10,19,3,984.7,45.77,0.0538,1,construcao_ferramentas,0.0
O00254,C01180,RO,porto velho,delivered,2018-10-08 17:07:12,2018-10-10 10:07:12,2018-10-17 17:07:12,2018-10-18 17:07:12,0,9,10,1,153.44,26.71,0.1741,1,fashion_esporte,0.0
O00624,C01487,TO,palmas,delivered,2017-04-24 21:14:12,2017-04-25 11:14:12,2017-05-18 21:14:12,2017-05-07 21:14:12,1,24,13,1,97.64,30.74,0.3148,1,consoles_games,0.0
O00668,C01107,AM,manaus,canceled,2018-03-09 16:41:24,2018-03-09 21:41:24,,,0,,,3,929.38,92.49,0.099,1,cama_mesa_banho,0.0
O00843,C01690,PA,belem,delivered,2018-09-20 14:53:03,2018-09-22 02:53:03,2018-10-01 14:53:03,2018-10-05 14:53:03,0,11,15,2,605.72,55.88,0.1011,1,casa_conforto_2,0.0
O02295,C01157,RO,ariquemes,delivered,2017-02-18 03:46:40,2017-02-19 16:46:40,2017-03-02 03:46:40,2017-03-14 03:46:40,0,12,24,1,285.24,33.75,0.1183,1,fraldas_higiene,0.0
O02917,C00928,PI,campo maior,shipped,2017-05-07 19:27:25,2017-05-09 10:27:25,,2017-05-16 19:27:25,0,,9,1,443.88,25.49,0.0574,1,flores,0.0
O03323,C00553,RR,mucajai,shipped,2017-06-09 02:11:40,2017-06-10 12:11:40,,2017-07-01 02:11:40,0,,22,2,470.88,69.62,0.1479,1,eletronicos,0.0
O03705,C00903,SE,itabaiana,shipped,2018-06-25 23:03:41,2018-06-26 15:03:41,,2018-06-30 23:03:41,0,,5,1,116.31,15.79,0.1358,1,fraldas_higiene,0.0
O04573,C00274,SE,itabaiana,delivered,2017-02-16 10:05:30,2017-02-18 08:05:30,2017-02-19 10:05:30,2017-02-27 10:05:30,0,3,11,1,283.63,16.65,0.0587,1,ferramentas_jardim,0.0
O04687,C01315,RR,alto alegre,shipped,2017-12-28 09:57:42,2017-12-30 01:57:42,,2018-01-21 09:57:42,0,,24,1,225.02,31.52,0.1401,1,cama_mesa_banho,0.0
O00983,C00105,MT,rondonopolis,unavailable,2018-06-27 10:05:01,2018-06-29 03:05:01,,,0,,,1,22.82,7.34,0.3216,1,construcao_ferramentas,0.0
O01296,C00657,AC,tarauaca,canceled,2017-07-28 15:45:06,2017-07-28 22:45:06,,,0,,,2,813.78,56.49,0.075,1,malas_acessorios,0.0
O01886,C01494,PA,santarem,delivered,2017-03-18 21:03:52,2017-03-19 02:03:52,2017-03-31 21:03:52,2017-04-06 21:03:52,0,13,19,1,142.62,37.69,0.2643,1,moveis_jardim,0.0
O01928,C01181,DF,ceilandia,unavailable,2018-04-08 01:22:24,2018-04-09 15:22:24,,,0,,,2,918.03,54.35,0.0595,1,construcao_ferramentas,0.0
O03067,C00285,MG,contagem,delivered,2018-03-19 08:12:52,2018-03-20 03:12:52,2018-04-16 08:12:52,2018-03-26 08:12:52,1,28,7,1,12.83,40.66,3.1691,1,dvds_blu_ray,0.0
O03979,C01939,AL,penedo,delivered,2018-02-12 13:15:42,2018-02-13 15:15:42,2018-02-17 13:15:42,2018-03-07 13:15:42,0,5,23,3,1091.52,61.85,0.0591,1,consoles_games,0.0
O04027,C00701,AC,rio branco,unavailable,2017-12-04 11:45:12,2017-12-06 01:45:12,,,0,,,3,942.54,85.09,0.1236,1,casa_outros,0.0
O04192,C00834,MT,cuiaba,delivered,2017-12-09 23:35:47,2017-12-10 09:35:47,2017-12-25 23:35:47,2017-12-19 23:35:47,1,16,10,1,27.58,45.58,1.6526,0,brinquedos,0.0
O04852,C00573,MG,belo horizonte,delivered,2016-10-21 13:06:34,2016-10-22 20:06:34,2016-11-04 13:06:34,2016-11-02 13:06:34,1,14,12,2,636.36,50.93,0.0911,1,brinquedos,0.0
O00069,C01081,RS,pelotas,delivered,2017-09-09 15:21:50,2017-09-11 04:21:50,2017-09-27 15:21:50,2017-09-22 15:21:50,1,18,13,2,112.89,64.29,0.8042,1,esporte_lazer,0.0
O00707,C00214,AM,parintins,delivered,2018-01-13 10:55:45,2018-01-14 22:55:45,2018-01-28 10:55:45,2018-01-27 10:55:45,1,15,14,1,109.57,28.83,0.2631,1,esporte_lazer,0.0
O01085,C00945,PB,campina grande,delivered,2017-04-20 00:43:03,2017-04-21 22:43:03,2017-04-25 00:43:03,2017-04-26 00:43:03,0,5,6,1,407.27,31.13,0.0764,0,casa_conforto,0.0
O01142,C00834,MT,cuiaba,unavailable,2016-10-06 07:31:09,2016-10-06 09:31:09,,,0,,,1,496.94,30.39,0.0612,1,casa_limpeza,0.0
O02661,C01016,PI,campo maior,shipped,2018-01-13 06:33:17,2018-01-13 16:33:17,,2018-02-04 06:33:17,0,,22,1,57.0,38.44,0.6744,1,cds_dvds_musicais,0.0
O02825,C01176,MT,sinop,delivered,2017-04-07 14:00:25,2017-04-08 17:00:25,2017-04-22 14:00:25,2017-04-16 14:00:25,1,15,9,1,151.33,11.46,0.0757,1,casa_escritorio,0.0
O03218,C00087,RJ,campos,shipped,2016-09-19 16:13:19,2016-09-19 23:13:19,,2016-10-10 16:13:19,0,,21,1,370.12,7.2,0.0195,1,fashion_roupa_feminina,0.0
O04148,C01240,MS,corumba,delivered,2016-10-09 02:14:21,2016-10-09 23:14:21,2016-10-27 02:14:21,2016-10-16 02:14:21,1,18,7,1,466.89,38.6,0.0827,1,casa_jardim,0.0
O04697,C01616,BA,feira de santana,delivered,2017-03-23 23:31:29,2017-03-25 22:31:29,2017-04-02 23:31:29,2017-03-29 23:31:29,1,10,6,3,820.54,88.68,0.1788,1,cama_mesa_banho,0.0
O00793,C01882,AM,itacoatiara,shipped,2017-01-10 17:23:52,2017-01-12 12:23:52,,2017-01-31 17:23:52,0,,21,2,732.65,45.02,0.0629,1,carnes,0.0
O00802,C00793,MT,cuiaba,delivered,2018-01-11 17:33:44,2018-01-13 10:33:44,2018-01-29 17:33:44,2018-01-22 17:33:44,1,18,11,2,495.8,78.86,0.2021,1,flores,0.0
O00826,C01243,RS,canoas,delivered,2018-10-16 09:10:19,2018-10-17 13:10:19,2018-11-15 09:10:19,2018-10-26 09:10:19,1,30,10,2,431.44,57.21,0.1634,1,brinquedos,0.0
O00922,C01948,AL,arapiraca,shipped,2017-03-04 18:53:12,2017-03-05 22:53:12,,2017-03-21 18:53:12,0,,17,3,731.89,88.09,0.1412,1,casa_garagem,0.0
O01353,C00153,SE,aracaju,delivered,2017-12-05 22:49:39,2017-12-06 18:49:39,2017-12-09 22:49:39,2017-12-15 22:49:39,0,4,10,2,561.58,43.88,0.079,1,construcao_ferramentas,0.0
O02096,C01273,RO,ji-parana,delivered,2017-03-17 23:08:44,2017-03-19 05:08:44,2017-04-02 23:08:44,2017-03-25 23:08:44,1,16,8,1,130.94,19.28,0.1472,1,ferramentas_jardim,0.0
O02555,C00041,MS,campo grande,delivered,2017-01-13 10:32:39,2017-01-14 18:32:39,2017-02-03 10:32:39,2017-01-24 10:32:39,1,21,11,1,440.29,19.42,0.0441,1,moda_roupa,0.0
O03826,C00138,BA,ilheus,shipped,2017-09-22 18:12:28,2017-09-24 11:12:28,,2017-10-01 18:12:28,0,,9,1,437.15,24.25,0.0555,1,casa_jardim,0.0
O04221,C00558,AM,manacapuru,delivered,2018-08-14 06:21:26,2018-08-15 10:21:26,2018-08-19 06:21:26,2018-08-23 06:21:26,0,5,9,1,456.3,28.97,0.0635,1,eletroportateis,0.0
O04411,C00086,RN,mossoro,delivered,2017-04-25 17:37:21,2017-04-26 15:37:21,2017-05-07 17:37:21,2017-05-13 17:37:21,0,12,18,1,381.93,19.28,0.0505,1,consoles_games,0.0
